temp,lowp,outp,seed,mode,qt_frac,train_ratio,out_root,model,R2,MAE,RMSE,MAPE(%)
273K,0.1,15,2028,lowq,0.4,0.5,./RUN_FULL_EXP,cat,0.954323485054722,0.24293574326813866,0.12265148714815281,6.247502382568889
