{
  "R2": 0.954323485054722,
  "MAE": 0.24293574326813866,
  "RMSE": 0.12265148714815281,
  "MAPE(%)": 6.247502382568889
}