{
  "R2": 0.9956224297123549,
  "MAE": 0.025639098358867258,
  "RMSE": 0.0014518297574330741,
  "MAPE(%)": 2.1249527867205664
}