Feature,Importance
0.5,54.45816033906081
ASA_m2_g,14.523503349407452
AV_cm3_g,7.396069203090399
AV_VF,6.540658917249758
ASA_m2_cm3,5.098566008937005
cm3_g,2.900868570861732
LCD,2.349404456400752
PLD,2.088968199376422
LFPD,1.7214443855328287
Has_OMS,1.175002457559652
NASA_m2_g,0.930820986025913
NASA_m2_cm3,0.7372935000748094
NAV_cm3_g,0.07923962642244366
