{
  "R2": 0.967188906981234,
  "MAE": 0.1548256806727126,
  "RMSE": 0.06024840483086012,
  "MAPE(%)": 5.313593689524796
}