{
  "R2": 0.9609675858115032,
  "MAE": 0.07395294280510527,
  "RMSE": 0.019313050026962125,
  "MAPE(%)": 5.3540629498734695
}