{
  "R2": 0.9952323102712812,
  "MAE": 0.01084003777124124,
  "RMSE": 0.0004183000227462086,
  "MAPE(%)": 2.0544436203721315
}