{
  "R2": 0.9809617595417645,
  "MAE": 0.03306443580178341,
  "RMSE": 0.0025569083875382334,
  "MAPE(%)": 3.002580515743107
}