temp,lowp,outp,seed,mode,qt_frac,train_ratio,out_root,model,R2,MAE,RMSE,MAPE(%)
313K,HENRY,5,2028,lowq,0.6,0.5,./RUN_FULL_EXP,cat,0.9809617595417645,0.03306443580178341,0.0025569083875382334,3.002580515743107
