{
  "R2": 0.9845783605567011,
  "MAE": 0.039801115257560145,
  "RMSE": 0.007166705605913217,
  "MAPE(%)": 2.6479896866395523
}