Feature,Importance
0.05,85.97711660899611
cm3_g,2.3699301415193395
AV_cm3_g,1.853374591211407
AV_VF,1.6423577807298466
LCD,1.5750187268425184
Has_OMS,1.2121889022244394
ASA_m2_cm3,1.1791284164135343
ASA_m2_g,1.1118627900469507
PLD,0.9970192765966522
LFPD,0.9047413428477289
NASA_m2_g,0.6042369234309533
NASA_m2_cm3,0.4930362423896765
NAV_cm3_g,0.07998825675084746
