{
  "R2": 0.9907832780025083,
  "MAE": 0.008302765052686045,
  "RMSE": 0.00019561259026328257,
  "MAPE(%)": 2.2650375516353445
}