temp,lowp,outp,seed,mode,qt_frac,train_ratio,out_root,model,R2,MAE,RMSE,MAPE(%)
293K,0.05,1,2026,lowq,0.5,0.5,./RUN_FULL_EXP,cat,0.9907832780025083,0.008302765052686045,0.00019561259026328257,2.2650375516353445
