Feature,Importance
0.01,72.31906969457536
ASA_m2_g,4.839277207478699
ASA_m2_cm3,4.488431217507831
AV_VF,4.330788878727519
cm3_g,2.596757457948242
AV_cm3_g,2.346804002680103
PLD,2.2027872459568076
LCD,2.0212440644719285
Has_OMS,1.6097972595440244
LFPD,1.5845287489388304
NASA_m2_cm3,0.9096209450088937
NASA_m2_g,0.7146662186624726
NAV_cm3_g,0.036227058499272484
