{
  "R2": 0.9717025444367933,
  "MAE": 0.05959867039829229,
  "RMSE": 0.007427477657695255,
  "MAPE(%)": 4.167300575816151
}