temp,lowp,outp,seed,mode,qt_frac,train_ratio,out_root,model,R2,MAE,RMSE,MAPE(%)
293K,0.01,5,2028,struct_with_input,0.55,0.55,./RUN_FULL_EXP,cat,0.9717025444367933,0.05959867039829229,0.007427477657695255,4.167300575816151
