{
  "R2": 0.9953130922924365,
  "MAE": 0.004269493209133444,
  "RMSE": 3.783655674703953e-05,
  "MAPE(%)": 1.6331396507624836
}