Feature,Importance
0.5,90.89305517957204
ASA_m2_g,1.3445978345390468
Has_OMS,1.2669932538643984
cm3_g,1.0838512806952727
AV_cm3_g,1.0322205677766694
LCD,0.853332628094935
PLD,0.764604765184799
LFPD,0.663229737077702
ASA_m2_cm3,0.570756171174806
NASA_m2_g,0.49808022357833726
AV_VF,0.48889630978577486
NASA_m2_cm3,0.4411610596706538
NAV_cm3_g,0.09922098898556293
