{
  "R2": 0.9963803400563385,
  "MAE": 0.005833101063278669,
  "RMSE": 8.853141025891744e-05,
  "MAPE(%)": 1.6120100833670796
}