Feature,Importance
0.01,80.54021323742953
cm3_g,3.7742086430919373
AV_cm3_g,2.5641457278249784
LCD,2.3039687151191472
Has_OMS,2.144816004720793
LFPD,2.0694338544617583
ASA_m2_g,1.638321418144436
PLD,1.1863712123665977
AV_VF,1.146264923907492
NASA_m2_cm3,1.0488110500472043
ASA_m2_cm3,0.9625994218008648
NASA_m2_g,0.5083653210166942
NAV_cm3_g,0.11248047006860734
