{
  "R2": 0.9772705648168066,
  "MAE": 0.013064250710045626,
  "RMSE": 0.0010528524707694282,
  "MAPE(%)": 3.689703885021823
}