temp,lowp,outp,seed,mode,qt_frac,train_ratio,out_root,model,R2,MAE,RMSE,MAPE(%)
293K,0.01,1,2029,struct_with_input,0.12,0.25,./RUN_FULL_EXP,cat,0.9772705648168066,0.013064250710045626,0.0010528524707694282,3.689703885021823
