{
  "R2": 0.9865540051152729,
  "MAE": 0.017350708416794515,
  "RMSE": 0.0008211942409469175,
  "MAPE(%)": 3.215765587877488
}