{
  "R2": 0.9630669612877218,
  "MAE": 0.09209137927781728,
  "RMSE": 0.01948867888006797,
  "MAPE(%)": 4.541871217169016
}