temp,lowp,outp,seed,mode,qt_frac,train_ratio,out_root,model,R2,MAE,RMSE,MAPE(%)
273K,0.5,5,2027,lowq,0.55,0.5,./RUN_FULL_EXP,cat,0.9630669612877218,0.09209137927781728,0.01948867888006797,4.541871217169016
