Feature,Importance
0.01,73.29584149330823
ASA_m2_cm3,5.951465377634177
ASA_m2_g,4.353696219085342
AV_VF,3.2027969926680524
cm3_g,2.360520676462469
PLD,2.3380904556255766
AV_cm3_g,2.2659471901939736
LCD,1.760154844887952
LFPD,1.3982686166392255
Has_OMS,1.3439026773163605
NASA_m2_cm3,0.8003764552363776
NASA_m2_g,0.7960597363356393
NAV_cm3_g,0.1328792646066332
