{
  "R2": 0.9610089801926649,
  "MAE": 0.07563143843435069,
  "RMSE": 0.01930287501959668,
  "MAPE(%)": 5.330757133594771
}