{
  "R2": 0.9544487996476776,
  "MAE": 0.18422431589059562,
  "RMSE": 0.08240502466385421,
  "MAPE(%)": 6.40901292036298
}