Feature,Importance
0.01,84.48722760962994
ASA_m2_cm3,2.675709409213315
ASA_m2_g,2.076633927707111
LCD,2.0720130629041935
AV_cm3_g,1.7013049156994628
AV_VF,1.4972829366335854
PLD,1.4905274839459492
LFPD,1.0842414033337695
cm3_g,0.9224603613748816
NASA_m2_g,0.7593824495494862
Has_OMS,0.6729353637994682
NASA_m2_cm3,0.48147271345595827
NAV_cm3_g,0.0788083627528947
