{
  "R2": 0.9500291329857707,
  "MAE": 0.024380593050415216,
  "RMSE": 0.008757184193372703,
  "MAPE(%)": 3.91439802014413
}