{
  "R2": 0.9221871576038145,
  "MAE": 0.0257949325448755,
  "RMSE": 0.013419345141432023,
  "MAPE(%)": 3.8200046742485805
}