{
  "R2": 0.983278369703289,
  "MAE": 0.03424543950461031,
  "RMSE": 0.004661765685378542,
  "MAPE(%)": 3.2540488574376565
}