temp,lowp,outp,seed,mode,qt_frac,train_ratio,out_root,model,R2,MAE,RMSE,MAPE(%)
313K,0.5,5,2028,lowq,0.05,0.5,./RUN_FULL_EXP,cat,0.983278369703289,0.03424543950461031,0.004661765685378542,3.2540488574376565
