Feature,Importance
HENRY,60.43217785167057
ASA_m2_g,10.086651685823163
ASA_m2_cm3,6.1700140586182135
AV_VF,5.9970788509025414
AV_cm3_g,5.043376446456669
cm3_g,3.2572850220177023
PLD,2.34428996777004
LFPD,1.903302376749796
LCD,1.8452202257235126
Has_OMS,1.373722885926812
NASA_m2_cm3,0.8912936821667963
NASA_m2_g,0.5792363392190746
NAV_cm3_g,0.07635060695511672
