temp,lowp,outp,seed,mode,qt_frac,train_ratio,out_root,model,R2,MAE,RMSE,MAPE(%)
313K,HENRY,15,2027,lowq,0.55,0.5,./RUN_FULL_EXP,cat,0.9702540487025978,0.10915496008348484,0.025950302714130926,4.402811605408476
