{
  "R2": 0.9702540487025978,
  "MAE": 0.10915496008348484,
  "RMSE": 0.025950302714130926,
  "MAPE(%)": 4.402811605408476
}