Feature,Importance
HENRY,64.50912371708384
AV_VF,7.4878409811842594
ASA_m2_cm3,6.711488768333077
ASA_m2_g,3.8106617485286844
AV_cm3_g,3.6648290480587624
PLD,2.9267386687583676
LCD,2.7344235905279777
cm3_g,2.444151188721292
LFPD,2.133428091518272
Has_OMS,1.9535934487229014
NASA_m2_cm3,0.84545218441828
NASA_m2_g,0.7056765163109399
NAV_cm3_g,0.07259204783334156
