temp,lowp,outp,seed,mode,qt_frac,train_ratio,out_root,model,R2,MAE,RMSE,MAPE(%)
273K,HENRY,5,2028,lowq,0.05,0.5,./RUN_FULL_EXP,cat,0.958276843125218,0.11120628800533629,0.03549937437178231,5.703657154645726
