{
  "R2": 0.958276843125218,
  "MAE": 0.11120628800533629,
  "RMSE": 0.03549937437178231,
  "MAPE(%)": 5.703657154645726
}