temp,lowp,outp,seed,mode,qt_frac,train_ratio,out_root,model,R2,MAE,RMSE,MAPE(%)
273K,HENRY,5,2028,lowq,0.15,0.5,./RUN_FULL_EXP,cat,0.9653469426495842,0.10020334133540251,0.02596401840962407,5.249133293646606
