{
  "R2": 0.9653469426495842,
  "MAE": 0.10020334133540251,
  "RMSE": 0.02596401840962407,
  "MAPE(%)": 5.249133293646606
}