Feature,Importance
0.5,71.68269023867597
ASA_m2_g,5.8773709274890535
ASA_m2_cm3,5.567774785036427
AV_VF,4.163485054505772
AV_cm3_g,3.041687314704407
PLD,1.9930409770277555
LCD,1.9610639826110852
cm3_g,1.8770662096891797
LFPD,1.6625065080355013
Has_OMS,1.186266224727391
NASA_m2_cm3,0.4949596176865054
NASA_m2_g,0.4437198003795839
NAV_cm3_g,0.04836835943134968
