{
  "R2": 0.9589370921554161,
  "MAE": 0.08941360376360473,
  "RMSE": 0.01729141205264665,
  "MAPE(%)": 4.468430795982955
}