Feature,Importance
HENRY,86.16865480408987
cm3_g,2.209238057430083
AV_cm3_g,1.616153872888007
PLD,1.46985475663155
LFPD,1.4579651128505842
Has_OMS,1.2918389803283978
ASA_m2_g,1.254867615239585
AV_VF,1.2306365176713863
ASA_m2_cm3,1.1950868538811326
LCD,1.1505016125779524
NASA_m2_g,0.5218949104164653
NASA_m2_cm3,0.3439108987080583
NAV_cm3_g,0.08939600728692271
