{
  "R2": 0.9954242814515682,
  "MAE": 0.004237402296164293,
  "RMSE": 4.471206833898379e-05,
  "MAPE(%)": 1.6518077737389665
}