Feature,Importance
HENRY,83.89113277176959
cm3_g,2.164708436498993
AV_cm3_g,1.9568288583383087
ASA_m2_g,1.7687799688899026
Has_OMS,1.7469807965286785
LFPD,1.6958277296490298
LCD,1.4881384304915266
ASA_m2_cm3,1.4233187616062033
PLD,1.1975871934098579
AV_VF,0.9759484982995
NASA_m2_cm3,0.9458681480763416
NASA_m2_g,0.7013669088846045
NAV_cm3_g,0.04351349755745517
