temp,lowp,outp,seed,mode,qt_frac,train_ratio,out_root,model,R2,MAE,RMSE,MAPE(%)
293K,HENRY,1,2027,lowq,0.3,0.5,./RUN_FULL_EXP,cat,0.9923379839052116,0.008005416155516495,0.00022351489911606826,2.1539644611361197
