{
  "R2": 0.9923379839052116,
  "MAE": 0.008005416155516495,
  "RMSE": 0.00022351489911606826,
  "MAPE(%)": 2.1539644611361197
}