{
  "R2": 0.9737170217506751,
  "MAE": 0.013794094650430714,
  "RMSE": 0.0013574869124969291,
  "MAPE(%)": 3.931002899197792
}