temp,lowp,outp,seed,mode,qt_frac,train_ratio,out_root,model,R2,MAE,RMSE,MAPE(%)
293K,0.01,1,2026,struct_with_input,0.1,0.2,./RUN_FULL_EXP,cat,0.9737170217506751,0.013794094650430714,0.0013574869124969291,3.931002899197792
