temp,lowp,outp,seed,mode,qt_frac,train_ratio,out_root,model,R2,MAE,RMSE,MAPE(%)
293K,0.5,15,2025,lowq,0.7,0.5,./RUN_FULL_EXP,cat,0.9634803285143022,0.15575486023723184,0.048902792531233405,4.945853130523189
