{
  "R2": 0.9634803285143022,
  "MAE": 0.15575486023723184,
  "RMSE": 0.048902792531233405,
  "MAPE(%)": 4.945853130523189
}