Feature,Importance
0.01,86.28019084671007
cm3_g,2.568308954121499
AV_cm3_g,1.712453770720163
ASA_m2_cm3,1.4582042305081417
LCD,1.3283586727389864
AV_VF,1.2718156536567822
ASA_m2_g,1.1816702525119582
Has_OMS,1.168634809123746
LFPD,1.0952987284345521
PLD,0.9382890784123451
NASA_m2_cm3,0.6735858620671894
NASA_m2_g,0.2942257341517378
NAV_cm3_g,0.028963406842828242
