{
  "R2": 0.9858962240842952,
  "MAE": 0.011437735572214568,
  "RMSE": 0.0007637569756217144,
  "MAPE(%)": 3.427813516963184
}