{
  "R2": 0.9814192399715036,
  "MAE": 0.036124561740579604,
  "RMSE": 0.00481401649885413,
  "MAPE(%)": 3.5276639016017026
}