{
  "R2": 0.1666170019606138,
  "MAE": 0.22039105834872338,
  "RMSE": 0.13676865136235417,
  "MAPE(%)": 62.71807877568405
}