temp,lowp,outp,seed,mode,qt_frac,train_ratio,out_root,model,R2,MAE,RMSE,MAPE(%)
273K,0.01,1,2028,struct,0.0,0.05,./RUN_FULL_EXP,cat,0.1666170019606138,0.22039105834872338,0.13676865136235417,62.71807877568405
