{
  "R2": 0.9549752837260961,
  "MAE": 0.18228589569952675,
  "RMSE": 0.08749894706543056,
  "MAPE(%)": 6.461834889267032
}