Feature,Importance
0.01,69.1287036269983
ASA_m2_g,6.765114247577903
AV_cm3_g,4.677926768244154
ASA_m2_cm3,4.58995645335287
AV_VF,3.4480708636585433
Has_OMS,2.1085868071136122
LFPD,2.0871661519096785
LCD,1.9815823426307428
PLD,1.7812965108361054
cm3_g,1.6326301967254815
NASA_m2_cm3,0.8719652823442935
NASA_m2_g,0.7934300243880421
NAV_cm3_g,0.13357072422026955
