{
  "R2": 0.9725315287710656,
  "MAE": 0.0682126002993886,
  "RMSE": 0.013667529063824641,
  "MAPE(%)": 5.039318320166898
}