Feature,Importance
0.5,66.85868165445264
ASA_m2_g,10.80816608638945
ASA_m2_cm3,5.043981790867502
AV_cm3_g,3.5243795049116167
AV_VF,3.4023741174416706
cm3_g,2.983764046125731
LCD,1.941398769474303
PLD,1.7403393010979962
LFPD,1.3112051801442919
Has_OMS,1.1365282597748407
NASA_m2_g,0.7426256591919073
NASA_m2_cm3,0.4053888844377329
NAV_cm3_g,0.10116674569030472
