{
  "R2": 0.9737529636150585,
  "MAE": 0.1054898134462958,
  "RMSE": 0.02426719450378916,
  "MAPE(%)": 4.366838812065335
}