{
  "R2": 0.9829660667865827,
  "MAE": 0.01578278482321407,
  "RMSE": 0.000622445674862178,
  "MAPE(%)": 2.9964128364813063
}