temp,lowp,outp,seed,mode,qt_frac,train_ratio,out_root,model,R2,MAE,RMSE,MAPE(%)
273K,0.01,1,2026,struct_with_input,0.75,0.75,./RUN_FULL_EXP,cat,0.9842649768649133,0.015810257849123672,0.0005977661070220091,2.9688221276887776
