{
  "R2": 0.8687639145221971,
  "MAE": 0.0399969006910007,
  "RMSE": 0.02058917523300509,
  "MAPE(%)": 7.3850838578847
}