{
  "R2": 0.967015511038048,
  "MAE": 0.06157298567315214,
  "RMSE": 0.008186381064711052,
  "MAPE(%)": 4.168811842604801
}