Feature,Importance
0.05,72.55537658667815
ASA_m2_cm3,5.023557518308146
ASA_m2_g,4.914963987751957
AV_VF,3.5118902233278155
AV_cm3_g,3.357459534935035
LCD,1.974250043938343
Has_OMS,1.937031732038974
cm3_g,1.8625489594462585
PLD,1.7312800072049503
LFPD,1.510875561012287
NASA_m2_g,0.937527585139556
NASA_m2_cm3,0.5453636213537062
NAV_cm3_g,0.13787463886482662
