{
  "R2": 0.9698745056785436,
  "MAE": 0.05959701701945256,
  "RMSE": 0.009093043051404199,
  "MAPE(%)": 4.0906807945971035
}