{
  "R2": 0.9654942091315731,
  "MAE": 0.05603085614412118,
  "RMSE": 0.0077218244084886044,
  "MAPE(%)": 3.7702859104199002
}