temp,lowp,outp,seed,mode,qt_frac,train_ratio,out_root,model,R2,MAE,RMSE,MAPE(%)
293K,0.1,5,2029,lowq,0.75,0.5,./RUN_FULL_EXP,cat,0.9654942091315731,0.05603085614412118,0.0077218244084886044,3.7702859104199002
