{
  "R2": 0.8733893527616606,
  "MAE": 0.12241290497366708,
  "RMSE": 0.039944947937996945,
  "MAPE(%)": 10.085557198579215
}