Feature,Importance
0.01,65.42872025587687
ASA_m2_cm3,7.479953579271269
ASA_m2_g,5.753629154445015
AV_VF,4.045969741585177
AV_cm3_g,3.5915928499776855
PLD,2.9591251775405865
cm3_g,2.5250504291725657
LCD,2.3930631150220836
Has_OMS,2.2758786016853656
LFPD,1.9231673307619659
NASA_m2_cm3,0.9001520384866429
NASA_m2_g,0.6310514937502678
NAV_cm3_g,0.09264623242451427
