{
  "R2": 0.953239365605362,
  "MAE": 0.10461694198683055,
  "RMSE": 0.02474412649570572,
  "MAPE(%)": 5.2399485351288195
}