{
  "R2": 0.9845896120422116,
  "MAE": 0.03166679942519777,
  "RMSE": 0.0033332105302305904,
  "MAPE(%)": 2.925308764761448
}