{
  "R2": 0.9586508099169232,
  "MAE": 0.16451890111105766,
  "RMSE": 0.05571749494502723,
  "MAPE(%)": 5.215548619098797
}