temp,lowp,outp,seed,mode,qt_frac,train_ratio,out_root,model,R2,MAE,RMSE,MAPE(%)
273K,HENRY,1,2026,lowq,0.05,0.5,./RUN_FULL_EXP,cat,0.9687084571359483,0.020580282272487916,0.0039470882853378094,3.4788454366726738
