{
  "R2": 0.9687084571359483,
  "MAE": 0.020580282272487916,
  "RMSE": 0.0039470882853378094,
  "MAPE(%)": 3.4788454366726738
}