{
  "R2": 0.864597468600834,
  "MAE": 0.1280973740676368,
  "RMSE": 0.038423282116388346,
  "MAPE(%)": 10.469094244893093
}