Feature,Importance
HENRY,77.86632223558146
ASA_m2_g,4.365270893639529
AV_VF,2.939026424670672
ASA_m2_cm3,2.9054285281569068
AV_cm3_g,2.797076245417911
Has_OMS,1.8772999904373053
LFPD,1.6828628949561988
cm3_g,1.6449789371271262
LCD,1.39114517772075
PLD,1.2114888512703577
NASA_m2_cm3,0.7947994601305499
NASA_m2_g,0.4352231636987284
NAV_cm3_g,0.08907719719249577
