temp,lowp,outp,seed,mode,qt_frac,train_ratio,out_root,model,R2,MAE,RMSE,MAPE(%)
313K,HENRY,5,2029,lowq,0.55,0.5,./RUN_FULL_EXP,cat,0.9801833941049876,0.033221206430687523,0.0028277717659143976,3.0031478430218512
