{
  "R2": 0.9801833941049876,
  "MAE": 0.033221206430687523,
  "RMSE": 0.0028277717659143976,
  "MAPE(%)": 3.0031478430218512
}