Feature,Importance
0.05,87.00717078618746
AV_cm3_g,1.7343412242650533
cm3_g,1.6174169923474317
ASA_m2_cm3,1.534081067006595
Has_OMS,1.379820511658147
ASA_m2_g,1.2815238501042616
LCD,1.1449207951384877
PLD,1.1183190692861256
AV_VF,0.879968211641404
LFPD,0.8787056766739048
NASA_m2_cm3,0.7499157686456444
NASA_m2_g,0.6116073414202815
NAV_cm3_g,0.06220870562521613
