{
  "R2": 0.994540497420378,
  "MAE": 0.0047394326986547036,
  "RMSE": 4.9337929039564326e-05,
  "MAPE(%)": 1.843189120821672
}