temp,lowp,outp,seed,mode,qt_frac,train_ratio,out_root,model,R2,MAE,RMSE,MAPE(%)
313K,0.05,1,2027,lowq,0.55,0.5,./RUN_FULL_EXP,cat,0.994540497420378,0.0047394326986547036,4.9337929039564326e-05,1.843189120821672
