{
  "R2": 0.966120738942986,
  "MAE": 0.064615189910756,
  "RMSE": 0.01046028287322703,
  "MAPE(%)": 4.417798337401367
}