Feature,Importance
0.01,62.337268268981994
ASA_m2_g,8.574604471281864
ASA_m2_cm3,6.239027204261125
AV_VF,6.126844796976652
AV_cm3_g,2.9000514233217944
cm3_g,2.6993146587752017
LFPD,2.6093261737290043
PLD,2.60442470615717
LCD,2.579641182343539
Has_OMS,1.954465074926286
NASA_m2_cm3,0.7705231372647157
NASA_m2_g,0.44551696765556353
NAV_cm3_g,0.15899193432509187
