{
  "R2": 0.9579649157386051,
  "MAE": 0.10752700736617814,
  "RMSE": 0.02841187996586856,
  "MAPE(%)": 5.445915454404749
}