{
  "R2": 0.9523381291266478,
  "MAE": 0.10032383047510526,
  "RMSE": 0.021873392269102853,
  "MAPE(%)": 5.053634134488597
}