{
  "R2": 0.9834374497281605,
  "MAE": 0.03308685007727937,
  "RMSE": 0.002517999636186962,
  "MAPE(%)": 3.0106307619761585
}