Feature,Importance
0.1,61.63757568685985
ASA_m2_g,11.518147966167485
AV_cm3_g,6.100045825156037
ASA_m2_cm3,4.957316545888647
AV_VF,4.245123853689057
cm3_g,3.3304481162125548
PLD,2.081426547690487
LCD,1.932179059014044
LFPD,1.699952807027952
Has_OMS,1.2732517534621486
NASA_m2_cm3,0.7844976650757038
NASA_m2_g,0.3365650852907294
NAV_cm3_g,0.10346908846532045
