{
  "R2": 0.9693432773091981,
  "MAE": 0.11136425916971172,
  "RMSE": 0.02558313271519494,
  "MAPE(%)": 4.4453042230662465
}