Feature,Importance
HENRY,52.74851883334911
ASA_m2_g,10.887842389278688
AV_VF,7.544509613077329
ASA_m2_cm3,7.2716872997802415
AV_cm3_g,6.442227696075524
cm3_g,3.840558321884187
PLD,3.1357610009724795
LFPD,2.402127226720732
LCD,2.3088922056993995
Has_OMS,1.8383137746750362
NASA_m2_cm3,0.8302206850669328
NASA_m2_g,0.6680676927057833
NAV_cm3_g,0.08127326071456364
