{
  "R2": 0.9487554626466567,
  "MAE": 0.24325579618916415,
  "RMSE": 0.1380201072222288,
  "MAPE(%)": 6.337891335855712
}