Feature,Importance
0.1,85.8990816686282
Has_OMS,2.2936590669748034
cm3_g,1.8292857365644533
AV_cm3_g,1.7190345290430726
LCD,1.6454306670164718
ASA_m2_g,1.4121591881884403
AV_VF,1.3697096319013682
LFPD,1.0139901592581069
NASA_m2_cm3,0.8642588763452738
ASA_m2_cm3,0.8230014005389695
PLD,0.620728740724582
NASA_m2_g,0.38002035375822146
NAV_cm3_g,0.12963998105801613
