temp,lowp,outp,seed,mode,qt_frac,train_ratio,out_root,model,R2,MAE,RMSE,MAPE(%)
293K,0.1,1,2029,lowq,0.4,0.5,./RUN_FULL_EXP,cat,0.9925537331153869,0.008145337786313643,0.00018943367774223324,2.1721236145485627
