{
  "R2": 0.9925537331153869,
  "MAE": 0.008145337786313643,
  "RMSE": 0.00018943367774223324,
  "MAPE(%)": 2.1721236145485627
}