Feature,Importance
0.5,92.95443273379054
cm3_g,1.2166039331621386
AV_cm3_g,1.0976526002286564
LCD,1.0310814917287967
AV_VF,0.689570269336387
ASA_m2_cm3,0.6774962114151113
PLD,0.6366653783011081
ASA_m2_g,0.4512123226062721
Has_OMS,0.34520778519330025
NASA_m2_g,0.28433488417232583
LFPD,0.24715231735766424
NASA_m2_cm3,0.2400491864351732
NAV_cm3_g,0.128540886272523
