temp,lowp,outp,seed,mode,qt_frac,train_ratio,out_root,model,R2,MAE,RMSE,MAPE(%)
313K,0.5,1,2026,lowq,0.65,0.5,./RUN_FULL_EXP,cat,0.9969017468548312,0.003503171110843557,2.4345415704452437e-05,1.3204646274141147
