{
  "R2": 0.9969017468548312,
  "MAE": 0.003503171110843557,
  "RMSE": 2.4345415704452437e-05,
  "MAPE(%)": 1.3204646274141147
}