{
  "R2": 0.44675487686390847,
  "MAE": 0.181452141958112,
  "RMSE": 0.08708917366761308,
  "MAPE(%)": 50.91029800790127
}