{
  "R2": 0.978247986173268,
  "MAE": 0.035958377482298486,
  "RMSE": 0.0038914904450143384,
  "MAPE(%)": 3.2829300369878545
}