temp,lowp,outp,seed,mode,qt_frac,train_ratio,out_root,model,R2,MAE,RMSE,MAPE(%)
313K,0.05,5,2027,lowq,0.35,0.5,./RUN_FULL_EXP,cat,0.978247986173268,0.035958377482298486,0.0038914904450143384,3.2829300369878545
