Feature,Importance
0.05,62.57710194377429
ASA_m2_g,10.432854425608692
AV_cm3_g,5.454843999752373
ASA_m2_cm3,5.111151859576376
AV_VF,4.494553606868443
cm3_g,3.7443257225969493
PLD,1.9385868542637605
LCD,1.7849795316194892
LFPD,1.738152462960571
Has_OMS,1.3480627393375797
NASA_m2_cm3,0.8123566899277648
NASA_m2_g,0.4985012560317742
NAV_cm3_g,0.06452890768195932
