{
  "R2": 0.972885818551212,
  "MAE": 0.11034219086487333,
  "RMSE": 0.026232488572139123,
  "MAPE(%)": 4.4952985309959805
}