temp,lowp,outp,seed,mode,qt_frac,train_ratio,out_root,model,R2,MAE,RMSE,MAPE(%)
313K,0.05,15,2029,lowq,0.4,0.5,./RUN_FULL_EXP,cat,0.972885818551212,0.11034219086487333,0.026232488572139123,4.4952985309959805
