{
  "R2": 0.993153529578778,
  "MAE": 0.030357638932289446,
  "RMSE": 0.0023867779735615266,
  "MAPE(%)": 2.4048050538601466
}