{
  "R2": 0.990325113844687,
  "MAE": 0.010324548889755035,
  "RMSE": 0.00029956836781343363,
  "MAPE(%)": 2.946845056369216
}