{
  "R2": 0.9555887430582706,
  "MAE": 0.18399705124214868,
  "RMSE": 0.08511511955869326,
  "MAPE(%)": 6.375878106924304
}