Feature,Importance
0.01,76.82906190875974
ASA_m2_g,4.617516869394082
ASA_m2_cm3,3.6866340292234714
AV_cm3_g,2.627644293821991
AV_VF,2.594655513942836
cm3_g,2.192636381721785
LCD,1.9552053453881078
PLD,1.4477797102319467
LFPD,1.388971525547944
Has_OMS,1.2753350599609736
NASA_m2_g,0.7715938231743111
NASA_m2_cm3,0.5026499544735002
NAV_cm3_g,0.11031558435930151
