{
  "R2": 0.9763607237913643,
  "MAE": 0.04324369510916661,
  "RMSE": 0.006131715383305824,
  "MAPE(%)": 4.243857947041969
}