Feature,Importance
0.01,62.2892531687726
ASA_m2_g,10.862627070145068
ASA_m2_cm3,5.400219114931854
AV_VF,4.96305052082547
AV_cm3_g,4.528579911999699
cm3_g,3.4203507740848496
LCD,2.502443282058895
PLD,1.8027742382203162
LFPD,1.533867747130391
Has_OMS,1.284610030998235
NASA_m2_g,0.837911765887466
NASA_m2_cm3,0.4894290754659996
NAV_cm3_g,0.0848832994791309
