{
  "R2": 0.9622708719291945,
  "MAE": 0.12180858375973296,
  "RMSE": 0.04096408384845343,
  "MAPE(%)": 4.990567279556153
}