{
  "R2": 0.9668385119500098,
  "MAE": 0.0646210168889215,
  "RMSE": 0.01610726450632514,
  "MAPE(%)": 4.807732459657625
}