{
  "R2": 0.9907205052793212,
  "MAE": 0.007106261062291621,
  "RMSE": 0.00012352932193318529,
  "MAPE(%)": 2.905705605165379
}