{
  "R2": 0.3778565950710988,
  "MAE": 0.18873905795817764,
  "RMSE": 0.10614625842517136,
  "MAPE(%)": 55.61515074629854
}