Feature,Importance
HENRY,56.13938284231267
ASA_m2_g,13.747490467278395
ASA_m2_cm3,6.906267701110426
AV_cm3_g,5.575814249133368
AV_VF,4.881103273979494
cm3_g,3.1175341972605675
LCD,2.264356925476062
PLD,2.2153829500505777
LFPD,1.891167196068915
Has_OMS,1.8715426897369025
NASA_m2_cm3,0.7827305332813277
NASA_m2_g,0.574280223275457
NAV_cm3_g,0.03294675103583675
