{
  "R2": 0.9645910311854806,
  "MAE": 0.16180762541196225,
  "RMSE": 0.056681481345217756,
  "MAPE(%)": 5.460162260833097
}