temp,lowp,outp,seed,mode,qt_frac,train_ratio,out_root,model,R2,MAE,RMSE,MAPE(%)
293K,HENRY,15,2029,lowq,0.35,0.5,./RUN_FULL_EXP,cat,0.9645910311854806,0.16180762541196225,0.056681481345217756,5.460162260833097
