{
  "R2": 0.9764781696300165,
  "MAE": 0.02250214973833504,
  "RMSE": 0.003783948530027385,
  "MAPE(%)": 3.5333880077337225
}