Feature,Importance
0.1,88.84711959592828
PLD,1.4949168761373257
LFPD,1.3315600774219438
Has_OMS,1.3253020649267475
AV_cm3_g,1.3252433426020138
cm3_g,1.1064839227153762
ASA_m2_g,0.9873956443152498
ASA_m2_cm3,0.9804290172147317
AV_VF,0.7738181347637052
NASA_m2_cm3,0.7231630082627326
LCD,0.5527400843455573
NASA_m2_g,0.365813488958636
NAV_cm3_g,0.18601474240770655
