{
  "R2": 0.9748141315445149,
  "MAE": 0.007037899949375261,
  "RMSE": 0.0008793005980517773,
  "MAPE(%)": 2.4579672692260104
}