temp,lowp,outp,seed,mode,qt_frac,train_ratio,out_root,model,R2,MAE,RMSE,MAPE(%)
273K,0.01,1,2026,lowq,0.65,0.5,./RUN_FULL_EXP,cat,0.9869768338469845,0.015771902726638278,0.000559119472380227,2.9676684432428324
