{
  "R2": 0.9869768338469845,
  "MAE": 0.015771902726638278,
  "RMSE": 0.000559119472380227,
  "MAPE(%)": 2.9676684432428324
}