{
  "R2": 0.9952116342753409,
  "MAE": 0.009455107420673547,
  "RMSE": 0.0001871724882606049,
  "MAPE(%)": 1.725833930136806
}