{
  "R2": 0.9925797966640032,
  "MAE": 0.007957259118194095,
  "RMSE": 0.00014055468348472927,
  "MAPE(%)": 2.172281173472489
}