{
  "R2": 0.4468719869028882,
  "MAE": 0.17697533308272173,
  "RMSE": 0.07756688675346052,
  "MAPE(%)": 50.05419438623421
}