{
  "R2": 0.43388354949946073,
  "MAE": 0.18147078251820417,
  "RMSE": 0.08511425054668029,
  "MAPE(%)": 47.750522976115576
}