Feature,Importance
0.05,63.70312808439125
ASA_m2_cm3,7.359330661458063
ASA_m2_g,6.313183106991449
AV_VF,5.544839286984177
AV_cm3_g,3.836864428587874
LCD,2.595248867567026
PLD,2.5620697236305268
Has_OMS,2.2005734398618197
LFPD,2.0548405788647073
cm3_g,1.9099084588266186
NASA_m2_cm3,1.1397026422248173
NASA_m2_g,0.7143292692949935
NAV_cm3_g,0.06598145131668183
