{
  "R2": 0.9548443000490008,
  "MAE": 0.10240073072836396,
  "RMSE": 0.024428212840934438,
  "MAPE(%)": 5.138567315759295
}