{
  "R2": 0.9545590759566382,
  "MAE": 0.2417601168918926,
  "RMSE": 0.13645684737797162,
  "MAPE(%)": 6.4393794125298625
}