Feature,Importance
0.01,54.60003280225106
ASA_m2_g,11.875431488817567
AV_VF,6.888647875407633
AV_cm3_g,6.717489505069321
ASA_m2_cm3,6.638189200629381
PLD,2.7580287731510342
cm3_g,2.7401084282075954
LCD,2.2371017733612932
LFPD,2.0756375184735614
Has_OMS,1.4874328729390671
NASA_m2_cm3,1.0305786474543763
NASA_m2_g,0.8365956150920305
NAV_cm3_g,0.11472549914608704
