{
  "R2": 0.9615794267661858,
  "MAE": 0.17344217057568045,
  "RMSE": 0.061199331520293866,
  "MAPE(%)": 5.768627824341652
}