{
  "R2": 0.9715679020909532,
  "MAE": 0.15316459934832763,
  "RMSE": 0.0500403614262914,
  "MAPE(%)": 5.323859359680167
}