{
  "R2": 0.9585597898718867,
  "MAE": 0.10410225173714707,
  "RMSE": 0.030796878319917318,
  "MAPE(%)": 5.372182951280566
}