temp,lowp,outp,seed,mode,qt_frac,train_ratio,out_root,model,R2,MAE,RMSE,MAPE(%)
273K,HENRY,5,2025,lowq,0.15,0.5,./RUN_FULL_EXP,cat,0.9585597898718867,0.10410225173714707,0.030796878319917318,5.372182951280566
