Feature,Importance
HENRY,77.25400948401965
ASA_m2_g,4.226618067197497
AV_VF,3.252691190977393
AV_cm3_g,3.0949504663584686
ASA_m2_cm3,2.6596362319347544
cm3_g,1.8924993411673299
Has_OMS,1.785808727652452
LCD,1.7492677271589006
PLD,1.5249105972948926
LFPD,1.4430102001031317
NASA_m2_g,0.6005899755743724
NASA_m2_cm3,0.40504439387562474
NAV_cm3_g,0.1109635966855386
