{
  "R2": 0.9804561859698081,
  "MAE": 0.03427477207180132,
  "RMSE": 0.002949920055839583,
  "MAPE(%)": 3.153497445535178
}