temp,lowp,outp,seed,mode,qt_frac,train_ratio,out_root,model,R2,MAE,RMSE,MAPE(%)
313K,HENRY,5,2025,lowq,0.5,0.5,./RUN_FULL_EXP,cat,0.9804561859698081,0.03427477207180132,0.002949920055839583,3.153497445535178
