{
  "R2": 0.9974715338225498,
  "MAE": 0.0037189060667454656,
  "RMSE": 3.5733556286071696e-05,
  "MAPE(%)": 1.5052902017908636
}