Feature,Importance
HENRY,62.16153705968669
ASA_m2_g,7.953446200807908
ASA_m2_cm3,7.643190029146747
AV_VF,5.2361298965326455
AV_cm3_g,3.2763184658469138
PLD,2.8307706804889485
LFPD,2.6304072546976713
LCD,2.481824232569903
Has_OMS,1.8802824304526702
cm3_g,1.838931500358128
NASA_m2_cm3,1.2279448672918691
NASA_m2_g,0.7567104618647241
NAV_cm3_g,0.08250692025517556
