{
  "R2": 0.9536098340783754,
  "MAE": 0.09706582466542225,
  "RMSE": 0.021037903136062575,
  "MAPE(%)": 4.888886712436306
}