{
  "R2": 0.9750021194190408,
  "MAE": 0.0588946775868614,
  "RMSE": 0.009778384240355051,
  "MAPE(%)": 4.114399596219347
}