Feature,Importance
0.5,56.25765352276105
ASA_m2_g,12.473106871878649
AV_cm3_g,6.778852600838956
ASA_m2_cm3,6.016624936570096
AV_VF,4.599979713974612
cm3_g,4.3570958199408505
LCD,2.672957081806184
PLD,2.1949547646250664
LFPD,1.7897424726860367
Has_OMS,1.4433511916309745
NASA_m2_cm3,0.8799374561484269
NASA_m2_g,0.4797302220522691
NAV_cm3_g,0.05601334508683467
