{
  "R2": 0.9575561373859914,
  "MAE": 0.23231324582428614,
  "RMSE": 0.10865082259306773,
  "MAPE(%)": 6.04740261711457
}