{
  "R2": 0.520299821503749,
  "MAE": 0.33273798749664724,
  "RMSE": 0.23618020577544854,
  "MAPE(%)": 32.00938355446149
}