temp,lowp,outp,seed,mode,qt_frac,train_ratio,out_root,model,R2,MAE,RMSE,MAPE(%)
293K,0.01,5,2026,struct,0.0,0.55,./RUN_FULL_EXP,cat,0.520299821503749,0.33273798749664724,0.23618020577544854,32.00938355446149
