{
  "R2": 0.970950277565375,
  "MAE": 0.05954666405125702,
  "RMSE": 0.008337488192796613,
  "MAPE(%)": 4.0120478274894715
}