Feature,Importance
0.5,63.39867361092922
ASA_m2_g,11.979029217562623
AV_VF,5.254967566790404
ASA_m2_cm3,4.71684775140088
AV_cm3_g,4.144740039945504
cm3_g,2.9957460623072283
PLD,1.8710867385820533
LCD,1.8645706551717238
LFPD,1.7651665839941806
Has_OMS,1.1550072264593636
NASA_m2_cm3,0.5621773401311924
NASA_m2_g,0.23690626000984116
NAV_cm3_g,0.05508094671575979
