{
  "R2": 0.9686825253165859,
  "MAE": 0.10775656760844454,
  "RMSE": 0.022922945050750692,
  "MAPE(%)": 4.2663684568663385
}