Feature,Importance
0.01,69.06896354169615
ASA_m2_cm3,5.456975119269764
ASA_m2_g,5.110595442667692
AV_VF,4.663817682420132
cm3_g,2.7209082634050543
AV_cm3_g,2.700442259315557
LFPD,2.36329035887517
Has_OMS,2.1794630059504585
PLD,2.12085313834369
LCD,2.0045343512412845
NASA_m2_g,0.8691924191813827
NASA_m2_cm3,0.6321149867774523
NAV_cm3_g,0.10884943085621986
