{
  "R2": 0.9685653159565266,
  "MAE": 0.06342034330497211,
  "RMSE": 0.009677181114957743,
  "MAPE(%)": 4.352559897815214
}