{
  "R2": 0.9647050695793609,
  "MAE": 0.1609125565101323,
  "RMSE": 0.05624250256722367,
  "MAPE(%)": 5.365323919128011
}