{
  "R2": 0.9921461312213519,
  "MAE": 0.007702530183459025,
  "RMSE": 0.00016841277753969726,
  "MAPE(%)": 2.098522173828978
}