Feature,Importance
0.1,58.12570287187197
ASA_m2_g,11.740197085926612
ASA_m2_cm3,6.199381201395041
AV_cm3_g,5.964365158923612
AV_VF,5.4338845199240104
cm3_g,3.429286969807126
PLD,2.159915070264172
LCD,2.0568178423068644
LFPD,1.6735535113020443
Has_OMS,1.498597858658814
NASA_m2_cm3,0.942814925586019
NASA_m2_g,0.7189498542983895
NAV_cm3_g,0.056533129735331866
