{
  "R2": 0.9750049251332237,
  "MAE": 0.10850836436211235,
  "RMSE": 0.02705202149078575,
  "MAPE(%)": 4.598498303407627
}