{
  "R2": 0.9952915663567745,
  "MAE": 0.011177459211744614,
  "RMSE": 0.0004468062531481692,
  "MAPE(%)": 2.0279000856879223
}