{
  "R2": 0.9785590519135313,
  "MAE": 0.012691498718637131,
  "RMSE": 0.0009800551360383057,
  "MAPE(%)": 3.597762091062942
}