{
  "R2": 0.976249156278292,
  "MAE": 0.0371211699422687,
  "RMSE": 0.005239428108422667,
  "MAPE(%)": 3.4328705092843004
}