temp,lowp,outp,seed,mode,qt_frac,train_ratio,out_root,model,R2,MAE,RMSE,MAPE(%)
313K,HENRY,5,2026,lowq,0.15,0.5,./RUN_FULL_EXP,cat,0.976249156278292,0.0371211699422687,0.005239428108422667,3.4328705092843004
