{
  "R2": 0.9546643927266225,
  "MAE": 0.10180824745468223,
  "RMSE": 0.024346660209024203,
  "MAPE(%)": 5.058738208663034
}