Feature,Importance
0.05,66.49843790178606
AV_VF,6.356407539162396
ASA_m2_cm3,5.82197926341573
ASA_m2_g,5.743146096924236
AV_cm3_g,3.151499200064916
PLD,2.7074931260368773
LFPD,2.572865894607966
cm3_g,2.135219611753608
Has_OMS,1.916215991303919
LCD,1.8290655003487712
NASA_m2_cm3,0.7006547869786384
NASA_m2_g,0.5267389508526967
NAV_cm3_g,0.04027613676416019
