{
  "R2": 0.9630470381663386,
  "MAE": 0.10753763645615022,
  "RMSE": 0.03030384384833367,
  "MAPE(%)": 5.467060319344405
}