temp,lowp,outp,seed,mode,qt_frac,train_ratio,out_root,model,R2,MAE,RMSE,MAPE(%)
273K,0.05,5,2028,lowq,0.1,0.5,./RUN_FULL_EXP,cat,0.9630470381663386,0.10753763645615022,0.03030384384833367,5.467060319344405
