Feature,Importance
HENRY,51.45089282471622
ASA_m2_g,12.631609527681679
ASA_m2_cm3,7.078278946619521
AV_VF,6.969995753831223
AV_cm3_g,6.5657610928309
cm3_g,3.980081652836678
PLD,3.0710413441980924
LFPD,2.622763268772267
LCD,2.2198253899419003
Has_OMS,1.5614064479028742
NASA_m2_g,0.9391058754840305
NASA_m2_cm3,0.8527780122987745
NAV_cm3_g,0.05645986288582451
