{
  "R2": 0.9512674958536234,
  "MAE": 0.2444218379770816,
  "RMSE": 0.1338787557732852,
  "MAPE(%)": 6.428708248363645
}