{
  "R2": 0.9632375410375579,
  "MAE": 0.10560547964741143,
  "RMSE": 0.03100622016775555,
  "MAPE(%)": 5.552485193850579
}