Feature,Importance
0.1,59.02730298731378
ASA_m2_g,9.385550533677202
ASA_m2_cm3,7.092792027544889
AV_VF,6.32807650336508
AV_cm3_g,6.051614907940365
cm3_g,2.728826504181632
PLD,2.595001830335899
LCD,1.9874254563966753
LFPD,1.8925206424570327
Has_OMS,1.3201670576318405
NASA_m2_g,0.7577576859947165
NASA_m2_cm3,0.7162567182928421
NAV_cm3_g,0.11670714486802244
