{
  "R2": 0.9510100468654116,
  "MAE": 0.1701270538174227,
  "RMSE": 0.07165279734628865,
  "MAPE(%)": 5.385167462224252
}