{
  "R2": 0.9466193249447745,
  "MAE": 0.10025529745604553,
  "RMSE": 0.02358553297725317,
  "MAPE(%)": 5.00533720430858
}