Feature,Importance
HENRY,85.78215027035175
ASA_m2_cm3,1.8704837319082621
LCD,1.7091902170722446
AV_VF,1.6652478310482108
ASA_m2_g,1.6599529316313166
AV_cm3_g,1.4995094614229143
PLD,1.2665836846682428
LFPD,1.1331896548997582
cm3_g,1.0914612789420624
Has_OMS,0.9729360846207137
NASA_m2_g,0.9477783000871101
NASA_m2_cm3,0.31377980364227775
NAV_cm3_g,0.08773674970512242
