{
  "R2": 0.9782568601865641,
  "MAE": 0.010279386775531906,
  "RMSE": 0.0014369424776846898,
  "MAPE(%)": 2.5496806772949716
}