{
  "R2": 0.9878743297301589,
  "MAE": 0.013702916596509103,
  "RMSE": 0.000504478048243807,
  "MAPE(%)": 2.5324482494649887
}