Feature,Importance
0.5,76.44890850410891
ASA_m2_g,4.615641458553478
ASA_m2_cm3,4.033050692014931
AV_VF,3.1653597477661886
AV_cm3_g,2.976234465933646
LCD,1.6990499279084152
cm3_g,1.6872074113689899
PLD,1.5264546772459284
Has_OMS,1.384095875081834
LFPD,1.2482189346890336
NASA_m2_g,0.615173436351072
NASA_m2_cm3,0.5219534705580434
NAV_cm3_g,0.07865139841954545
