{
  "R2": 0.975786571843372,
  "MAE": 0.053110272174794464,
  "RMSE": 0.006801273274816135,
  "MAPE(%)": 3.639863645632567
}