{
  "R2": 0.9657418359094929,
  "MAE": 0.06006745509941758,
  "RMSE": 0.007372600100200552,
  "MAPE(%)": 4.057894093918562
}