Feature,Importance
0.01,49.64079280141891
ASA_m2_g,13.496443473495164
ASA_m2_cm3,8.500967865510281
AV_cm3_g,7.951480602016027
AV_VF,5.303524269137124
cm3_g,3.5021724231286857
PLD,2.941282318565228
LFPD,2.747276324413248
LCD,2.446000883601601
Has_OMS,1.4283728393078643
NASA_m2_cm3,1.0927244157546514
NASA_m2_g,0.7972000437564577
NAV_cm3_g,0.15176173989476383
