{
  "R2": 0.9541954569204725,
  "MAE": 0.24137036569813786,
  "RMSE": 0.13032308894825687,
  "MAPE(%)": 6.428400088811645
}