temp,lowp,outp,seed,mode,qt_frac,train_ratio,out_root,model,R2,MAE,RMSE,MAPE(%)
273K,0.01,15,2027,lowq,0.25,0.5,./RUN_FULL_EXP,cat,0.9541954569204725,0.24137036569813786,0.13032308894825687,6.428400088811645
