Feature,Importance
HENRY,82.47945352171534
Has_OMS,2.242413290714244
ASA_m2_g,1.9269836146601107
ASA_m2_cm3,1.9043498942654278
LCD,1.88886305285288
AV_cm3_g,1.8399815968499869
AV_VF,1.7783573541483757
PLD,1.7216492632459146
cm3_g,1.4881407892767662
LFPD,1.2531270716598084
NASA_m2_cm3,0.8388493291266198
NASA_m2_g,0.5808449407613179
NAV_cm3_g,0.056986280723163814
