{
  "R2": 0.983372179099695,
  "MAE": 0.01824999757022903,
  "RMSE": 0.0018288727831477563,
  "MAPE(%)": 3.107060760797978
}