Feature,Importance
0.05,84.2533894865904
AV_VF,2.1531986356921187
ASA_m2_g,2.032625360156683
Has_OMS,1.8922808317203956
cm3_g,1.6569693880510667
PLD,1.6146919762661387
AV_cm3_g,1.535933169209306
ASA_m2_cm3,1.3069724591024376
LFPD,1.277947919984141
LCD,1.0500246396284616
NASA_m2_cm3,0.7280302329901215
NASA_m2_g,0.388992074372118
NAV_cm3_g,0.1089438262366106
