{
  "R2": 0.986089265323282,
  "MAE": 0.016430432491167875,
  "RMSE": 0.001013243498138144,
  "MAPE(%)": 2.95955604638725
}