temp,lowp,outp,seed,mode,qt_frac,train_ratio,out_root,model,R2,MAE,RMSE,MAPE(%)
273K,0.01,1,2025,struct_with_input,0.33,0.65,./RUN_FULL_EXP,cat,0.9881855093717877,0.016579171318762017,0.0008062557390443779,3.045938676310328
