{
  "R2": 0.9820605712674622,
  "MAE": 0.032850886272695466,
  "RMSE": 0.002472892766397643,
  "MAPE(%)": 2.9724877434338266
}