temp,lowp,outp,seed,mode,qt_frac,train_ratio,out_root,model,R2,MAE,RMSE,MAPE(%)
313K,0.1,5,2026,lowq,0.6,0.5,./RUN_FULL_EXP,cat,0.9820605712674622,0.032850886272695466,0.002472892766397643,2.9724877434338266
