{
  "R2": 0.990474623882447,
  "MAE": 0.009760222644436906,
  "RMSE": 0.00020421136704952816,
  "MAPE(%)": 2.7312707193661456
}