{
  "R2": 0.9674164425125427,
  "MAE": 0.16475754699268505,
  "RMSE": 0.06259371292059303,
  "MAPE(%)": 5.7370818162860475
}