Feature,Importance
0.01,80.63803824410198
Has_OMS,3.082628061147629
ASA_m2_g,2.53508821185744
AV_cm3_g,2.4255183157243323
LCD,2.247698640098427
LFPD,2.0247887727339284
cm3_g,1.9573029075755113
AV_VF,1.3407535442857759
PLD,1.0992467821243366
ASA_m2_cm3,1.0984616115818993
NASA_m2_cm3,0.9894912046839301
NASA_m2_g,0.48688372490569054
NAV_cm3_g,0.07409997917910201
