{
  "R2": 0.9906127556304245,
  "MAE": 0.010674046425986456,
  "RMSE": 0.0003272827581591146,
  "MAPE(%)": 3.0660840592350724
}