temp,lowp,outp,seed,mode,qt_frac,train_ratio,out_root,model,R2,MAE,RMSE,MAPE(%)
273K,0.01,1,2029,lowq,0.7,0.5,./RUN_FULL_EXP,cat,0.9852087419390197,0.015821943769263748,0.0005958450260922921,2.9418536263056727
