{
  "R2": 0.9852087419390197,
  "MAE": 0.015821943769263748,
  "RMSE": 0.0005958450260922921,
  "MAPE(%)": 2.9418536263056727
}