{
  "R2": 0.9567391038475705,
  "MAE": 0.007813198152607198,
  "RMSE": 0.001741317838550675,
  "MAPE(%)": 2.54613190656697
}