{
  "R2": 0.9716643582430892,
  "MAE": 0.06189908098376757,
  "RMSE": 0.012710048603901934,
  "MAPE(%)": 4.3985805689539035
}