temp,lowp,outp,seed,mode,qt_frac,train_ratio,out_root,model,R2,MAE,RMSE,MAPE(%)
293K,0.05,5,2029,lowq,0.05,0.5,./RUN_FULL_EXP,cat,0.9716643582430892,0.06189908098376757,0.012710048603901934,4.3985805689539035
