Feature,Importance
HENRY,61.70617055276803
ASA_m2_g,11.712103329963476
ASA_m2_cm3,6.327632442304702
AV_VF,4.640863234153578
AV_cm3_g,3.9343212888143864
cm3_g,3.6554804947904156
PLD,1.9290642779241074
LCD,1.9267905163760988
LFPD,1.7161727578166648
Has_OMS,1.3115477548117385
NASA_m2_cm3,0.5366936953651971
NASA_m2_g,0.514103181025992
NAV_cm3_g,0.0890564738855948
