{
  "R2": 0.9720595550624624,
  "MAE": 0.11097475849390562,
  "RMSE": 0.028729957735032022,
  "MAPE(%)": 4.595348247480997
}