temp,lowp,outp,seed,mode,qt_frac,train_ratio,out_root,model,R2,MAE,RMSE,MAPE(%)
313K,HENRY,15,2025,lowq,0.3,0.5,./RUN_FULL_EXP,cat,0.9720595550624624,0.11097475849390562,0.028729957735032022,4.595348247480997
