Feature,Importance
0.01,83.3676561916235
ASA_m2_cm3,3.04121185538783
AV_cm3_g,1.9301419928317205
AV_VF,1.7279137419252943
LCD,1.6386877201226882
cm3_g,1.5477563071141653
PLD,1.5472335656803962
ASA_m2_g,1.4672401423606787
LFPD,1.240783372105343
Has_OMS,1.1216668938128544
NASA_m2_cm3,0.7427715463672204
NASA_m2_g,0.5259775057853852
NAV_cm3_g,0.10095916488292683
