{
  "R2": 0.9863271754990413,
  "MAE": 0.016465785401862342,
  "RMSE": 0.0006377613369434419,
  "MAPE(%)": 3.058773183065868
}