temp,lowp,outp,seed,mode,qt_frac,train_ratio,out_root,model,R2,MAE,RMSE,MAPE(%)
273K,0.01,1,2026,struct_with_input,0.6,0.6,./RUN_FULL_EXP,cat,0.9863271754990413,0.016465785401862342,0.0006377613369434419,3.058773183065868
