Feature,Importance
HENRY,85.08827132130932
AV_cm3_g,2.2956177690913413
cm3_g,2.1549882647080856
LCD,1.5506253986653002
AV_VF,1.3805652626897424
ASA_m2_cm3,1.2970156369179213
Has_OMS,1.2695109345098412
ASA_m2_g,1.2487247768270417
PLD,1.1377561407971666
LFPD,1.0196255242260814
NASA_m2_cm3,0.7251209019279052
NASA_m2_g,0.6997541744028842
NAV_cm3_g,0.13242389392733714
