temp,lowp,outp,seed,mode,qt_frac,train_ratio,out_root,model,R2,MAE,RMSE,MAPE(%)
293K,HENRY,1,2026,lowq,0.55,0.5,./RUN_FULL_EXP,cat,0.9922489315639528,0.007455744989555788,0.0001544123995657927,1.9992267912343942
