{
  "R2": 0.9922489315639528,
  "MAE": 0.007455744989555788,
  "RMSE": 0.0001544123995657927,
  "MAPE(%)": 1.9992267912343942
}