Feature,Importance
0.05,54.1852337386554
ASA_m2_g,12.218534457402969
AV_cm3_g,6.712101196213947
AV_VF,6.503726970306954
ASA_m2_cm3,6.320982064763324
cm3_g,4.135268071151233
LCD,2.3750922274883743
PLD,2.331240312269356
LFPD,2.265320987269077
Has_OMS,1.315475197041496
NASA_m2_g,0.7980041560754152
NASA_m2_cm3,0.7590008115188964
NAV_cm3_g,0.08001980984355585
