{
  "R2": 0.9640011315394217,
  "MAE": 0.1650442050669125,
  "RMSE": 0.06051589933778813,
  "MAPE(%)": 5.5175686358967555
}