Feature,Importance
cm3_g,14.148089085216734
PLD,13.923531720583275
Has_OMS,13.733363282470211
ASA_m2_cm3,11.76498167564693
AV_VF,11.162742766850311
LFPD,9.131171058147935
LCD,8.623748951879502
ASA_m2_g,6.8957749941797974
AV_cm3_g,6.280642002872814
NASA_m2_g,2.3094203031393556
NASA_m2_cm3,1.7297119380197197
NAV_cm3_g,0.29682222099340966
