{
  "R2": 0.44186339514683004,
  "MAE": 0.1834663874927333,
  "RMSE": 0.09363128397935704,
  "MAPE(%)": 48.31056460596218
}