{
  "R2": 0.4508403133300204,
  "MAE": 0.18355361810136978,
  "RMSE": 0.09647943643986816,
  "MAPE(%)": 55.96890917793965
}