Feature,Importance
0.05,77.20124486190242
ASA_m2_g,4.569924401469366
ASA_m2_cm3,3.462971365920655
AV_cm3_g,3.174159687290272
AV_VF,2.1373406807204978
cm3_g,1.9768600884859082
LCD,1.815166080249682
Has_OMS,1.6227777163205717
PLD,1.6062063932720403
LFPD,1.1845222630048775
NASA_m2_g,0.682278410409745
NASA_m2_cm3,0.45419179662884523
NAV_cm3_g,0.11235625432510384
