{
  "R2": 0.9826295765813844,
  "MAE": 0.035031096851044996,
  "RMSE": 0.0032723720845176892,
  "MAPE(%)": 3.2750682563466014
}