temp,lowp,outp,seed,mode,qt_frac,train_ratio,out_root,model,R2,MAE,RMSE,MAPE(%)
313K,0.05,5,2026,lowq,0.3,0.5,./RUN_FULL_EXP,cat,0.9826295765813844,0.035031096851044996,0.0032723720845176892,3.2750682563466014
