{
  "R2": 0.9720896771130865,
  "MAE": 0.06251901506856673,
  "RMSE": 0.013981483987519739,
  "MAPE(%)": 4.660622374081386
}