Feature,Importance
0.5,54.25597906568736
ASA_m2_g,14.350804465095964
ASA_m2_cm3,7.173095981356224
AV_cm3_g,6.674310704729984
AV_VF,4.645887145411222
cm3_g,3.8220551169167205
PLD,2.4955372336392156
LCD,2.352399437867039
LFPD,1.6850564148691947
Has_OMS,0.9406581398975037
NASA_m2_g,0.8375295768405394
NASA_m2_cm3,0.6813088439249885
NAV_cm3_g,0.08537787376401997
