temp,lowp,outp,seed,mode,qt_frac,train_ratio,out_root,model,R2,MAE,RMSE,MAPE(%)
273K,0.5,15,2026,lowq,0.75,0.5,./RUN_FULL_EXP,cat,0.9497838000635738,0.22873594636765665,0.11815134914004397,5.6182067819894845
