{
  "R2": 0.9497838000635738,
  "MAE": 0.22873594636765665,
  "RMSE": 0.11815134914004397,
  "MAPE(%)": 5.6182067819894845
}