temp,lowp,outp,seed,mode,qt_frac,train_ratio,out_root,model,R2,MAE,RMSE,MAPE(%)
313K,0.05,15,2029,lowq,0.75,0.5,./RUN_FULL_EXP,cat,0.9689831832413163,0.1098034046941182,0.024899721109083336,4.296001615048803
