{
  "R2": 0.9689831832413163,
  "MAE": 0.1098034046941182,
  "RMSE": 0.024899721109083336,
  "MAPE(%)": 4.296001615048803
}