Feature,Importance
0.1,87.11351830242654
AV_cm3_g,2.0561559650672714
Has_OMS,1.5605365899299788
cm3_g,1.5139325675093729
ASA_m2_cm3,1.4833398623158862
LFPD,1.4668452104047156
PLD,1.2101782991843146
AV_VF,1.112375874984094
LCD,0.9074753525691444
NASA_m2_g,0.6237890188006185
ASA_m2_g,0.5122516921703331
NASA_m2_cm3,0.41436753625251543
NAV_cm3_g,0.025233728385216793
