{
  "R2": 0.989786673123391,
  "MAE": 0.005558439516493888,
  "RMSE": 0.00022337809531983185,
  "MAPE(%)": 2.0646675645640022
}