temp,lowp,outp,seed,mode,qt_frac,train_ratio,out_root,model,R2,MAE,RMSE,MAPE(%)
313K,0.1,1,2028,lowq,0.15,0.5,./RUN_FULL_EXP,cat,0.989786673123391,0.005558439516493888,0.00022337809531983185,2.0646675645640022
