Feature,Importance
HENRY,71.71956846284291
ASA_m2_cm3,5.68615691018441
ASA_m2_g,4.792885959884714
AV_VF,3.9760348460816752
AV_cm3_g,3.0201430675675844
LFPD,2.0173346572238176
Has_OMS,1.997483722561977
cm3_g,1.9712930069335575
LCD,1.8841310725905036
PLD,1.7314702935868076
NASA_m2_g,0.7311134725490006
NASA_m2_cm3,0.424831965622583
NAV_cm3_g,0.047552562370457914
