temp,lowp,outp,seed,mode,qt_frac,train_ratio,out_root,model,R2,MAE,RMSE,MAPE(%)
293K,HENRY,5,2025,lowq,0.1,0.5,./RUN_FULL_EXP,cat,0.9731002737218405,0.06039742183681406,0.011215249842007408,4.298361128912285
