{
  "R2": 0.9731002737218405,
  "MAE": 0.06039742183681406,
  "RMSE": 0.011215249842007408,
  "MAPE(%)": 4.298361128912285
}