{
  "R2": 0.9758354230832136,
  "MAE": 0.03856333708427841,
  "RMSE": 0.006785594154973131,
  "MAPE(%)": 3.6638094354255077
}