Feature,Importance
HENRY,78.29276598678804
ASA_m2_g,4.2633020251146965
ASA_m2_cm3,2.9433744998146296
AV_VF,2.7864552673094267
AV_cm3_g,2.7603584555319673
cm3_g,2.2698836017216535
LFPD,1.5863049031780945
Has_OMS,1.4156776139330067
LCD,1.4049297069419215
PLD,1.1474262285688053
NASA_m2_cm3,0.6455397587950823
NASA_m2_g,0.4173928065247771
NAV_cm3_g,0.06658914577793279
