{
  "R2": 0.9802159177362029,
  "MAE": 0.031398301307770125,
  "RMSE": 0.002191891051684822,
  "MAPE(%)": 2.8408754234999036
}