temp,lowp,outp,seed,mode,qt_frac,train_ratio,out_root,model,R2,MAE,RMSE,MAPE(%)
313K,HENRY,5,2029,lowq,0.8,0.5,./RUN_FULL_EXP,cat,0.9802159177362029,0.031398301307770125,0.002191891051684822,2.8408754234999036
