{
  "R2": 0.9942059457861284,
  "MAE": 0.0072803044411786965,
  "RMSE": 0.00011663183447259794,
  "MAPE(%)": 1.9818777403738288
}