Feature,Importance
0.01,69.64784198640234
ASA_m2_g,5.789394757156872
ASA_m2_cm3,5.285334020739892
AV_VF,4.6842251970828475
AV_cm3_g,4.281315999655336
LCD,1.9003941772788098
PLD,1.8513423635535522
LFPD,1.8409682893636432
cm3_g,1.6853363636967773
Has_OMS,1.4431188233461125
NASA_m2_cm3,0.8559575367612278
NASA_m2_g,0.6898789591955868
NAV_cm3_g,0.04489152576701476
