{
  "R2": 0.974128422508957,
  "MAE": 0.06524989300023624,
  "RMSE": 0.012948893478370239,
  "MAPE(%)": 4.523609472794956
}