Feature,Importance
0.01,65.22646473531158
ASA_m2_cm3,6.950965327735421
ASA_m2_g,6.760669263773912
AV_VF,4.257608694510395
AV_cm3_g,3.1720252091788046
PLD,2.714677123377267
cm3_g,2.5058179429924374
LCD,2.498916943140973
LFPD,2.4478279861961463
Has_OMS,1.7619711888717333
NASA_m2_g,0.9945556487050626
NASA_m2_cm3,0.6338770467278826
NAV_cm3_g,0.074622889478372
