temp,lowp,outp,seed,mode,qt_frac,train_ratio,out_root,model,R2,MAE,RMSE,MAPE(%)
273K,0.01,5,2026,lowq,0.8,0.5,./RUN_FULL_EXP,cat,0.9515469438013932,0.100717701836883,0.021686438450528214,4.969286903407831
