{
  "R2": 0.9515469438013932,
  "MAE": 0.100717701836883,
  "RMSE": 0.021686438450528214,
  "MAPE(%)": 4.969286903407831
}