{
  "R2": 0.6990880670268538,
  "MAE": 0.4234999883220362,
  "RMSE": 0.3771294634728943,
  "MAPE(%)": 22.381466806852735
}