{
  "R2": 0.9840115333477883,
  "MAE": 0.031944298135297984,
  "RMSE": 0.0034318087846610702,
  "MAPE(%)": 2.9488524186958043
}