{
  "R2": 0.9614166569760925,
  "MAE": 0.16400476545938197,
  "RMSE": 0.05206540726407339,
  "MAPE(%)": 5.043134278413341
}