Feature,Importance
0.01,46.04041477884116
ASA_m2_g,20.28876907259821
AV_cm3_g,5.7297804783701025
ASA_m2_cm3,5.7157260041328035
cm3_g,5.13058814691671
AV_VF,4.683759596318904
PLD,3.424856539194488
LFPD,3.0183651877147457
LCD,2.626207625472954
Has_OMS,1.7861301435856785
NASA_m2_cm3,0.951455399286633
NASA_m2_g,0.47962921080350607
NAV_cm3_g,0.12431781676409052
