temp,lowp,outp,seed,mode,qt_frac,train_ratio,out_root,model,R2,MAE,RMSE,MAPE(%)
293K,HENRY,1,2029,lowq,0.25,0.5,./RUN_FULL_EXP,cat,0.99173367643484,0.00814970721534427,0.0002539699103181114,2.2027318852888023
