{
  "R2": 0.99173367643484,
  "MAE": 0.00814970721534427,
  "RMSE": 0.0002539699103181114,
  "MAPE(%)": 2.2027318852888023
}