Feature,Importance
0.05,77.67188029641137
AV_VF,4.1088902584473646
ASA_m2_cm3,3.426703875162985
ASA_m2_g,3.402200794356589
AV_cm3_g,3.0104199443651236
cm3_g,1.5834626995417005
Has_OMS,1.5778497951925545
LFPD,1.3830627092038186
LCD,1.3300568826234442
PLD,1.3121928518012502
NASA_m2_cm3,0.6413099140662145
NASA_m2_g,0.523162749940388
NAV_cm3_g,0.028807228887194194
