{
  "R2": 0.9797756875869907,
  "MAE": 0.034467204012633236,
  "RMSE": 0.0026147187994974585,
  "MAPE(%)": 3.1349030733215115
}