{
  "R2": 0.9724347763772316,
  "MAE": 0.10757570304174899,
  "RMSE": 0.02359271039821887,
  "MAPE(%)": 4.2988520057614314
}