Feature,Importance
0.01,70.62104968490449
ASA_m2_g,6.276298577793302
ASA_m2_cm3,5.253678590464421
AV_VF,4.226375219198864
AV_cm3_g,2.8611130396947804
LCD,2.271697130308154
PLD,1.9340589322418555
cm3_g,1.7251775151622466
Has_OMS,1.661658220902924
LFPD,1.5131181495426707
NASA_m2_g,0.9196839362674722
NASA_m2_cm3,0.6488034390072851
NAV_cm3_g,0.08728756451152771
