{
  "R2": 0.9619712458123195,
  "MAE": 0.05951968700223065,
  "RMSE": 0.007918250516339,
  "MAPE(%)": 4.049522146107515
}