{
  "R2": 0.7452882503456892,
  "MAE": 0.4949998065091055,
  "RMSE": 0.4917332389324376,
  "MAPE(%)": 20.780125547952714
}