{
  "R2": 0.9615286641817548,
  "MAE": 0.06105391678602676,
  "RMSE": 0.00867284169280122,
  "MAPE(%)": 4.073068094827194
}