temp,lowp,outp,seed,mode,qt_frac,train_ratio,out_root,model,R2,MAE,RMSE,MAPE(%)
293K,0.01,5,2028,lowq,0.75,0.5,./RUN_FULL_EXP,cat,0.9615286641817548,0.06105391678602676,0.00867284169280122,4.073068094827194
