{
  "R2": 0.3790919996903188,
  "MAE": 0.12502564108680492,
  "RMSE": 0.044605749823528114,
  "MAPE(%)": 45.72360604194958
}