{
  "R2": 0.9628253750205908,
  "MAE": 0.05682217867854289,
  "RMSE": 0.007828181302418195,
  "MAPE(%)": 3.7840499729704358
}