temp,lowp,outp,seed,mode,qt_frac,train_ratio,out_root,model,R2,MAE,RMSE,MAPE(%)
293K,0.01,1,2029,struct_with_input,0.1,0.2,./RUN_FULL_EXP,cat,0.9759643831507561,0.013279365180654422,0.0012762639235156116,3.798390964103409
