{
  "R2": 0.9759643831507561,
  "MAE": 0.013279365180654422,
  "RMSE": 0.0012762639235156116,
  "MAPE(%)": 3.798390964103409
}