{
  "R2": 0.9855865869140867,
  "MAE": 0.03070573471448501,
  "RMSE": 0.0022974532479440118,
  "MAPE(%)": 2.819605081324751
}