Feature,Importance
HENRY,48.836635057587934
ASA_m2_g,16.769191492076526
ASA_m2_cm3,6.395040782780196
AV_VF,5.724338773421882
AV_cm3_g,5.578374337657288
cm3_g,5.1915200806757555
PLD,2.948908178641824
LCD,2.710452311427725
LFPD,2.6205676347709312
Has_OMS,1.5738459438419752
NASA_m2_g,0.796242419247896
NASA_m2_cm3,0.7575002219009199
NAV_cm3_g,0.09738276596916841
