{
  "R2": 0.9512362185076705,
  "MAE": 0.24213562332375677,
  "RMSE": 0.14220287418063915,
  "MAPE(%)": 6.364723505001452
}