Feature,Importance
0.1,85.80024173930705
cm3_g,1.978488644487676
ASA_m2_g,1.8419821208705496
Has_OMS,1.706736223290505
AV_VF,1.4219599275495554
LFPD,1.4155409714249305
AV_cm3_g,1.3858634946441135
PLD,1.2325450935496238
ASA_m2_cm3,1.203303815073105
LCD,1.1796247089266347
NASA_m2_g,0.39118614345793196
NASA_m2_cm3,0.3598686614782693
NAV_cm3_g,0.08265845594005765
