temp,lowp,outp,seed,mode,qt_frac,train_ratio,out_root,model,R2,MAE,RMSE,MAPE(%)
293K,0.1,1,2025,lowq,0.35,0.5,./RUN_FULL_EXP,cat,0.9936410735355916,0.0078867421863941,0.00016971754908580165,2.186496679383497
