{
  "R2": 0.9936410735355916,
  "MAE": 0.0078867421863941,
  "RMSE": 0.00016971754908580165,
  "MAPE(%)": 2.186496679383497
}