Feature,Importance
PLD,14.395765779443394
Has_OMS,13.561159770931495
cm3_g,12.769112832451185
AV_VF,11.899419970725726
ASA_m2_cm3,10.683634496728999
LFPD,9.953882158285968
LCD,9.133633046806874
AV_cm3_g,7.216835195547811
ASA_m2_g,6.4223065979295315
NASA_m2_cm3,1.8876028720378002
NASA_m2_g,1.6550337751516782
NAV_cm3_g,0.4216135039595404
