Feature,Importance
0.1,85.21831016444078
cm3_g,2.087423593432956
Has_OMS,1.848960051496104
AV_cm3_g,1.7211866869552255
ASA_m2_cm3,1.5740024730530349
LCD,1.5428830405262062
LFPD,1.4814214039602893
PLD,1.35560455729248
AV_VF,1.1827896658281276
ASA_m2_g,0.8681572154785444
NASA_m2_cm3,0.6746455641432128
NASA_m2_g,0.39488564984430385
NAV_cm3_g,0.049729933548750195
