temp,lowp,outp,seed,mode,qt_frac,train_ratio,out_root,model,R2,MAE,RMSE,MAPE(%)
293K,0.1,1,2025,lowq,0.05,0.5,./RUN_FULL_EXP,cat,0.9802577019918278,0.010479348784157568,0.0011760622877389864,2.615976719986718
