{
  "R2": 0.9802577019918278,
  "MAE": 0.010479348784157568,
  "RMSE": 0.0011760622877389864,
  "MAPE(%)": 2.615976719986718
}