Feature,Importance
0.1,55.42503234532169
ASA_m2_g,13.615721634187853
AV_cm3_g,6.51611232856839
ASA_m2_cm3,6.174374756726919
AV_VF,5.667182199089453
PLD,2.5334779100102773
cm3_g,2.5332702172445294
LCD,2.2569938753783534
LFPD,2.082886377393562
Has_OMS,1.414891849889988
NASA_m2_cm3,0.909245874275587
NASA_m2_g,0.7836309521694923
NAV_cm3_g,0.08717967974389358
