{
  "R2": 0.961956630174204,
  "MAE": 0.16159740684677618,
  "RMSE": 0.05355791038759357,
  "MAPE(%)": 5.19500077947832
}