Feature,Importance
0.1,67.3601515290086
ASA_m2_cm3,6.239864246368236
ASA_m2_g,5.627821198315671
AV_VF,4.9311868269600305
AV_cm3_g,3.4547527916594802
cm3_g,2.539230658761234
PLD,2.3606347992313306
LCD,2.184932290840365
LFPD,2.005110897588173
Has_OMS,1.8481296626372337
NASA_m2_g,0.7122459659936267
NASA_m2_cm3,0.6520428236963096
NAV_cm3_g,0.08389630893970573
