{
  "R2": 0.9593065624207248,
  "MAE": 0.10039969497813785,
  "RMSE": 0.025355456315885063,
  "MAPE(%)": 5.0789601209841075
}