Feature,Importance
cm3_g,16.629711013757575
AV_VF,12.800228029113555
PLD,12.54657085988263
ASA_m2_cm3,11.658927062389608
LFPD,9.640317243662347
Has_OMS,9.180583253839842
LCD,9.17641848138436
ASA_m2_g,7.954494085104781
AV_cm3_g,6.444419366871515
NASA_m2_g,1.9621495657548185
NASA_m2_cm3,1.8915425003619202
NAV_cm3_g,0.11463853787704774
