temp,lowp,outp,seed,mode,qt_frac,train_ratio,out_root,model,R2,MAE,RMSE,MAPE(%)
293K,0.01,5,2029,struct,0.0,0.1,./RUN_FULL_EXP,cat,0.3896209000979919,0.3874200909283464,0.30261150280817567,40.29405127170042
