{
  "R2": 0.3896209000979919,
  "MAE": 0.3874200909283464,
  "RMSE": 0.30261150280817567,
  "MAPE(%)": 40.29405127170042
}