{
  "R2": 0.9716772643149504,
  "MAE": 0.068630976374252,
  "RMSE": 0.014012497166225211,
  "MAPE(%)": 5.080283932754957
}