{
  "R2": 0.8928987969249942,
  "MAE": 0.10937933931846677,
  "RMSE": 0.03252918902957117,
  "MAPE(%)": 8.889091977395761
}