Feature,Importance
HENRY,64.44261977127178
ASA_m2_g,8.032665156203471
ASA_m2_cm3,6.579400703761845
AV_VF,5.598624020262864
AV_cm3_g,2.6204576067038623
LCD,2.5745520701253906
PLD,2.482299019082595
Has_OMS,2.093350487690697
LFPD,1.9657658171824455
cm3_g,1.8070745319300168
NASA_m2_cm3,1.0823522773312526
NASA_m2_g,0.6302749305674554
NAV_cm3_g,0.09056360788633944
