{
  "R2": 0.954968791808407,
  "MAE": 0.10119385450085557,
  "RMSE": 0.02465317828740389,
  "MAPE(%)": 5.052422844117867
}