temp,lowp,outp,seed,mode,qt_frac,train_ratio,out_root,model,R2,MAE,RMSE,MAPE(%)
293K,0.05,15,2028,lowq,0.7,0.5,./RUN_FULL_EXP,cat,0.9580602228185446,0.16682530177887508,0.05715912125274363,5.303661822644369
