{
  "R2": 0.9580602228185446,
  "MAE": 0.16682530177887508,
  "RMSE": 0.05715912125274363,
  "MAPE(%)": 5.303661822644369
}