{
  "R2": 0.41013415589645585,
  "MAE": 0.18159153635010863,
  "RMSE": 0.09630604020627881,
  "MAPE(%)": 48.681260993167555
}