{
  "R2": 0.9850384215848567,
  "MAE": 0.01839511973629206,
  "RMSE": 0.0011202684930775046,
  "MAPE(%)": 3.3499134140385363
}