{
  "R2": 0.985814376464284,
  "MAE": 0.04164267560041138,
  "RMSE": 0.006575916882248197,
  "MAPE(%)": 2.7312396219704858
}