{
  "R2": 0.9495001507615198,
  "MAE": 0.24424966360589243,
  "RMSE": 0.13725648727330123,
  "MAPE(%)": 6.353608927538307
}