Feature,Importance
0.01,82.4557549919789
ASA_m2_cm3,2.3989306134793917
AV_cm3_g,2.2306726088726543
AV_VF,2.1347713230166434
LCD,1.938141124867983
ASA_m2_g,1.7620027745500555
PLD,1.6895910240263183
cm3_g,1.5377387590386205
Has_OMS,1.5077152768989308
LFPD,1.1606564450082837
NASA_m2_cm3,0.7397839643894889
NASA_m2_g,0.40786093988223254
NAV_cm3_g,0.03638015399050082
