temp,lowp,outp,seed,mode,qt_frac,train_ratio,out_root,model,R2,MAE,RMSE,MAPE(%)
273K,0.01,1,2029,lowq,0.5,0.5,./RUN_FULL_EXP,cat,0.9842060989711419,0.017260685690616232,0.0008105035917897666,3.1514910643980514
