{
  "R2": 0.9842060989711419,
  "MAE": 0.017260685690616232,
  "RMSE": 0.0008105035917897666,
  "MAPE(%)": 3.1514910643980514
}