Feature,Importance
0.5,70.72231655873026
ASA_m2_g,6.266642852261295
AV_VF,5.6527148712045125
ASA_m2_cm3,4.385334202677211
AV_cm3_g,3.2467072481203085
PLD,2.2349216915034393
cm3_g,1.7374847998869498
LFPD,1.7066766125591681
Has_OMS,1.4725699590268517
LCD,1.447169096028001
NASA_m2_cm3,0.5321637958108604
NASA_m2_g,0.5102591635786344
NAV_cm3_g,0.08503914861250485
