{
  "R2": 0.9627874703169366,
  "MAE": 0.089503451707314,
  "RMSE": 0.01737985460986716,
  "MAPE(%)": 4.423002161451739
}