Feature,Importance
0.5,92.6007390491774
cm3_g,1.4974598875043796
AV_cm3_g,1.3240718051629714
LCD,0.9028225786016697
AV_VF,0.7714622418098802
ASA_m2_cm3,0.6554663397305014
Has_OMS,0.48943722890216723
ASA_m2_g,0.46231459421896864
NASA_m2_g,0.3713184864104053
PLD,0.3395165340512852
NASA_m2_cm3,0.2776808799561216
LFPD,0.22154251679589815
NAV_cm3_g,0.08616785767833661
