{
  "R2": 0.9967843858924201,
  "MAE": 0.0034464665237430294,
  "RMSE": 2.39920941556672e-05,
  "MAPE(%)": 1.29651652339083
}