{
  "R2": 0.996921591350915,
  "MAE": 0.005777246533054358,
  "RMSE": 7.797666806814071e-05,
  "MAPE(%)": 1.5715319501543792
}