temp,lowp,outp,seed,mode,qt_frac,train_ratio,out_root,model,R2,MAE,RMSE,MAPE(%)
273K,0.1,1,2028,lowq,0.25,0.5,./RUN_FULL_EXP,cat,0.9887594450266018,0.015216320823669074,0.0008066450044502706,2.7193468856145175
