{
  "R2": 0.9887594450266018,
  "MAE": 0.015216320823669074,
  "RMSE": 0.0008066450044502706,
  "MAPE(%)": 2.7193468856145175
}