Feature,Importance
HENRY,75.98105170304882
ASA_m2_cm3,4.157179525199663
ASA_m2_g,4.155884812704634
AV_VF,3.1440242555830364
AV_cm3_g,2.9852003527085955
cm3_g,1.9777666947619468
PLD,1.5707981962286774
Has_OMS,1.524449651806687
LCD,1.4779500346875436
LFPD,1.4367646106976515
NASA_m2_cm3,0.818780499662343
NASA_m2_g,0.6548045365962124
NAV_cm3_g,0.11534512631417566
