temp,lowp,outp,seed,mode,qt_frac,train_ratio,out_root,model,R2,MAE,RMSE,MAPE(%)
313K,HENRY,5,2027,lowq,0.6,0.5,./RUN_FULL_EXP,cat,0.9820784049885177,0.032100566490589386,0.002465796115777974,2.930713841332333
