{
  "R2": 0.9820784049885177,
  "MAE": 0.032100566490589386,
  "RMSE": 0.002465796115777974,
  "MAPE(%)": 2.930713841332333
}