Feature,Importance
0.5,80.91013162434473
ASA_m2_g,4.804919539574049
AV_VF,2.6300586389892775
ASA_m2_cm3,2.541438451838047
AV_cm3_g,2.154923100922598
LCD,1.579638021607164
cm3_g,1.4151902627213948
Has_OMS,1.268218023114058
PLD,1.0001828567642823
LFPD,0.9455605056504305
NASA_m2_g,0.3459067891133644
NASA_m2_cm3,0.32727288551799444
NAV_cm3_g,0.07655929984259764
