temp,lowp,outp,seed,mode,qt_frac,train_ratio,out_root,model,R2,MAE,RMSE,MAPE(%)
313K,0.5,5,2025,lowq,0.05,0.5,./RUN_FULL_EXP,cat,0.9837531323283918,0.03287754039109686,0.004114615643366519,3.1716438785247014
