{
  "R2": 0.9837531323283918,
  "MAE": 0.03287754039109686,
  "RMSE": 0.004114615643366519,
  "MAPE(%)": 3.1716438785247014
}