Feature,Importance
0.01,55.75301724597182
ASA_m2_g,12.575272035495127
AV_VF,6.185564007599129
ASA_m2_cm3,5.263309496885174
AV_cm3_g,4.960999528063228
cm3_g,4.367095192037245
LCD,3.5132961304897363
PLD,2.372312337022085
LFPD,2.2481916465061342
Has_OMS,1.4158654946477216
NASA_m2_cm3,0.8308052873677583
NASA_m2_g,0.40488022973519067
NAV_cm3_g,0.10939136817963092
