{
  "R2": 0.9527000161109862,
  "MAE": 0.18932612831030596,
  "RMSE": 0.08955887544991016,
  "MAPE(%)": 6.940990465154758
}