Feature,Importance
0.01,70.40025873941735
ASA_m2_cm3,5.296943896511991
ASA_m2_g,5.114840570015611
AV_VF,4.008255186609559
AV_cm3_g,3.610479277852475
Has_OMS,2.021286722069314
LCD,1.9968077152715855
LFPD,1.952620073174546
PLD,1.9081409788366321
cm3_g,1.875129617089263
NASA_m2_cm3,1.0433166946484083
NASA_m2_g,0.6650680813372954
NAV_cm3_g,0.10685244716599035
