{
  "R2": 0.9688143778888283,
  "MAE": 0.06289618780828163,
  "RMSE": 0.009560866059297294,
  "MAPE(%)": 4.355029582895596
}