Feature,Importance
0.01,68.77789160144972
ASA_m2_cm3,5.4820989893381595
ASA_m2_g,5.3583702212307305
AV_VF,5.112366615388255
AV_cm3_g,3.130957491484939
cm3_g,2.435214619413721
LCD,2.288462390188423
Has_OMS,2.1758039500264097
PLD,1.8651010290475536
LFPD,1.4936101539293176
NASA_m2_g,1.1867907935928268
NASA_m2_cm3,0.5973105940280585
NAV_cm3_g,0.09602155088188524
