{
  "R2": 0.9693101641860193,
  "MAE": 0.0632480119512631,
  "RMSE": 0.009293986551821365,
  "MAPE(%)": 4.341576095873898
}