Feature,Importance
0.5,62.87433919544013
ASA_m2_g,11.947723092455323
AV_VF,6.99311129644954
ASA_m2_cm3,4.085497822256793
cm3_g,3.1462051352684615
AV_cm3_g,3.129504453492679
PLD,2.0823768036016626
LCD,1.8875804373718394
LFPD,1.6413568895300938
Has_OMS,1.1379601308116079
NASA_m2_g,0.5212393514350955
NASA_m2_cm3,0.49830711489107393
NAV_cm3_g,0.05479827699569818
