{
  "R2": 0.9722820866119732,
  "MAE": 0.10229386482110897,
  "RMSE": 0.021123987295273393,
  "MAPE(%)": 4.005202915559197
}