{
  "R2": 0.9563606213492533,
  "MAE": 0.08458388346736952,
  "RMSE": 0.019216702159272545,
  "MAPE(%)": 6.416383636823735
}