Feature,Importance
0.01,80.17947251769414
AV_cm3_g,3.228402816010018
AV_VF,2.732099365415467
cm3_g,2.1899976971610498
ASA_m2_cm3,2.1394821076235706
LCD,2.109969462714137
Has_OMS,1.8308470067273543
LFPD,1.6648099006283854
PLD,1.2857860878713827
ASA_m2_g,1.26186116179864
NASA_m2_g,0.8656985589599774
NASA_m2_cm3,0.4461109794507659
NAV_cm3_g,0.06546233794512178
