{
  "R2": 0.9038988246659863,
  "MAE": 0.034766214716090864,
  "RMSE": 0.016062143009506764,
  "MAPE(%)": 7.000146337230436
}