{
  "R2": 0.9716524126010585,
  "MAE": 0.10999883170668917,
  "RMSE": 0.026197496263232225,
  "MAPE(%)": 4.521546529676492
}