Feature,Importance
PLD,17.710263147390997
cm3_g,13.579506648468175
Has_OMS,13.414727903165616
AV_VF,11.982643109166549
ASA_m2_cm3,10.8990527324495
LCD,8.953749646293723
LFPD,7.741337208842301
AV_cm3_g,6.275977139258079
ASA_m2_g,5.669535024733471
NASA_m2_g,1.8437862370759963
NASA_m2_cm3,1.4476667147724849
NAV_cm3_g,0.4817544883831067
