{
  "R2": 0.32556346727140284,
  "MAE": 0.18954618923840158,
  "RMSE": 0.10131348681838197,
  "MAPE(%)": 48.68900049237313
}