{
  "R2": 0.9635273387749548,
  "MAE": 0.07519348282972646,
  "RMSE": 0.016189608891239573,
  "MAPE(%)": 5.476240111268661
}