{
  "R2": 0.9673186905632255,
  "MAE": 0.07135527737706762,
  "RMSE": 0.01602789331867469,
  "MAPE(%)": 5.273444004265782
}