Feature,Importance
HENRY,70.49275626577605
ASA_m2_g,5.084531654091401
ASA_m2_cm3,4.769014620790724
AV_VF,4.258960314726183
AV_cm3_g,3.497231058584672
cm3_g,2.4995777286827714
Has_OMS,2.229095039047446
LFPD,2.0060749571222045
LCD,2.000144072301893
PLD,1.922921510595499
NASA_m2_cm3,0.7672962502146333
NASA_m2_g,0.3919256340409973
NAV_cm3_g,0.08047089402552465
