{
  "R2": 0.9713841089382568,
  "MAE": 0.05912547920199674,
  "RMSE": 0.009920406115826489,
  "MAPE(%)": 4.038478460272986
}