temp,lowp,outp,seed,mode,qt_frac,train_ratio,out_root,model,R2,MAE,RMSE,MAPE(%)
293K,HENRY,5,2029,lowq,0.3,0.5,./RUN_FULL_EXP,cat,0.9713841089382568,0.05912547920199674,0.009920406115826489,4.038478460272986
