Feature,Importance
0.1,53.66920601393237
ASA_m2_g,11.197951430195479
ASA_m2_cm3,7.891246904432756
AV_VF,6.504279327632642
AV_cm3_g,5.919883443040397
cm3_g,4.709427588203239
PLD,2.7353387431912077
LCD,2.3805151444912136
LFPD,2.354279515861322
Has_OMS,1.276592423299698
NASA_m2_cm3,0.6501386954005477
NASA_m2_g,0.6086029801620315
NAV_cm3_g,0.10253779015710274
