{
  "R2": 0.9568353581561545,
  "MAE": 0.23747303472556155,
  "RMSE": 0.11805247889902029,
  "MAPE(%)": 6.3863813903238436
}