{
  "R2": 0.9755844581953486,
  "MAE": 0.05652214176980286,
  "RMSE": 0.008126736518104763,
  "MAPE(%)": 3.867413960738755
}