Feature,Importance
HENRY,62.67391845892422
ASA_m2_g,8.184747927896511
ASA_m2_cm3,6.346619937926879
AV_VF,5.5886482999877325
AV_cm3_g,3.4486006826132423
PLD,2.626307285395218
LCD,2.620914165467202
cm3_g,2.4871415492644715
LFPD,2.3324774536550343
Has_OMS,2.095641276881464
NASA_m2_cm3,0.8516104103092308
NASA_m2_g,0.6043643433656957
NAV_cm3_g,0.13900820831310326
