temp,lowp,outp,seed,mode,qt_frac,train_ratio,out_root,model,R2,MAE,RMSE,MAPE(%)
273K,HENRY,5,2025,lowq,0.25,0.5,./RUN_FULL_EXP,cat,0.9589194727260749,0.10373448497738115,0.029455406294132788,5.254950790235271
