{
  "R2": 0.9589194727260749,
  "MAE": 0.10373448497738115,
  "RMSE": 0.029455406294132788,
  "MAPE(%)": 5.254950790235271
}