Feature,Importance
0.01,75.50057857619211
ASA_m2_g,4.171478397053076
AV_VF,4.152151273726942
ASA_m2_cm3,3.2856938723477493
AV_cm3_g,3.180793775678317
cm3_g,2.1657830164448257
PLD,1.882830695458258
LFPD,1.5477717105003084
LCD,1.5233344254485741
Has_OMS,1.330744548016501
NASA_m2_g,0.6522315289389389
NASA_m2_cm3,0.5361475509294513
NAV_cm3_g,0.07046062926497626
