{
  "R2": 0.964289636504626,
  "MAE": 0.07181098405848754,
  "RMSE": 0.01775822730577672,
  "MAPE(%)": 5.177823471260442
}