{
  "R2": 0.8981924450333628,
  "MAE": 0.10866409856136865,
  "RMSE": 0.030748494111245958,
  "MAPE(%)": 8.742370021859053
}