Feature,Importance
0.01,71.314613984505
ASA_m2_cm3,6.633328513481683
AV_VF,4.3835721443111195
ASA_m2_g,4.28841627066438
cm3_g,2.388025275395511
AV_cm3_g,2.1006104022746155
PLD,1.9753942275116954
LCD,1.9373474308675416
Has_OMS,1.9196757859722642
LFPD,1.8845156603997115
NASA_m2_cm3,0.6243762519881141
NASA_m2_g,0.46651696260184145
NAV_cm3_g,0.08360709002651866
