{
  "R2": 0.9646899754366594,
  "MAE": 0.061476599302531014,
  "RMSE": 0.008398845979038597,
  "MAPE(%)": 4.239379152509443
}