{
  "R2": 0.9612368390519899,
  "MAE": 0.1617440334711975,
  "RMSE": 0.06863362819965735,
  "MAPE(%)": 5.56986906503972
}