Feature,Importance
0.01,81.23542230154017
ASA_m2_cm3,3.0804961379817795
ASA_m2_g,3.0086403386534073
Has_OMS,2.0401245913686865
AV_VF,1.851337166900709
AV_cm3_g,1.639516541529051
cm3_g,1.5072494467278967
LCD,1.4895358797990297
PLD,1.4139554632785196
LFPD,1.3135685869739924
NASA_m2_cm3,0.8107570149367808
NASA_m2_g,0.5514357283956358
NAV_cm3_g,0.057960801914333594
