{
  "R2": 0.9870186492212015,
  "MAE": 0.0164500770006814,
  "RMSE": 0.0008124516201259984,
  "MAPE(%)": 3.0769463438946927
}