temp,lowp,outp,seed,mode,qt_frac,train_ratio,out_root,model,R2,MAE,RMSE,MAPE(%)
273K,0.01,1,2027,struct_with_input,0.38,0.75,./RUN_FULL_EXP,cat,0.9874515032830888,0.016980436927424243,0.0007737376235899528,3.1338825940630226
