{
  "R2": 0.9874515032830888,
  "MAE": 0.016980436927424243,
  "RMSE": 0.0007737376235899528,
  "MAPE(%)": 3.1338825940630226
}