Feature,Importance
0.5,75.23991612065731
ASA_m2_g,5.702265959175639
ASA_m2_cm3,4.223026094956568
AV_VF,3.496937516721642
AV_cm3_g,2.9563078637888607
LCD,1.8373139633139306
cm3_g,1.7839223130402297
PLD,1.3585464316114124
Has_OMS,1.1453807525599862
LFPD,1.1072681863251856
NASA_m2_g,0.6512144218668207
NASA_m2_cm3,0.4239290758375848
NAV_cm3_g,0.07397130014480915
