{
  "R2": 0.9794687228140972,
  "MAE": 0.05349295004033724,
  "RMSE": 0.009391824707484125,
  "MAPE(%)": 3.7610254146272495
}