{
  "R2": 0.48650340487372823,
  "MAE": 0.2582962946941642,
  "RMSE": 0.14551262050526154,
  "MAPE(%)": 34.77650175069067
}