{
  "R2": 0.9803709433606191,
  "MAE": 0.0360905091604065,
  "RMSE": 0.0049225624663239475,
  "MAPE(%)": 3.3331611061529856
}