{
  "R2": 0.9698944963538112,
  "MAE": 0.006058840817967513,
  "RMSE": 0.0009149376601454965,
  "MAPE(%)": 2.0766118319446676
}