temp,lowp,outp,seed,mode,qt_frac,train_ratio,out_root,model,R2,MAE,RMSE,MAPE(%)
313K,HENRY,1,2026,lowq,0.05,0.5,./RUN_FULL_EXP,cat,0.9698944963538112,0.006058840817967513,0.0009149376601454965,2.0766118319446676
