temp,lowp,outp,seed,mode,qt_frac,train_ratio,out_root,model,R2,MAE,RMSE,MAPE(%)
273K,0.01,1,2027,struct_with_input,0.12,0.25,./RUN_FULL_EXP,cat,0.9720117275358898,0.023175558133470723,0.003146825340533126,4.230665738018696
