{
  "R2": 0.9720117275358898,
  "MAE": 0.023175558133470723,
  "RMSE": 0.003146825340533126,
  "MAPE(%)": 4.230665738018696
}