Feature,Importance
0.01,47.657496382520605
ASA_m2_g,16.09724897300539
AV_cm3_g,7.427685687170811
ASA_m2_cm3,6.70298386918598
cm3_g,5.325937020095222
AV_VF,4.988592765397378
LFPD,3.20464518708727
PLD,3.104012002381689
LCD,2.714260211083086
Has_OMS,1.3865014634003205
NASA_m2_g,0.6718509987949056
NASA_m2_cm3,0.6125828901735298
NAV_cm3_g,0.10620254970378878
