{
  "R2": 0.9694120460328854,
  "MAE": 0.018295919683269,
  "RMSE": 0.002754232831427774,
  "MAPE(%)": 3.231289932270921
}