{
  "R2": 0.958258827082045,
  "MAE": 0.07965227975716359,
  "RMSE": 0.020677325786293593,
  "MAPE(%)": 6.227209523395576
}