Feature,Importance
0.5,64.26508055656808
ASA_m2_g,13.170777486723992
ASA_m2_cm3,4.763830754820606
AV_VF,4.524778407796947
AV_cm3_g,3.599080609153253
cm3_g,2.5328859389076555
LFPD,1.6547117481390639
PLD,1.6354053803511373
LCD,1.5430215781155117
Has_OMS,1.14669533010762
NASA_m2_cm3,0.5191160945374127
NASA_m2_g,0.5063648415951396
NAV_cm3_g,0.138251273183569
