{
  "R2": 0.9735221160890896,
  "MAE": 0.10645153029369486,
  "RMSE": 0.023748369791308656,
  "MAPE(%)": 4.332519301273276
}