{
  "R2": 0.9902092399198276,
  "MAE": 0.009491746937498395,
  "RMSE": 0.0002329594683310875,
  "MAPE(%)": 2.7229577644607637
}