{
  "R2": 0.978258163543823,
  "MAE": 0.03722854329242167,
  "RMSE": 0.005370913866586634,
  "MAPE(%)": 3.356732778056558
}