Feature,Importance
0.01,75.31983114157363
ASA_m2_cm3,3.9764021632837694
ASA_m2_g,3.701900879713792
AV_cm3_g,3.371767089262605
AV_VF,3.225700826790685
cm3_g,2.6898232608640757
LCD,1.7861558380772622
PLD,1.5541679500629775
LFPD,1.480102636723015
Has_OMS,1.446227097045568
NASA_m2_cm3,0.7708252130756742
NASA_m2_g,0.5827227004411226
NAV_cm3_g,0.09437320308584242
