{
  "R2": 0.9782316891274403,
  "MAE": 0.04042994782443412,
  "RMSE": 0.004100474950298207,
  "MAPE(%)": 3.8245707953920514
}