{
  "R2": 0.9791438334520514,
  "MAE": 0.03300311836716476,
  "RMSE": 0.0026954761072354927,
  "MAPE(%)": 2.9663382136755954
}