Feature,Importance
0.05,62.70482059310512
ASA_m2_g,11.771526288559842
ASA_m2_cm3,6.552204937968762
AV_VF,3.8213779006053357
cm3_g,3.4507603367379667
AV_cm3_g,3.2962400928221127
PLD,2.1030235323073403
LCD,2.079863408403882
LFPD,1.7847145555195176
Has_OMS,1.148349501858641
NASA_m2_cm3,0.6032493741278565
NASA_m2_g,0.5745741172748243
NAV_cm3_g,0.10929536070879048
