{
  "R2": 0.9728361223571762,
  "MAE": 0.11021382250638762,
  "RMSE": 0.026082540879792893,
  "MAPE(%)": 4.482876882522489
}