Feature,Importance
0.05,71.9468515568805
ASA_m2_g,4.887712303431063
ASA_m2_cm3,4.844796977963002
AV_VF,4.496623844495903
cm3_g,2.8709084320496663
AV_cm3_g,2.7269470692033173
LCD,2.0054291664134216
Has_OMS,1.907481061367548
PLD,1.5861711197005515
LFPD,1.4251419839902897
NASA_m2_cm3,0.8580747254550402
NASA_m2_g,0.3319215261930976
NAV_cm3_g,0.11194023285657655
