{
  "R2": 0.9745724298355969,
  "MAE": 0.060405362210786295,
  "RMSE": 0.010662752371379128,
  "MAPE(%)": 4.199498071303475
}