{
  "R2": 0.9374799391182504,
  "MAE": 0.03035809167567609,
  "RMSE": 0.009028604554977032,
  "MAPE(%)": 5.788478890927172
}