Feature,Importance
0.01,63.024995822663676
ASA_m2_g,7.760228074644787
AV_VF,6.781582481810807
ASA_m2_cm3,5.582134674282731
LCD,2.6987935257669182
PLD,2.6726535092227004
AV_cm3_g,2.644198439629373
LFPD,2.3103283999019983
cm3_g,2.2358004066956076
Has_OMS,2.2019550250381434
NASA_m2_cm3,1.415185823183193
NASA_m2_g,0.5363407105274982
NAV_cm3_g,0.13580310663254908
