{
  "R2": 0.954896469345791,
  "MAE": 0.10529018102182054,
  "RMSE": 0.024322587873191984,
  "MAPE(%)": 5.401845985829847
}