{
  "R2": 0.7042726186492885,
  "MAE": 0.5316653472154528,
  "RMSE": 0.559440074536813,
  "MAPE(%)": 22.23505633019815
}