Feature,Importance
0.5,69.59339902789509
ASA_m2_g,7.085832526679077
ASA_m2_cm3,5.132723792569443
AV_VF,4.221314718647078
AV_cm3_g,3.536393257241753
LCD,2.0802006284390147
PLD,1.931489090856698
LFPD,1.9043957070831175
cm3_g,1.846432515174301
Has_OMS,1.2497577502045751
NASA_m2_cm3,0.7278794018406265
NASA_m2_g,0.624961890142328
NAV_cm3_g,0.06521969322689455
