{
  "R2": 0.9585226231421572,
  "MAE": 0.08740472409687938,
  "RMSE": 0.016731299016342613,
  "MAPE(%)": 4.278491918744208
}