Feature,Importance
0.01,53.824913219308634
ASA_m2_g,17.349174314617077
AV_cm3_g,5.3811502479391455
ASA_m2_cm3,5.128189949236564
AV_VF,5.0180259320523515
cm3_g,3.1259710155612734
PLD,2.5860241014124856
LFPD,2.4346795040446056
LCD,2.2559004077152465
Has_OMS,1.4899724949610864
NASA_m2_cm3,0.8238609950092525
NASA_m2_g,0.5110199688209811
NAV_cm3_g,0.07111784932127756
