{
  "R2": 0.9684318823442576,
  "MAE": 0.01673630754766926,
  "RMSE": 0.0018997076192594432,
  "MAPE(%)": 5.231414689284454
}