Feature,Importance
HENRY,62.10554251577367
ASA_m2_g,12.644471371971928
ASA_m2_cm3,5.509198667017616
AV_VF,4.38117435500113
AV_cm3_g,3.6006602216382824
cm3_g,3.5709285941165714
LCD,1.9160054642360727
PLD,1.878205592689171
LFPD,1.872676842423935
Has_OMS,1.2941730007073122
NASA_m2_cm3,0.591610995324285
NASA_m2_g,0.5192000646241789
NAV_cm3_g,0.11615231447581352
