{
  "R2": 0.9733211076491223,
  "MAE": 0.11013426188983633,
  "RMSE": 0.026799313430855214,
  "MAPE(%)": 4.498885109329183
}