{
  "R2": 0.9609401404832179,
  "MAE": 0.09178418706492036,
  "RMSE": 0.018286141703070552,
  "MAPE(%)": 4.545512031639819
}