Feature,Importance
0.05,88.53088700222409
AV_cm3_g,1.6955451099766332
ASA_m2_cm3,1.5254046373630472
cm3_g,1.4542379058476564
LCD,1.29626645952101
AV_VF,1.1404329703283775
ASA_m2_g,0.888465979352304
Has_OMS,0.8830767331071036
PLD,0.8120849395279884
LFPD,0.6427468188655294
NASA_m2_cm3,0.5434850987773401
NASA_m2_g,0.4363114646998135
NAV_cm3_g,0.15105488040910503
