{
  "R2": 0.9949369084073907,
  "MAE": 0.004976346534490571,
  "RMSE": 5.397506311356588e-05,
  "MAPE(%)": 1.9626505098477527
}