temp,lowp,outp,seed,mode,qt_frac,train_ratio,out_root,model,R2,MAE,RMSE,MAPE(%)
293K,0.5,15,2029,lowq,0.8,0.5,./RUN_FULL_EXP,cat,0.9622257227173626,0.1555097619621587,0.048697522874328956,4.955988460187336
