{
  "R2": 0.9622257227173626,
  "MAE": 0.1555097619621587,
  "RMSE": 0.048697522874328956,
  "MAPE(%)": 4.955988460187336
}