Feature,Importance
0.01,85.55680043854093
AV_cm3_g,2.0642531202821885
cm3_g,1.9877709426883294
PLD,1.6723719667104093
AV_VF,1.5551830717903385
ASA_m2_cm3,1.5034578352930807
Has_OMS,1.490897910747823
LFPD,1.424868561698937
LCD,0.999303281308626
ASA_m2_g,0.7020484619852464
NASA_m2_cm3,0.46581903002270364
NASA_m2_g,0.4602602724787682
NAV_cm3_g,0.11696510645263149
