{
  "R2": 0.9921943627814627,
  "MAE": 0.007068696560864094,
  "RMSE": 0.00012180554822281201,
  "MAPE(%)": 2.9033808353961357
}