Feature,Importance
HENRY,65.15148248860423
ASA_m2_cm3,7.191377316571854
ASA_m2_g,6.696514905125679
AV_VF,4.3669586351453225
AV_cm3_g,3.5334157151290073
PLD,2.596815142370099
LCD,2.5037723737576343
LFPD,2.1278091397092895
cm3_g,2.039776751284433
Has_OMS,1.6540064506895917
NASA_m2_g,1.1739165324396321
NASA_m2_cm3,0.8860711697424171
NAV_cm3_g,0.07808337943083296
