{
  "R2": 0.9510821894682887,
  "MAE": 0.09906264899680475,
  "RMSE": 0.022194052332477104,
  "MAPE(%)": 4.923036659589536
}