temp,lowp,outp,seed,mode,qt_frac,train_ratio,out_root,model,R2,MAE,RMSE,MAPE(%)
273K,HENRY,5,2026,lowq,0.75,0.5,./RUN_FULL_EXP,cat,0.9510821894682887,0.09906264899680475,0.022194052332477104,4.923036659589536
