{
  "R2": 0.9583400824264418,
  "MAE": 0.16639750500790182,
  "RMSE": 0.0694348232009165,
  "MAPE(%)": 5.519562050617526
}