Feature,Importance
cm3_g,13.202947688733174
PLD,12.563109115040767
AV_VF,12.421537387312904
Has_OMS,11.453640266328552
ASA_m2_cm3,11.34067462481678
LCD,9.4724156675259
LFPD,9.08730061092582
ASA_m2_g,7.431934653133591
AV_cm3_g,7.246684522547078
NASA_m2_cm3,3.084068966729063
NASA_m2_g,2.5605123041183573
NAV_cm3_g,0.13517419278802337
