{
  "R2": 0.2759062546428098,
  "MAE": 0.13228903477953405,
  "RMSE": 0.054478911680909105,
  "MAPE(%)": 47.69554691567928
}