{
  "R2": 0.9646796871783944,
  "MAE": 0.1257963934275495,
  "RMSE": 0.043982314577654,
  "MAPE(%)": 5.474255041856304
}