Feature,Importance
HENRY,81.24183889545061
AV_cm3_g,2.324073635758187
AV_VF,2.10860209937131
ASA_m2_g,1.963449324856146
LCD,1.9575700482831768
cm3_g,1.9268900990535422
Has_OMS,1.9101818168105331
ASA_m2_cm3,1.812152921171462
LFPD,1.6697553271585255
PLD,1.5251039411166596
NASA_m2_cm3,0.8343651497960036
NASA_m2_g,0.6646207281334646
NAV_cm3_g,0.061396013040356044
