{
  "R2": 0.9867203742100921,
  "MAE": 0.016026905573915125,
  "RMSE": 0.0009088122406627553,
  "MAPE(%)": 2.8952556101740483
}