temp,lowp,outp,seed,mode,qt_frac,train_ratio,out_root,model,R2,MAE,RMSE,MAPE(%)
273K,HENRY,1,2029,lowq,0.3,0.5,./RUN_FULL_EXP,cat,0.9867203742100921,0.016026905573915125,0.0009088122406627553,2.8952556101740483
