{
  "R2": 0.9894667422974629,
  "MAE": 0.0093939751853542,
  "RMSE": 0.0001741723970327528,
  "MAPE(%)": 2.5907770726312696
}