Feature,Importance
HENRY,84.4839356452951
cm3_g,2.116034359420046
Has_OMS,2.015291655985569
LCD,1.9486764582879452
ASA_m2_g,1.6416918760890393
AV_cm3_g,1.5877236492833047
PLD,1.3721625180078671
ASA_m2_cm3,1.2395974333116544
LFPD,1.2047790249601573
AV_VF,1.1849823464288276
NASA_m2_cm3,0.5878037617879764
NASA_m2_g,0.5589631379553224
NAV_cm3_g,0.05835813318719637
