{
  "R2": 0.9931528081719628,
  "MAE": 0.004836793727689209,
  "RMSE": 0.0001155016500921243,
  "MAPE(%)": 1.889108855024274
}