{
  "R2": 0.9823240421491237,
  "MAE": 0.020506671904372352,
  "RMSE": 0.0013147340268440475,
  "MAPE(%)": 3.8807524106928457
}