Feature,Importance
0.05,86.31004127767808
AV_cm3_g,2.1117352616256633
Has_OMS,1.7214838714831486
cm3_g,1.3943040510568079
AV_VF,1.3733806367101846
LFPD,1.3260046114070114
LCD,1.2456367545069205
ASA_m2_cm3,1.1247642181760884
ASA_m2_g,1.0139475467316301
PLD,1.0040685242456004
NASA_m2_cm3,0.7449514583084395
NASA_m2_g,0.5622966391688369
NAV_cm3_g,0.06738514890159765
