{
  "R2": 0.9952435210358422,
  "MAE": 0.005223339828402982,
  "RMSE": 6.795632813299659e-05,
  "MAPE(%)": 2.108082378786311
}