temp,lowp,outp,seed,mode,qt_frac,train_ratio,out_root,model,R2,MAE,RMSE,MAPE(%)
313K,0.05,1,2029,lowq,0.25,0.5,./RUN_FULL_EXP,cat,0.9952435210358422,0.005223339828402982,6.795632813299659e-05,2.108082378786311
