Feature,Importance
0.01,78.85205055113008
Has_OMS,3.0444215134941706
LCD,2.3893040497094686
AV_cm3_g,2.335307900098966
cm3_g,2.2461436623852267
NASA_m2_g,2.0834786795193865
ASA_m2_g,2.0303780837683427
ASA_m2_cm3,1.9558049869508423
PLD,1.4424379698238343
AV_VF,1.2129487273755748
LFPD,1.2048759430772764
NASA_m2_cm3,1.1292898528919129
NAV_cm3_g,0.07355807977491988
