temp,lowp,outp,seed,mode,qt_frac,train_ratio,out_root,model,R2,MAE,RMSE,MAPE(%)
293K,0.01,1,2029,struct_with_input,0.15,0.15,./RUN_FULL_EXP,cat,0.9769256564463894,0.014316308505309306,0.0009881507970053596,4.267909249652024
