{
  "R2": 0.9769256564463894,
  "MAE": 0.014316308505309306,
  "RMSE": 0.0009881507970053596,
  "MAPE(%)": 4.267909249652024
}