{
  "R2": 0.9883586714558847,
  "MAE": 0.01352435786354443,
  "RMSE": 0.0004616475039368822,
  "MAPE(%)": 2.4325649131327185
}