Feature,Importance
0.01,60.24716780805498
ASA_m2_g,11.227434362657164
ASA_m2_cm3,6.389230100858719
AV_cm3_g,5.974293528959995
cm3_g,4.144780445889416
AV_VF,3.5822039494360483
PLD,2.3256200477304687
LCD,2.0722226203600993
LFPD,1.5600405154018382
NASA_m2_g,0.9611360789272425
Has_OMS,0.8189396269990833
NASA_m2_cm3,0.57806005364313
NAV_cm3_g,0.11887086108180774
