{
  "R2": 0.9652144592584975,
  "MAE": 0.12180966378232917,
  "RMSE": 0.04178780902241509,
  "MAPE(%)": 5.170365923831198
}