Feature,Importance
0.5,51.163123107350565
ASA_m2_g,17.829829181088524
ASA_m2_cm3,6.784349005801402
AV_VF,5.113479258200459
AV_cm3_g,4.584858096860062
cm3_g,4.321260902901812
LCD,2.8047627166000333
PLD,2.3627173785053803
LFPD,2.138146963199331
Has_OMS,1.4453782825269057
NASA_m2_g,0.692840157690923
NASA_m2_cm3,0.6607854829946475
NAV_cm3_g,0.09846946627994814
