{
  "R2": 0.9625893287815919,
  "MAE": 0.2227687588477085,
  "RMSE": 0.11372402071508358,
  "MAPE(%)": 6.29681893634406
}