temp,lowp,outp,seed,mode,qt_frac,train_ratio,out_root,model,R2,MAE,RMSE,MAPE(%)
273K,0.5,15,2026,lowq,0.05,0.5,./RUN_FULL_EXP,cat,0.9625893287815919,0.2227687588477085,0.11372402071508358,6.29681893634406
