{
  "R2": 0.9940298762066687,
  "MAE": 0.02977758600846563,
  "RMSE": 0.002109853661998626,
  "MAPE(%)": 2.347362978574316
}