{
  "R2": 0.9843744058326632,
  "MAE": 0.052018996655593897,
  "RMSE": 0.006472034075353962,
  "MAPE(%)": 4.218808747293194
}