{
  "R2": 0.9487507228179289,
  "MAE": 0.20645819620621386,
  "RMSE": 0.09856234734182086,
  "MAPE(%)": 8.024106040906812
}