Feature,Importance
0.01,75.7413049170483
ASA_m2_g,3.3687553419782352
Has_OMS,3.102058827081655
cm3_g,3.014085903226968
ASA_m2_cm3,2.948221191007129
PLD,2.1589850386788423
AV_VF,2.0594206040424456
LCD,2.007796827723485
AV_cm3_g,1.9754857860418111
LFPD,1.7316828972757243
NASA_m2_g,1.052379419480235
NASA_m2_cm3,0.7284925612644636
NAV_cm3_g,0.11133068515072425
