Feature,Importance
0.01,77.06356752968918
PLD,3.115594538012297
Has_OMS,2.642561854202149
ASA_m2_g,2.535928547413731
AV_cm3_g,2.3076449378403057
ASA_m2_cm3,2.291639857264739
cm3_g,2.2886587350943444
AV_VF,2.0291835221341135
LCD,1.8143394484374777
LFPD,1.8043933170183653
NASA_m2_cm3,1.1225075135739673
NASA_m2_g,0.9104792933673971
NAV_cm3_g,0.07350090595193384
