{
  "R2": 0.9781257594346667,
  "MAE": 0.021498500755365718,
  "RMSE": 0.0016896426274375536,
  "MAPE(%)": 4.056754751022066
}