{
  "R2": 0.9761403646124905,
  "MAE": 0.020846504755987136,
  "RMSE": 0.0017977418707118672,
  "MAPE(%)": 3.9300686693540117
}