Feature,Importance
0.01,76.41035155911914
ASA_m2_cm3,3.6149800181379517
AV_VF,3.4639857777176126
cm3_g,3.278511526226143
ASA_m2_g,3.017257287436824
AV_cm3_g,2.473638169286187
LCD,1.8450101877331373
Has_OMS,1.7741052378493605
PLD,1.474187188218331
LFPD,1.454467112949291
NASA_m2_cm3,0.6770637165151993
NASA_m2_g,0.4181883411063107
NAV_cm3_g,0.0982538777045204
