{
  "R2": 0.9787454033129597,
  "MAE": 0.041232984464293014,
  "RMSE": 0.00400557479172027,
  "MAPE(%)": 3.9475537512961894
}