Feature,Importance
0.01,70.36597738665911
ASA_m2_g,7.122192712561743
AV_VF,4.375225079457784
ASA_m2_cm3,4.173450458334976
AV_cm3_g,2.8525162622945817
cm3_g,2.3580555009876876
LCD,2.1656326303222415
PLD,1.8263011476619695
LFPD,1.73897428478708
Has_OMS,1.5411237917744736
NASA_m2_cm3,0.9032641646578
NASA_m2_g,0.48351189569694814
NAV_cm3_g,0.09377468480361742
