{
  "R2": 0.9730632680022971,
  "MAE": 0.06149165074214773,
  "RMSE": 0.008449998117186934,
  "MAPE(%)": 4.1895799949232115
}