{
  "R2": 0.39868883560555823,
  "MAE": 0.19037972311717805,
  "RMSE": 0.11330483714279302,
  "MAPE(%)": 51.429138482722394
}