{
  "R2": 0.39051060194843634,
  "MAE": 0.18480331686660198,
  "RMSE": 0.0873108732465616,
  "MAPE(%)": 52.88492450892487
}