{
  "R2": 0.9525607330341703,
  "MAE": 0.027430009340191935,
  "RMSE": 0.007254824591778468,
  "MAPE(%)": 4.752089888452113
}