Feature,Importance
0.01,84.91373307468687
cm3_g,2.6186837767529854
ASA_m2_g,1.89410838681892
Has_OMS,1.7264647148682888
LCD,1.5800372495890584
AV_cm3_g,1.5183404436914285
AV_VF,1.2583320308672912
LFPD,1.2022233170841676
ASA_m2_cm3,1.1793428520574054
PLD,0.8256743138528662
NASA_m2_cm3,0.7520160448913855
NASA_m2_g,0.4567707008905829
NAV_cm3_g,0.07427309394873204
