{
  "R2": 0.9705468335547538,
  "MAE": 0.011632659648988505,
  "RMSE": 0.0011785081253702639,
  "MAPE(%)": 3.173604449095962
}