Feature,Importance
0.1,76.44809906027726
ASA_m2_g,5.161291951109444
AV_VF,3.594404521461172
ASA_m2_cm3,3.5050470639596245
AV_cm3_g,2.053491073352803
cm3_g,1.8991036612916987
LFPD,1.675479195536913
LCD,1.6115078652712165
Has_OMS,1.3956222455670038
PLD,1.3937288382170332
NASA_m2_g,0.702837975428087
NASA_m2_cm3,0.502773183225727
NAV_cm3_g,0.05661336530199296
