{
  "R2": 0.9818401237324043,
  "MAE": 0.0326991222727268,
  "RMSE": 0.002468855749834413,
  "MAPE(%)": 2.9267939814375796
}