Feature,Importance
0.05,72.22350921060996
AV_VF,5.402234698201544
ASA_m2_cm3,4.541269751129725
ASA_m2_g,3.875280548823495
AV_cm3_g,3.173535637346712
cm3_g,2.080098427029363
LCD,1.9109911190158966
Has_OMS,1.7827367087635286
PLD,1.7743103009480035
LFPD,1.5265515564799572
NASA_m2_cm3,0.8920041937537316
NASA_m2_g,0.7605209280564513
NAV_cm3_g,0.05695691984160769
