{
  "R2": 0.9740419845643191,
  "MAE": 0.0584136892945638,
  "RMSE": 0.00913738773265882,
  "MAPE(%)": 4.038185516445284
}