{
  "R2": 0.9691390228126194,
  "MAE": 0.06251103542814145,
  "RMSE": 0.01442123236383793,
  "MAPE(%)": 4.3348255013224914
}