Feature,Importance
0.01,71.57774835666687
AV_VF,4.72214106926452
ASA_m2_cm3,4.6834141758604035
ASA_m2_g,4.632629763501212
AV_cm3_g,2.948376934042222
cm3_g,2.163110292773863
PLD,2.1210890415906545
LCD,1.9645776289459393
LFPD,1.847095533075582
Has_OMS,1.821446147227732
NASA_m2_cm3,0.9373819125852314
NASA_m2_g,0.5279925717778285
NAV_cm3_g,0.05299657268792202
