{
  "R2": 0.9732794547892382,
  "MAE": 0.06082982561665987,
  "RMSE": 0.008877430570307258,
  "MAPE(%)": 4.197352429755143
}