{
  "R2": 0.9718524141936652,
  "MAE": 0.1111863919127767,
  "RMSE": 0.027296848950223017,
  "MAPE(%)": 4.493132466741025
}