Feature,Importance
0.05,59.24467185796711
ASA_m2_g,11.785762699051375
ASA_m2_cm3,5.912077290982571
AV_VF,5.606584566096902
AV_cm3_g,5.418499047008435
cm3_g,3.1206232966550713
PLD,2.1436160777160955
LCD,2.0011032113936342
LFPD,1.7352597707840356
Has_OMS,1.3352116675058403
NASA_m2_cm3,0.9054416496649842
NASA_m2_g,0.7289967389891076
NAV_cm3_g,0.06215212618486944
