temp,lowp,outp,seed,mode,qt_frac,train_ratio,out_root,model,R2,MAE,RMSE,MAPE(%)
313K,0.05,15,2027,lowq,0.75,0.5,./RUN_FULL_EXP,cat,0.9675366531500951,0.11122402977381438,0.025350841804633675,4.356555492347343
