{
  "R2": 0.9675366531500951,
  "MAE": 0.11122402977381438,
  "RMSE": 0.025350841804633675,
  "MAPE(%)": 4.356555492347343
}