Feature,Importance
0.01,59.45133562093663
ASA_m2_g,10.678898563012964
AV_cm3_g,7.080276434189938
AV_VF,5.985732323568569
ASA_m2_cm3,4.740324064449779
cm3_g,2.81403234186443
PLD,2.0803578666235247
LFPD,1.9639172122231037
Has_OMS,1.7795509107816665
LCD,1.7124401508248592
NASA_m2_cm3,0.9048431108579748
NASA_m2_g,0.7648718813089903
NAV_cm3_g,0.043419519357577055
