{
  "R2": 0.9676616193641423,
  "MAE": 0.12111352880684206,
  "RMSE": 0.028541869668218166,
  "MAPE(%)": 4.8997083194209665
}