{
  "R2": 0.952633827368568,
  "MAE": 0.19167667619351642,
  "RMSE": 0.0870535906354487,
  "MAPE(%)": 6.701784739090716
}