Feature,Importance
0.05,82.7792127310542
ASA_m2_g,2.3574697653889083
ASA_m2_cm3,2.3531159926543754
AV_VF,1.8398212718957458
AV_cm3_g,1.7113772605757318
PLD,1.6285295098706998
cm3_g,1.6139553797093005
LFPD,1.3944720967346615
LCD,1.371801613529917
Has_OMS,1.316208482323545
NASA_m2_cm3,0.828852837672087
NASA_m2_g,0.7226745530992145
NAV_cm3_g,0.08250850549160868
