temp,lowp,outp,seed,mode,qt_frac,train_ratio,out_root,model,R2,MAE,RMSE,MAPE(%)
273K,0.05,1,2027,lowq,0.75,0.5,./RUN_FULL_EXP,cat,0.9871808164812523,0.013714204722407131,0.00047741578935913597,2.499141117333786
