{
  "R2": 0.9871808164812523,
  "MAE": 0.013714204722407131,
  "RMSE": 0.00047741578935913597,
  "MAPE(%)": 2.499141117333786
}