{
  "R2": 0.9873603947771242,
  "MAE": 0.013184691255427903,
  "RMSE": 0.00044186780217267706,
  "MAPE(%)": 2.37554837930767
}