temp,lowp,outp,seed,mode,qt_frac,train_ratio,out_root,model,R2,MAE,RMSE,MAPE(%)
273K,0.1,1,2028,lowq,0.8,0.5,./RUN_FULL_EXP,cat,0.9873603947771242,0.013184691255427903,0.00044186780217267706,2.37554837930767
