{
  "R2": 0.9876329684743492,
  "MAE": 0.015195124934944855,
  "RMSE": 0.0004969453315650366,
  "MAPE(%)": 2.8361751568746563
}