{
  "R2": 0.9864812168208358,
  "MAE": 0.015290937063609919,
  "RMSE": 0.0005215144316326218,
  "MAPE(%)": 2.8679093697063034
}