Feature,Importance
HENRY,71.3910903264964
AV_VF,5.84409804987689
ASA_m2_g,4.576274657269041
ASA_m2_cm3,4.574216907324905
AV_cm3_g,2.2859347811117696
PLD,2.1472697249321344
cm3_g,2.1416119677569276
Has_OMS,1.9112793669669448
LCD,1.7939948246648787
LFPD,1.7884204887628958
NASA_m2_cm3,0.8029170133236465
NASA_m2_g,0.724226134147511
NAV_cm3_g,0.018665757366051
