{
  "R2": 0.9682805075689572,
  "MAE": 0.05590943879277564,
  "RMSE": 0.007626416757358488,
  "MAPE(%)": 3.856411931122663
}