temp,lowp,outp,seed,mode,qt_frac,train_ratio,out_root,model,R2,MAE,RMSE,MAPE(%)
293K,HENRY,5,2028,lowq,0.65,0.5,./RUN_FULL_EXP,cat,0.9682805075689572,0.05590943879277564,0.007626416757358488,3.856411931122663
