{
  "R2": 0.9634371710193022,
  "MAE": 0.16750996148246597,
  "RMSE": 0.060197701367006536,
  "MAPE(%)": 5.439194148040037
}