{
  "R2": 0.9678334428925763,
  "MAE": 0.05628889105468094,
  "RMSE": 0.00796898721338198,
  "MAPE(%)": 3.767259274229585
}