Feature,Importance
0.5,68.81595847385135
ASA_m2_cm3,6.225139711936152
AV_VF,6.021830163562564
ASA_m2_g,4.795333960627231
cm3_g,3.043674672978337
AV_cm3_g,2.7789299752676135
LFPD,1.8767832376205564
PLD,1.8083819220565946
LCD,1.7741116774376797
Has_OMS,1.6222898105906902
NASA_m2_cm3,0.7396438019223678
NASA_m2_g,0.41607236268903847
NAV_cm3_g,0.08185022945980625
