{
  "R2": 0.970524194618622,
  "MAE": 0.09435170611027463,
  "RMSE": 0.023069582019721632,
  "MAPE(%)": 4.869742472671963
}