{
  "R2": 0.49404892780486953,
  "MAE": 0.3413830132651565,
  "RMSE": 0.24819297157550457,
  "MAPE(%)": 32.76378721551731
}