{
  "R2": 0.9937661148741811,
  "MAE": 0.023715356058644485,
  "RMSE": 0.0013315526322931778,
  "MAPE(%)": 1.855528685216757
}