{
  "R2": 0.9523986066269019,
  "MAE": 0.18877387826622666,
  "RMSE": 0.08797324207700914,
  "MAPE(%)": 6.483237724323608
}