temp,lowp,outp,seed,mode,qt_frac,train_ratio,out_root,model,R2,MAE,RMSE,MAPE(%)
313K,0.5,1,2027,lowq,0.1,0.5,./RUN_FULL_EXP,cat,0.9934646143053698,0.004438346309294283,0.00017052044672133076,1.7314248615910126
