{
  "R2": 0.9934646143053698,
  "MAE": 0.004438346309294283,
  "RMSE": 0.00017052044672133076,
  "MAPE(%)": 1.7314248615910126
}