{
  "R2": 0.9850077563050588,
  "MAE": 0.03317626111560773,
  "RMSE": 0.002838618886849016,
  "MAPE(%)": 3.0517047918835494
}