Feature,Importance
0.01,76.56138997725651
Has_OMS,4.369847712709764
cm3_g,3.092250449146712
LCD,2.443623169059503
PLD,2.4078061976363228
LFPD,2.3997062312888136
AV_VF,2.1475339152408766
ASA_m2_cm3,1.9864834262615538
AV_cm3_g,1.8000355488566147
ASA_m2_g,1.1395820980150768
NASA_m2_cm3,0.9749934047879605
NASA_m2_g,0.6327540506053904
NAV_cm3_g,0.043993819134897735
