Feature,Importance
0.01,76.79602265693357
LCD,3.2601471629521637
AV_VF,2.940591552104982
LFPD,2.6578522688248767
cm3_g,2.323912427544342
Has_OMS,2.2194854618845006
PLD,2.1993811626389372
ASA_m2_g,2.1158823473314388
ASA_m2_cm3,1.5367090246755215
AV_cm3_g,1.5268678468596268
NASA_m2_g,1.157079391832558
NASA_m2_cm3,0.9457962480098157
NAV_cm3_g,0.32027244840767205
