{
  "R2": 0.92561938426111,
  "MAE": 0.03848984887518694,
  "RMSE": 0.011124121875189658,
  "MAPE(%)": 8.768839860049834
}