{
  "R2": 0.9468846199781992,
  "MAE": 0.03678065489044555,
  "RMSE": 0.007515675792645797,
  "MAPE(%)": 8.36532747292435
}