{
  "R2": 0.9582339867139898,
  "MAE": 0.18448462792991013,
  "RMSE": 0.08056404404679503,
  "MAPE(%)": 6.76613530119437
}