Feature,Importance
0.1,55.942285082657136
ASA_m2_g,14.39632262748238
ASA_m2_cm3,5.963890002078747
AV_VF,5.56174744556611
AV_cm3_g,4.645852235578653
cm3_g,4.075206660272844
LCD,2.404961359147043
PLD,2.2092870734952745
LFPD,2.1773845192113828
Has_OMS,1.3966599525634085
NASA_m2_g,0.5959395413185045
NASA_m2_cm3,0.5384166685831424
NAV_cm3_g,0.09204683204536092
