{
  "R2": 0.9583345211934229,
  "MAE": 0.1614611030080602,
  "RMSE": 0.07161992287031518,
  "MAPE(%)": 5.3662269889323255
}