temp,lowp,outp,seed,mode,qt_frac,train_ratio,out_root,model,R2,MAE,RMSE,MAPE(%)
293K,0.1,15,2025,lowq,0.2,0.5,./RUN_FULL_EXP,cat,0.9583345211934229,0.1614611030080602,0.07161992287031518,5.3662269889323255
