temp,lowp,outp,seed,mode,qt_frac,train_ratio,out_root,model,R2,MAE,RMSE,MAPE(%)
273K,0.5,15,2029,lowq,0.2,0.5,./RUN_FULL_EXP,cat,0.9652667229549117,0.21622076208005225,0.09774476453933399,5.982895928921745
