{
  "R2": 0.9652667229549117,
  "MAE": 0.21622076208005225,
  "RMSE": 0.09774476453933399,
  "MAPE(%)": 5.982895928921745
}