{
  "R2": 0.9778100277243673,
  "MAE": 0.03923024991988719,
  "RMSE": 0.005923690122606276,
  "MAPE(%)": 3.6534461504333824
}