temp,lowp,outp,seed,mode,qt_frac,train_ratio,out_root,model,R2,MAE,RMSE,MAPE(%)
313K,0.05,5,2029,lowq,0.05,0.5,./RUN_FULL_EXP,cat,0.9778100277243673,0.03923024991988719,0.005923690122606276,3.6534461504333824
