Feature,Importance
0.01,76.24899609710309
ASA_m2_g,4.599911905679637
AV_VF,3.5530508250195427
ASA_m2_cm3,3.5021588066175373
AV_cm3_g,3.103902298083733
LFPD,1.7515786503572524
cm3_g,1.7456106761889283
PLD,1.6747535389360275
Has_OMS,1.4240141800814612
LCD,1.1381260492236633
NASA_m2_cm3,0.618947856088892
NASA_m2_g,0.565762129094347
NAV_cm3_g,0.07318698752589252
