{
  "R2": 0.9750373154826796,
  "MAE": 0.03873671060693325,
  "RMSE": 0.0028655450286438956,
  "MAPE(%)": 3.4590450480739783
}