Feature,Importance
0.05,87.80032515520128
AV_cm3_g,1.5958309334215441
Has_OMS,1.4664677417019454
cm3_g,1.441918049190459
LCD,1.394325032157367
ASA_m2_g,1.1787943644970784
ASA_m2_cm3,1.1352690157430292
AV_VF,1.0353763088297585
LFPD,0.9375035002911729
PLD,0.7781999882994867
NASA_m2_cm3,0.7245418979346555
NASA_m2_g,0.4361884857892221
NAV_cm3_g,0.07525952694300043
