{
  "R2": 0.9944501427296039,
  "MAE": 0.0050266453223465814,
  "RMSE": 5.4053563368788956e-05,
  "MAPE(%)": 1.9755505324871785
}