Feature,Importance
0.05,55.26859314307721
ASA_m2_g,11.597470299550672
AV_VF,7.424653144006273
AV_cm3_g,6.251039768489827
ASA_m2_cm3,5.712989641378821
cm3_g,2.8857004173384135
PLD,2.5811021539454804
LFPD,2.411550649432441
LCD,2.3237998766564147
Has_OMS,1.9394435162359327
NASA_m2_cm3,0.8171540487223166
NASA_m2_g,0.6494002558502253
NAV_cm3_g,0.1371030853159985
