temp,lowp,outp,seed,mode,qt_frac,train_ratio,out_root,model,R2,MAE,RMSE,MAPE(%)
293K,0.05,15,2027,lowq,0.4,0.5,./RUN_FULL_EXP,cat,0.9628842747259311,0.1665234871509749,0.05924509148396329,5.553998635016368
