{
  "R2": 0.9628842747259311,
  "MAE": 0.1665234871509749,
  "RMSE": 0.05924509148396329,
  "MAPE(%)": 5.553998635016368
}