{
  "R2": 0.9696151797505106,
  "MAE": 0.06726315794567794,
  "RMSE": 0.011913771022646425,
  "MAPE(%)": 4.830434091664981
}