{
  "R2": 0.9872935243906324,
  "MAE": 0.046895274560442776,
  "RMSE": 0.005037712635492424,
  "MAPE(%)": 4.241957827244234
}