{
  "R2": 0.7779387125446923,
  "MAE": 0.5881249619749959,
  "RMSE": 0.676378612339526,
  "MAPE(%)": 19.578123197863263
}