Feature,Importance
HENRY,70.41752892771909
ASA_m2_g,5.630109806996756
ASA_m2_cm3,5.328066984564053
AV_VF,3.9455035165591084
AV_cm3_g,3.583943183101709
PLD,2.242224739913645
LCD,2.016953744836593
cm3_g,1.8255947070061926
LFPD,1.7825375534903523
Has_OMS,1.6089560684336381
NASA_m2_cm3,0.8361033613609129
NASA_m2_g,0.6799619801812388
NAV_cm3_g,0.10251542583668402
