{
  "R2": 0.9690977190164197,
  "MAE": 0.06271280632490457,
  "RMSE": 0.01380664209219652,
  "MAPE(%)": 4.30168654359988
}