temp,lowp,outp,seed,mode,qt_frac,train_ratio,out_root,model,R2,MAE,RMSE,MAPE(%)
273K,HENRY,5,2027,lowq,0.15,0.5,./RUN_FULL_EXP,cat,0.9647584243710299,0.10033933919337201,0.027221745462633836,5.200789435636866
