{
  "R2": 0.9647584243710299,
  "MAE": 0.10033933919337201,
  "RMSE": 0.027221745462633836,
  "MAPE(%)": 5.200789435636866
}