{
  "R2": 0.9734229013596406,
  "MAE": 0.0621792428611807,
  "RMSE": 0.012961351411546813,
  "MAPE(%)": 4.521253458924705
}