temp,lowp,outp,seed,mode,qt_frac,train_ratio,out_root,model,R2,MAE,RMSE,MAPE(%)
313K,HENRY,1,2029,lowq,0.2,0.5,./RUN_FULL_EXP,cat,0.9944693448108046,0.004536895208708279,8.891046078656151e-05,1.7465662281866245
