{
  "R2": 0.9944693448108046,
  "MAE": 0.004536895208708279,
  "RMSE": 8.891046078656151e-05,
  "MAPE(%)": 1.7465662281866245
}