Feature,Importance
0.1,84.40387908071318
AV_VF,2.360237256115826
cm3_g,2.1675302912953396
AV_cm3_g,1.882968648654028
ASA_m2_cm3,1.6949875226710138
Has_OMS,1.500205969289883
ASA_m2_g,1.4849983842684331
LFPD,1.2233191856866983
PLD,1.2007010173552153
LCD,1.0359713145892306
NASA_m2_cm3,0.515305836522077
NASA_m2_g,0.5135741912358386
NAV_cm3_g,0.01632130160324254
