{
  "R2": 0.9865237762711203,
  "MAE": 0.016605914337923206,
  "RMSE": 0.0012270292038036748,
  "MAPE(%)": 2.8839505199422577
}