Feature,Importance
HENRY,55.48771107032525
ASA_m2_g,14.038530096949716
ASA_m2_cm3,7.014435674510465
AV_cm3_g,4.998656927716332
AV_VF,4.332121062306708
cm3_g,3.727820643177373
PLD,2.6111049975291505
LCD,2.535413972458662
LFPD,1.9394386761613454
Has_OMS,1.4808664626936803
NASA_m2_g,1.0454478685134019
NASA_m2_cm3,0.664347716046089
NAV_cm3_g,0.12410483161182449
