{
  "R2": 0.9559670334548107,
  "MAE": 0.23904748957848682,
  "RMSE": 0.1150906172872622,
  "MAPE(%)": 6.282145235165226
}