{
  "R2": 0.9478002123465201,
  "MAE": 0.24394329565016298,
  "RMSE": 0.13436540500695543,
  "MAPE(%)": 6.374894148517718
}