Feature,Importance
0.05,66.09912186716458
ASA_m2_cm3,7.407668775570441
ASA_m2_g,5.941674425290859
AV_VF,4.153623663507619
AV_cm3_g,3.421609440381473
PLD,2.5501164558523635
LCD,2.4242281537679444
cm3_g,2.3963846271115563
Has_OMS,2.1446308853306766
LFPD,1.9288930391771515
NASA_m2_cm3,0.7557666890106093
NASA_m2_g,0.6760792762402945
NAV_cm3_g,0.10020270159444251
