{
  "R2": 0.9544715795737165,
  "MAE": 0.09846453469747388,
  "RMSE": 0.021044138243185805,
  "MAPE(%)": 4.904993811620302
}