{
  "R2": 0.9641588367272128,
  "MAE": 0.09911298326885334,
  "RMSE": 0.025161733016924172,
  "MAPE(%)": 5.032286698553347
}