temp,lowp,outp,seed,mode,qt_frac,train_ratio,out_root,model,R2,MAE,RMSE,MAPE(%)
273K,0.1,5,2027,lowq,0.25,0.5,./RUN_FULL_EXP,cat,0.9641588367272128,0.09911298326885334,0.025161733016924172,5.032286698553347
