{
  "R2": 0.9616969629939774,
  "MAE": 0.10883501828700165,
  "RMSE": 0.028735209164927777,
  "MAPE(%)": 5.603684428740836
}