temp,lowp,outp,seed,mode,qt_frac,train_ratio,out_root,model,R2,MAE,RMSE,MAPE(%)
273K,0.01,5,2028,lowq,0.15,0.5,./RUN_FULL_EXP,cat,0.9616969629939774,0.10883501828700165,0.028735209164927777,5.603684428740836
