{
  "R2": 0.9757947861424425,
  "MAE": 0.03792729439683999,
  "RMSE": 0.002868368349846084,
  "MAPE(%)": 3.381073875027052
}