{
  "R2": 0.980249565572526,
  "MAE": 0.055045706340372515,
  "RMSE": 0.009632064229782383,
  "MAPE(%)": 4.069660565270731
}