{
  "R2": 0.9687197095472166,
  "MAE": 0.11564352286480407,
  "RMSE": 0.02843825236296641,
  "MAPE(%)": 4.668855853548104
}