temp,lowp,outp,seed,mode,qt_frac,train_ratio,out_root,model,R2,MAE,RMSE,MAPE(%)
313K,0.05,15,2027,lowq,0.5,0.5,./RUN_FULL_EXP,cat,0.9687197095472166,0.11564352286480407,0.02843825236296641,4.668855853548104
