Feature,Importance
HENRY,85.25137150915992
AV_cm3_g,2.496026258494822
cm3_g,1.845633379651219
LCD,1.8308826968486394
Has_OMS,1.5657334365054554
AV_VF,1.3898459512122285
ASA_m2_cm3,1.1874778996264923
PLD,1.175630226885484
LFPD,0.9080728528309873
ASA_m2_g,0.8456154782568476
NASA_m2_g,0.7719818601887315
NASA_m2_cm3,0.6803662394253736
NAV_cm3_g,0.05136221091381326
