temp,lowp,outp,seed,mode,qt_frac,train_ratio,out_root,model,R2,MAE,RMSE,MAPE(%)
313K,HENRY,1,2028,lowq,0.2,0.5,./RUN_FULL_EXP,cat,0.9961720390753187,0.0043500193277338775,6.435803971361694e-05,1.7170030207573133
