{
  "R2": 0.9961720390753187,
  "MAE": 0.0043500193277338775,
  "RMSE": 6.435803971361694e-05,
  "MAPE(%)": 1.7170030207573133
}