temp,lowp,outp,seed,mode,qt_frac,train_ratio,out_root,model,R2,MAE,RMSE,MAPE(%)
273K,0.5,1,2028,lowq,0.45,0.5,./RUN_FULL_EXP,cat,0.995595410855334,0.010364451016870205,0.00024837064018400437,1.9112261008046076
