{
  "R2": 0.995595410855334,
  "MAE": 0.010364451016870205,
  "RMSE": 0.00024837064018400437,
  "MAPE(%)": 1.9112261008046076
}