Feature,Importance
0.01,83.03622941464067
ASA_m2_cm3,3.238755720493993
ASA_m2_g,2.1933247810103254
cm3_g,1.8864334325892103
AV_VF,1.8045617284834228
AV_cm3_g,1.511530308653514
LCD,1.385977675456974
PLD,1.2915711814238173
Has_OMS,1.177109579946764
NASA_m2_cm3,1.1622862788560289
LFPD,0.9358411022549931
NASA_m2_g,0.2713932126357275
NAV_cm3_g,0.10498558355456787
