{
  "R2": 0.9521505722488274,
  "MAE": 0.02537914484402078,
  "RMSE": 0.008350376033844212,
  "MAPE(%)": 3.9984894425160102
}