{
  "R2": 0.9703660404999407,
  "MAE": 0.06337334491204712,
  "RMSE": 0.013599385889684637,
  "MAPE(%)": 4.159946526493017
}