temp,lowp,outp,seed,mode,qt_frac,train_ratio,out_root,model,R2,MAE,RMSE,MAPE(%)
273K,0.01,5,2029,lowq,0.1,0.5,./RUN_FULL_EXP,cat,0.9628646243189339,0.1073461420667181,0.03080840396111368,5.729542862221234
