{
  "R2": 0.9628646243189339,
  "MAE": 0.1073461420667181,
  "RMSE": 0.03080840396111368,
  "MAPE(%)": 5.729542862221234
}