Feature,Importance
0.5,59.50580820322579
ASA_m2_g,11.202208990107694
ASA_m2_cm3,6.87053651724867
AV_cm3_g,4.94426543614588
cm3_g,4.4041009613463284
AV_VF,4.142535763860289
LCD,2.384608975517566
LFPD,2.027970025546595
PLD,1.8825673612108698
Has_OMS,1.3571750175890511
NASA_m2_cm3,0.7750622499978178
NASA_m2_g,0.42788336471511745
NAV_cm3_g,0.07527713348834203
