{
  "R2": 0.9576210570955928,
  "MAE": 0.15890463429888013,
  "RMSE": 0.06412674007241588,
  "MAPE(%)": 5.098515825521913
}