temp,lowp,outp,seed,mode,qt_frac,train_ratio,out_root,model,R2,MAE,RMSE,MAPE(%)
293K,0.5,15,2029,lowq,0.45,0.5,./RUN_FULL_EXP,cat,0.9576210570955928,0.15890463429888013,0.06412674007241588,5.098515825521913
