Feature,Importance
HENRY,59.72092744602608
ASA_m2_g,10.575159940684502
AV_cm3_g,6.840535431531851
ASA_m2_cm3,5.495575512821858
AV_VF,5.2343779498239575
cm3_g,2.6638837068565726
LFPD,2.190566077293579
PLD,2.021915679089874
LCD,2.016636418114733
Has_OMS,1.5515553408442575
NASA_m2_cm3,0.9136823505972803
NASA_m2_g,0.674134566705626
NAV_cm3_g,0.10104957960983979
