{
  "R2": 0.9644771228300147,
  "MAE": 0.11014011680624221,
  "RMSE": 0.03621134566361652,
  "MAPE(%)": 4.548365656853003
}