{
  "R2": 0.9563970327921075,
  "MAE": 0.23688237413481927,
  "RMSE": 0.1147391206937552,
  "MAPE(%)": 6.203939516269644
}