{
  "R2": 0.9781180320985473,
  "MAE": 0.03881196559365947,
  "RMSE": 0.006350112095505259,
  "MAPE(%)": 3.83827806650813
}