Feature,Importance
0.05,56.25269042439879
ASA_m2_g,12.755782634529028
ASA_m2_cm3,6.747177524958556
AV_cm3_g,6.06694915781058
AV_VF,5.55833886045487
cm3_g,3.409541041543171
PLD,2.5941869351352302
LCD,2.4319444399245205
LFPD,1.810269975794316
Has_OMS,1.0173191328555726
NASA_m2_g,0.6325412552276746
NASA_m2_cm3,0.6013917097454438
NAV_cm3_g,0.1218669076222673
