{
  "R2": 0.958897694156815,
  "MAE": 0.16152155610648544,
  "RMSE": 0.07060659667113497,
  "MAPE(%)": 5.609152639347526
}