Feature,Importance
0.1,60.016284789250044
ASA_m2_g,13.918345211902347
AV_VF,5.369920484116607
AV_cm3_g,4.882035909810813
cm3_g,3.944176141036917
ASA_m2_cm3,3.916343790455621
PLD,2.1212464011901973
LFPD,1.979933689046424
LCD,1.90515101966497
Has_OMS,0.8879426260235641
NASA_m2_cm3,0.6239789017401726
NASA_m2_g,0.334597113737462
NAV_cm3_g,0.10004392202487
