Feature,Importance
0.01,75.56546946266864
ASA_m2_g,4.405456470250288
ASA_m2_cm3,3.546310455428484
AV_VF,3.138668018762651
cm3_g,2.7198853046180584
AV_cm3_g,2.5803774706241747
LCD,1.9972390651745944
Has_OMS,1.8254646930814709
PLD,1.6024750646678076
LFPD,1.2553495588620123
NASA_m2_g,0.6972575014158203
NASA_m2_cm3,0.5716035245959913
NAV_cm3_g,0.09444340984998893
