{
  "R2": 0.9744619829706268,
  "MAE": 0.04041460909354798,
  "RMSE": 0.0039172693678117525,
  "MAPE(%)": 3.7432715479129683
}