temp,lowp,outp,seed,mode,qt_frac,train_ratio,out_root,model,R2,MAE,RMSE,MAPE(%)
313K,0.01,5,2025,lowq,0.5,0.5,./RUN_FULL_EXP,cat,0.9744619829706268,0.04041460909354798,0.0039172693678117525,3.7432715479129683
