Feature,Importance
HENRY,51.96696489916082
ASA_m2_g,15.360304358732964
ASA_m2_cm3,7.246658941180627
AV_VF,5.499600726832727
AV_cm3_g,5.168637237704517
cm3_g,3.973687340714172
PLD,2.946699119563613
LCD,2.6605256015835894
LFPD,2.2146845342787125
Has_OMS,1.2538360971175955
NASA_m2_g,0.8687885438511364
NASA_m2_cm3,0.7263781452241891
NAV_cm3_g,0.11323445405534714
