temp,lowp,outp,seed,mode,qt_frac,train_ratio,out_root,model,R2,MAE,RMSE,MAPE(%)
273K,HENRY,15,2026,lowq,0.7,0.5,./RUN_FULL_EXP,cat,0.9487455914750828,0.23889219668811626,0.12793845376381133,6.006210358449623
