{
  "R2": 0.9487455914750828,
  "MAE": 0.23889219668811626,
  "RMSE": 0.12793845376381133,
  "MAPE(%)": 6.006210358449623
}