{
  "R2": 0.9698501364980242,
  "MAE": 0.15494612384134115,
  "RMSE": 0.0545063804927303,
  "MAPE(%)": 5.314483356492965
}