{
  "R2": 0.992142232586083,
  "MAE": 0.03441952726767388,
  "RMSE": 0.0029803812849567,
  "MAPE(%)": 2.7458353778011166
}