{
  "R2": 0.9855592685375874,
  "MAE": 0.032583611622325835,
  "RMSE": 0.00318391119934882,
  "MAPE(%)": 3.053571088226927
}