{
  "R2": 0.9672438329650555,
  "MAE": 0.06231984002130793,
  "RMSE": 0.00845835494973409,
  "MAPE(%)": 4.225500058313096
}