{
  "R2": 0.9645836566990975,
  "MAE": 0.16864345248705817,
  "RMSE": 0.05446297818160049,
  "MAPE(%)": 5.495227815331793
}