{
  "R2": 0.9652034384520927,
  "MAE": 0.1175268258030856,
  "RMSE": 0.026875735336388255,
  "MAPE(%)": 4.612387946383197
}