{
  "R2": 0.980937933617225,
  "MAE": 0.05230033030449324,
  "RMSE": 0.006649149844639582,
  "MAPE(%)": 3.5699354519306876
}