{
  "R2": 0.9657408664542353,
  "MAE": 0.06660848615672073,
  "RMSE": 0.015125750878811059,
  "MAPE(%)": 4.36030505076064
}