Feature,Importance
0.5,91.24785152876561
cm3_g,1.7599289092631754
ASA_m2_g,1.2393964775789603
AV_VF,1.027064637086751
Has_OMS,0.7333151163364997
ASA_m2_cm3,0.6872946035799437
LFPD,0.6774923966559921
AV_cm3_g,0.6560214675978555
PLD,0.563049696001447
NASA_m2_cm3,0.5113802609621123
LCD,0.4822350828411742
NASA_m2_g,0.38818026954934975
NAV_cm3_g,0.026789553781130387
