temp,lowp,outp,seed,mode,qt_frac,train_ratio,out_root,model,R2,MAE,RMSE,MAPE(%)
273K,0.5,1,2027,lowq,0.05,0.5,./RUN_FULL_EXP,cat,0.9917665565100326,0.012876047943628035,0.0011648927625823133,2.354289054128432
