{
  "R2": 0.9917665565100326,
  "MAE": 0.012876047943628035,
  "RMSE": 0.0011648927625823133,
  "MAPE(%)": 2.354289054128432
}