Feature,Importance
0.1,85.5775827142744
ASA_m2_cm3,2.081042271614635
ASA_m2_g,1.7515985941549308
cm3_g,1.7036233329016963
Has_OMS,1.545614677626809
AV_VF,1.528671935473925
PLD,1.3122487784329218
AV_cm3_g,1.2745045635633312
LFPD,1.1437926489363435
LCD,0.9502075520722104
NASA_m2_cm3,0.6728024181932586
NASA_m2_g,0.40700771616380493
NAV_cm3_g,0.051302796591708374
