{
  "R2": 0.9890055126241782,
  "MAE": 0.014974007427973727,
  "RMSE": 0.0007786799315047167,
  "MAPE(%)": 2.686314709309972
}