{
  "R2": 0.9953414568994099,
  "MAE": 0.022084327505467807,
  "RMSE": 0.0009077568205747849,
  "MAPE(%)": 1.6720774105500484
}