{
  "R2": 0.9683683437710722,
  "MAE": 0.007284096815010044,
  "RMSE": 0.0011660692023764837,
  "MAPE(%)": 2.481909578205427
}