{
  "R2": 0.9958552362770663,
  "MAE": 0.02425660671729123,
  "RMSE": 0.0012694586007253833,
  "MAPE(%)": 2.023648268881879
}