Feature,Importance
HENRY,72.02146023990424
ASA_m2_cm3,5.079245194410304
AV_VF,4.549934892579302
ASA_m2_g,4.299657696329666
AV_cm3_g,3.050026859371891
PLD,2.367847517315583
LCD,1.8733490709635345
cm3_g,1.8472617784919467
Has_OMS,1.8273468116253961
LFPD,1.5543186250275751
NASA_m2_g,0.749485818033192
NASA_m2_cm3,0.7441556018058931
NAV_cm3_g,0.035909894141469285
