{
  "R2": 0.9722813442099474,
  "MAE": 0.05589066113712538,
  "RMSE": 0.007600842354169308,
  "MAPE(%)": 3.8590565735533584
}