{
  "R2": 0.9739209614059693,
  "MAE": 0.06219230951246546,
  "RMSE": 0.012478880485773159,
  "MAPE(%)": 4.361500006099828
}