Feature,Importance
HENRY,48.97866835623704
ASA_m2_g,16.526019818905247
AV_VF,6.1895671401868775
AV_cm3_g,6.1731467003754155
ASA_m2_cm3,6.048648009625451
cm3_g,4.436793316467421
PLD,3.271390200376938
LCD,2.899736790487705
LFPD,2.672290063654091
Has_OMS,1.3483188316677241
NASA_m2_cm3,0.7363930636465403
NASA_m2_g,0.569670761716339
NAV_cm3_g,0.1493569466532177
