{
  "R2": 0.9532062641831585,
  "MAE": 0.23694510920266118,
  "RMSE": 0.12822008403576726,
  "MAPE(%)": 6.2722921095690625
}