Feature,Importance
0.01,81.31114970155869
ASA_m2_g,3.006176729432809
AV_VF,2.7165351950002794
ASA_m2_cm3,2.188618497930564
PLD,1.9106594189512793
cm3_g,1.8125792856506149
Has_OMS,1.6750590308658722
LCD,1.6081133914969779
AV_cm3_g,1.4050674285145928
LFPD,1.1054408523622523
NASA_m2_g,0.6857542096981947
NASA_m2_cm3,0.5461829743672504
NAV_cm3_g,0.028663284170622697
