{
  "R2": 0.9759570483233495,
  "MAE": 0.023157196508715946,
  "RMSE": 0.003911732760253405,
  "MAPE(%)": 3.9470459119615158
}