{
  "R2": 0.9648528505568841,
  "MAE": 0.023071118542640368,
  "RMSE": 0.005262477801838132,
  "MAPE(%)": 3.894783103606289
}