{
  "R2": 0.9837814453659629,
  "MAE": 0.02053047543922415,
  "RMSE": 0.0014831024772858192,
  "MAPE(%)": 3.7716891671437756
}