Feature,Importance
0.01,53.18336606387436
ASA_m2_g,13.485230654786717
ASA_m2_cm3,7.51073406837505
AV_cm3_g,6.7721975337484785
AV_VF,5.388164876798319
cm3_g,2.9656704746817932
PLD,2.819635551138369
LCD,2.5544157734586452
LFPD,2.161009777797324
Has_OMS,1.3765463815478307
NASA_m2_cm3,0.8464048138875452
NASA_m2_g,0.7826498837644327
NAV_cm3_g,0.15397414614114233
