{
  "R2": 0.9652846748373097,
  "MAE": 0.17025399240603625,
  "RMSE": 0.06130807680573437,
  "MAPE(%)": 5.717948446918836
}