{
  "R2": 0.9669390976797192,
  "MAE": 0.167613958403663,
  "RMSE": 0.06294750264311008,
  "MAPE(%)": 6.043790239397874
}