Feature,Importance
0.01,85.55817861209734
AV_cm3_g,1.903468986722201
cm3_g,1.7625459387921292
LCD,1.6906825622923762
AV_VF,1.6458248358702376
ASA_m2_g,1.5172621100066863
Has_OMS,1.3570733169998195
PLD,1.2652595494540018
LFPD,1.0246930750766217
ASA_m2_cm3,0.9819851415927876
NASA_m2_g,0.7154070327746336
NASA_m2_cm3,0.526646311516626
NAV_cm3_g,0.0509725268045385
