{
  "R2": 0.9878795694265886,
  "MAE": 0.00943562802925202,
  "RMSE": 0.00017131849894506528,
  "MAPE(%)": 2.547368773944254
}