Feature,Importance
0.01,72.40230571897135
AV_VF,4.951515618861173
ASA_m2_cm3,4.683460850058509
ASA_m2_g,4.660432155323336
AV_cm3_g,3.223970356510176
LCD,1.8739780618117392
PLD,1.8546449744786304
LFPD,1.6418994031129936
cm3_g,1.5334374155570947
Has_OMS,1.52422411529829
NASA_m2_g,0.8004767381992853
NASA_m2_cm3,0.7944912366912079
NAV_cm3_g,0.05516335512619939
