{
  "R2": 0.9716885922714535,
  "MAE": 0.06629794399108238,
  "RMSE": 0.011733440296932685,
  "MAPE(%)": 4.5778779099262525
}