temp,lowp,outp,seed,mode,qt_frac,train_ratio,out_root,model,R2,MAE,RMSE,MAPE(%)
293K,0.01,5,2028,lowq,0.15,0.5,./RUN_FULL_EXP,cat,0.9716885922714535,0.06629794399108238,0.011733440296932685,4.5778779099262525
