{
  "R2": 0.949951721958635,
  "MAE": 0.24868777364754233,
  "RMSE": 0.12153385451483519,
  "MAPE(%)": 6.2930170914968695
}