Feature,Importance
0.01,78.1688101179418
ASA_m2_cm3,3.463424939457639
Has_OMS,3.024069043807041
cm3_g,2.6118349794595206
AV_VF,2.320460490303234
PLD,2.286017520750285
LCD,1.8878955662849513
ASA_m2_g,1.668686716328549
LFPD,1.4831224091395503
AV_cm3_g,1.4559300937813113
NASA_m2_g,0.7833390489842428
NASA_m2_cm3,0.7354408705054876
NAV_cm3_g,0.11096820325637727
