Feature,Importance
0.01,78.88186406151326
AV_VF,2.7877105865737026
cm3_g,2.6057802979551896
Has_OMS,2.6011194362070325
AV_cm3_g,2.394604313761799
PLD,1.9723108157680316
ASA_m2_cm3,1.7732204687865492
LCD,1.7717904919478464
LFPD,1.7145390582450903
ASA_m2_g,1.5816747173938468
NASA_m2_cm3,1.170856410152976
NASA_m2_g,0.6471680369087758
NAV_cm3_g,0.097361304785896
