temp,lowp,outp,seed,mode,qt_frac,train_ratio,out_root,model,R2,MAE,RMSE,MAPE(%)
273K,0.01,1,2025,struct_with_input,0.12,0.25,./RUN_FULL_EXP,cat,0.9691602808955394,0.022981842480515942,0.0031742225374884986,4.21129647153402
