{
  "R2": 0.9691602808955394,
  "MAE": 0.022981842480515942,
  "RMSE": 0.0031742225374884986,
  "MAPE(%)": 4.21129647153402
}