Feature,Importance
0.1,89.9993808608908
ASA_m2_g,1.610896330114026
cm3_g,1.4852117228161585
PLD,1.2461481838038833
Has_OMS,1.1955615827795358
LFPD,0.9222503631482062
AV_VF,0.8918673133416996
LCD,0.8833315221722144
AV_cm3_g,0.6238840749577015
ASA_m2_cm3,0.5712342058809348
NASA_m2_cm3,0.2992015635868824
NASA_m2_g,0.1941866337173937
NAV_cm3_g,0.07684564279056753
