{
  "R2": 0.9955560435597092,
  "MAE": 0.004450798073437517,
  "RMSE": 3.953337603804316e-05,
  "MAPE(%)": 1.7169289255441977
}