{
  "R2": 0.35175390508869586,
  "MAE": 0.19329118635314413,
  "RMSE": 0.09716592003321436,
  "MAPE(%)": 53.160861412746065
}