{
  "R2": 0.39299123434822625,
  "MAE": 0.19073486523044125,
  "RMSE": 0.0944093886685159,
  "MAPE(%)": 55.25388068385018
}