Feature,Importance
0.5,62.416275207394236
ASA_m2_g,13.497461456761624
ASA_m2_cm3,4.850789438117067
AV_VF,4.500088809342994
AV_cm3_g,4.343967341465238
cm3_g,2.6875214744774634
LCD,1.9456474837466025
LFPD,1.8433863043058158
PLD,1.7782691954241459
Has_OMS,0.9325564159179695
NASA_m2_cm3,0.7089360931915346
NASA_m2_g,0.4095829167172296
NAV_cm3_g,0.08551786313807773
