{
  "R2": 0.9709327179364284,
  "MAE": 0.10515680434520917,
  "RMSE": 0.0215708048837143,
  "MAPE(%)": 4.142982684146037
}