temp,lowp,outp,seed,mode,qt_frac,train_ratio,out_root,model,R2,MAE,RMSE,MAPE(%)
313K,0.5,15,2029,lowq,0.8,0.5,./RUN_FULL_EXP,cat,0.9709327179364284,0.10515680434520917,0.0215708048837143,4.142982684146037
