{
  "R2": 0.9628845854334601,
  "MAE": 0.1731045077154957,
  "RMSE": 0.06427308032122656,
  "MAPE(%)": 5.813382288425633
}