Feature,Importance
0.5,71.47626060898024
ASA_m2_cm3,6.284525634120864
ASA_m2_g,5.886281380716694
AV_VF,3.387940729186255
AV_cm3_g,2.638577860636252
cm3_g,2.386950552266857
LCD,1.9854664881259299
PLD,1.8914130093710546
LFPD,1.6301120155485667
Has_OMS,1.184571270823996
NASA_m2_g,0.5905216092066503
NASA_m2_cm3,0.5696611720031921
NAV_cm3_g,0.08771766901343404
