{
  "R2": 0.9708457889080566,
  "MAE": 0.0906333270123193,
  "RMSE": 0.023676393261264212,
  "MAPE(%)": 4.769981817065828
}