temp,lowp,outp,seed,mode,qt_frac,train_ratio,out_root,model,R2,MAE,RMSE,MAPE(%)
273K,0.5,5,2026,lowq,0.1,0.5,./RUN_FULL_EXP,cat,0.9708457889080566,0.0906333270123193,0.023676393261264212,4.769981817065828
