{
  "R2": 0.9632928765315744,
  "MAE": 0.1723917824426148,
  "RMSE": 0.06419843059920376,
  "MAPE(%)": 5.902691877003244
}