{
  "R2": 0.9532820694296369,
  "MAE": 0.08508546542972162,
  "RMSE": 0.020894881098521507,
  "MAPE(%)": 6.267455454242792
}