{
  "R2": 0.9379083954402216,
  "MAE": 0.028570060375223066,
  "RMSE": 0.009113330055661183,
  "MAPE(%)": 5.6630298270385495
}