{
  "R2": 0.9469322851613168,
  "MAE": 0.24067816988169746,
  "RMSE": 0.1315981107434318,
  "MAPE(%)": 6.077440718959511
}