{
  "R2": 0.962488172519035,
  "MAE": 0.10103720152380385,
  "RMSE": 0.027331752007038152,
  "MAPE(%)": 5.240701123372152
}