Feature,Importance
0.1,65.92541589419501
ASA_m2_cm3,6.871960727184776
ASA_m2_g,6.286884142775409
AV_VF,4.373092303937861
AV_cm3_g,3.687858537427093
cm3_g,2.59437008768161
PLD,2.5636799565708848
LCD,2.4227527049173276
LFPD,2.157812708032308
Has_OMS,1.8091116387777562
NASA_m2_g,0.6220615874948379
NASA_m2_cm3,0.5996780667373636
NAV_cm3_g,0.08532164426775611
