{
  "R2": 0.9488644579044364,
  "MAE": 0.0989900038412435,
  "RMSE": 0.022404650044651916,
  "MAPE(%)": 4.902728906035258
}