Feature,Importance
0.5,76.89435829460737
AV_VF,4.396198582042394
ASA_m2_g,4.3869192846183305
ASA_m2_cm3,3.3251117677487643
AV_cm3_g,2.9131250093740655
PLD,1.4341770670762406
LFPD,1.4313505707310914
Has_OMS,1.401875327133267
cm3_g,1.398287738429229
LCD,1.3785069561804026
NASA_m2_cm3,0.623400675830742
NASA_m2_g,0.35680368457109446
NAV_cm3_g,0.059885041657002216
