{
  "R2": 0.97603594303455,
  "MAE": 0.05311674432780344,
  "RMSE": 0.006863932128619501,
  "MAPE(%)": 3.5969251428353743
}