{
  "R2": 0.8399636115580471,
  "MAE": 0.1360841060046366,
  "RMSE": 0.04416997885563218,
  "MAPE(%)": 10.897561723215741
}