{
  "R2": 0.9583253650908018,
  "MAE": 0.16372406916757465,
  "RMSE": 0.055041133931293555,
  "MAPE(%)": 5.135167477391269
}