temp,lowp,outp,seed,mode,qt_frac,train_ratio,out_root,model,R2,MAE,RMSE,MAPE(%)
293K,0.05,5,2026,lowq,0.25,0.5,./RUN_FULL_EXP,cat,0.9719866889483982,0.06100456555238995,0.010093565627052558,4.202750847105252
