{
  "R2": 0.9719866889483982,
  "MAE": 0.06100456555238995,
  "RMSE": 0.010093565627052558,
  "MAPE(%)": 4.202750847105252
}