Feature,Importance
0.5,58.29517276226604
ASA_m2_g,13.2000700504762
AV_VF,6.126921820136674
ASA_m2_cm3,5.981425836425598
AV_cm3_g,4.5853530692427125
cm3_g,3.2018824561111394
LCD,2.4380251989034196
PLD,2.3557512147769706
LFPD,1.6873971334314464
Has_OMS,1.044478671385737
NASA_m2_cm3,0.6179849014958907
NASA_m2_g,0.3998197528211086
NAV_cm3_g,0.06571713252706549
