{
  "R2": 0.9635189259492261,
  "MAE": 0.15802551629150136,
  "RMSE": 0.04844732761507541,
  "MAPE(%)": 5.02203941755846
}