{
  "R2": 0.9884602271430676,
  "MAE": 0.01480131813540242,
  "RMSE": 0.0005697128788533693,
  "MAPE(%)": 2.705065276176997
}