{
  "R2": 0.9564342388210054,
  "MAE": 0.009981801959595481,
  "RMSE": 0.0017535891263954198,
  "MAPE(%)": 3.598290566288394
}