{
  "R2": 0.9608986679102091,
  "MAE": 0.024706134379151153,
  "RMSE": 0.004612882512626079,
  "MAPE(%)": 4.394316754984923
}