{
  "R2": 0.9888325726603702,
  "MAE": 0.00880208365746741,
  "RMSE": 0.00015040358506920358,
  "MAPE(%)": 2.4127903144630376
}