Feature,Importance
0.01,85.27990785927649
cm3_g,1.9738073438199308
AV_cm3_g,1.951594703701542
ASA_m2_cm3,1.7727559369084804
PLD,1.6946097471868269
Has_OMS,1.4538486697671462
LCD,1.4159337454876224
ASA_m2_g,1.355250028240623
AV_VF,0.9598951897892327
LFPD,0.9080011751897306
NASA_m2_cm3,0.7231337501568481
NASA_m2_g,0.4328107403487665
NAV_cm3_g,0.07845111012676773
