{
  "R2": 0.9912563264720681,
  "MAE": 0.0068096158156591485,
  "RMSE": 9.181239069927042e-05,
  "MAPE(%)": 2.7557079378889173
}