Feature,Importance
0.05,64.66139148240283
ASA_m2_cm3,6.824317829326511
ASA_m2_g,6.045262947306171
AV_VF,4.491034861578314
AV_cm3_g,4.03795099589039
LCD,2.712595000920947
cm3_g,2.6210667112731145
Has_OMS,2.587222697875241
PLD,2.586819638773138
LFPD,1.913316389465679
NASA_m2_g,0.754296899212547
NASA_m2_cm3,0.5918413021405963
NAV_cm3_g,0.17288324383455186
