{
  "R2": 0.9554771042355747,
  "MAE": 0.10307214802304338,
  "RMSE": 0.02917556275383702,
  "MAPE(%)": 5.2397273650716825
}