Feature,Importance
0.01,84.30040903311487
cm3_g,2.801313383328584
Has_OMS,2.3638769570867773
ASA_m2_g,1.6248406587968578
ASA_m2_cm3,1.3540358087302897
AV_VF,1.3035240717389311
AV_cm3_g,1.2443169607157187
LFPD,1.2145556695055577
NASA_m2_g,1.0664790651242106
LCD,1.0022596303123168
PLD,0.8698419164027767
NASA_m2_cm3,0.7845190101366528
NAV_cm3_g,0.07002783500647305
