{
  "R2": 0.9687675010500004,
  "MAE": 0.014143475735991637,
  "RMSE": 0.0021596201117173625,
  "MAPE(%)": 3.738219954030786
}