{
  "R2": 0.9646825468344025,
  "MAE": 0.1606596983667093,
  "RMSE": 0.05301107772802868,
  "MAPE(%)": 5.226951862685531
}