temp,lowp,outp,seed,mode,qt_frac,train_ratio,out_root,model,R2,MAE,RMSE,MAPE(%)
313K,HENRY,15,2027,lowq,0.75,0.5,./RUN_FULL_EXP,cat,0.9699990398710859,0.10635502893057344,0.0235546327919773,4.162907015563179
