{
  "R2": 0.9699990398710859,
  "MAE": 0.10635502893057344,
  "RMSE": 0.0235546327919773,
  "MAPE(%)": 4.162907015563179
}