{
  "R2": 0.9953170728351404,
  "MAE": 0.009822107778845532,
  "RMSE": 0.00020961997617449887,
  "MAPE(%)": 1.7908781296849645
}