temp,lowp,outp,seed,mode,qt_frac,train_ratio,out_root,model,R2,MAE,RMSE,MAPE(%)
273K,0.5,1,2029,lowq,0.6,0.5,./RUN_FULL_EXP,cat,0.9953170728351404,0.009822107778845532,0.00020961997617449887,1.7908781296849645
