{
  "R2": 0.9636813506837112,
  "MAE": 0.22558938897800282,
  "RMSE": 0.1106233234441701,
  "MAPE(%)": 6.558508253783291
}