Feature,Importance
0.01,60.73589959290709
ASA_m2_g,9.92508121014156
AV_cm3_g,5.850649124461536
AV_VF,5.685456840276712
ASA_m2_cm3,5.571166189657625
cm3_g,2.818234127610849
PLD,2.355536087088006
LCD,2.08324703342858
LFPD,1.751883556922803
Has_OMS,1.5370514755515818
NASA_m2_cm3,0.8251587836835591
NASA_m2_g,0.7119204827668181
NAV_cm3_g,0.148715495503276
