{
  "R2": 0.9674510349598595,
  "MAE": 0.11847425079335172,
  "RMSE": 0.027294738642307265,
  "MAPE(%)": 4.711907390282828
}