{
  "R2": 0.9901305144294241,
  "MAE": 0.009736188473861604,
  "RMSE": 0.00023673471672429406,
  "MAPE(%)": 2.7061175317300497
}