temp,lowp,outp,seed,mode,qt_frac,train_ratio,out_root,model,R2,MAE,RMSE,MAPE(%)
293K,0.01,1,2026,struct_with_input,0.4,0.8,./RUN_FULL_EXP,cat,0.9901305144294241,0.009736188473861604,0.00023673471672429406,2.7061175317300497
