{
  "R2": 0.9623840901677346,
  "MAE": 0.16497633876623435,
  "RMSE": 0.058269310967565276,
  "MAPE(%)": 5.434573586294282
}