{
  "R2": 0.9874359749916406,
  "MAE": 0.03012245648196688,
  "RMSE": 0.002211697204888579,
  "MAPE(%)": 2.801393018952965
}