{
  "R2": 0.973653871304819,
  "MAE": 0.06270786202416247,
  "RMSE": 0.009697170869816064,
  "MAPE(%)": 4.465831512823465
}