Feature,Importance
0.05,56.02341375799866
ASA_m2_g,13.28849221449826
ASA_m2_cm3,6.943984004619324
AV_VF,5.1435920986738255
AV_cm3_g,4.840011842560051
cm3_g,3.8840692012753766
LFPD,2.321497237890884
LCD,2.2809137551645673
PLD,2.2689270285357317
Has_OMS,1.4506514302054285
NASA_m2_cm3,0.9958324600778551
NASA_m2_g,0.48823606821005144
NAV_cm3_g,0.07037890028995154
