{
  "R2": 0.9557976319666438,
  "MAE": 0.16919843854368216,
  "RMSE": 0.05918044400094962,
  "MAPE(%)": 5.3708365857754075
}