temp,lowp,outp,seed,mode,qt_frac,train_ratio,out_root,model,R2,MAE,RMSE,MAPE(%)
293K,0.05,15,2029,lowq,0.75,0.5,./RUN_FULL_EXP,cat,0.9557976319666438,0.16919843854368216,0.05918044400094962,5.3708365857754075
