{
  "R2": 0.995466309030707,
  "MAE": 0.004997237453409422,
  "RMSE": 5.5758022292765816e-05,
  "MAPE(%)": 1.9983064757264386
}