{
  "R2": 0.9970684044243222,
  "MAE": 0.0033291845410170014,
  "RMSE": 2.1608610849841782e-05,
  "MAPE(%)": 1.2468776518374973
}