Feature,Importance
0.01,86.76066046308107
AV_cm3_g,1.636822030522629
ASA_m2_g,1.5818376362916717
cm3_g,1.5605491640641451
LCD,1.370278484243187
PLD,1.3008166976136923
ASA_m2_cm3,1.2796604532719629
LFPD,1.1177392232339325
Has_OMS,1.0843441184585092
AV_VF,1.0166944985290556
NASA_m2_g,0.796674514474969
NASA_m2_cm3,0.3763645305275315
NAV_cm3_g,0.11755818568765912
