{
  "R2": 0.9827841002767396,
  "MAE": 0.01169792926623876,
  "RMSE": 0.0011295336174359945,
  "MAPE(%)": 3.105550422201874
}