Feature,Importance
0.01,86.34021682916521
cm3_g,1.8003750928821896
AV_cm3_g,1.788464901904627
LCD,1.5854177112778078
ASA_m2_g,1.5677202280313085
Has_OMS,1.2365825042007104
AV_VF,1.183341373248654
PLD,1.125175394888893
ASA_m2_cm3,1.0985321722687817
LFPD,0.8735664939444681
NASA_m2_cm3,0.7171511681052384
NASA_m2_g,0.5963797924535922
NAV_cm3_g,0.0870763376285529
