{
  "R2": 0.990657056918372,
  "MAE": 0.01013316126350984,
  "RMSE": 0.00024362093754373828,
  "MAPE(%)": 2.8952661614406074
}