Feature,Importance
0.01,52.450103604663276
ASA_m2_g,15.670656769097894
AV_VF,6.420192539767634
ASA_m2_cm3,5.454887251600502
AV_cm3_g,4.7811859175441365
cm3_g,4.069497021035431
PLD,2.739846833070386
LCD,2.5101933441670234
LFPD,2.433888348375077
Has_OMS,1.8338675866706866
NASA_m2_cm3,0.8768096661673622
NASA_m2_g,0.6505901930895011
NAV_cm3_g,0.10828092475105637
