{
  "R2": 0.9592018877294366,
  "MAE": 0.16595963479868603,
  "RMSE": 0.07472537301130812,
  "MAPE(%)": 5.887388340230908
}