Feature,Importance
0.05,60.09926323242011
ASA_m2_g,15.231362852386745
ASA_m2_cm3,5.44155240870308
AV_VF,4.124266886502634
cm3_g,3.6664772028253694
AV_cm3_g,3.1286008435480577
PLD,2.1031936249565177
LCD,1.9597238669898465
LFPD,1.6867152854286298
Has_OMS,1.4934758780738724
NASA_m2_cm3,0.5594098423639651
NASA_m2_g,0.4167524660313192
NAV_cm3_g,0.08920560976986547
