{
  "R2": 0.9718759070819445,
  "MAE": 0.11488641447008059,
  "RMSE": 0.030985601530730076,
  "MAPE(%)": 4.8428733424746815
}