{
  "R2": 0.990648702997388,
  "MAE": 0.007216500879683833,
  "RMSE": 0.00015560221896608538,
  "MAPE(%)": 2.9321748324538692
}