Feature,Importance
HENRY,53.42264183459819
ASA_m2_g,14.9145090944972
AV_VF,6.47206176783327
ASA_m2_cm3,5.71686035677908
AV_cm3_g,4.905375484983077
cm3_g,3.805679666162637
PLD,2.8599134033318743
LFPD,2.4347414634017968
LCD,2.0076382549478713
Has_OMS,1.9180007286601213
NASA_m2_cm3,0.8679164622815018
NASA_m2_g,0.518631439242947
NAV_cm3_g,0.15603004328046122
