{
  "R2": 0.9516895159374684,
  "MAE": 0.2449910845275501,
  "RMSE": 0.12377151670362929,
  "MAPE(%)": 6.450336393141065
}