temp,lowp,outp,seed,mode,qt_frac,train_ratio,out_root,model,R2,MAE,RMSE,MAPE(%)
273K,HENRY,15,2029,lowq,0.5,0.5,./RUN_FULL_EXP,cat,0.9516895159374684,0.2449910845275501,0.12377151670362929,6.450336393141065
