{
  "R2": 0.9876021913157046,
  "MAE": 0.008510675597304295,
  "RMSE": 0.000896352642308278,
  "MAPE(%)": 2.279835249723995
}