{
  "R2": 0.9077378260161935,
  "MAE": 0.031300677442522656,
  "RMSE": 0.015675470660683113,
  "MAPE(%)": 4.7412166816212205
}