temp,lowp,outp,seed,mode,qt_frac,train_ratio,out_root,model,R2,MAE,RMSE,MAPE(%)
273K,0.01,1,2027,struct_with_input,0.0,0.2,./RUN_FULL_EXP,cat,0.9077378260161935,0.031300677442522656,0.015675470660683113,4.7412166816212205
