Feature,Importance
0.01,83.80145092253716
ASA_m2_cm3,2.429202446720226
AV_cm3_g,1.9586295595486964
AV_VF,1.756837492929593
Has_OMS,1.4978747222199247
cm3_g,1.4936481423596832
ASA_m2_g,1.4806017635023236
LCD,1.4773191856311454
PLD,1.407362610622506
LFPD,1.2450344353737295
NASA_m2_g,0.827837069803982
NASA_m2_cm3,0.5306561292521017
NAV_cm3_g,0.09354551949891556
