{
  "R2": 0.9804551413000627,
  "MAE": 0.01858601710845407,
  "RMSE": 0.001369051522723854,
  "MAPE(%)": 3.2885266188784166
}