{
  "R2": 0.9871438644365673,
  "MAE": 0.01705414007613292,
  "RMSE": 0.0008660943031256464,
  "MAPE(%)": 3.1449867879130946
}