{
  "R2": 0.9528107159151263,
  "MAE": 0.028360703490980754,
  "RMSE": 0.007136487483076454,
  "MAPE(%)": 5.481052377574423
}