{
  "R2": 0.9040435443397167,
  "MAE": 0.10365386222958212,
  "RMSE": 0.02931463047715012,
  "MAPE(%)": 9.750210573222173
}