Feature,Importance
0.5,91.1736644609702
cm3_g,1.274063945871436
Has_OMS,1.1718428333906505
AV_cm3_g,1.0576363549777923
PLD,1.0270134734354108
LFPD,0.8795560719550247
ASA_m2_g,0.7340503293815915
ASA_m2_cm3,0.7119001744913092
LCD,0.6682033333084861
AV_VF,0.637985447707629
NASA_m2_g,0.31053157570835793
NASA_m2_cm3,0.2956927448051755
NAV_cm3_g,0.057859253996922134
