{
  "R2": 0.9974604202147869,
  "MAE": 0.003700871589090657,
  "RMSE": 3.121176411456563e-05,
  "MAPE(%)": 1.4526825188634631
}