Feature,Importance
0.01,81.1709285311963
AV_VF,2.7919031407720163
ASA_m2_cm3,2.5664868803017074
PLD,2.1995380431084017
ASA_m2_g,1.8890425451830146
cm3_g,1.861196864924391
LCD,1.6293503167655563
Has_OMS,1.5408335766662726
AV_cm3_g,1.4755975348388335
LFPD,1.4715954760323133
NASA_m2_g,0.7614978319555961
NASA_m2_cm3,0.555058320541261
NAV_cm3_g,0.08697093771433262
