temp,lowp,outp,seed,mode,qt_frac,train_ratio,out_root,model,R2,MAE,RMSE,MAPE(%)
273K,0.01,1,2025,lowq,0.5,0.5,./RUN_FULL_EXP,cat,0.9832748749828878,0.016901758046001702,0.0008694470970508926,3.114581709520667
