{
  "R2": 0.9832748749828878,
  "MAE": 0.016901758046001702,
  "RMSE": 0.0008694470970508926,
  "MAPE(%)": 3.114581709520667
}