Feature,Importance
HENRY,53.76457606808487
ASA_m2_g,12.949384871879134
AV_cm3_g,7.122879669251406
AV_VF,6.977053300737229
ASA_m2_cm3,5.953215783500426
cm3_g,2.994768248525053
LCD,2.3380953810030873
PLD,2.326974641552971
LFPD,2.3010210217420224
Has_OMS,1.7436105243937152
NASA_m2_g,0.7441433157526692
NASA_m2_cm3,0.6777334510971732
NAV_cm3_g,0.10654372248025198
