{
  "R2": 0.9609432486990872,
  "MAE": 0.1655542676907674,
  "RMSE": 0.06089016542712045,
  "MAPE(%)": 5.537199816149835
}