Feature,Importance
0.01,71.74245655843448
ASA_m2_cm3,5.476098437325912
ASA_m2_g,5.187670989247491
AV_VF,4.4125010997357625
AV_cm3_g,2.6146079837578267
LCD,2.0697030483984364
cm3_g,2.0375119501370005
PLD,1.9177980114626105
LFPD,1.7389678319926876
Has_OMS,1.6813966260427322
NASA_m2_cm3,0.5523845241564811
NASA_m2_g,0.5148827736290169
NAV_cm3_g,0.05402016567955517
