{
  "R2": 0.969243520276674,
  "MAE": 0.06025852236217338,
  "RMSE": 0.007833214043630504,
  "MAPE(%)": 4.123778509883083
}