{
  "R2": 0.9678219477102956,
  "MAE": 0.015547129969051734,
  "RMSE": 0.002496260144018801,
  "MAPE(%)": 3.7946170611656367
}