{
  "R2": 0.9903836562580068,
  "MAE": 0.009026375144476724,
  "RMSE": 0.00016106165907758054,
  "MAPE(%)": 2.485092992943355
}