temp,lowp,outp,seed,mode,qt_frac,train_ratio,out_root,model,R2,MAE,RMSE,MAPE(%)
293K,0.01,1,2029,struct_with_input,0.7,0.7,./RUN_FULL_EXP,cat,0.9903836562580068,0.009026375144476724,0.00016106165907758054,2.485092992943355
