Feature,Importance
0.1,66.39745271319583
ASA_m2_g,7.752299423994166
ASA_m2_cm3,5.989949756513841
AV_VF,5.41446259086009
AV_cm3_g,2.726607211941994
LCD,2.4264282423443464
PLD,2.290644846562905
LFPD,2.124186344553064
cm3_g,1.9596182734283647
Has_OMS,1.6867052257813717
NASA_m2_cm3,0.6732382705785194
NASA_m2_g,0.49256627565053085
NAV_cm3_g,0.06584082459496263
