{
  "R2": 0.9481884759010515,
  "MAE": 0.09762344054380662,
  "RMSE": 0.022375098662950548,
  "MAPE(%)": 4.901825007419176
}