{
  "R2": 0.9947119722686456,
  "MAE": 0.009999283935207775,
  "RMSE": 0.00021632088365633147,
  "MAPE(%)": 1.8318956608957007
}