{
  "R2": 0.963608856320152,
  "MAE": 0.16903468667148122,
  "RMSE": 0.07035436335387382,
  "MAPE(%)": 5.9290102481989555
}