Feature,Importance
ASA_m2_g,14.454632762127842
cm3_g,14.23563419015365
ASA_m2_cm3,13.662082311518208
AV_VF,13.371855534992275
PLD,10.632299064236914
AV_cm3_g,8.597740212721533
LFPD,7.60893169528362
LCD,7.173062847905387
Has_OMS,6.625015245552795
NASA_m2_cm3,1.591670003050264
NASA_m2_g,1.5222903114051862
NAV_cm3_g,0.5247858210523252
