{
  "R2": 0.7441489256363156,
  "MAE": 0.5002100297400496,
  "RMSE": 0.48219188176602035,
  "MAPE(%)": 21.61040511633909
}