{
  "R2": 0.9088424388906982,
  "MAE": 0.10284821953586279,
  "RMSE": 0.027068160482513624,
  "MAPE(%)": 8.40381306296753
}