{
  "R2": 0.9794628649298295,
  "MAE": 0.018325203001884116,
  "RMSE": 0.0014101757447276017,
  "MAPE(%)": 3.2704423994428846
}