temp,lowp,outp,seed,mode,qt_frac,train_ratio,out_root,model,R2,MAE,RMSE,MAPE(%)
273K,0.01,1,2026,struct_with_input,0.33,0.65,./RUN_FULL_EXP,cat,0.9794628649298295,0.018325203001884116,0.0014101757447276017,3.2704423994428846
