{
  "R2": 0.9842931190496994,
  "MAE": 0.0179056544776715,
  "RMSE": 0.0010230589334052004,
  "MAPE(%)": 3.25516175863466
}