{
  "R2": 0.9714536104959951,
  "MAE": 0.11170587564181715,
  "RMSE": 0.026165661071878944,
  "MAPE(%)": 4.565852113468757
}