temp,lowp,outp,seed,mode,qt_frac,train_ratio,out_root,model,R2,MAE,RMSE,MAPE(%)
293K,0.1,1,2028,lowq,0.55,0.5,./RUN_FULL_EXP,cat,0.9932916116934367,0.007525295543631822,0.0001340952979590738,2.0268813293056573
