{
  "R2": 0.9932916116934367,
  "MAE": 0.007525295543631822,
  "RMSE": 0.0001340952979590738,
  "MAPE(%)": 2.0268813293056573
}