{
  "R2": 0.9587078641544142,
  "MAE": 0.16616667188869438,
  "RMSE": 0.06848230925646677,
  "MAPE(%)": 5.543714605069866
}