Feature,Importance
0.05,70.03547478989859
ASA_m2_cm3,5.797873662330059
ASA_m2_g,5.003370192911455
AV_VF,4.7779685105839125
AV_cm3_g,2.8294809001346923
LCD,2.250745957713417
Has_OMS,2.0959047017386268
PLD,2.019644381724935
cm3_g,1.8714435013129367
LFPD,1.7074582827419358
NASA_m2_cm3,0.9899038012031535
NASA_m2_g,0.5125528446839539
NAV_cm3_g,0.10817847302230181
