{
  "R2": 0.9721043827125592,
  "MAE": 0.059551400379979816,
  "RMSE": 0.008846805199958886,
  "MAPE(%)": 4.127441307601511
}