{
  "R2": 0.9496963278148187,
  "MAE": 0.2472063270538769,
  "RMSE": 0.12590083386102746,
  "MAPE(%)": 6.3194646070386895
}