temp,lowp,outp,seed,mode,qt_frac,train_ratio,out_root,model,R2,MAE,RMSE,MAPE(%)
273K,HENRY,15,2026,lowq,0.6,0.5,./RUN_FULL_EXP,cat,0.9496963278148187,0.2472063270538769,0.12590083386102746,6.3194646070386895
