Feature,Importance
0.01,85.22382657303551
cm3_g,1.9590270043169886
ASA_m2_g,1.6768908384046506
AV_cm3_g,1.634416337085622
Has_OMS,1.5060873863439073
LCD,1.4250261485446203
AV_VF,1.3646802214473033
LFPD,1.3233236006783153
ASA_m2_cm3,1.272923646371767
PLD,1.0486581177956495
NASA_m2_g,0.8179759784609347
NASA_m2_cm3,0.6726742002538882
NAV_cm3_g,0.07448994726083501
