{
  "R2": 0.987890287071485,
  "MAE": 0.009409803949678552,
  "RMSE": 0.00019980826851313712,
  "MAPE(%)": 2.5777283269057287
}