temp,lowp,outp,seed,mode,qt_frac,train_ratio,out_root,model,R2,MAE,RMSE,MAPE(%)
293K,0.01,1,2027,struct_with_input,0.7,0.7,./RUN_FULL_EXP,cat,0.987890287071485,0.009409803949678552,0.00019980826851313712,2.5777283269057287
