temp,lowp,outp,seed,mode,qt_frac,train_ratio,out_root,model,R2,MAE,RMSE,MAPE(%)
273K,0.01,1,2025,struct,0.0,0.4,./RUN_FULL_EXP,cat,0.4112464834079903,0.18171589663129498,0.09156592780914781,48.8804866859058
