Feature,Importance
0.5,71.60560649355942
AV_VF,5.5934115400806705
ASA_m2_g,5.188136444149541
ASA_m2_cm3,4.623675504981574
AV_cm3_g,3.0968418796895705
PLD,1.9239756298855546
cm3_g,1.756171234264094
LCD,1.72248139067407
LFPD,1.7024056853841991
Has_OMS,1.6690490712471227
NASA_m2_cm3,0.5814631035790631
NASA_m2_g,0.441533262842781
NAV_cm3_g,0.09524875966235405
