{
  "R2": 0.9649510978078077,
  "MAE": 0.09056053184098614,
  "RMSE": 0.01879525367619647,
  "MAPE(%)": 4.562357655710903
}