Feature,Importance
0.01,83.83771680319785
cm3_g,3.1375000231226386
PLD,2.0841870410496557
AV_VF,1.8832063300211817
Has_OMS,1.8120020532396903
ASA_m2_g,1.3738234102878846
ASA_m2_cm3,1.2650669393596767
LFPD,1.2508003528161602
LCD,1.2077316995475098
AV_cm3_g,0.9849620488585987
NASA_m2_g,0.6787737356945567
NASA_m2_cm3,0.41736052109432253
NAV_cm3_g,0.06686904171028579
