{
  "R2": 0.9815914593267766,
  "MAE": 0.01079878077610098,
  "RMSE": 0.000665676199904183,
  "MAPE(%)": 3.0454788156267605
}