temp,lowp,outp,seed,mode,qt_frac,train_ratio,out_root,model,R2,MAE,RMSE,MAPE(%)
293K,0.01,1,2025,lowq,0.2,0.5,./RUN_FULL_EXP,cat,0.9815914593267766,0.01079878077610098,0.000665676199904183,3.0454788156267605
