{
  "R2": 0.9908083796447582,
  "MAE": 0.006833063451967782,
  "RMSE": 8.42428860469923e-05,
  "MAPE(%)": 2.7112173108676045
}