Feature,Importance
0.01,71.02866622235508
ASA_m2_g,5.411035131655847
ASA_m2_cm3,5.365186592841276
AV_VF,4.495749838947163
AV_cm3_g,2.908165101622804
cm3_g,2.449648668011845
Has_OMS,2.0770037941580646
LCD,2.051554991046893
PLD,1.5998181257651012
LFPD,1.2863318245428514
NASA_m2_g,0.705405293195143
NASA_m2_cm3,0.5435324475354194
NAV_cm3_g,0.07790196832248471
