{
  "R2": 0.9668399124537929,
  "MAE": 0.06762644379121775,
  "RMSE": 0.013926092676691421,
  "MAPE(%)": 4.657112043129462
}