Feature,Importance
0.5,56.83418594796564
ASA_m2_g,11.82934919683016
AV_VF,6.794916629080075
AV_cm3_g,6.096018043616409
ASA_m2_cm3,5.771753426883839
cm3_g,3.5802997349735888
PLD,2.6211347444426822
LCD,2.01291719581873
LFPD,1.982573075058985
Has_OMS,1.0672677718059402
NASA_m2_g,0.7211571687727735
NASA_m2_cm3,0.6329686761562857
NAV_cm3_g,0.055458388594888754
