{
  "R2": 0.9531497465015737,
  "MAE": 0.23150379209290178,
  "RMSE": 0.1087472564767332,
  "MAPE(%)": 5.80839982410904
}