Feature,Importance
0.1,76.37897352928294
ASA_m2_g,5.338376326069712
ASA_m2_cm3,3.432085384385741
AV_VF,2.957792568678111
AV_cm3_g,2.5934289800096857
cm3_g,2.33533124165179
LFPD,1.5148416228168333
LCD,1.5073354084578063
PLD,1.2999230554647003
Has_OMS,1.250137278085646
NASA_m2_cm3,0.791318639605404
NASA_m2_g,0.5094252062373927
NAV_cm3_g,0.09103075925422625
