{
  "R2": 0.9816486626354276,
  "MAE": 0.032398298699175564,
  "RMSE": 0.0023681630016078228,
  "MAPE(%)": 2.9561715035752263
}