temp,lowp,outp,seed,mode,qt_frac,train_ratio,out_root,model,R2,MAE,RMSE,MAPE(%)
313K,0.1,5,2027,lowq,0.65,0.5,./RUN_FULL_EXP,cat,0.9816486626354276,0.032398298699175564,0.0023681630016078228,2.9561715035752263
