{
  "R2": 0.9955110412113898,
  "MAE": 0.004308155922465038,
  "RMSE": 5.689841267945809e-05,
  "MAPE(%)": 1.7387243290512846
}