{
  "R2": 0.9952659682614622,
  "MAE": 0.010473604543960473,
  "RMSE": 0.0002461690323400968,
  "MAPE(%)": 1.9395473080723424
}