Feature,Importance
HENRY,71.78851459026991
ASA_m2_cm3,5.268037331190229
ASA_m2_g,5.242991579287689
AV_VF,3.7878473722407278
cm3_g,2.6452425594582727
AV_cm3_g,2.5840256177068195
Has_OMS,1.9787434014320717
LCD,1.8293884852333409
LFPD,1.7099860727026268
PLD,1.6855674968169787
NASA_m2_cm3,0.8804391030056784
NASA_m2_g,0.48091361720208803
NAV_cm3_g,0.1183027734535816
