{
  "R2": 0.9764543204575263,
  "MAE": 0.05892183262979574,
  "RMSE": 0.00980870725827144,
  "MAPE(%)": 4.121745285454029
}