Feature,Importance
0.5,69.77018095926955
ASA_m2_g,7.142974175287872
AV_VF,4.790993398844106
ASA_m2_cm3,4.097647822248619
AV_cm3_g,3.5548590148971253
LCD,2.2753246635195445
cm3_g,2.19753528934893
PLD,1.8894796918494523
LFPD,1.777299774357648
Has_OMS,1.26846118589351
NASA_m2_cm3,0.6731302095785661
NASA_m2_g,0.452827612261436
NAV_cm3_g,0.10928620264364682
