temp,lowp,outp,seed,mode,qt_frac,train_ratio,out_root,model,R2,MAE,RMSE,MAPE(%)
273K,0.5,5,2029,lowq,0.15,0.5,./RUN_FULL_EXP,cat,0.9726591826358024,0.09138567268909753,0.021289675712168974,4.692182328468261
