{
  "R2": 0.9726591826358024,
  "MAE": 0.09138567268909753,
  "RMSE": 0.021289675712168974,
  "MAPE(%)": 4.692182328468261
}