Feature,Importance
0.05,64.58490991568314
ASA_m2_cm3,7.465104690141543
ASA_m2_g,5.909760102082229
AV_VF,4.6130254385838425
AV_cm3_g,3.4810988806999865
cm3_g,3.220531931295472
PLD,2.377825905729565
LFPD,2.304415771658845
LCD,2.2612747957991077
Has_OMS,1.9789021375814657
NASA_m2_g,1.0600826776453633
NASA_m2_cm3,0.6472219835570189
NAV_cm3_g,0.0958457695424273
