{
  "R2": 0.9576007290504751,
  "MAE": 0.10354668617434952,
  "RMSE": 0.027045442545666987,
  "MAPE(%)": 5.21957202932665
}