temp,lowp,outp,seed,mode,qt_frac,train_ratio,out_root,model,R2,MAE,RMSE,MAPE(%)
273K,0.05,5,2027,lowq,0.8,0.5,./RUN_FULL_EXP,cat,0.950012961857844,0.09706078786916096,0.021966038624528922,4.831644804665129
