{
  "R2": 0.950012961857844,
  "MAE": 0.09706078786916096,
  "RMSE": 0.021966038624528922,
  "MAPE(%)": 4.831644804665129
}