Feature,Importance
0.5,81.5742041172464
ASA_m2_g,3.4966592802742626
AV_VF,3.2574108583325074
AV_cm3_g,2.053142190345685
ASA_m2_cm3,2.022543779287074
cm3_g,1.6120137756266961
Has_OMS,1.4447806225367015
LFPD,1.3584872572267648
PLD,1.088991281370601
LCD,1.0731153788746999
NASA_m2_g,0.542610148690278
NASA_m2_cm3,0.3918232507678649
NAV_cm3_g,0.08421805942048688
