temp,lowp,outp,seed,mode,qt_frac,train_ratio,out_root,model,R2,MAE,RMSE,MAPE(%)
313K,0.5,5,2028,lowq,0.5,0.5,./RUN_FULL_EXP,cat,0.9849605411774254,0.03086264923893977,0.002227753694704962,2.7942645657072873
