{
  "R2": 0.9849605411774254,
  "MAE": 0.03086264923893977,
  "RMSE": 0.002227753694704962,
  "MAPE(%)": 2.7942645657072873
}