Feature,Importance
0.1,65.57662835195048
ASA_m2_cm3,6.66005082254692
AV_VF,6.136234120741149
ASA_m2_g,5.358947440921504
AV_cm3_g,3.6392896746224634
PLD,2.7367446555031507
LFPD,2.3604863675186576
cm3_g,2.2816827290424633
LCD,2.1887759783817136
Has_OMS,1.937149647903483
NASA_m2_cm3,0.6975848076545015
NASA_m2_g,0.3273151500764627
NAV_cm3_g,0.09911025313704024
