{
  "R2": 0.9621709405646494,
  "MAE": 0.1007446175033844,
  "RMSE": 0.025571237999480755,
  "MAPE(%)": 5.1937383473284795
}