temp,lowp,outp,seed,mode,qt_frac,train_ratio,out_root,model,R2,MAE,RMSE,MAPE(%)
273K,0.1,5,2028,lowq,0.25,0.5,./RUN_FULL_EXP,cat,0.9621709405646494,0.1007446175033844,0.025571237999480755,5.1937383473284795
