{
  "R2": 0.9656751313767664,
  "MAE": 0.1645463898044534,
  "RMSE": 0.05699237913043317,
  "MAPE(%)": 5.558533787699843
}