Feature,Importance
0.01,81.34391871462817
PLD,2.3356304555701586
ASA_m2_cm3,2.177903321024808
ASA_m2_g,2.1501789277570427
cm3_g,2.01945125572076
AV_VF,2.008163992960671
AV_cm3_g,1.8060307376772338
LFPD,1.7528814817661975
Has_OMS,1.670028482770757
LCD,1.4484743067885772
NASA_m2_cm3,0.7480675638418738
NASA_m2_g,0.4402298153104045
NAV_cm3_g,0.09904094418333598
