{
  "R2": 0.9852727022428444,
  "MAE": 0.01805234401880713,
  "RMSE": 0.000896139103226847,
  "MAPE(%)": 3.31531077653264
}