Feature,Importance
0.01,52.84013083575892
ASA_m2_g,12.006096436629596
AV_VF,6.766399699663638
ASA_m2_cm3,6.513569384446138
AV_cm3_g,5.873552273860268
cm3_g,4.750511709838224
PLD,3.024806271728082
LFPD,2.7650777483011812
LCD,2.118493594396788
Has_OMS,1.5299155637824313
NASA_m2_g,0.8926287964513563
NASA_m2_cm3,0.8017980453315793
NAV_cm3_g,0.11701963981179447
