{
  "R2": 0.9657879155434667,
  "MAE": 0.17022886933890982,
  "RMSE": 0.06488418692469855,
  "MAPE(%)": 6.0883697597085
}