{
  "R2": 0.9671214951240671,
  "MAE": 0.1635614564648304,
  "RMSE": 0.06106634408468236,
  "MAPE(%)": 5.708412321558102
}