{
  "R2": 0.9944764097867593,
  "MAE": 0.004964574178599891,
  "RMSE": 5.3697066304469176e-05,
  "MAPE(%)": 1.9429841531714467
}