{
  "R2": 0.9584734076319852,
  "MAE": 0.1659553952728543,
  "RMSE": 0.07286676028175695,
  "MAPE(%)": 5.503838019247006
}