{
  "R2": 0.9645924451361316,
  "MAE": 0.024821514307356345,
  "RMSE": 0.00563486438369058,
  "MAPE(%)": 4.1498998154433675
}