{
  "R2": 0.9955301821060957,
  "MAE": 0.021547355812694964,
  "RMSE": 0.0008812830288323504,
  "MAPE(%)": 1.6393895126817584
}