{
  "R2": 0.9532759256622217,
  "MAE": 0.008049573127616378,
  "RMSE": 0.0018875091896340384,
  "MAPE(%)": 2.3811088984128315
}