Feature,Importance
0.5,91.53723878043724
cm3_g,1.1148113253591792
AV_cm3_g,1.1087457220368055
LCD,1.013008667671033
ASA_m2_cm3,0.9337342346399925
AV_VF,0.8265431981192488
Has_OMS,0.7088922728535277
LFPD,0.6339816560023284
PLD,0.6021476172763868
ASA_m2_g,0.484020047814783
NASA_m2_cm3,0.4436442007984307
NASA_m2_g,0.43284202968904956
NAV_cm3_g,0.16039024730195775
