{
  "R2": 0.9958508592355854,
  "MAE": 0.0039300281869764355,
  "RMSE": 7.18028127875431e-05,
  "MAPE(%)": 1.5659804391346521
}