temp,lowp,outp,seed,mode,qt_frac,train_ratio,out_root,model,R2,MAE,RMSE,MAPE(%)
313K,0.5,1,2026,lowq,0.2,0.5,./RUN_FULL_EXP,cat,0.9958508592355854,0.0039300281869764355,7.18028127875431e-05,1.5659804391346521
