{
  "R2": 0.9769426589969442,
  "MAE": 0.0393175842683152,
  "RMSE": 0.002972330831409453,
  "MAPE(%)": 3.5872457843093875
}