{
  "R2": 0.9976009664820553,
  "MAE": 0.0036905598672483503,
  "RMSE": 3.155069466135473e-05,
  "MAPE(%)": 1.4805942876238625
}