{
  "R2": 0.9888093749136557,
  "MAE": 0.04107550830310983,
  "RMSE": 0.004430781466965048,
  "MAPE(%)": 3.294681309303015
}