Feature,Importance
ASA_m2_g,15.766437848474794
AV_VF,13.740674004574402
cm3_g,13.370866608460675
ASA_m2_cm3,12.7883967988358
PLD,9.954666100820882
AV_cm3_g,8.987000987358954
LCD,8.32208258495438
Has_OMS,7.150992228621076
LFPD,6.284992209026333
NASA_m2_cm3,1.7113735521069655
NASA_m2_g,1.3794783085530784
NAV_cm3_g,0.543038768212667
