{
  "R2": 0.7406968766024893,
  "MAE": 0.4872401273141097,
  "RMSE": 0.4880851997523144,
  "MAPE(%)": 19.779955353412795
}