Feature,Importance
HENRY,64.20034358448567
ASA_m2_g,7.391179853228107
ASA_m2_cm3,7.025488745863881
AV_VF,4.952314909876148
cm3_g,3.351469402215274
LCD,2.535180486164645
PLD,2.502857344794371
AV_cm3_g,2.4602848305865006
Has_OMS,2.153418585027041
LFPD,2.0858184594982396
NASA_m2_cm3,0.7363805562027329
NASA_m2_g,0.4979784681084088
NAV_cm3_g,0.10728477394896196
