{
  "R2": 0.9526842304156777,
  "MAE": 0.10541391806453007,
  "RMSE": 0.02913439638339574,
  "MAPE(%)": 5.323895524932032
}