Feature,Importance
0.05,76.53689931360802
ASA_m2_g,4.87393159931668
ASA_m2_cm3,3.6179318591728324
AV_VF,2.7912240843548632
AV_cm3_g,2.444574560268081
cm3_g,2.373295582631581
LCD,1.7121138467764254
LFPD,1.4757363446003007
PLD,1.4055659191383898
Has_OMS,1.326102058559969
NASA_m2_g,0.7250259981581776
NASA_m2_cm3,0.6732362337926672
NAV_cm3_g,0.04436259962197511
