{
  "R2": 0.9783648220495403,
  "MAE": 0.03350308976782191,
  "RMSE": 0.0024836613718755038,
  "MAPE(%)": 3.023117110568227
}