Feature,Importance
0.5,59.677150868134994
ASA_m2_g,11.327678743487356
AV_cm3_g,6.841377950673385
AV_VF,5.5411696080287935
ASA_m2_cm3,5.214130840857119
cm3_g,3.404587980027444
PLD,2.1516920136058846
LCD,1.9125031764208311
LFPD,1.492531190981922
Has_OMS,0.9987889484723387
NASA_m2_cm3,0.7796497772141449
NASA_m2_g,0.5759968124534511
NAV_cm3_g,0.08274208964234567
