{
  "R2": 0.9700184580149837,
  "MAE": 0.10666201215404895,
  "RMSE": 0.03563292220252766,
  "MAPE(%)": 4.567088639295445
}