Feature,Importance
0.01,48.06872975205714
ASA_m2_g,17.176163193975025
ASA_m2_cm3,8.186847387288514
AV_cm3_g,5.3458503429581805
cm3_g,4.779266575603254
AV_VF,4.246204472840339
LCD,3.2093401668781554
PLD,3.0235819854110755
LFPD,2.3647075342955812
Has_OMS,1.5088500381632104
NASA_m2_g,1.0958033875638102
NASA_m2_cm3,0.906187513788778
NAV_cm3_g,0.08846764917693149
