temp,lowp,outp,seed,mode,qt_frac,train_ratio,out_root,model,R2,MAE,RMSE,MAPE(%)
273K,0.01,15,2026,lowq,0.05,0.5,./RUN_FULL_EXP,cat,0.9583087032348789,0.23915967046310888,0.12410418911064149,6.798850734972783
