{
  "R2": 0.9583087032348789,
  "MAE": 0.23915967046310888,
  "RMSE": 0.12410418911064149,
  "MAPE(%)": 6.798850734972783
}