{
  "R2": 0.9811725257620396,
  "MAE": 0.05460443550298043,
  "RMSE": 0.008967997662709084,
  "MAPE(%)": 4.031465201116868
}