Feature,Importance
HENRY,65.3353631940686
ASA_m2_g,6.969008861118059
ASA_m2_cm3,6.589652203509017
AV_VF,5.174216437117835
AV_cm3_g,2.62848787488427
LCD,2.5599407065224073
cm3_g,2.539951257465697
PLD,2.338708069936658
LFPD,2.2764664483879606
Has_OMS,1.6609624451739071
NASA_m2_g,1.1200660388487458
NASA_m2_cm3,0.7469784368418557
NAV_cm3_g,0.06019802612497935
