{
  "R2": 0.9497226912778276,
  "MAE": 0.10325147520983832,
  "RMSE": 0.0258814637567943,
  "MAPE(%)": 5.178362310196822
}