{
  "R2": 0.9911731868810065,
  "MAE": 0.009502235738984463,
  "RMSE": 0.00022479007566540802,
  "MAPE(%)": 2.6334108510790455
}