{
  "R2": 0.976254022937208,
  "MAE": 0.10878939033531732,
  "RMSE": 0.024974591965567828,
  "MAPE(%)": 4.592178712288735
}