Feature,Importance
0.05,83.39399894158826
ASA_m2_g,2.422978149987303
AV_VF,2.044706230693038
ASA_m2_cm3,1.9314073513622159
cm3_g,1.8976018322272286
AV_cm3_g,1.5974419083870341
PLD,1.5019803956572528
LFPD,1.3169889243309283
LCD,1.283525872746315
Has_OMS,1.2625588439928332
NASA_m2_cm3,0.6467344300578339
NASA_m2_g,0.6246197909320332
NAV_cm3_g,0.07545732803775339
