{
  "R2": 0.9859885857443499,
  "MAE": 0.013680839512708744,
  "RMSE": 0.0004855075025829263,
  "MAPE(%)": 2.4934741065791663
}