Feature,Importance
0.5,63.08021842218169
ASA_m2_g,12.5278589189614
ASA_m2_cm3,4.6079657616057785
AV_VF,4.493048701038617
AV_cm3_g,4.2866079553747705
cm3_g,3.064225818476081
LCD,2.0560674101481484
PLD,1.8777519384929253
LFPD,1.4934625608092218
Has_OMS,1.1765100122368033
NASA_m2_cm3,0.8286120582763471
NASA_m2_g,0.43451033306884207
NAV_cm3_g,0.07316010932938803
