{
  "R2": 0.9724125997439494,
  "MAE": 0.10540868985951814,
  "RMSE": 0.022535796347734484,
  "MAPE(%)": 4.211126557420516
}