{
  "R2": 0.9863943013591973,
  "MAE": 0.0068905129204715025,
  "RMSE": 8.761838616309044e-05,
  "MAPE(%)": 2.6367101583565202
}