Feature,Importance
0.5,92.22265133584521
AV_cm3_g,0.9953057495331871
cm3_g,0.8681855728458251
ASA_m2_g,0.8551558051851047
AV_VF,0.8421747826521351
Has_OMS,0.8151002971107708
ASA_m2_cm3,0.7437016637444714
LCD,0.6862396315366625
NASA_m2_cm3,0.5780987532844228
PLD,0.4945263259936002
LFPD,0.4833697756608243
NASA_m2_g,0.306015308142236
NAV_cm3_g,0.10947499846556338
