temp,lowp,outp,seed,mode,qt_frac,train_ratio,out_root,model,R2,MAE,RMSE,MAPE(%)
273K,0.5,1,2029,lowq,0.75,0.5,./RUN_FULL_EXP,cat,0.9949550466792588,0.009288445404493311,0.0001852867343399289,1.6865737961574145
