{
  "R2": 0.9949550466792588,
  "MAE": 0.009288445404493311,
  "RMSE": 0.0001852867343399289,
  "MAPE(%)": 1.6865737961574145
}