Feature,Importance
0.05,72.04253712918847
ASA_m2_g,5.999895634441012
ASA_m2_cm3,4.099319042764142
AV_VF,3.7216047514123893
cm3_g,2.7486764912191313
AV_cm3_g,2.551902416500139
LCD,2.0804309665191387
Has_OMS,2.0006144776454
LFPD,1.7856461531985734
PLD,1.7119067588475307
NASA_m2_cm3,0.8366528947354458
NASA_m2_g,0.35129461904167103
NAV_cm3_g,0.06951866448693382
