{
  "R2": 0.9669301616462516,
  "MAE": 0.05704606431965094,
  "RMSE": 0.007860489693290493,
  "MAPE(%)": 3.7963474282638328
}