{
  "R2": 0.9871379130105677,
  "MAE": 0.01629224398646526,
  "RMSE": 0.0006338992412834358,
  "MAPE(%)": 3.0846852393927517
}