temp,lowp,outp,seed,mode,qt_frac,train_ratio,out_root,model,R2,MAE,RMSE,MAPE(%)
273K,0.01,1,2029,struct_with_input,0.55,0.55,./RUN_FULL_EXP,cat,0.9871379130105677,0.01629224398646526,0.0006338992412834358,3.0846852393927517
