{
  "R2": 0.9875323705321762,
  "MAE": 0.01584822898777238,
  "RMSE": 0.0009059724516421795,
  "MAPE(%)": 2.8296545019199577
}