temp,lowp,outp,seed,mode,qt_frac,train_ratio,out_root,model,R2,MAE,RMSE,MAPE(%)
273K,HENRY,1,2029,lowq,0.25,0.5,./RUN_FULL_EXP,cat,0.9875323705321762,0.01584822898777238,0.0009059724516421795,2.8296545019199577
