Feature,Importance
0.05,86.26942685021345
ASA_m2_g,1.7937491024506333
cm3_g,1.667135699111156
AV_cm3_g,1.5295978504982586
Has_OMS,1.5274042029233872
ASA_m2_cm3,1.2685536428595456
LCD,1.2642403433945866
AV_VF,1.2244254611836434
LFPD,1.1852300855541817
PLD,0.9502009468201703
NASA_m2_g,0.7020218735009119
NASA_m2_cm3,0.5553844454447341
NAV_cm3_g,0.0626294960453843
