temp,lowp,outp,seed,mode,qt_frac,train_ratio,out_root,model,R2,MAE,RMSE,MAPE(%)
293K,0.05,1,2027,lowq,0.75,0.5,./RUN_FULL_EXP,cat,0.9912389263382644,0.007667333677441757,0.00013346420519066797,2.0490971140928367
