{
  "R2": 0.9912389263382644,
  "MAE": 0.007667333677441757,
  "RMSE": 0.00013346420519066797,
  "MAPE(%)": 2.0490971140928367
}