{
  "R2": 0.964703318019605,
  "MAE": 0.16540623329677617,
  "RMSE": 0.05945301088594477,
  "MAPE(%)": 5.4944954170816365
}