temp,lowp,outp,seed,mode,qt_frac,train_ratio,out_root,model,R2,MAE,RMSE,MAPE(%)
293K,0.05,15,2026,lowq,0.25,0.5,./RUN_FULL_EXP,cat,0.964703318019605,0.16540623329677617,0.05945301088594477,5.4944954170816365
