Feature,Importance
PLD,14.513340247463038
cm3_g,13.956085053880626
Has_OMS,11.53381863047899
AV_VF,11.093057042220432
LCD,10.84096789506483
ASA_m2_cm3,10.141350993823728
LFPD,9.711077646406585
ASA_m2_g,7.345627893723976
AV_cm3_g,6.898078737155094
NASA_m2_cm3,2.293583413463922
NASA_m2_g,1.6333389009170545
NAV_cm3_g,0.039673545401729286
