{
  "R2": 0.2641468160741277,
  "MAE": 0.13509822735804974,
  "RMSE": 0.05544761758193466,
  "MAPE(%)": 50.912255428786764
}