{
  "R2": 0.5415132378147323,
  "MAE": 0.32505231669144097,
  "RMSE": 0.23410511933250785,
  "MAPE(%)": 29.025285071968277
}