Feature,Importance
0.01,71.1968372424919
ASA_m2_g,4.81902358761226
ASA_m2_cm3,3.860515665938619
AV_cm3_g,3.7624715333348346
AV_VF,3.5263839557275416
LCD,2.6608832457898033
cm3_g,2.44045200245908
Has_OMS,2.0180943479238524
LFPD,1.9564137713457717
PLD,1.6214466549811624
NASA_m2_cm3,1.1210183756895242
NASA_m2_g,0.8510283702928974
NAV_cm3_g,0.16543124641276405
