{
  "R2": 0.9641696173329607,
  "MAE": 0.07302120506032962,
  "RMSE": 0.015778153538338092,
  "MAPE(%)": 5.3525211709484335
}