Feature,Importance
cm3_g,14.413342209321781
AV_VF,13.878780413751715
PLD,12.971811812291376
ASA_m2_cm3,12.131144177269533
Has_OMS,10.257062555413315
ASA_m2_g,9.224394885779226
LFPD,8.810264186100413
LCD,8.183935685732472
AV_cm3_g,6.424303807144345
NASA_m2_g,1.699522866292012
NASA_m2_cm3,1.5623683201278125
NAV_cm3_g,0.44306908077601354
