{
  "R2": 0.5820092296519472,
  "MAE": 0.3121566694989948,
  "RMSE": 0.20648845527486287,
  "MAPE(%)": 28.847022187826575
}