{
  "R2": 0.9180250204209042,
  "MAE": 0.10392457156102618,
  "RMSE": 0.025127488794425227,
  "MAPE(%)": 9.153161552202898
}