Feature,Importance
0.1,66.74043400175576
ASA_m2_cm3,7.24290264011948
ASA_m2_g,6.184091922752373
AV_VF,4.003154855646841
AV_cm3_g,3.4882104631668653
cm3_g,2.48993796267196
PLD,2.313596043758601
LCD,2.292841567965783
LFPD,2.0987142797920426
Has_OMS,1.550958513335212
NASA_m2_cm3,0.8151014103414881
NASA_m2_g,0.6987810191335809
NAV_cm3_g,0.0812753195600091
