{
  "R2": 0.9559710288913612,
  "MAE": 0.09736176157515583,
  "RMSE": 0.02119365781313981,
  "MAPE(%)": 4.806781271176418
}