{
  "R2": 0.9658084194092385,
  "MAE": 0.16667542656880424,
  "RMSE": 0.05767819302074524,
  "MAPE(%)": 5.472054705229594
}