temp,lowp,outp,seed,mode,qt_frac,train_ratio,out_root,model,R2,MAE,RMSE,MAPE(%)
293K,0.01,15,2028,lowq,0.25,0.5,./RUN_FULL_EXP,cat,0.9658084194092385,0.16667542656880424,0.05767819302074524,5.472054705229594
