{
  "R2": 0.9936855938410838,
  "MAE": 0.027094114305071488,
  "RMSE": 0.0016262079116756408,
  "MAPE(%)": 2.1405072378533156
}