{
  "R2": 0.9958132254725548,
  "MAE": 0.005326284465648129,
  "RMSE": 5.875082999589309e-05,
  "MAPE(%)": 1.4057794202372473
}