Feature,Importance
0.01,71.15786319180118
ASA_m2_cm3,4.35584601999489
AV_cm3_g,3.591522671457108
ASA_m2_g,3.4054509137465034
AV_VF,3.0899828138742236
LFPD,2.8850447839406823
cm3_g,2.740387798347189
LCD,2.6084774155457313
Has_OMS,2.2396256127850243
PLD,2.038115438244046
NASA_m2_cm3,1.1229574294654572
NASA_m2_g,0.7630171631932544
NAV_cm3_g,0.001708747604694116
