{
  "R2": 0.9285624659756805,
  "MAE": 0.10400179573845458,
  "RMSE": 0.03518274133821845,
  "MAPE(%)": 8.992176298281382
}