{
  "R2": 0.9797533483568336,
  "MAE": 0.013362822974631375,
  "RMSE": 0.0014646492888480106,
  "MAPE(%)": 3.3796003667254353
}