{
  "R2": 0.8740359447303169,
  "MAE": 0.12327882111261529,
  "RMSE": 0.03809733336821694,
  "MAPE(%)": 10.08877066152245
}