{
  "R2": 0.9588918430561737,
  "MAE": 0.17618631988264719,
  "RMSE": 0.07921683499840611,
  "MAPE(%)": 6.159994406665024
}