Feature,Importance
cm3_g,15.942069879363542
AV_VF,14.566191050963436
ASA_m2_g,14.522251857709225
ASA_m2_cm3,12.437247555152457
PLD,10.525881576298053
AV_cm3_g,7.774464091055097
LCD,7.414969438938707
Has_OMS,7.006602168904446
LFPD,6.332742159957504
NASA_m2_g,1.6598038847358736
NASA_m2_cm3,1.4101389682161753
NAV_cm3_g,0.40763736870546496
