{
  "R2": 0.7444224097613434,
  "MAE": 0.4955250916239703,
  "RMSE": 0.483209977275546,
  "MAPE(%)": 21.32921004952913
}