temp,lowp,outp,seed,mode,qt_frac,train_ratio,out_root,model,R2,MAE,RMSE,MAPE(%)
293K,0.01,15,2027,struct,0.0,0.75,./RUN_FULL_EXP,cat,0.7444224097613434,0.4955250916239703,0.483209977275546,21.32921004952913
