{
  "R2": 0.9837486068506262,
  "MAE": 0.031045147693078857,
  "RMSE": 0.0033493005508514143,
  "MAPE(%)": 2.858759443833284
}