{
  "R2": 0.9703589522026033,
  "MAE": 0.06461459802477641,
  "RMSE": 0.011044915689798488,
  "MAPE(%)": 4.539218516359729
}