{
  "R2": 0.9939258833647532,
  "MAE": 0.023349185721145384,
  "RMSE": 0.0011884376628419255,
  "MAPE(%)": 1.7553800618801734
}