{
  "R2": 0.9724391182124528,
  "MAE": 0.016792749475931446,
  "RMSE": 0.0014877831529007837,
  "MAPE(%)": 5.181388909174626
}