temp,lowp,outp,seed,mode,qt_frac,train_ratio,out_root,model,R2,MAE,RMSE,MAPE(%)
293K,0.01,1,2028,struct_with_input,0.1,0.1,./RUN_FULL_EXP,cat,0.9724391182124528,0.016792749475931446,0.0014877831529007837,5.181388909174626
