Feature,Importance
HENRY,75.79099434545184
ASA_m2_g,4.439104327640538
ASA_m2_cm3,3.6917497524116247
AV_cm3_g,3.2947823810586074
AV_VF,2.9651234293456343
cm3_g,2.2960565287367447
LFPD,1.832163462908679
Has_OMS,1.467573315013589
LCD,1.4383870072370937
PLD,1.2386555896377283
NASA_m2_cm3,0.838229968413138
NASA_m2_g,0.6216545067777051
NAV_cm3_g,0.08552538536707956
