{
  "R2": 0.9820375644387765,
  "MAE": 0.032737253178248195,
  "RMSE": 0.002568329164700794,
  "MAPE(%)": 2.987283464508689
}