{
  "R2": 0.9913979986794234,
  "MAE": 0.03559245416475614,
  "RMSE": 0.003313727684734717,
  "MAPE(%)": 2.8384731576236284
}