{
  "R2": 0.9645953170973328,
  "MAE": 0.1640307994258196,
  "RMSE": 0.05883247075047218,
  "MAPE(%)": 5.456533531393026
}