{
  "R2": 0.9649830995928316,
  "MAE": 0.022087343994925106,
  "RMSE": 0.005140500300472374,
  "MAPE(%)": 3.8197715916657633
}