{
  "R2": 0.9547656060380219,
  "MAE": 0.17371487277581818,
  "RMSE": 0.0713424626985828,
  "MAPE(%)": 5.667849116390369
}