Feature,Importance
0.01,71.7552445937258
ASA_m2_cm3,5.470579456012374
ASA_m2_g,4.666258462594978
AV_VF,4.013056586880962
AV_cm3_g,3.068838917777431
cm3_g,2.0193466564769986
LCD,1.982645886072531
LFPD,1.9302281812811628
PLD,1.6678485563638685
Has_OMS,1.6051457939210716
NASA_m2_g,0.8853025925719931
NASA_m2_cm3,0.8150755273525113
NAV_cm3_g,0.12042878896831243
