{
  "R2": 0.9672384729656417,
  "MAE": 0.07081064046373094,
  "RMSE": 0.01648316723319132,
  "MAPE(%)": 5.159247155621148
}