{
  "R2": 0.961707872555023,
  "MAE": 0.023644794762058417,
  "RMSE": 0.005765821203296219,
  "MAPE(%)": 4.281176124927406
}