Feature,Importance
HENRY,83.58595149542339
cm3_g,2.194389930071945
ASA_m2_g,2.051057514185099
Has_OMS,1.8630379677491296
AV_cm3_g,1.7965288238070347
LCD,1.7336203852762868
LFPD,1.311444395087059
AV_VF,1.2905673164310556
PLD,1.2434411008334423
ASA_m2_cm3,1.1528517946586132
NASA_m2_cm3,0.9264507879886336
NASA_m2_g,0.7817340891067543
NAV_cm3_g,0.06892439938157055
