temp,lowp,outp,seed,mode,qt_frac,train_ratio,out_root,model,R2,MAE,RMSE,MAPE(%)
293K,HENRY,1,2027,lowq,0.4,0.5,./RUN_FULL_EXP,cat,0.9921162004721437,0.0077932288859648684,0.00019225526297155787,2.091529779883668
