{
  "R2": 0.9921162004721437,
  "MAE": 0.0077932288859648684,
  "RMSE": 0.00019225526297155787,
  "MAPE(%)": 2.091529779883668
}