{
  "R2": 0.6650770735371127,
  "MAE": 0.5732967604396901,
  "RMSE": 0.6385168406001225,
  "MAPE(%)": 24.725781120529213
}