{
  "R2": 0.9826936060785121,
  "MAE": 0.03403475116538473,
  "RMSE": 0.0027733812407088484,
  "MAPE(%)": 3.131989900107266
}