Feature,Importance
0.05,50.05360065281617
ASA_m2_g,14.315503087902043
AV_cm3_g,7.677812703085577
ASA_m2_cm3,7.136940732958825
AV_VF,5.783628046482564
cm3_g,3.5523105969799427
PLD,3.1304065946161646
LCD,2.4951809656272785
LFPD,2.4027485488795826
Has_OMS,1.5020834562592709
NASA_m2_cm3,0.9115467896397343
NASA_m2_g,0.8801879364352603
NAV_cm3_g,0.15804988831759853
