{
  "R2": 0.9487682171522389,
  "MAE": 0.2387254191531226,
  "RMSE": 0.12924903900238824,
  "MAPE(%)": 6.066551470426282
}