temp,lowp,outp,seed,mode,qt_frac,train_ratio,out_root,model,R2,MAE,RMSE,MAPE(%)
273K,0.05,15,2027,lowq,0.65,0.5,./RUN_FULL_EXP,cat,0.9487682171522389,0.2387254191531226,0.12924903900238824,6.066551470426282
