Feature,Importance
0.05,83.86671217153489
AV_cm3_g,2.266004423067082
ASA_m2_cm3,1.9055259616043663
ASA_m2_g,1.778874962559428
AV_VF,1.7555640701436406
Has_OMS,1.6376731012042396
LCD,1.5800768156563483
cm3_g,1.5633643598611426
PLD,1.3348671317111158
LFPD,1.0358747839833342
NASA_m2_cm3,0.7782431923600461
NASA_m2_g,0.3932342392442646
NAV_cm3_g,0.10398478707013455
