{
  "R2": 0.9863073128103484,
  "MAE": 0.014894760390281142,
  "RMSE": 0.0006193397087712448,
  "MAPE(%)": 2.7424943275240508
}