temp,lowp,outp,seed,mode,qt_frac,train_ratio,out_root,model,R2,MAE,RMSE,MAPE(%)
273K,0.05,1,2029,lowq,0.6,0.5,./RUN_FULL_EXP,cat,0.9863073128103484,0.014894760390281142,0.0006193397087712448,2.7424943275240508
