{
  "R2": 0.9815282300666301,
  "MAE": 0.03179975852834123,
  "RMSE": 0.002236699495277785,
  "MAPE(%)": 2.850987725211708
}