temp,lowp,outp,seed,mode,qt_frac,train_ratio,out_root,model,R2,MAE,RMSE,MAPE(%)
313K,0.1,5,2025,lowq,0.7,0.5,./RUN_FULL_EXP,cat,0.9815282300666301,0.03179975852834123,0.002236699495277785,2.850987725211708
