Feature,Importance
0.01,79.25312066509449
Has_OMS,3.1079385148623464
ASA_m2_g,2.9768196136794467
ASA_m2_cm3,2.6189034129135673
AV_VF,2.554368333905655
PLD,1.7327811991078315
AV_cm3_g,1.6274247808864355
LCD,1.5407828589187529
LFPD,1.5279902940291938
cm3_g,1.3913298998322952
NASA_m2_g,0.8008509307211822
NASA_m2_cm3,0.7562310034867413
NAV_cm3_g,0.11145849256208322
