Feature,Importance
0.01,79.95254534999668
ASA_m2_cm3,2.8632395185115618
cm3_g,2.278425438975294
AV_VF,2.216203501556609
Has_OMS,2.1217439809401344
AV_cm3_g,2.109963766905668
PLD,2.0600071308589074
ASA_m2_g,1.7009692587868912
LFPD,1.6665055120177783
LCD,1.4322040976619175
NASA_m2_cm3,0.9715615701033009
NASA_m2_g,0.5562742942517338
NAV_cm3_g,0.0703565794334968
