{
  "R2": 0.9832742830619301,
  "MAE": 0.019358490216054628,
  "RMSE": 0.0010956529980527447,
  "MAPE(%)": 3.5744781443703597
}