temp,lowp,outp,seed,mode,qt_frac,train_ratio,out_root,model,R2,MAE,RMSE,MAPE(%)
273K,0.01,1,2028,struct_with_input,0.35,0.35,./RUN_FULL_EXP,cat,0.9799143034682749,0.01936278401717512,0.0012992965049780972,3.545078091547696
