{
  "R2": 0.9799143034682749,
  "MAE": 0.01936278401717512,
  "RMSE": 0.0012992965049780972,
  "MAPE(%)": 3.545078091547696
}