Feature,Importance
0.01,59.48079551010393
ASA_m2_cm3,7.462571063090309
ASA_m2_g,6.753929640280961
AV_VF,5.667508147600668
cm3_g,4.310043648252923
AV_cm3_g,4.162819761804848
LCD,2.844601600451672
LFPD,2.8095977638409613
PLD,2.2212083791087007
Has_OMS,1.701408233071142
NASA_m2_g,1.517168257027555
NASA_m2_cm3,1.0596292230994733
NAV_cm3_g,0.008718772266845034
