{
  "R2": 0.9388793004837013,
  "MAE": 0.2289387937307697,
  "RMSE": 0.11422721244941837,
  "MAPE(%)": 8.697546741641842
}