Feature,Importance
0.01,64.51512434517944
ASA_m2_g,7.895055450921436
ASA_m2_cm3,6.494702171286208
AV_VF,5.274106460489012
AV_cm3_g,2.915314763323074
LCD,2.473251529642876
PLD,2.3631442665942233
cm3_g,2.2992459567106716
LFPD,2.222581419004924
Has_OMS,1.9982472688412827
NASA_m2_cm3,0.8835518992774453
NASA_m2_g,0.587576869819305
NAV_cm3_g,0.07809759891011103
