{
  "R2": 0.9530674657459719,
  "MAE": 0.10224743487246897,
  "RMSE": 0.022591538034949406,
  "MAPE(%)": 5.172869960976242
}