{
  "R2": 0.9828325722303037,
  "MAE": 0.032710350080587466,
  "RMSE": 0.002684775645169873,
  "MAPE(%)": 3.0204807257356006
}