{
  "R2": 0.9798782253092182,
  "MAE": 0.034711395241947135,
  "RMSE": 0.0027020484306078127,
  "MAPE(%)": 3.1341079043252194
}