{
  "R2": 0.9743879278909748,
  "MAE": 0.03975781848326805,
  "RMSE": 0.0033101043562761695,
  "MAPE(%)": 3.597100299772419
}