Feature,Importance
0.1,86.69264467098161
AV_cm3_g,2.1756469905168627
Has_OMS,1.697669524270431
LCD,1.3690399931697579
ASA_m2_g,1.3329211615930956
cm3_g,1.283548567838413
AV_VF,1.2497496734034579
ASA_m2_cm3,1.0386499336103316
LFPD,1.005712421251209
PLD,0.9753297979464571
NASA_m2_cm3,0.8818383206908081
NASA_m2_g,0.27229924963264385
NAV_cm3_g,0.024949695094921787
