temp,lowp,outp,seed,mode,qt_frac,train_ratio,out_root,model,R2,MAE,RMSE,MAPE(%)
293K,0.1,1,2029,lowq,0.3,0.5,./RUN_FULL_EXP,cat,0.9931056260789822,0.007942529120592994,0.0001958240349406668,2.138071192066508
