{
  "R2": 0.9931056260789822,
  "MAE": 0.007942529120592994,
  "RMSE": 0.0001958240349406668,
  "MAPE(%)": 2.138071192066508
}