Feature,Importance
0.1,77.08868798077464
AV_VF,3.626981030521841
cm3_g,3.1065213453685954
ASA_m2_g,3.042986770187902
ASA_m2_cm3,2.952203298809536
AV_cm3_g,2.5768911470571885
Has_OMS,2.1344974231231126
LCD,1.71305534821313
PLD,1.5353601855507333
LFPD,1.1900123714912516
NASA_m2_cm3,0.604031016248521
NASA_m2_g,0.3473721151905456
NAV_cm3_g,0.08139996746300213
