{
  "R2": 0.9826847186988914,
  "MAE": 0.034276975426732255,
  "RMSE": 0.0030723888761082607,
  "MAPE(%)": 3.166180436103425
}