temp,lowp,outp,seed,mode,qt_frac,train_ratio,out_root,model,R2,MAE,RMSE,MAPE(%)
313K,0.1,5,2029,lowq,0.35,0.5,./RUN_FULL_EXP,cat,0.9826847186988914,0.034276975426732255,0.0030723888761082607,3.166180436103425
