temp,lowp,outp,seed,mode,qt_frac,train_ratio,out_root,model,R2,MAE,RMSE,MAPE(%)
273K,0.05,5,2028,lowq,0.25,0.5,./RUN_FULL_EXP,cat,0.961935227706735,0.1017718644442297,0.0258797078303628,5.234493080910061
