{
  "R2": 0.961935227706735,
  "MAE": 0.1017718644442297,
  "RMSE": 0.0258797078303628,
  "MAPE(%)": 5.234493080910061
}