{
  "R2": 0.9846801311698058,
  "MAE": 0.01757190001997881,
  "RMSE": 0.0008495661011881239,
  "MAPE(%)": 3.281175922756927
}