{
  "R2": 0.9951709052570336,
  "MAE": 0.004493788571055458,
  "RMSE": 4.3138324264473114e-05,
  "MAPE(%)": 1.7453165598547968
}