Feature,Importance
0.05,59.0687707437538
ASA_m2_g,12.92457575040101
ASA_m2_cm3,5.875739735289999
AV_cm3_g,4.960361170472337
AV_VF,4.95017627427287
cm3_g,3.537653846428206
LCD,2.0313253356476695
PLD,1.9639677270298004
LFPD,1.7299479479050504
Has_OMS,1.342749814046061
NASA_m2_cm3,0.9650500134321164
NASA_m2_g,0.5815510237109054
NAV_cm3_g,0.06813061761017193
