{
  "R2": 0.9652688039577577,
  "MAE": 0.11476348605683807,
  "RMSE": 0.0403418399608676,
  "MAPE(%)": 4.7616800531172885
}