{
  "R2": 0.9718769509947955,
  "MAE": 0.05946268443562252,
  "RMSE": 0.010178340808370186,
  "MAPE(%)": 4.112408210987498
}