Feature,Importance
0.01,70.67364846557261
ASA_m2_g,6.363918774193859
AV_VF,4.7805130784174565
ASA_m2_cm3,4.660314091965487
AV_cm3_g,3.2819687772949626
LCD,2.019144056107707
PLD,1.9130720146447773
LFPD,1.8232730463997768
cm3_g,1.7706572764992736
Has_OMS,1.3498707342331568
NASA_m2_cm3,0.7886080178474711
NASA_m2_g,0.5420176751667571
NAV_cm3_g,0.03299399165668061
