{
  "R2": 0.9738935585060666,
  "MAE": 0.060598416511767186,
  "RMSE": 0.008484172134819121,
  "MAPE(%)": 4.191483208578351
}