{
  "R2": 0.5758543450856894,
  "MAE": 0.3059458968748336,
  "RMSE": 0.20318897832042657,
  "MAPE(%)": 29.925208062418285
}