Feature,Importance
0.01,52.62632490267957
ASA_m2_g,16.348007948822907
AV_cm3_g,6.569926837078257
ASA_m2_cm3,6.507375881113366
AV_VF,4.396402674373979
cm3_g,3.1033609706770906
PLD,2.9767093899673083
LCD,2.2495473474557297
LFPD,1.8824602137306068
Has_OMS,1.6042951062963637
NASA_m2_cm3,1.024321000849235
NASA_m2_g,0.6241550549241767
NAV_cm3_g,0.08711267203139303
