Feature,Importance
0.05,56.1514793057375
ASA_m2_g,14.544930929518065
ASA_m2_cm3,5.693555672835559
AV_cm3_g,5.360490345489713
AV_VF,5.134792975651028
cm3_g,3.009499198434061
LCD,2.7644022727531348
PLD,2.3231543279029916
LFPD,2.0465532650914375
Has_OMS,1.5153920917223715
NASA_m2_cm3,0.9534869499579526
NASA_m2_g,0.44687032423549006
NAV_cm3_g,0.05539234067066517
