{
  "R2": 0.9639806149570694,
  "MAE": 0.16457918546676936,
  "RMSE": 0.05652803731075569,
  "MAPE(%)": 5.406254489363245
}