Feature,Importance
0.1,84.93921129770844
ASA_m2_cm3,2.2844792065018
Has_OMS,2.226412448748135
AV_cm3_g,2.0547897146857874
cm3_g,1.9008361890178396
AV_VF,1.4698954759930711
PLD,1.158666497050299
LCD,1.0976076672509143
ASA_m2_g,0.9869987097874887
LFPD,0.9833966510396893
NASA_m2_cm3,0.6025222474927121
NASA_m2_g,0.2435963418580263
NAV_cm3_g,0.05158755286579918
