{
  "R2": 0.9654065648088591,
  "MAE": 0.019072141683375187,
  "RMSE": 0.004363472037545813,
  "MAPE(%)": 3.1918198942156075
}