temp,lowp,outp,seed,mode,qt_frac,train_ratio,out_root,model,R2,MAE,RMSE,MAPE(%)
273K,0.1,1,2028,lowq,0.05,0.5,./RUN_FULL_EXP,cat,0.9654065648088591,0.019072141683375187,0.004363472037545813,3.1918198942156075
