{
  "R2": 0.948285947638343,
  "MAE": 0.19918586678641637,
  "RMSE": 0.09940410975812881,
  "MAPE(%)": 7.309385163562683
}