Feature,Importance
0.05,52.19931783455772
ASA_m2_g,12.171230204073066
AV_VF,7.908383754028204
ASA_m2_cm3,6.435493689284671
AV_cm3_g,6.1886101112246985
cm3_g,3.907559588651993
PLD,2.961636873314027
LFPD,2.5080709105104115
Has_OMS,2.0197738111468513
LCD,1.745305535984776
NASA_m2_cm3,1.0914661952063958
NASA_m2_g,0.792273934598632
NAV_cm3_g,0.07087755741855467
