temp,lowp,outp,seed,mode,qt_frac,train_ratio,out_root,model,R2,MAE,RMSE,MAPE(%)
273K,0.05,15,2028,lowq,0.5,0.5,./RUN_FULL_EXP,cat,0.9534279288517578,0.24037469791238467,0.1180882667829557,6.243855349269078
