{
  "R2": 0.9534279288517578,
  "MAE": 0.24037469791238467,
  "RMSE": 0.1180882667829557,
  "MAPE(%)": 6.243855349269078
}