{
  "R2": 0.9386841475857974,
  "MAE": 0.08354080002807517,
  "RMSE": 0.019060956814416503,
  "MAPE(%)": 6.555711736215726
}