Feature,Importance
0.1,86.0540804559699
Has_OMS,2.061488975628138
cm3_g,1.763040142364794
AV_cm3_g,1.6601172859343927
ASA_m2_g,1.6187541508345935
LFPD,1.1798537339463038
AV_VF,1.1167535723066873
ASA_m2_cm3,1.0357959881835712
LCD,1.0214488403378061
PLD,0.8468176265272149
NASA_m2_cm3,0.8123626330713223
NASA_m2_g,0.7652884980219637
NAV_cm3_g,0.06419809687331003
