{
  "R2": 0.9932296502561133,
  "MAE": 0.007672026315932278,
  "RMSE": 0.00017086054225365772,
  "MAPE(%)": 2.0951206567410323
}