{
  "R2": 0.967942317256191,
  "MAE": 0.10775007977411336,
  "RMSE": 0.023836895686766287,
  "MAPE(%)": 4.26016916384829
}