Feature,Importance
0.5,91.36404212837698
ASA_m2_g,1.4966515701427447
Has_OMS,1.099053006344619
cm3_g,1.0180126714742734
AV_cm3_g,0.8027982097603197
ASA_m2_cm3,0.7560352390175188
PLD,0.7127688678383036
LFPD,0.6432371789965916
LCD,0.6285933063195683
NASA_m2_cm3,0.48730355066662967
AV_VF,0.41314640827678056
NASA_m2_g,0.407682810013565
NAV_cm3_g,0.17067505277208508
