{
  "R2": 0.995083841945646,
  "MAE": 0.010146752459381478,
  "RMSE": 0.00025926779687891787,
  "MAPE(%)": 1.841278214586792
}