temp,lowp,outp,seed,mode,qt_frac,train_ratio,out_root,model,R2,MAE,RMSE,MAPE(%)
273K,0.5,1,2027,lowq,0.5,0.5,./RUN_FULL_EXP,cat,0.995083841945646,0.010146752459381478,0.00025926779687891787,1.841278214586792
