Feature,Importance
0.05,48.132813697121996
ASA_m2_g,15.648487444641189
ASA_m2_cm3,8.072328109821258
AV_cm3_g,7.779599473438945
AV_VF,6.372386064910442
cm3_g,3.364377194956092
PLD,2.796767274539329
LCD,2.4610236958397858
LFPD,2.1275324566880314
Has_OMS,1.4475721872299943
NASA_m2_g,0.8668188097339516
NASA_m2_cm3,0.8423404641332605
NAV_cm3_g,0.08795312694574162
