{
  "R2": 0.9519540395296773,
  "MAE": 0.23924819312827147,
  "RMSE": 0.11607619440667731,
  "MAPE(%)": 6.123548460482676
}