Feature,Importance
ASA_m2_g,16.470291343953814
AV_VF,14.646161280648233
cm3_g,14.38788412675825
PLD,11.050576332016313
ASA_m2_cm3,10.92509560063934
LCD,8.244115804538819
AV_cm3_g,8.176041769858871
Has_OMS,6.982046319097224
LFPD,6.203543672524644
NASA_m2_g,1.2427198693390356
NASA_m2_cm3,1.2192290151079377
NAV_cm3_g,0.4522948655175188
