{
  "R2": 0.7212748590610683,
  "MAE": 0.5179770637895426,
  "RMSE": 0.5335266688519393,
  "MAPE(%)": 21.63278733974984
}