Feature,Importance
0.01,53.98612823195676
ASA_m2_g,13.939703771132791
ASA_m2_cm3,6.636453194892201
cm3_g,5.563776373164411
AV_VF,4.997923855932019
AV_cm3_g,4.849219124012213
PLD,2.563673081176832
LFPD,2.2164877808263106
LCD,2.1633010821136422
Has_OMS,1.4472100119121134
NASA_m2_cm3,0.9324265411957319
NASA_m2_g,0.5934520164384457
NAV_cm3_g,0.11024493524656964
