{
  "R2": 0.9556699417759409,
  "MAE": 0.24077593539094624,
  "RMSE": 0.11747509612481177,
  "MAPE(%)": 6.3416359237817925
}