{
  "R2": 0.9706058125616251,
  "MAE": 0.013885476141555476,
  "RMSE": 0.0019128682226594786,
  "MAPE(%)": 3.822675191165133
}