Feature,Importance
0.5,55.1402017833208
ASA_m2_g,13.939323436773972
AV_cm3_g,6.656079287649832
AV_VF,6.186078293522831
ASA_m2_cm3,5.433165219899812
cm3_g,3.595010608476141
PLD,2.36730994766436
LCD,2.0524260174376168
LFPD,2.011472259732225
Has_OMS,0.9920522236678555
NASA_m2_cm3,0.8790079849829355
NASA_m2_g,0.6723247640256496
NAV_cm3_g,0.07554817284595453
