{
  "R2": 0.9619094336791597,
  "MAE": 0.15675936473491556,
  "RMSE": 0.04831982613362531,
  "MAPE(%)": 4.922926133775173
}