temp,lowp,outp,seed,mode,qt_frac,train_ratio,out_root,model,R2,MAE,RMSE,MAPE(%)
293K,0.05,1,2029,lowq,0.5,0.5,./RUN_FULL_EXP,cat,0.9927683604255095,0.00812479850352423,0.00015478390538729077,2.2431700406339345
