{
  "R2": 0.9927683604255095,
  "MAE": 0.00812479850352423,
  "RMSE": 0.00015478390538729077,
  "MAPE(%)": 2.2431700406339345
}