temp,lowp,outp,seed,mode,qt_frac,train_ratio,out_root,model,R2,MAE,RMSE,MAPE(%)
293K,0.01,1,2027,struct_with_input,0.35,0.35,./RUN_FULL_EXP,cat,0.9908415865173321,0.010469547959648601,0.00024968050232025994,2.929165024691225
