{
  "R2": 0.9908415865173321,
  "MAE": 0.010469547959648601,
  "RMSE": 0.00024968050232025994,
  "MAPE(%)": 2.929165024691225
}