Feature,Importance
HENRY,47.54958972592507
ASA_m2_g,18.74254716561089
AV_cm3_g,6.459870487990588
ASA_m2_cm3,6.441633462313378
cm3_g,4.66620682976995
AV_VF,4.212277871599152
PLD,3.0821508040900176
LFPD,2.7835865124325707
LCD,2.3417673242410997
Has_OMS,1.7414995188383224
NASA_m2_cm3,0.954393269805368
NASA_m2_g,0.8332696068759577
NAV_cm3_g,0.19120742050765052
