{
  "R2": 0.9594297932358071,
  "MAE": 0.23376788818100347,
  "RMSE": 0.11522622164347154,
  "MAPE(%)": 6.47858239894369
}