temp,lowp,outp,seed,mode,qt_frac,train_ratio,out_root,model,R2,MAE,RMSE,MAPE(%)
273K,HENRY,15,2027,lowq,0.1,0.5,./RUN_FULL_EXP,cat,0.9594297932358071,0.23376788818100347,0.11522622164347154,6.47858239894369
