{
  "R2": 0.9717695187784721,
  "MAE": 0.011389614270176962,
  "RMSE": 0.0019043518164010443,
  "MAPE(%)": 2.8711517360966528
}