temp,lowp,outp,seed,mode,qt_frac,train_ratio,out_root,model,R2,MAE,RMSE,MAPE(%)
273K,HENRY,1,2025,lowq,0.05,0.5,./RUN_FULL_EXP,cat,0.9795673359734534,0.019483965252527036,0.00261350817512926,3.337185821585426
