{
  "R2": 0.9795673359734534,
  "MAE": 0.019483965252527036,
  "RMSE": 0.00261350817512926,
  "MAPE(%)": 3.337185821585426
}