{
  "R2": 0.9672146600930711,
  "MAE": 0.16745391048484567,
  "RMSE": 0.06319489542201202,
  "MAPE(%)": 5.929235092860372
}