{
  "R2": 0.9430971091576164,
  "MAE": 0.018772151142808224,
  "RMSE": 0.0037796274160112322,
  "MAPE(%)": 5.5031533342230095
}