{
  "R2": 0.9688203805866834,
  "MAE": 0.0665137931041396,
  "RMSE": 0.012097654518439275,
  "MAPE(%)": 4.654349565235166
}