{
  "R2": 0.9701946605376399,
  "MAE": 0.1093111895088651,
  "RMSE": 0.02450603902764416,
  "MAPE(%)": 4.3812435090459365
}