temp,lowp,outp,seed,mode,qt_frac,train_ratio,out_root,model,R2,MAE,RMSE,MAPE(%)
313K,0.1,15,2027,lowq,0.65,0.5,./RUN_FULL_EXP,cat,0.9701946605376399,0.1093111895088651,0.02450603902764416,4.3812435090459365
