{
  "R2": 0.9757695049923185,
  "MAE": 0.05951046203127931,
  "RMSE": 0.011407528146836137,
  "MAPE(%)": 3.899318646465471
}