{
  "R2": 0.9802747384919003,
  "MAE": 0.05813208696666186,
  "RMSE": 0.008131786445421115,
  "MAPE(%)": 4.744558895825712
}