{
  "R2": 0.9913701564652291,
  "MAE": 0.037454345624364054,
  "RMSE": 0.003151027741091086,
  "MAPE(%)": 3.0855942095428546
}