Feature,Importance
Has_OMS,15.201350078806982
cm3_g,14.732937501565893
PLD,13.61043140178965
AV_VF,10.899621303074841
ASA_m2_cm3,10.844227746985622
LCD,8.79841084807133
LFPD,8.542619315371265
ASA_m2_g,6.90430290037334
AV_cm3_g,6.557190542698952
NASA_m2_cm3,1.8613809125866083
NASA_m2_g,1.8184231750894948
NAV_cm3_g,0.22910427358602917
