{
  "R2": 0.4044985800980744,
  "MAE": 0.17739095104600677,
  "RMSE": 0.09144552614497899,
  "MAPE(%)": 50.94434163599293
}