{
  "R2": 0.4447563605143824,
  "MAE": 0.17304121479794504,
  "RMSE": 0.08094496913934825,
  "MAPE(%)": 47.093645990263724
}