Feature,Importance
0.01,81.32720414352666
cm3_g,2.4779807382524184
Has_OMS,2.385581357223625
AV_cm3_g,2.0424513649243496
ASA_m2_g,1.9553556724216867
LCD,1.9363929019102943
PLD,1.7964676102018977
LFPD,1.528545674551147
NASA_m2_g,1.3081048628031573
AV_VF,1.2408667360978798
ASA_m2_cm3,1.1652732774507935
NASA_m2_cm3,0.759898509290378
NAV_cm3_g,0.0758771513457157
