{
  "R2": 0.989806150632564,
  "MAE": 0.011448400930600794,
  "RMSE": 0.0003102626808880862,
  "MAPE(%)": 3.3654138034846217
}