Feature,Importance
0.5,92.08849701716495
AV_cm3_g,1.3970327003606933
AV_VF,0.9927007796311966
LCD,0.796119649651381
Has_OMS,0.7887108047626646
ASA_m2_cm3,0.7454670418031818
PLD,0.7017640665745178
cm3_g,0.6462247777217207
LFPD,0.5880250509869756
ASA_m2_g,0.5111547120115006
NASA_m2_cm3,0.4696774888079656
NASA_m2_g,0.17074851877339287
NAV_cm3_g,0.10387739174985568
