{
  "R2": 0.9941659828259336,
  "MAE": 0.009707626196705515,
  "RMSE": 0.00019954932125853115,
  "MAPE(%)": 1.7391002390657166
}