temp,lowp,outp,seed,mode,qt_frac,train_ratio,out_root,model,R2,MAE,RMSE,MAPE(%)
273K,0.5,1,2028,lowq,0.8,0.5,./RUN_FULL_EXP,cat,0.9941659828259336,0.009707626196705515,0.00019954932125853115,1.7391002390657166
