{
  "R2": 0.984300792538678,
  "MAE": 0.017444634633980306,
  "RMSE": 0.0009484621441943676,
  "MAPE(%)": 3.216826552014736
}