{
  "R2": 0.990650453533401,
  "MAE": 0.010715593646531425,
  "RMSE": 0.0003187369063594728,
  "MAPE(%)": 2.9850465483207724
}