{
  "R2": 0.9619725289618806,
  "MAE": 0.17220495856249346,
  "RMSE": 0.0712508835640008,
  "MAPE(%)": 6.147131644757469
}