{
  "R2": 0.17961901317104967,
  "MAE": 0.21710583126526786,
  "RMSE": 0.12610162216921075,
  "MAPE(%)": 63.914161853338626
}