{
  "R2": 0.2562822315794736,
  "MAE": 0.21518758574794586,
  "RMSE": 0.12275687903825264,
  "MAPE(%)": 64.1546655697254
}