{
  "R2": 0.9703154580420041,
  "MAE": 0.10509043482448437,
  "RMSE": 0.023045411022473206,
  "MAPE(%)": 4.119555765256884
}