temp,lowp,outp,seed,mode,qt_frac,train_ratio,out_root,model,R2,MAE,RMSE,MAPE(%)
313K,0.5,15,2029,lowq,0.7,0.5,./RUN_FULL_EXP,cat,0.9703154580420041,0.10509043482448437,0.023045411022473206,4.119555765256884
