Feature,Importance
0.01,78.53330356289679
Has_OMS,3.9144777719694073
cm3_g,2.8662435417769645
AV_VF,2.2832456759260102
ASA_m2_cm3,1.9871655313641319
PLD,1.9694529573087112
AV_cm3_g,1.9050819505154168
LCD,1.724639418463504
LFPD,1.7088435413455862
ASA_m2_g,1.4912214921124285
NASA_m2_cm3,0.8963221089777519
NASA_m2_g,0.6865595333829149
NAV_cm3_g,0.03344291396040685
