{
  "R2": 0.9764552974289135,
  "MAE": 0.024086031895716863,
  "RMSE": 0.002259374584974275,
  "MAPE(%)": 4.620059609378192
}