temp,lowp,outp,seed,mode,qt_frac,train_ratio,out_root,model,R2,MAE,RMSE,MAPE(%)
273K,0.01,1,2025,struct_with_input,0.15,0.15,./RUN_FULL_EXP,cat,0.9792938486943125,0.024208350006035377,0.0019609108884185507,4.76587977393622
