{
  "R2": 0.9792938486943125,
  "MAE": 0.024208350006035377,
  "RMSE": 0.0019609108884185507,
  "MAPE(%)": 4.76587977393622
}