Feature,Importance
HENRY,84.65166216349994
ASA_m2_g,2.5598560659896243
cm3_g,2.3152922486151835
LCD,1.8351870140937028
LFPD,1.5550094023165353
AV_VF,1.354800128768518
AV_cm3_g,1.3150013755434695
PLD,1.2371825104554246
Has_OMS,1.2007434203214227
ASA_m2_cm3,1.114629455950695
NASA_m2_cm3,0.4988353080754532
NASA_m2_g,0.32342494093497204
NAV_cm3_g,0.03837596543504025
