{
  "R2": 0.9961832593595271,
  "MAE": 0.004381527754320767,
  "RMSE": 6.22649962087796e-05,
  "MAPE(%)": 1.7753305305281364
}