Feature,Importance
HENRY,65.50374412199712
ASA_m2_cm3,6.896174737478276
ASA_m2_g,6.805950438390952
AV_VF,4.397622697498143
AV_cm3_g,2.897162395669961
cm3_g,2.8738173380332794
PLD,2.4924242330365827
LCD,2.40821249081301
Has_OMS,2.3469991849226535
LFPD,1.931001582453438
NASA_m2_g,0.7066140817872776
NASA_m2_cm3,0.6621151381771896
NAV_cm3_g,0.07816155974213808
