{
  "R2": 0.9590223524126616,
  "MAE": 0.10285787431437703,
  "RMSE": 0.02871574100355452,
  "MAPE(%)": 5.301003866640481
}