temp,lowp,outp,seed,mode,qt_frac,train_ratio,out_root,model,R2,MAE,RMSE,MAPE(%)
273K,HENRY,5,2026,lowq,0.2,0.5,./RUN_FULL_EXP,cat,0.9590223524126616,0.10285787431437703,0.02871574100355452,5.301003866640481
