Feature,Importance
0.05,60.62340156291598
ASA_m2_g,10.120014843224581
AV_cm3_g,6.976415365863072
ASA_m2_cm3,5.654620641327864
AV_VF,5.095708396644486
cm3_g,2.813719059870616
LCD,2.047612932479395
PLD,1.9945702714728017
LFPD,1.7222010491321216
Has_OMS,1.4529283632226588
NASA_m2_cm3,0.7598740205241792
NASA_m2_g,0.6346291097592685
NAV_cm3_g,0.10430438356296448
