{
  "R2": 0.9691323690612663,
  "MAE": 0.11098488964723996,
  "RMSE": 0.025755870520865996,
  "MAPE(%)": 4.442902215635551
}