temp,lowp,outp,seed,mode,qt_frac,train_ratio,out_root,model,R2,MAE,RMSE,MAPE(%)
313K,0.05,15,2027,lowq,0.65,0.5,./RUN_FULL_EXP,cat,0.9691323690612663,0.11098488964723996,0.025755870520865996,4.442902215635551
