Feature,Importance
HENRY,64.2932933141071
ASA_m2_g,10.107043622192686
ASA_m2_cm3,6.392578251719729
AV_VF,4.575010642121275
AV_cm3_g,3.515639261938125
cm3_g,2.968798804962332
LCD,2.24347795450811
PLD,1.800462132077195
Has_OMS,1.2567751042783994
LFPD,1.2044927836509771
NASA_m2_cm3,0.7910447074372864
NASA_m2_g,0.7244726131911035
NAV_cm3_g,0.12691080781564623
