{
  "R2": 0.968435016072218,
  "MAE": 0.11444639402751332,
  "RMSE": 0.02868827354784781,
  "MAPE(%)": 4.588427888097189
}