{
  "R2": 0.9678742291698862,
  "MAE": 0.11388785404129098,
  "RMSE": 0.04042627006005562,
  "MAPE(%)": 4.900665798331091
}