Feature,Importance
0.05,51.21942296583841
ASA_m2_g,15.3565525150976
ASA_m2_cm3,6.674665747898179
AV_VF,6.0627488638913185
AV_cm3_g,5.054039913354717
cm3_g,4.126321101699184
PLD,2.8369703551089094
LCD,2.5265303559079606
Has_OMS,2.2858152190952654
LFPD,2.208175865509831
NASA_m2_cm3,0.9508158510259991
NASA_m2_g,0.4556575777118947
NAV_cm3_g,0.24228366786074798
