{
  "R2": 0.9534484492676123,
  "MAE": 0.24110450129085167,
  "RMSE": 0.12303207847502202,
  "MAPE(%)": 6.294602070023063
}