{
  "R2": 0.9569130741226904,
  "MAE": 0.2364609115378133,
  "RMSE": 0.13025564280187962,
  "MAPE(%)": 6.945947202955353
}