{
  "R2": 0.962818038194758,
  "MAE": 0.0747014390193843,
  "RMSE": 0.018605221829129426,
  "MAPE(%)": 5.480319608683684
}