temp,lowp,outp,seed,mode,qt_frac,train_ratio,out_root,model,R2,MAE,RMSE,MAPE(%)
293K,0.5,5,2025,lowq,0.15,0.5,./RUN_FULL_EXP,cat,0.9812135023051424,0.053077177477323816,0.007589104361509275,3.691563994536562
