{
  "R2": 0.9812135023051424,
  "MAE": 0.053077177477323816,
  "RMSE": 0.007589104361509275,
  "MAPE(%)": 3.691563994536562
}