{
  "R2": 0.9950405587169543,
  "MAE": 0.004817422505289173,
  "RMSE": 6.737443661331065e-05,
  "MAPE(%)": 1.94052835128087
}