temp,lowp,outp,seed,mode,qt_frac,train_ratio,out_root,model,R2,MAE,RMSE,MAPE(%)
313K,0.1,1,2027,lowq,0.25,0.5,./RUN_FULL_EXP,cat,0.9950405587169543,0.004817422505289173,6.737443661331065e-05,1.94052835128087
