{
  "R2": 0.724113905719,
  "MAE": 0.5147438697841773,
  "RMSE": 0.5304451746079971,
  "MAPE(%)": 21.821506419777084
}