{
  "R2": 0.9571818428347222,
  "MAE": 0.22488120468713807,
  "RMSE": 0.10052167871695353,
  "MAPE(%)": 5.6623612682286915
}