temp,lowp,outp,seed,mode,qt_frac,train_ratio,out_root,model,R2,MAE,RMSE,MAPE(%)
313K,0.05,15,2028,lowq,0.3,0.5,./RUN_FULL_EXP,cat,0.9730550088070941,0.1122162081157851,0.027247706280392008,4.612524857582449
