{
  "R2": 0.9730550088070941,
  "MAE": 0.1122162081157851,
  "RMSE": 0.027247706280392008,
  "MAPE(%)": 4.612524857582449
}