{
  "R2": 0.9536295147803175,
  "MAE": 0.23833251460464294,
  "RMSE": 0.11558931027496454,
  "MAPE(%)": 6.179492188371012
}