{
  "R2": 0.9885590148287497,
  "MAE": 0.014350750207574788,
  "RMSE": 0.0005145900522140894,
  "MAPE(%)": 2.5793144637145584
}