Feature,Importance
HENRY,49.833533580464646
ASA_m2_g,11.996585569893707
ASA_m2_cm3,7.92957980761846
AV_cm3_g,7.176371129299834
AV_VF,6.50828483324863
cm3_g,4.46154036607724
PLD,3.3027005313952458
LCD,2.856743774127595
LFPD,2.4628571380862434
Has_OMS,1.774156173487191
NASA_m2_cm3,0.8468229439799811
NASA_m2_g,0.8077864524983163
NAV_cm3_g,0.04303769982293676
