temp,lowp,outp,seed,mode,qt_frac,train_ratio,out_root,model,R2,MAE,RMSE,MAPE(%)
273K,HENRY,15,2028,lowq,0.25,0.5,./RUN_FULL_EXP,cat,0.9515822726451989,0.24048510657912445,0.13805092710351013,6.336762723898791
