{
  "R2": 0.9515822726451989,
  "MAE": 0.24048510657912445,
  "RMSE": 0.13805092710351013,
  "MAPE(%)": 6.336762723898791
}