temp,lowp,outp,seed,mode,qt_frac,train_ratio,out_root,model,R2,MAE,RMSE,MAPE(%)
293K,0.01,15,2025,lowq,0.7,0.5,./RUN_FULL_EXP,cat,0.9566922106708643,0.17297305459921358,0.060808989061313684,5.547821552164115
