{
  "R2": 0.9566922106708643,
  "MAE": 0.17297305459921358,
  "RMSE": 0.060808989061313684,
  "MAPE(%)": 5.547821552164115
}