Feature,Importance
0.01,82.94797147220781
AV_VF,2.171607595716819
ASA_m2_cm3,2.0191567152858645
ASA_m2_g,1.9961364268663317
AV_cm3_g,1.8685711611391205
cm3_g,1.8559035958982535
PLD,1.7610734876926915
LCD,1.460267413346662
LFPD,1.3349503829734573
Has_OMS,1.3123964227153138
NASA_m2_g,0.69621452746009
NASA_m2_cm3,0.4710951993420781
NAV_cm3_g,0.10465559935549665
