{
  "R2": 0.9842649768649133,
  "MAE": 0.015810257849123672,
  "RMSE": 0.0005977661070220091,
  "MAPE(%)": 2.9688221276887776
}