Feature,Importance
0.5,75.32026276313614
ASA_m2_g,5.545686304794799
ASA_m2_cm3,4.633297974438099
AV_VF,3.951673888654473
AV_cm3_g,2.263886530928131
cm3_g,1.5348985957563615
LFPD,1.5031695770846907
Has_OMS,1.4464219999216004
LCD,1.405404651701097
PLD,1.393286745824298
NASA_m2_cm3,0.5295945500527948
NASA_m2_g,0.40554579346937053
NAV_cm3_g,0.0668706242381144
