{
  "R2": 0.974871991700962,
  "MAE": 0.050188704924849864,
  "RMSE": 0.005663023587948759,
  "MAPE(%)": 3.3771264426872785
}