Feature,Importance
0.1,73.49378021962877
ASA_m2_g,5.004760600587041
ASA_m2_cm3,4.513357275747971
AV_VF,3.6155497042406384
AV_cm3_g,2.9681821911451345
cm3_g,2.431650330531531
LCD,1.9221426495623557
Has_OMS,1.6731717727777586
LFPD,1.540603467858077
PLD,1.484763899764145
NASA_m2_cm3,0.7999397872577158
NASA_m2_g,0.4679919791762742
NAV_cm3_g,0.08410612172260208
