{
  "R2": 0.9656311714629828,
  "MAE": 0.055642152608543105,
  "RMSE": 0.0068843451764924015,
  "MAPE(%)": 3.7680545739509665
}