temp,lowp,outp,seed,mode,qt_frac,train_ratio,out_root,model,R2,MAE,RMSE,MAPE(%)
293K,0.1,5,2029,lowq,0.8,0.5,./RUN_FULL_EXP,cat,0.9656311714629828,0.055642152608543105,0.0068843451764924015,3.7680545739509665
