Feature,Importance
0.01,53.89936142461239
ASA_m2_g,15.162525569075118
AV_VF,6.358369615908318
ASA_m2_cm3,5.661776020716862
AV_cm3_g,4.352625665888679
cm3_g,3.8328823136903605
PLD,2.84987385124113
LFPD,2.5616915351209935
LCD,2.2524114519855494
Has_OMS,1.7369315261130145
NASA_m2_cm3,0.664275879091878
NASA_m2_g,0.5346631858356462
NAV_cm3_g,0.13261196072008127
