{
  "R2": 0.9585399960787219,
  "MAE": 0.17381774982795373,
  "RMSE": 0.07293552909433353,
  "MAPE(%)": 5.884865022939553
}