{
  "R2": 0.9902341337852008,
  "MAE": 0.01054964814020535,
  "RMSE": 0.0002613400103544107,
  "MAPE(%)": 3.007791491015711
}