{
  "R2": 0.9775290504979552,
  "MAE": 0.10836499108591248,
  "RMSE": 0.02578547675900034,
  "MAPE(%)": 4.739207284027741
}