Feature,Importance
0.01,51.60154959775671
ASA_m2_g,16.171468465912998
ASA_m2_cm3,6.599829925114553
AV_VF,5.447131342649795
cm3_g,4.785684537390532
AV_cm3_g,4.174132452606398
PLD,2.9516574694613418
LCD,2.399717500383888
LFPD,2.296586942693208
Has_OMS,1.7846495498162789
NASA_m2_cm3,0.986018996416984
NASA_m2_g,0.7269220565964621
NAV_cm3_g,0.07465116320085727
