{
  "R2": 0.9446199117324776,
  "MAE": 0.24675658159118657,
  "RMSE": 0.13673885133301014,
  "MAPE(%)": 6.125326733790148
}