temp,lowp,outp,seed,mode,qt_frac,train_ratio,out_root,model,R2,MAE,RMSE,MAPE(%)
273K,0.01,15,2029,lowq,0.75,0.5,./RUN_FULL_EXP,cat,0.9446199117324776,0.24675658159118657,0.13673885133301014,6.125326733790148
