{
  "R2": 0.9928210796092397,
  "MAE": 0.008148087370170636,
  "RMSE": 0.00017789263060234874,
  "MAPE(%)": 2.224627159768648
}