{
  "R2": 0.961090741182225,
  "MAE": 0.07799561098756765,
  "RMSE": 0.012714456528609933,
  "MAPE(%)": 6.696799506207503
}