temp,lowp,outp,seed,mode,qt_frac,train_ratio,out_root,model,R2,MAE,RMSE,MAPE(%)
273K,0.1,1,2028,lowr,0.7,0.5,./RUN_FULL_EXP,cat,0.9617281334407203,0.021583090501768303,0.006248559662288786,3.5327468181668378
