Feature,Importance
0.01,80.6058943879434
AV_cm3_g,2.2608848915490607
AV_VF,2.2049316966745796
ASA_m2_g,2.1721504455205443
ASA_m2_cm3,2.0713046830797226
Has_OMS,1.997908512897419
PLD,1.8935581782183233
LCD,1.8732488446443407
cm3_g,1.871974682727879
LFPD,1.2505978249206549
NASA_m2_cm3,0.8638977869950223
NASA_m2_g,0.8589455077369642
NAV_cm3_g,0.07470255709211189
