{
  "R2": 0.9794923036866494,
  "MAE": 0.01976349125441672,
  "RMSE": 0.0017194457241926097,
  "MAPE(%)": 3.5479873585068677
}