Feature,Importance
HENRY,59.873079000837585
ASA_m2_g,12.396288444750427
ASA_m2_cm3,6.278085935531774
AV_VF,5.050788697460182
AV_cm3_g,4.690387362452538
cm3_g,3.3163919802594433
LCD,2.0571014506733296
PLD,2.0111532952041125
LFPD,1.8975076172084797
Has_OMS,1.126989151097327
NASA_m2_g,0.6830013346993831
NASA_m2_cm3,0.5453190305895124
NAV_cm3_g,0.07390669923588403
