{
  "R2": 0.9743857377555194,
  "MAE": 0.10842687797392223,
  "RMSE": 0.029113068392724414,
  "MAPE(%)": 4.643792270871315
}