{
  "R2": 0.9534141003283176,
  "MAE": 0.1623759313636054,
  "RMSE": 0.0672691872342267,
  "MAPE(%)": 5.120461478148399
}