{
  "R2": 0.9570794921794639,
  "MAE": 0.237431903196847,
  "RMSE": 0.13024822762164692,
  "MAPE(%)": 6.696244292114624
}