{
  "R2": 0.9629243987388875,
  "MAE": 0.005975039360978935,
  "RMSE": 0.0014252764462152488,
  "MAPE(%)": 2.0202798750771227
}