Feature,Importance
0.01,70.21939332265302
ASA_m2_g,6.2686517826717765
ASA_m2_cm3,5.653261719075185
AV_VF,4.3072052500797495
AV_cm3_g,2.6825312003702275
LCD,2.1210164958804305
cm3_g,1.9481478573134048
PLD,1.8517889229426907
LFPD,1.8245893970512255
Has_OMS,1.4793076763844122
NASA_m2_g,0.8974128646051566
NASA_m2_cm3,0.694130413224105
NAV_cm3_g,0.05256309774860272
