{
  "R2": 0.9692056328560823,
  "MAE": 0.057902385853025005,
  "RMSE": 0.006785942350232188,
  "MAPE(%)": 3.9255798738493537
}