Feature,Importance
0.5,80.27667690462977
ASA_m2_g,4.656475995685118
AV_cm3_g,2.8630234671668933
ASA_m2_cm3,2.783678393203943
AV_VF,2.1227961970653224
LCD,1.7439801550220366
cm3_g,1.5673417538171794
Has_OMS,1.119180827551221
PLD,0.976003371072099
LFPD,0.7889309686402679
NASA_m2_g,0.5773151752649832
NASA_m2_cm3,0.478001624372578
NAV_cm3_g,0.04659516650856831
