temp,lowp,outp,seed,mode,qt_frac,train_ratio,out_root,model,R2,MAE,RMSE,MAPE(%)
313K,0.5,5,2026,lowq,0.65,0.5,./RUN_FULL_EXP,cat,0.9840090303745166,0.029339148749451344,0.0020195740352413477,2.6122816243112084
