{
  "R2": 0.9840090303745166,
  "MAE": 0.029339148749451344,
  "RMSE": 0.0020195740352413477,
  "MAPE(%)": 2.6122816243112084
}