{
  "R2": 0.9696802200469588,
  "MAE": 0.10888619099873226,
  "RMSE": 0.024795980476509452,
  "MAPE(%)": 4.358110864592689
}