{
  "R2": 0.9720864894929981,
  "MAE": 0.06471525888553832,
  "RMSE": 0.01062403869467345,
  "MAPE(%)": 4.5427885058444435
}