{
  "R2": 0.9524462983059264,
  "MAE": 0.23739698793507794,
  "RMSE": 0.1339595814401855,
  "MAPE(%)": 6.301361721306657
}