temp,lowp,outp,seed,mode,qt_frac,train_ratio,out_root,model,R2,MAE,RMSE,MAPE(%)
273K,0.05,15,2028,lowq,0.35,0.5,./RUN_FULL_EXP,cat,0.9564070097192561,0.2393250750363233,0.12086375403791133,6.3493473410466725
