{
  "R2": 0.9564070097192561,
  "MAE": 0.2393250750363233,
  "RMSE": 0.12086375403791133,
  "MAPE(%)": 6.3493473410466725
}