{
  "R2": 0.98886219163877,
  "MAE": 0.037718435543355064,
  "RMSE": 0.004877186973876955,
  "MAPE(%)": 2.5509964549797615
}