{
  "R2": 0.936113854056365,
  "MAE": 0.03126521599488334,
  "RMSE": 0.009818824765197732,
  "MAPE(%)": 5.529709194993464
}