{
  "R2": 0.9299807399747655,
  "MAE": 0.031147350072186792,
  "RMSE": 0.011022557211873906,
  "MAPE(%)": 6.2448923879803
}