{
  "R2": 0.9938870881287213,
  "MAE": 0.026856431369522517,
  "RMSE": 0.0015787396497727228,
  "MAPE(%)": 2.1326812351571025
}