{
  "R2": 0.9887052085270442,
  "MAE": 0.011531221496057847,
  "RMSE": 0.00034380284504780185,
  "MAPE(%)": 3.3528093462693405
}