{
  "R2": 0.9758249544078113,
  "MAE": 0.058149882659818616,
  "RMSE": 0.008020836390243442,
  "MAPE(%)": 4.017987449587332
}