temp,lowp,outp,seed,mode,qt_frac,train_ratio,out_root,model,R2,MAE,RMSE,MAPE(%)
293K,0.1,5,2025,lowq,0.35,0.5,./RUN_FULL_EXP,cat,0.9758249544078113,0.058149882659818616,0.008020836390243442,4.017987449587332
