Feature,Importance
0.5,92.00236927957009
Has_OMS,1.1137832706239157
AV_cm3_g,1.0792471092793845
cm3_g,1.0576684588795542
LCD,0.7851175451608117
AV_VF,0.757424214011544
ASA_m2_g,0.6882349019076286
ASA_m2_cm3,0.6607977423380216
PLD,0.6336901760472783
LFPD,0.5151093776637695
NASA_m2_cm3,0.44472113473728586
NASA_m2_g,0.19208374774063064
NAV_cm3_g,0.06975304204009679
