{
  "R2": 0.9962032769969091,
  "MAE": 0.005616178200767646,
  "RMSE": 6.575948563512018e-05,
  "MAPE(%)": 1.5041721674057789
}