Feature,Importance
0.01,81.04113399571527
ASA_m2_cm3,3.0077461419196516
Has_OMS,2.886677646851253
PLD,2.6406866799262
AV_VF,2.360725163499803
LFPD,1.993607820027704
LCD,1.4308089157160429
AV_cm3_g,1.3474321775224767
ASA_m2_g,1.05033299073258
cm3_g,0.8467708905063215
NASA_m2_cm3,0.7022849412553669
NASA_m2_g,0.5795709536838927
NAV_cm3_g,0.11222168264342694
