{
  "R2": 0.9453723917740857,
  "MAE": 0.026402075147816718,
  "RMSE": 0.009030322397085731,
  "MAPE(%)": 4.248197464685162
}