Feature,Importance
0.05,77.21000575182727
ASA_m2_g,4.310187385144974
ASA_m2_cm3,3.9472941200682516
AV_cm3_g,3.0189421674680896
AV_VF,2.5947422276402383
cm3_g,1.9811738391559153
LCD,1.7603056509903758
PLD,1.3783387535563476
Has_OMS,1.2583810169504992
LFPD,1.2506070878894746
NASA_m2_cm3,0.6827733654667887
NASA_m2_g,0.5329597449886562
NAV_cm3_g,0.0742888888531273
