{
  "R2": 0.9762063547936912,
  "MAE": 0.03850502994551051,
  "RMSE": 0.006368036734712021,
  "MAPE(%)": 3.597294972094022
}