{
  "R2": 0.9731505455113254,
  "MAE": 0.11167254925601743,
  "RMSE": 0.02702023975134373,
  "MAPE(%)": 4.586875485136275
}