{
  "R2": 0.9225932002103933,
  "MAE": 0.2494260704761675,
  "RMSE": 0.14516518003008141,
  "MAPE(%)": 8.638611036928548
}