{
  "R2": 0.9698428414580041,
  "MAE": 0.0684203689970197,
  "RMSE": 0.015505780254873583,
  "MAPE(%)": 4.883669471954408
}