Feature,Importance
0.5,92.3049854557843
AV_VF,1.1191290735649513
cm3_g,1.0886681046421303
AV_cm3_g,1.0229536890975817
Has_OMS,0.8620052928944348
ASA_m2_g,0.7117181252994911
LFPD,0.65690730492486
PLD,0.6073707020273492
ASA_m2_cm3,0.44903257259966955
NASA_m2_cm3,0.38744103260141627
LCD,0.375749940321057
NASA_m2_g,0.24021244009077794
NAV_cm3_g,0.17382626615196878
