temp,lowp,outp,seed,mode,qt_frac,train_ratio,out_root,model,R2,MAE,RMSE,MAPE(%)
273K,0.5,1,2028,lowq,0.3,0.5,./RUN_FULL_EXP,cat,0.9959368545796256,0.010229593375784555,0.0002775235979004188,1.8949985258472246
