{
  "R2": 0.9959368545796256,
  "MAE": 0.010229593375784555,
  "RMSE": 0.0002775235979004188,
  "MAPE(%)": 1.8949985258472246
}