Feature,Importance
0.01,81.60055714125481
AV_VF,2.8830131778928543
ASA_m2_cm3,2.6255329220155104
cm3_g,2.4538743457203336
PLD,2.2648635917348323
Has_OMS,2.028132232460742
ASA_m2_g,1.7881321170236315
AV_cm3_g,1.642500839905473
LFPD,0.9784420833446544
LCD,0.7368425755670676
NASA_m2_cm3,0.4495560722008494
NASA_m2_g,0.4349608684805672
NAV_cm3_g,0.11359203239868305
