{
  "R2": 0.8902856695836026,
  "MAE": 0.035390382108993805,
  "RMSE": 0.01843710415805777,
  "MAPE(%)": 6.171786128480641
}