{
  "R2": 0.9309641600079069,
  "MAE": 0.03304124963099519,
  "RMSE": 0.010432364952074677,
  "MAPE(%)": 7.1620272712068305
}