Feature,Importance
0.1,84.83971440037894
ASA_m2_g,2.41086088885296
AV_cm3_g,2.0776661737915454
cm3_g,1.6783895573424163
AV_VF,1.6368802947484584
ASA_m2_cm3,1.498768211933555
PLD,1.209866828941777
Has_OMS,1.1854983184290264
LFPD,1.1049679466900215
LCD,1.078831406075106
NASA_m2_cm3,0.6344735619896286
NASA_m2_g,0.5811282996970724
NAV_cm3_g,0.06295411112947748
