{
  "R2": 0.9871188185143093,
  "MAE": 0.013076704248756284,
  "RMSE": 0.00045412143465974904,
  "MAPE(%)": 2.4161662191938476
}