Feature,Importance
AV_VF,14.384330218906888
cm3_g,14.257199776281874
ASA_m2_cm3,12.679509667164693
PLD,12.611712174343735
Has_OMS,10.153266697134804
LFPD,8.558402644846176
LCD,8.518709837882861
ASA_m2_g,8.240334643112728
AV_cm3_g,6.599796186619864
NASA_m2_g,2.1129085048226233
NASA_m2_cm3,1.5957625692689292
NAV_cm3_g,0.2880670796148391
