{
  "R2": 0.5503202262576531,
  "MAE": 0.330298151705546,
  "RMSE": 0.23630112272887457,
  "MAPE(%)": 32.04681847882929
}