{
  "R2": 0.9898571847363092,
  "MAE": 0.009961898381393794,
  "RMSE": 0.00022009126821525546,
  "MAPE(%)": 2.8319804654177925
}