Feature,Importance
0.5,90.58722621881232
ASA_m2_g,1.4673544669135123
PLD,1.0889287466625606
AV_cm3_g,1.0877546541277006
Has_OMS,1.001770864523473
cm3_g,0.9360220491859159
ASA_m2_cm3,0.7075807878966323
LFPD,0.6500809500535599
LCD,0.6420008580686668
AV_VF,0.5956356166011293
NASA_m2_cm3,0.5952612535693845
NASA_m2_g,0.4706272410185676
NAV_cm3_g,0.16975629256658528
