{
  "R2": 0.9958016707700561,
  "MAE": 0.010663654427798954,
  "RMSE": 0.0003554773446369416,
  "MAPE(%)": 2.0326976840875037
}