temp,lowp,outp,seed,mode,qt_frac,train_ratio,out_root,model,R2,MAE,RMSE,MAPE(%)
273K,0.5,1,2027,lowq,0.2,0.5,./RUN_FULL_EXP,cat,0.9958016707700561,0.010663654427798954,0.0003554773446369416,2.0326976840875037
