{
  "R2": 0.28757121306582356,
  "MAE": 0.20182186880697744,
  "RMSE": 0.10907026610492902,
  "MAPE(%)": 58.027089467229445
}