{
  "R2": 0.30459418750767553,
  "MAE": 0.2043863916076257,
  "RMSE": 0.11155620777087681,
  "MAPE(%)": 58.10940329801495
}