Feature,Importance
0.01,60.98526354151671
ASA_m2_g,12.893678793559435
ASA_m2_cm3,5.7738495472548195
AV_cm3_g,4.490194344519859
AV_VF,4.398293497531863
cm3_g,2.577780503851365
LCD,2.2160982027126788
PLD,1.9849142880944526
LFPD,1.8113494750830004
Has_OMS,1.4239201412312246
NASA_m2_cm3,0.7984309962392463
NASA_m2_g,0.5359467787920357
NAV_cm3_g,0.11027988961332323
