temp,lowp,outp,seed,mode,qt_frac,train_ratio,out_root,model,R2,MAE,RMSE,MAPE(%)
313K,0.01,15,2029,lowq,0.65,0.5,./RUN_FULL_EXP,cat,0.9664739047075542,0.12077708639147816,0.02807547515822295,4.840914318492255
