{
  "R2": 0.9664739047075542,
  "MAE": 0.12077708639147816,
  "RMSE": 0.02807547515822295,
  "MAPE(%)": 4.840914318492255
}