{
  "R2": 0.9951463589319589,
  "MAE": 0.021745377021116674,
  "RMSE": 0.0009478258402536231,
  "MAPE(%)": 1.6498832792411446
}