{
  "R2": 0.9931665202694685,
  "MAE": 0.00764298036098705,
  "RMSE": 0.00018056228062224245,
  "MAPE(%)": 2.0452954536072303
}