Feature,Importance
HENRY,57.537959322941006
ASA_m2_g,10.826043002572215
ASA_m2_cm3,6.556667880399276
AV_cm3_g,6.341968712663699
AV_VF,6.332368723249679
PLD,2.823105501101144
cm3_g,2.527500101624945
LFPD,2.0742114339353304
LCD,2.0621265109102933
Has_OMS,1.51586217588302
NASA_m2_cm3,0.7742633130869776
NASA_m2_g,0.5860213767383616
NAV_cm3_g,0.0419019448940458
