{
  "R2": 0.9506622561906288,
  "MAE": 0.16653767321079754,
  "RMSE": 0.0673189616389058,
  "MAPE(%)": 5.208916321300505
}