{
  "R2": 0.9616071748500665,
  "MAE": 0.16632543271627362,
  "RMSE": 0.05496020500602419,
  "MAPE(%)": 5.4415304044158
}