{
  "R2": 0.9633245980033018,
  "MAE": 0.024430859169010766,
  "RMSE": 0.005512270676219145,
  "MAPE(%)": 4.237115285103544
}