{
  "R2": 0.4153281290450106,
  "MAE": 0.1836476638067551,
  "RMSE": 0.09891842399217135,
  "MAPE(%)": 49.87103618275883
}