Feature,Importance
HENRY,57.754325363070734
ASA_m2_g,11.724097089172767
ASA_m2_cm3,6.642480272895334
AV_VF,5.609860538853563
cm3_g,4.558944591775836
AV_cm3_g,3.9012729846574072
LCD,2.3307277963088677
PLD,2.1008099002805483
LFPD,1.9579650408086682
Has_OMS,1.7925708830215163
NASA_m2_cm3,0.9720135932513513
NASA_m2_g,0.5112369591678115
NAV_cm3_g,0.14369498673560088
