{
  "R2": 0.9541497877421734,
  "MAE": 0.16828544343496984,
  "RMSE": 0.070455890654302,
  "MAPE(%)": 5.5508341281828
}