{
  "R2": 0.9873650986001328,
  "MAE": 0.013481260698713459,
  "RMSE": 0.00047009762377877694,
  "MAPE(%)": 2.42718105378445
}