temp,lowp,outp,seed,mode,qt_frac,train_ratio,out_root,model,R2,MAE,RMSE,MAPE(%)
273K,HENRY,1,2026,lowq,0.75,0.5,./RUN_FULL_EXP,cat,0.9873650986001328,0.013481260698713459,0.00047009762377877694,2.42718105378445
