Feature,Importance
0.1,58.45038842758026
ASA_m2_g,13.976978047154873
ASA_m2_cm3,6.644041800355658
AV_cm3_g,4.204385286314077
AV_VF,3.911154297144328
cm3_g,2.963774130288374
LCD,2.5488252108299863
PLD,2.294076744486946
LFPD,2.016335756624015
Has_OMS,1.2338399800014979
NASA_m2_g,0.8629755089822578
NASA_m2_cm3,0.8320070306573245
NAV_cm3_g,0.06121777958041081
