{
  "R2": 0.9576502902641496,
  "MAE": 0.1637802890339295,
  "RMSE": 0.054982685187435106,
  "MAPE(%)": 5.224154954984062
}