{
  "R2": 0.9618336856715467,
  "MAE": 0.10777875018219799,
  "RMSE": 0.032578177929317456,
  "MAPE(%)": 5.559813846111373
}