temp,lowp,outp,seed,mode,qt_frac,train_ratio,out_root,model,R2,MAE,RMSE,MAPE(%)
273K,0.05,5,2028,lowq,0.05,0.5,./RUN_FULL_EXP,cat,0.9618336856715467,0.10777875018219799,0.032578177929317456,5.559813846111373
