Feature,Importance
0.01,78.17153022867468
Has_OMS,3.3489822197345624
cm3_g,2.4604364129638463
AV_VF,2.3677909951460125
ASA_m2_cm3,2.1242675832368954
AV_cm3_g,2.0818752148737483
PLD,2.062810203094002
LCD,2.061754912874964
LFPD,1.7515094801538773
ASA_m2_g,1.567103909836348
NASA_m2_g,1.0624986879029958
NASA_m2_cm3,0.836388098693654
NAV_cm3_g,0.10305205281439922
