{
  "R2": 0.9686238901832278,
  "MAE": 0.027204737103764424,
  "RMSE": 0.003977021581100261,
  "MAPE(%)": 5.09928974217624
}