{
  "R2": 0.971979534844892,
  "MAE": 0.02581506971880095,
  "RMSE": 0.0034045265858643607,
  "MAPE(%)": 4.986573377299601
}