temp,lowp,outp,seed,mode,qt_frac,train_ratio,out_root,model,R2,MAE,RMSE,MAPE(%)
273K,0.01,1,2025,struct_with_input,0.07,0.15,./RUN_FULL_EXP,cat,0.971979534844892,0.02581506971880095,0.0034045265858643607,4.986573377299601
