temp,lowp,outp,seed,mode,qt_frac,train_ratio,out_root,model,R2,MAE,RMSE,MAPE(%)
273K,0.01,1,2025,struct_with_input,0.07,0.15,./RUN_FULL_EXP,cat,0.9686238901832278,0.027204737103764424,0.003977021581100261,5.09928974217624
