{
  "R2": 0.9767140581112276,
  "MAE": 0.044089561915020115,
  "RMSE": 0.00639755870737002,
  "MAPE(%)": 4.3764017532084765
}