{
  "R2": 0.9757819044121959,
  "MAE": 0.03455043099905868,
  "RMSE": 0.0025579932205395126,
  "MAPE(%)": 3.0424731185488048
}