{
  "R2": 0.9901154066737288,
  "MAE": 0.010623425896733676,
  "RMSE": 0.0003173155463835126,
  "MAPE(%)": 3.013648321263936
}