Feature,Importance
0.1,65.4683003538569
ASA_m2_g,6.812280243400552
ASA_m2_cm3,6.564774408498304
AV_VF,4.367207361807658
AV_cm3_g,3.0048485833157548
cm3_g,2.700335598965247
PLD,2.6704037686820596
LCD,2.646500028344163
Has_OMS,2.342730562824425
LFPD,2.0042249137574184
NASA_m2_g,0.775965340898738
NASA_m2_cm3,0.5740760717800021
NAV_cm3_g,0.06835276386878414
