{
  "R2": 0.9651239664414103,
  "MAE": 0.1006259593075312,
  "RMSE": 0.02626973419297967,
  "MAPE(%)": 5.226415917907359
}