{
  "R2": 0.9926420495256258,
  "MAE": 0.03135094026141916,
  "RMSE": 0.00228553488821858,
  "MAPE(%)": 2.5067497337582774
}