Feature,Importance
0.01,88.22111046437286
cm3_g,1.5527148738449554
LFPD,1.4345548790251603
PLD,1.339564673835602
LCD,1.3079617063752247
ASA_m2_cm3,1.2139135362445153
AV_cm3_g,1.134548191074927
Has_OMS,1.101528605952232
ASA_m2_g,1.0874394237495557
AV_VF,1.0793603686445297
NASA_m2_cm3,0.29012483565229236
NASA_m2_g,0.20699942558254977
NAV_cm3_g,0.03017901564562187
