{
  "R2": 0.9893086056848723,
  "MAE": 0.00671511668067783,
  "RMSE": 8.066337028873553e-05,
  "MAPE(%)": 2.6103919423302275
}