temp,lowp,outp,seed,mode,qt_frac,train_ratio,out_root,model,R2,MAE,RMSE,MAPE(%)
313K,0.01,1,2025,lowq,0.7,0.5,./RUN_FULL_EXP,cat,0.9893086056848723,0.00671511668067783,8.066337028873553e-05,2.6103919423302275
