{
  "R2": 0.9590748551703226,
  "MAE": 0.028251241556959898,
  "RMSE": 0.0063739169137790996,
  "MAPE(%)": 5.489896275586977
}