temp,lowp,outp,seed,mode,qt_frac,train_ratio,out_root,model,R2,MAE,RMSE,MAPE(%)
273K,0.01,1,2026,struct_with_input,0.0,0.2,./RUN_FULL_EXP,cat,0.9590748551703226,0.028251241556959898,0.0063739169137790996,5.489896275586977
