{
  "R2": 0.9724825398330179,
  "MAE": 0.05800804041243392,
  "RMSE": 0.009829863199816359,
  "MAPE(%)": 3.9120371740335385
}