{
  "R2": 0.9542403403705833,
  "MAE": 0.23801772921138148,
  "RMSE": 0.11179153088397574,
  "MAPE(%)": 6.014001992730077
}