temp,lowp,outp,seed,mode,qt_frac,train_ratio,out_root,model,R2,MAE,RMSE,MAPE(%)
273K,0.05,15,2029,lowq,0.7,0.5,./RUN_FULL_EXP,cat,0.9542403403705833,0.23801772921138148,0.11179153088397574,6.014001992730077
