{
  "R2": 0.9615627993910111,
  "MAE": 0.10188501946679877,
  "RMSE": 0.028647091135210894,
  "MAPE(%)": 5.246127771886832
}