{
  "R2": 0.9766144879849399,
  "MAE": 0.010757471329577842,
  "RMSE": 0.0015264576714570694,
  "MAPE(%)": 2.8444890357848878
}