{
  "R2": 0.37986825907973865,
  "MAE": 0.12142843002037725,
  "RMSE": 0.042699122032567365,
  "MAPE(%)": 52.184830379435944
}