{
  "R2": 0.9679877375934903,
  "MAE": 0.15609542685923408,
  "RMSE": 0.050939497427265945,
  "MAPE(%)": 5.13979171354316
}