{
  "R2": 0.40805827539236283,
  "MAE": 0.173975054837799,
  "RMSE": 0.07587976542520815,
  "MAPE(%)": 45.05620830507935
}