{
  "R2": 0.3476013955557926,
  "MAE": 0.18339872177260572,
  "RMSE": 0.10463620351661966,
  "MAPE(%)": 53.7546986412057
}