Feature,Importance
0.5,89.4387982800442
AV_cm3_g,1.5955883162670887
cm3_g,1.49860138079627
LCD,1.3094904676042314
ASA_m2_cm3,1.010817945547569
PLD,0.9791608661640638
ASA_m2_g,0.978359831982564
Has_OMS,0.7802364436293873
AV_VF,0.6826478407420822
LFPD,0.6423107771214444
NASA_m2_g,0.5815950451595501
NASA_m2_cm3,0.43702208993531666
NAV_cm3_g,0.06537071500620083
