{
  "R2": 0.9644954070761824,
  "MAE": 0.005365233706312793,
  "RMSE": 0.001040055385377053,
  "MAPE(%)": 1.7815930565612461
}