{
  "R2": 0.9972139385844602,
  "MAE": 0.0036128718312291312,
  "RMSE": 3.1741079362820765e-05,
  "MAPE(%)": 1.4214538944129216
}