Feature,Importance
cm3_g,14.41482724154524
PLD,14.403445786524488
Has_OMS,14.029079053861741
AV_VF,12.095658981276454
LCD,11.05375931595681
ASA_m2_cm3,9.950240968411622
AV_cm3_g,7.502764255454492
LFPD,7.027882485745533
ASA_m2_g,5.101200046714964
NASA_m2_g,2.3676630149495006
NASA_m2_cm3,1.8512290684651131
NAV_cm3_g,0.20224978109404027
