{
  "R2": 0.4148402096360946,
  "MAE": 0.12248785491133866,
  "RMSE": 0.04609665560063016,
  "MAPE(%)": 47.13110629399544
}