Feature,Importance
0.01,64.82925338924525
ASA_m2_g,8.691935144346358
AV_cm3_g,5.524884433543488
ASA_m2_cm3,5.497933596228539
AV_VF,4.899976891894665
cm3_g,2.5097735689300986
PLD,2.2644877587671304
LFPD,1.6784066017101458
Has_OMS,1.437052402405262
LCD,1.4026328543849031
NASA_m2_cm3,0.721725669612938
NASA_m2_g,0.48501273633317027
NAV_cm3_g,0.05692495259802275
