{
  "R2": 0.9622043332670622,
  "MAE": 0.12304380736886383,
  "RMSE": 0.02911232335743393,
  "MAPE(%)": 4.8362178686454635
}