temp,lowp,outp,seed,mode,qt_frac,train_ratio,out_root,model,R2,MAE,RMSE,MAPE(%)
313K,0.01,15,2028,lowq,0.8,0.5,./RUN_FULL_EXP,cat,0.9622043332670622,0.12304380736886383,0.02911232335743393,4.8362178686454635
