{
  "R2": 0.9727072310905271,
  "MAE": 0.060629424061200046,
  "RMSE": 0.00909169939463663,
  "MAPE(%)": 4.205439098086746
}