{
  "R2": 0.9640506296351558,
  "MAE": 0.16346780502932737,
  "RMSE": 0.06735721130382398,
  "MAPE(%)": 5.86031378246387
}