{
  "R2": 0.9927461405260897,
  "MAE": 0.008346381323081548,
  "RMSE": 0.00020287583685890372,
  "MAPE(%)": 2.319052378924319
}