Feature,Importance
0.5,92.09609739267529
AV_cm3_g,1.2782195804756533
cm3_g,1.2447747537060767
LCD,0.8909597148335743
AV_VF,0.8826007982007399
Has_OMS,0.8262451274149827
ASA_m2_g,0.6856037587048401
PLD,0.6500611175359504
ASA_m2_cm3,0.5214346363870148
LFPD,0.4686716750692584
NASA_m2_cm3,0.24427972261424202
NASA_m2_g,0.1919618936885844
NAV_cm3_g,0.01908982869378154
