{
  "R2": 0.9958512555148236,
  "MAE": 0.005310807160025933,
  "RMSE": 5.750074908561507e-05,
  "MAPE(%)": 1.3988311621040816
}