Feature,Importance
0.01,79.28963329934633
Has_OMS,2.9347542611484236
ASA_m2_g,2.5249053800582018
ASA_m2_cm3,2.417654508439682
AV_cm3_g,2.394319589165074
PLD,2.143199895468926
LCD,1.8048076245830644
cm3_g,1.6048949448004974
LFPD,1.385657105879411
AV_VF,1.3383688455836031
NASA_m2_g,1.059337285938866
NASA_m2_cm3,0.9749846114261284
NAV_cm3_g,0.1274826481617889
