{
  "R2": 0.9770116671218828,
  "MAE": 0.02148663753467006,
  "RMSE": 0.0021892373681217676,
  "MAPE(%)": 3.9710656124398778
}