{
  "R2": 0.9746804488414035,
  "MAE": 0.05061725159621407,
  "RMSE": 0.0056753263129246485,
  "MAPE(%)": 3.407009890260701
}