Feature,Importance
PLD,13.57304742797948
cm3_g,12.48610740865716
AV_VF,12.401695151223008
ASA_m2_cm3,11.224982918062194
ASA_m2_g,10.862360610926721
LFPD,9.343981077768204
LCD,9.335196574522989
Has_OMS,9.136294304796978
AV_cm3_g,8.350059008956528
NASA_m2_cm3,1.6900082517903423
NASA_m2_g,1.4754183541496548
NAV_cm3_g,0.1208489111667342
