{
  "R2": 0.47375445253200776,
  "MAE": 0.351564284993747,
  "RMSE": 0.25819731741050966,
  "MAPE(%)": 33.18448385116602
}