temp,lowp,outp,seed,mode,qt_frac,train_ratio,out_root,model,R2,MAE,RMSE,MAPE(%)
293K,0.01,5,2028,struct,0.0,0.25,./RUN_FULL_EXP,cat,0.47375445253200776,0.351564284993747,0.25819731741050966,33.18448385116602
