{
  "R2": 0.9514197770164361,
  "MAE": 0.09760947440901778,
  "RMSE": 0.021353196530046185,
  "MAPE(%)": 4.843682481672808
}