{
  "R2": 0.9759416367095477,
  "MAE": 0.012053975950928573,
  "RMSE": 0.0011704318316956015,
  "MAPE(%)": 3.1372615934662305
}