{
  "R2": 0.9875981353524711,
  "MAE": 0.014696211673799538,
  "RMSE": 0.0006145460927983424,
  "MAPE(%)": 2.676335664202968
}