{
  "R2": 0.9572705110339028,
  "MAE": 0.17172155573278625,
  "RMSE": 0.07413753779427659,
  "MAPE(%)": 5.672294005016637
}