Feature,Importance
HENRY,76.42103409696121
ASA_m2_g,5.409419542304787
AV_VF,3.2499151641408783
ASA_m2_cm3,3.077815577309953
AV_cm3_g,2.636011463628188
cm3_g,1.8682792155238546
LCD,1.7231934906068511
LFPD,1.657856752759784
Has_OMS,1.5936397025584015
PLD,1.527934044788108
NASA_m2_g,0.3839335864812858
NASA_m2_cm3,0.37821572322687
NAV_cm3_g,0.07275163970987149
