temp,lowp,outp,seed,mode,qt_frac,train_ratio,out_root,model,R2,MAE,RMSE,MAPE(%)
313K,HENRY,5,2025,lowq,0.35,0.5,./RUN_FULL_EXP,cat,0.9806811110883679,0.03365255896274431,0.0035677981948375086,3.0522215870778546
