{
  "R2": 0.9806811110883679,
  "MAE": 0.03365255896274431,
  "RMSE": 0.0035677981948375086,
  "MAPE(%)": 3.0522215870778546
}