{
  "R2": 0.9535633060561751,
  "MAE": 0.24184939702865482,
  "RMSE": 0.13471135942985119,
  "MAPE(%)": 6.440988388135784
}