Feature,Importance
0.5,89.02744803284945
ASA_m2_cm3,1.8082404985006515
cm3_g,1.6484008375597294
LCD,1.464461575345833
AV_cm3_g,1.1744240474557406
LFPD,0.9342647955458879
ASA_m2_g,0.9184216927191083
Has_OMS,0.8417070882737941
AV_VF,0.6870301105478773
NASA_m2_cm3,0.6660096746292128
PLD,0.544273306403227
NASA_m2_g,0.24605825618679883
NAV_cm3_g,0.039260083982686676
