{
  "R2": 0.98629809834529,
  "MAE": 0.03181125546124761,
  "RMSE": 0.0032104620966279724,
  "MAPE(%)": 3.022396637864826
}