Feature,Importance
0.01,82.0583704556779
ASA_m2_g,2.823471317522729
ASA_m2_cm3,2.2191404644720762
AV_VF,1.9648392468483709
AV_cm3_g,1.7785602337118405
PLD,1.686995505114059
LCD,1.6478103232285026
cm3_g,1.5577279238970043
LFPD,1.5199379022894066
Has_OMS,1.263864125875899
NASA_m2_cm3,0.8236936488922949
NASA_m2_g,0.6107498384635337
NAV_cm3_g,0.04483901400638282
