{
  "R2": 0.9858324260934759,
  "MAE": 0.0157283498583173,
  "RMSE": 0.0005947428547887436,
  "MAPE(%)": 2.8858234640870615
}