Feature,Importance
0.01,79.97615006687381
Has_OMS,3.683141491132819
ASA_m2_cm3,3.019821658327656
ASA_m2_g,2.6079141505780785
cm3_g,1.9158657945012765
AV_cm3_g,1.8139423094995735
AV_VF,1.7915362618998825
LCD,1.493303816764538
LFPD,1.3107249114871973
PLD,1.1226061977180752
NASA_m2_cm3,0.6905439951609895
NASA_m2_g,0.43807946728033414
NAV_cm3_g,0.13636987877576243
