{
  "R2": 0.9810091393444283,
  "MAE": 0.020359218334643374,
  "RMSE": 0.001678720153922922,
  "MAPE(%)": 3.762673633117042
}