{
  "R2": 0.9778095023768754,
  "MAE": 0.020387710372757772,
  "RMSE": 0.0020575067028585138,
  "MAPE(%)": 3.7917661146528605
}