{
  "R2": 0.5103920727212767,
  "MAE": 0.33966964119476084,
  "RMSE": 0.24089449525134493,
  "MAPE(%)": 30.861280666048536
}