temp,lowp,outp,seed,mode,qt_frac,train_ratio,out_root,model,R2,MAE,RMSE,MAPE(%)
273K,HENRY,1,2027,lowq,0.3,0.5,./RUN_FULL_EXP,cat,0.9869613188873927,0.015603611859567067,0.0009149918191159825,2.7914144579386115
