{
  "R2": 0.9869613188873927,
  "MAE": 0.015603611859567067,
  "RMSE": 0.0009149918191159825,
  "MAPE(%)": 2.7914144579386115
}