{
  "R2": 0.9491993046386531,
  "MAE": 0.24380997641227886,
  "RMSE": 0.13666641595017942,
  "MAPE(%)": 6.320656741459383
}