{
  "R2": 0.8493022106986939,
  "MAE": 0.028323427216499508,
  "RMSE": 0.010969697479076945,
  "MAPE(%)": 9.290654991574726
}