temp,lowp,outp,seed,mode,qt_frac,train_ratio,out_root,model,R2,MAE,RMSE,MAPE(%)
293K,0.01,1,2025,struct_with_input,0.0,0.05,./RUN_FULL_EXP,cat,0.8493022106986939,0.028323427216499508,0.010969697479076945,9.290654991574726
