temp,lowp,outp,seed,mode,qt_frac,train_ratio,out_root,model,R2,MAE,RMSE,MAPE(%)
273K,0.01,15,2025,lowq,0.6,0.5,./RUN_FULL_EXP,cat,0.9527383509939814,0.2422240188178482,0.11793059704617793,6.2363626757065855
