{
  "R2": 0.9527383509939814,
  "MAE": 0.2422240188178482,
  "RMSE": 0.11793059704617793,
  "MAPE(%)": 6.2363626757065855
}