{
  "R2": 0.38841004607161533,
  "MAE": 0.12098619145740185,
  "RMSE": 0.0435168565704819,
  "MAPE(%)": 46.939429398976195
}