Feature,Importance
0.01,86.51946546562523
ASA_m2_g,1.6831964242176556
AV_VF,1.6244043676559985
AV_cm3_g,1.6070563065640644
cm3_g,1.4596058396003273
LFPD,1.457685355734746
Has_OMS,1.268403174221729
LCD,1.2572313177424668
ASA_m2_cm3,1.0232356035134893
PLD,0.8954913824437718
NASA_m2_cm3,0.7892964615853557
NASA_m2_g,0.38138200325910976
NAV_cm3_g,0.033546297836036104
