{
  "R2": 0.9741208854546419,
  "MAE": 0.01369622617636538,
  "RMSE": 0.0022429298280876365,
  "MAPE(%)": 3.2473952230268845
}