temp,lowp,outp,seed,mode,qt_frac,train_ratio,out_root,model,R2,MAE,RMSE,MAPE(%)
293K,0.01,1,2029,struct_with_input,0.0,0.8,./RUN_FULL_EXP,cat,0.9741208854546419,0.01369622617636538,0.0022429298280876365,3.2473952230268845
