{
  "R2": 0.9931385571941983,
  "MAE": 0.008656498417321034,
  "RMSE": 0.00024041848503424796,
  "MAPE(%)": 2.4157162176301403
}