Feature,Importance
AV_VF,13.67645333344391
cm3_g,13.313455799799787
PLD,12.189138354052247
ASA_m2_cm3,11.471773730665074
Has_OMS,10.358001149124716
LCD,9.191579279336606
ASA_m2_g,8.892912358662198
AV_cm3_g,8.479689338470218
LFPD,8.30525826617508
NASA_m2_g,2.026539785428577
NASA_m2_cm3,1.8591611851963246
NAV_cm3_g,0.23603741964526548
