{
  "R2": 0.5242562295705588,
  "MAE": 0.33499715378322903,
  "RMSE": 0.23267902615095498,
  "MAPE(%)": 32.88611854960937
}