{
  "R2": 0.97731573727854,
  "MAE": 0.05340237353186284,
  "RMSE": 0.010788950158107944,
  "MAPE(%)": 3.458070166651528
}