Feature,Importance
0.01,86.31069679445389
cm3_g,1.942102416040205
AV_VF,1.7577177623622218
PLD,1.4546825305786488
LCD,1.3821288977692403
LFPD,1.360604421326556
ASA_m2_cm3,1.2659058789934385
AV_cm3_g,1.2627622076163598
ASA_m2_g,1.1946795195406212
Has_OMS,1.1288519756526416
NASA_m2_cm3,0.5698681278048315
NASA_m2_g,0.34805825530581586
NAV_cm3_g,0.021941212555551814
