{
  "R2": 0.9873084620783394,
  "MAE": 0.009716916113091363,
  "RMSE": 0.00018261851220281128,
  "MAPE(%)": 2.6359603713661204
}