{
  "R2": 0.951970444563928,
  "MAE": 0.24143685337340925,
  "RMSE": 0.13274439957759973,
  "MAPE(%)": 6.3048322515954975
}