Feature,Importance
0.5,52.634921794769966
ASA_m2_g,17.16074268370213
ASA_m2_cm3,6.331825837683717
AV_cm3_g,5.314911836200288
AV_VF,4.419480783429352
cm3_g,3.8767116829252446
PLD,2.719533905579693
LCD,2.577332068935525
LFPD,2.086622600623635
Has_OMS,1.4417035906022357
NASA_m2_cm3,0.8240404748806899
NASA_m2_g,0.5052992740388941
NAV_cm3_g,0.10687346662864673
