{
  "R2": 0.9658880803881167,
  "MAE": 0.21548710502609592,
  "RMSE": 0.09445149562959144,
  "MAPE(%)": 5.851018129762012
}