{
  "R2": 0.9806867877440452,
  "MAE": 0.04694781163044479,
  "RMSE": 0.008797761003878359,
  "MAPE(%)": 3.05686931300383
}