Feature,Importance
0.1,71.2142429110638
ASA_m2_g,5.603354540466115
ASA_m2_cm3,4.977523476444518
AV_VF,3.7570224751714214
AV_cm3_g,3.0905914591121593
LCD,2.214929520304131
Has_OMS,2.0706514206052598
cm3_g,1.9846936854795927
PLD,1.840026931512186
LFPD,1.6876845943738388
NASA_m2_cm3,0.9102831492221977
NASA_m2_g,0.5151492050491936
NAV_cm3_g,0.13384663119556398
