{
  "R2": 0.9728788836218797,
  "MAE": 0.05756914741701281,
  "RMSE": 0.007793436223919567,
  "MAPE(%)": 3.920427464268874
}