temp,lowp,outp,seed,mode,qt_frac,train_ratio,out_root,model,R2,MAE,RMSE,MAPE(%)
293K,0.01,1,2029,struct_with_input,0.0,0.65,./RUN_FULL_EXP,cat,0.9701494569420678,0.013223845239817875,0.001995415814372917,3.441679101612255
