{
  "R2": 0.9701494569420678,
  "MAE": 0.013223845239817875,
  "RMSE": 0.001995415814372917,
  "MAPE(%)": 3.441679101612255
}