{
  "R2": 0.9763300402759167,
  "MAE": 0.04036703218616179,
  "RMSE": 0.0032870680238059557,
  "MAPE(%)": 3.6998004800549245
}