{
  "R2": 0.407213866904112,
  "MAE": 0.1877770137543345,
  "RMSE": 0.08700682664598025,
  "MAPE(%)": 54.31810730151789
}