Feature,Importance
HENRY,57.57750458041633
ASA_m2_g,14.24822190521414
ASA_m2_cm3,5.710665460372567
AV_VF,5.129280466603371
AV_cm3_g,4.3163819874386755
cm3_g,2.91925835476798
LCD,2.5253924768308527
PLD,2.373600400518764
LFPD,1.8099494469661876
Has_OMS,1.5528787160995015
NASA_m2_g,0.9346333752781998
NASA_m2_cm3,0.8282315602226702
NAV_cm3_g,0.07400126927074721
