{
  "R2": 0.9596417071281002,
  "MAE": 0.16641965069791484,
  "RMSE": 0.05517109527996899,
  "MAPE(%)": 5.268626190575225
}