{
  "R2": 0.9946869843544807,
  "MAE": 0.022807524676858912,
  "RMSE": 0.0010871935728584234,
  "MAPE(%)": 1.765516645133381
}