temp,lowp,outp,seed,mode,qt_frac,train_ratio,out_root,model,R2,MAE,RMSE,MAPE(%)
293K,0.05,15,2027,lowq,0.35,0.5,./RUN_FULL_EXP,cat,0.958086037695121,0.1675275888693299,0.06943093652396515,5.579098289363198
