{
  "R2": 0.958086037695121,
  "MAE": 0.1675275888693299,
  "RMSE": 0.06943093652396515,
  "MAPE(%)": 5.579098289363198
}