Feature,Importance
0.5,91.86341754987701
ASA_m2_g,1.2588151963441718
cm3_g,1.036903149192591
AV_cm3_g,0.8699568538413547
ASA_m2_cm3,0.8647149422347726
LCD,0.7204794915750722
Has_OMS,0.6700212213349267
PLD,0.5888643782659281
NASA_m2_cm3,0.5510807711268526
AV_VF,0.5066518342499899
LFPD,0.4819440339290848
NASA_m2_g,0.48062932456655855
NAV_cm3_g,0.1065212534616921
