{
  "R2": 0.9959929159933772,
  "MAE": 0.010320596235572934,
  "RMSE": 0.00025512011650003196,
  "MAPE(%)": 1.9196678848677868
}