Feature,Importance
0.1,76.7255397866955
ASA_m2_cm3,4.238429412960081
ASA_m2_g,4.219509148264952
AV_cm3_g,4.031375996821946
cm3_g,1.9016894320900848
AV_VF,1.8608153912582384
LCD,1.5681004187659975
Has_OMS,1.5082020235411722
LFPD,1.2633133645268853
PLD,1.2490159816547752
NASA_m2_cm3,0.7481380375356843
NASA_m2_g,0.562567550065323
NAV_cm3_g,0.12330345581936508
