{
  "R2": 0.9792329038621987,
  "MAE": 0.03450960933740626,
  "RMSE": 0.0038327113988134366,
  "MAPE(%)": 3.169883520636256
}