Feature,Importance
0.05,60.639513535213496
ASA_m2_g,13.950184253157119
ASA_m2_cm3,5.273648307209768
AV_cm3_g,4.293483452889026
AV_VF,4.242261132987558
cm3_g,3.551571618335829
PLD,1.9383035427265263
LCD,1.8640868465247231
LFPD,1.5848491159325784
Has_OMS,1.3548837451190436
NASA_m2_cm3,0.6225434589868774
NASA_m2_g,0.6193485402540184
NAV_cm3_g,0.06532245066348127
