{
  "R2": 0.9752719195541713,
  "MAE": 0.11220602492362172,
  "RMSE": 0.029373056675485124,
  "MAPE(%)": 4.934445426715663
}