temp,lowp,outp,seed,mode,qt_frac,train_ratio,out_root,model,R2,MAE,RMSE,MAPE(%)
293K,0.1,5,2026,lowq,0.25,0.5,./RUN_FULL_EXP,cat,0.9740341508481971,0.05858259193530868,0.009577189573658405,4.0627899257307805
