{
  "R2": 0.9740341508481971,
  "MAE": 0.05858259193530868,
  "RMSE": 0.009577189573658405,
  "MAPE(%)": 4.0627899257307805
}