Feature,Importance
HENRY,71.05169975423357
ASA_m2_g,6.203503106648945
ASA_m2_cm3,4.791029403511479
AV_VF,4.477368567828411
AV_cm3_g,2.4386441633834712
cm3_g,2.1918392125311676
LFPD,2.032457988160951
LCD,2.028452159985043
PLD,1.820839526860088
Has_OMS,1.6136551777644903
NASA_m2_cm3,0.6707523939663909
NASA_m2_g,0.6024016161445631
NAV_cm3_g,0.07735692898140001
