temp,lowp,outp,seed,mode,qt_frac,train_ratio,out_root,model,R2,MAE,RMSE,MAPE(%)
293K,HENRY,5,2025,lowq,0.25,0.5,./RUN_FULL_EXP,cat,0.9718339732609584,0.05958763944173829,0.01058046332335449,4.139938127872556
