{
  "R2": 0.9718339732609584,
  "MAE": 0.05958763944173829,
  "RMSE": 0.01058046332335449,
  "MAPE(%)": 4.139938127872556
}