{
  "R2": 0.9924073427611901,
  "MAE": 0.031967875417287336,
  "RMSE": 0.0023714737815995037,
  "MAPE(%)": 2.5327289107911124
}