Feature,Importance
0.01,87.0697025164129
cm3_g,3.164952037268531
AV_VF,1.988224174209698
ASA_m2_cm3,1.2855241275322955
AV_cm3_g,1.27540480002822
Has_OMS,1.1445309761023081
ASA_m2_g,0.9273297266812951
LCD,0.9022513466892316
PLD,0.7135556694268955
NASA_m2_cm3,0.6816853528496266
LFPD,0.575400634120266
NASA_m2_g,0.1903819140491156
NAV_cm3_g,0.08105672462957401
