{
  "R2": 0.924469809754711,
  "MAE": 0.020693478851208116,
  "RMSE": 0.00555437214869624,
  "MAPE(%)": 6.949407656500381
}