{
  "R2": 0.9622759082274703,
  "MAE": 0.17378206540461855,
  "RMSE": 0.06531927623166055,
  "MAPE(%)": 5.965161107197528
}