{
  "R2": 0.9887347898400739,
  "MAE": 0.013407236946976965,
  "RMSE": 0.0004453299531362298,
  "MAPE(%)": 2.4229423434940287
}