Feature,Importance
0.1,65.14011974516669
ASA_m2_g,6.7204001317287405
ASA_m2_cm3,6.476108234084785
AV_VF,5.767448757085986
cm3_g,3.234305817603616
AV_cm3_g,2.577141457092104
LCD,2.494594167355525
LFPD,2.3725844976936705
PLD,2.316933786836579
Has_OMS,1.46998812233986
NASA_m2_cm3,0.9262597708148739
NASA_m2_g,0.441570705941465
NAV_cm3_g,0.06254480625609084
