{
  "R2": 0.9600208945611874,
  "MAE": 0.10788765961268748,
  "RMSE": 0.03256228832196704,
  "MAPE(%)": 5.445206919182448
}