temp,lowp,outp,seed,mode,qt_frac,train_ratio,out_root,model,R2,MAE,RMSE,MAPE(%)
273K,0.1,5,2029,lowq,0.1,0.5,./RUN_FULL_EXP,cat,0.9600208945611874,0.10788765961268748,0.03256228832196704,5.445206919182448
