Feature,Importance
0.1,48.7604079471244
ASA_m2_g,17.3422214543373
cm3_g,6.221225417286812
ASA_m2_cm3,6.133654510350735
AV_cm3_g,5.5662111763286
AV_VF,4.527261169923656
PLD,3.172495643999205
LCD,2.606383536424153
LFPD,2.4892282578511216
Has_OMS,1.401085700758098
NASA_m2_cm3,1.0470272245078873
NASA_m2_g,0.612103414809236
NAV_cm3_g,0.1206945462988065
