{
  "R2": 0.9558680679812813,
  "MAE": 0.23301722729684096,
  "RMSE": 0.12846388805588554,
  "MAPE(%)": 6.229828427163609
}