{
  "R2": 0.7555540005470389,
  "MAE": 0.4973885604190821,
  "RMSE": 0.48193379884999477,
  "MAPE(%)": 20.34028951335556
}