{
  "R2": 0.9788147205626019,
  "MAE": 0.04111759120481236,
  "RMSE": 0.0036679798116776674,
  "MAPE(%)": 3.789402721183936
}