{
  "R2": 0.9550281893972973,
  "MAE": 0.09719373122454113,
  "RMSE": 0.022215859948523896,
  "MAPE(%)": 4.841294245222913
}