Feature,Importance
HENRY,50.25642369911591
ASA_m2_g,16.01455095724825
ASA_m2_cm3,7.813363053314348
AV_cm3_g,5.33529898466522
AV_VF,4.9987260258262864
cm3_g,3.8990688248278076
PLD,3.100713408497267
LCD,2.5532402288097926
LFPD,2.1884270641195944
Has_OMS,1.7946836020610468
NASA_m2_g,0.981176412932503
NASA_m2_cm3,0.9696622465143491
NAV_cm3_g,0.09466549206762472
