{
  "R2": 0.956344136073142,
  "MAE": 0.23776479020787933,
  "RMSE": 0.11982164885939857,
  "MAPE(%)": 6.328038248250407
}