Feature,Importance
0.05,60.336438428265765
ASA_m2_g,12.850873152623857
AV_VF,5.876259086133139
ASA_m2_cm3,5.202581411635868
AV_cm3_g,4.567237619168328
cm3_g,2.831262509237435
LCD,2.009168910548413
PLD,2.0046190793049443
LFPD,1.7278316018141546
Has_OMS,1.2908382524745134
NASA_m2_cm3,0.8084226129135167
NASA_m2_g,0.4018015942237164
NAV_cm3_g,0.09266574165635777
