{
  "R2": 0.9685140519616837,
  "MAE": 0.11205886681934063,
  "RMSE": 0.025231778727223063,
  "MAPE(%)": 4.494370895854
}