{
  "R2": 0.76435470218064,
  "MAE": 0.4681127389000393,
  "RMSE": 0.43669745772781576,
  "MAPE(%)": 20.483488694515934
}