{
  "R2": 0.9819248783296538,
  "MAE": 0.02180437304516066,
  "RMSE": 0.0014935801748641826,
  "MAPE(%)": 4.171185468311147
}