Feature,Importance
0.5,56.95561761166166
ASA_m2_g,12.61697474165856
AV_cm3_g,6.242516293713399
ASA_m2_cm3,5.7986555819394905
AV_VF,4.715116973876994
cm3_g,4.42312454925677
LCD,2.6225074573106206
PLD,2.0386547473981067
LFPD,1.772118276871847
Has_OMS,1.4351221339704343
NASA_m2_cm3,0.8219297674890497
NASA_m2_g,0.47776542099428426
NAV_cm3_g,0.07989644385881559
