{
  "R2": 0.9676486046810178,
  "MAE": 0.15227383987287998,
  "RMSE": 0.05808930689478789,
  "MAPE(%)": 5.2263964812883135
}