temp,lowp,outp,seed,mode,qt_frac,train_ratio,out_root,model,R2,MAE,RMSE,MAPE(%)
293K,0.5,15,2029,lowq,0.15,0.5,./RUN_FULL_EXP,cat,0.9676486046810178,0.15227383987287998,0.05808930689478789,5.2263964812883135
