{
  "R2": 0.9668281123520907,
  "MAE": 0.11099500997080873,
  "RMSE": 0.041139544121902016,
  "MAPE(%)": 4.737527687562373
}