{
  "R2": 0.9868781942454115,
  "MAE": 0.04512952535807903,
  "RMSE": 0.005527927327420643,
  "MAPE(%)": 3.562397060108969
}