Feature,Importance
0.1,77.91740684147304
ASA_m2_g,5.727938365514362
ASA_m2_cm3,3.438418836043204
AV_cm3_g,2.377020138110515
AV_VF,2.35483460260631
cm3_g,1.809503394485944
LCD,1.4770976192033431
PLD,1.3212487053668056
Has_OMS,1.2900854433652953
LFPD,1.0788710965867636
NASA_m2_g,0.666014370983279
NASA_m2_cm3,0.47493689532380073
NAV_cm3_g,0.0666236909373419
