{
  "R2": 0.9807329655041983,
  "MAE": 0.031193852722409522,
  "RMSE": 0.0021083711456980417,
  "MAPE(%)": 2.7329587369056
}