Feature,Importance
0.1,73.28934694094754
ASA_m2_g,4.930783593100423
ASA_m2_cm3,4.510932908665061
AV_VF,3.8196215223666217
AV_cm3_g,3.1997775941592663
LCD,2.1853884901637604
Has_OMS,1.9097545809917427
PLD,1.847912083424339
cm3_g,1.5154367511411722
LFPD,1.3085808804515944
NASA_m2_g,0.8703981552337616
NASA_m2_cm3,0.5425644373879532
NAV_cm3_g,0.0695020619667588
