{
  "R2": 0.9710748001781944,
  "MAE": 0.05730115090285388,
  "RMSE": 0.008286792129242007,
  "MAPE(%)": 3.869479608921305
}