Feature,Importance
0.05,62.30424998733396
ASA_m2_g,9.941231159305659
AV_VF,6.915851913565777
AV_cm3_g,5.514009822212996
ASA_m2_cm3,4.140854558342585
cm3_g,3.2291311079018943
PLD,2.0978284735053783
LFPD,1.937036677189956
LCD,1.6952409295896642
Has_OMS,0.9689027622059827
NASA_m2_cm3,0.6686354244195825
NASA_m2_g,0.4955910669396557
NAV_cm3_g,0.09143611748690846
