Feature,Importance
HENRY,84.75378351637316
cm3_g,2.2433075750311775
Has_OMS,1.7724321497125903
AV_cm3_g,1.6350883079640859
PLD,1.5768117884588584
LCD,1.5677747745405315
AV_VF,1.5400826195627715
ASA_m2_cm3,1.4283674767896892
LFPD,1.3977101186035616
ASA_m2_g,0.9495656370898451
NASA_m2_g,0.5422171583771428
NASA_m2_cm3,0.5290507695547102
NAV_cm3_g,0.06380810794189083
