{
  "R2": 0.9920316988898781,
  "MAE": 0.00759998009506327,
  "RMSE": 0.00016040087811739276,
  "MAPE(%)": 2.0172941284894983
}