temp,lowp,outp,seed,mode,qt_frac,train_ratio,out_root,model,R2,MAE,RMSE,MAPE(%)
293K,HENRY,1,2025,lowq,0.55,0.5,./RUN_FULL_EXP,cat,0.9920316988898781,0.00759998009506327,0.00016040087811739276,2.0172941284894983
