Feature,Importance
0.5,92.47822897089854
AV_cm3_g,1.1370950589691062
cm3_g,0.9025091156417843
AV_VF,0.8808611632434111
ASA_m2_cm3,0.8454330025812801
PLD,0.8451903965405433
ASA_m2_g,0.6198470881557777
LCD,0.5686232998882743
LFPD,0.48285218508779515
Has_OMS,0.4193455139879226
NASA_m2_cm3,0.3393035891848138
NASA_m2_g,0.33187713649570644
NAV_cm3_g,0.14883347932503002
