{
  "R2": 0.9947915860481013,
  "MAE": 0.010044902509874182,
  "RMSE": 0.00022949930704616202,
  "MAPE(%)": 1.8297107762724318
}