temp,lowp,outp,seed,mode,qt_frac,train_ratio,out_root,model,R2,MAE,RMSE,MAPE(%)
273K,0.5,1,2026,lowq,0.6,0.5,./RUN_FULL_EXP,cat,0.9947915860481013,0.010044902509874182,0.00022949930704616202,1.8297107762724318
