{
  "R2": 0.9821699656899667,
  "MAE": 0.009374974455301851,
  "RMSE": 0.0009095746225357823,
  "MAPE(%)": 2.4485092419952146
}