temp,lowp,outp,seed,mode,qt_frac,train_ratio,out_root,model,R2,MAE,RMSE,MAPE(%)
313K,HENRY,1,2027,lowq,0.6,0.5,./RUN_FULL_EXP,cat,0.9957083119672042,0.003801549474894095,3.681476514446162e-05,1.4729978188705288
