{
  "R2": 0.9957083119672042,
  "MAE": 0.003801549474894095,
  "RMSE": 3.681476514446162e-05,
  "MAPE(%)": 1.4729978188705288
}