{
  "R2": 0.9721478631105573,
  "MAE": 0.09258405534362475,
  "RMSE": 0.023652953037730854,
  "MAPE(%)": 5.226972159419989
}