Feature,Importance
0.05,66.5512054529495
ASA_m2_cm3,6.696427168380551
ASA_m2_g,5.083268385261115
AV_VF,4.938221593578634
AV_cm3_g,3.8804195966406527
PLD,2.8089768626362295
cm3_g,2.1843071371977167
Has_OMS,2.159094547096211
LCD,2.0540847182832804
LFPD,1.9139089748625062
NASA_m2_cm3,0.9346050511873614
NASA_m2_g,0.6905375372935921
NAV_cm3_g,0.10494297463267771
