{
  "R2": 0.9573363587227326,
  "MAE": 0.10254880022103283,
  "RMSE": 0.027447887251447797,
  "MAPE(%)": 5.174641291735576
}