Feature,Importance
0.01,82.49333295374085
AV_VF,2.1513244887008605
Has_OMS,1.955777077244477
ASA_m2_cm3,1.9421695429670147
ASA_m2_g,1.8539371890834635
AV_cm3_g,1.799785456564725
PLD,1.7873690028177782
LFPD,1.6515783091867582
cm3_g,1.477217571715322
LCD,1.4344831128969637
NASA_m2_cm3,0.9520548802071921
NASA_m2_g,0.4431514341731261
NAV_cm3_g,0.057818980701488346
