{
  "R2": 0.934002420091985,
  "MAE": 0.02709305079579908,
  "RMSE": 0.011532733781231885,
  "MAPE(%)": 4.222188245997242
}