Feature,Importance
0.5,52.7627843987489
ASA_m2_g,16.288470856699213
AV_VF,5.798959537741433
ASA_m2_cm3,5.622595335701703
AV_cm3_g,4.946624824923343
cm3_g,4.503675956293772
PLD,2.799431888278456
LFPD,2.4214896952195595
LCD,2.3230148283499075
Has_OMS,1.2884860880598423
NASA_m2_cm3,0.8717076793950298
NASA_m2_g,0.2790758611425776
NAV_cm3_g,0.09368304944628511
