{
  "R2": 0.9547165786971454,
  "MAE": 0.22900102279264367,
  "RMSE": 0.1185469026976754,
  "MAPE(%)": 6.008949276812579
}