temp,lowp,outp,seed,mode,qt_frac,train_ratio,out_root,model,R2,MAE,RMSE,MAPE(%)
273K,0.5,15,2025,lowq,0.4,0.5,./RUN_FULL_EXP,cat,0.9547165786971454,0.22900102279264367,0.1185469026976754,6.008949276812579
