Feature,Importance
0.01,64.58474946133201
ASA_m2_g,7.572768412060857
ASA_m2_cm3,6.005878700705494
AV_VF,5.803054620433424
LFPD,2.7133889874564043
PLD,2.653515949606224
AV_cm3_g,2.514120915267705
LCD,2.2992625609889568
cm3_g,2.2912327203471663
Has_OMS,2.172190218344925
NASA_m2_cm3,0.8078905407380119
NASA_m2_g,0.5055396642895003
NAV_cm3_g,0.0764072484293342
