{
  "R2": 0.9528636576734678,
  "MAE": 0.10359129251913941,
  "RMSE": 0.025594545186863243,
  "MAPE(%)": 5.2800719680207475
}