Feature,Importance
HENRY,83.37904737203456
AV_cm3_g,2.105498560064935
Has_OMS,2.0422242799805286
cm3_g,1.8998261577111195
PLD,1.6881879524407424
LFPD,1.6835666569498402
AV_VF,1.6063174359608083
ASA_m2_g,1.5833036825225084
ASA_m2_cm3,1.4984933512468226
LCD,1.430230833138853
NASA_m2_g,0.6314837684875643
NASA_m2_cm3,0.4144260114132412
NAV_cm3_g,0.037393938048464984
