temp,lowp,outp,seed,mode,qt_frac,train_ratio,out_root,model,R2,MAE,RMSE,MAPE(%)
293K,HENRY,1,2025,lowq,0.2,0.5,./RUN_FULL_EXP,cat,0.9909901195950851,0.008107832118032883,0.0003088999687777017,2.146139299747799
