{
  "R2": 0.9909901195950851,
  "MAE": 0.008107832118032883,
  "RMSE": 0.0003088999687777017,
  "MAPE(%)": 2.146139299747799
}