Feature,Importance
0.01,81.08547027053348
ASA_m2_cm3,4.5841324455755235
ASA_m2_g,2.610330120473166
Has_OMS,1.8068481219882548
PLD,1.6271124888207664
AV_VF,1.571233771365476
LCD,1.4091737426488875
cm3_g,1.3267036236379854
LFPD,1.299011568002906
AV_cm3_g,0.9284896446969757
NASA_m2_g,0.924363124947434
NASA_m2_cm3,0.7729043239430415
NAV_cm3_g,0.05422675336609833
