{
  "R2": 0.9515471225581187,
  "MAE": 0.02506339787047058,
  "RMSE": 0.008292003168721225,
  "MAPE(%)": 3.7767667355626187
}