{
  "R2": 0.9719993098325732,
  "MAE": 0.06388650633901563,
  "RMSE": 0.009546189019909716,
  "MAPE(%)": 4.350687761901609
}