{
  "R2": 0.36557455884575385,
  "MAE": 0.1827001303496804,
  "RMSE": 0.10104944572957113,
  "MAPE(%)": 46.045507030789665
}