Feature,Importance
0.05,55.29684338286608
ASA_m2_g,13.644891268507672
ASA_m2_cm3,6.643837697715081
AV_cm3_g,5.028047531645924
AV_VF,5.000344578596362
cm3_g,4.127964497934485
LCD,2.8024904730543847
PLD,2.2552434534121346
LFPD,1.9147377745356466
Has_OMS,1.536112324018565
NASA_m2_cm3,1.197634099469461
NASA_m2_g,0.46293976305094836
NAV_cm3_g,0.08891315519326279
