{
  "R2": 0.9581128335955211,
  "MAE": 0.1691447980426551,
  "RMSE": 0.07131608755790714,
  "MAPE(%)": 5.627757768480538
}