Feature,Importance
0.01,64.97880959055854
ASA_m2_cm3,7.181381178042588
ASA_m2_g,6.073411229174743
AV_VF,4.861654071905753
AV_cm3_g,3.422015145703275
PLD,2.711639027794171
LCD,2.52490778212287
cm3_g,2.370579703391242
LFPD,2.229496519762498
Has_OMS,2.064632185822474
NASA_m2_cm3,0.8597927149941651
NASA_m2_g,0.6572512230589593
NAV_cm3_g,0.06442962766868464
