temp,lowp,outp,seed,mode,qt_frac,train_ratio,out_root,model,R2,MAE,RMSE,MAPE(%)
273K,0.01,5,2025,lowq,0.65,0.5,./RUN_FULL_EXP,cat,0.951065062687019,0.10299648011801042,0.023828520800831216,5.156779421710676
