{
  "R2": 0.951065062687019,
  "MAE": 0.10299648011801042,
  "RMSE": 0.023828520800831216,
  "MAPE(%)": 5.156779421710676
}