{
  "R2": 0.9705050521297515,
  "MAE": 0.05913499163840367,
  "RMSE": 0.009038519212418203,
  "MAPE(%)": 4.038604536919788
}