{
  "R2": 0.9838545344596249,
  "MAE": 0.015874337791356916,
  "RMSE": 0.0006303049384723409,
  "MAPE(%)": 2.9213901658478423
}