temp,lowp,outp,seed,mode,qt_frac,train_ratio,out_root,model,R2,MAE,RMSE,MAPE(%)
273K,0.01,1,2027,struct_with_input,0.75,0.75,./RUN_FULL_EXP,cat,0.9838545344596249,0.015874337791356916,0.0006303049384723409,2.9213901658478423
