{
  "R2": 0.9851780582435203,
  "MAE": 0.017432036207286047,
  "RMSE": 0.0008378061398371693,
  "MAPE(%)": 3.2174435172482125
}