temp,lowp,outp,seed,mode,qt_frac,train_ratio,out_root,model,R2,MAE,RMSE,MAPE(%)
273K,0.01,1,2026,struct_with_input,0.45,0.45,./RUN_FULL_EXP,cat,0.9861451539816253,0.01755400609890573,0.0007797949116639666,3.2522158051581105
