temp,lowp,outp,seed,mode,qt_frac,train_ratio,out_root,model,R2,MAE,RMSE,MAPE(%)
273K,0.01,1,2026,struct_with_input,0.45,0.45,./RUN_FULL_EXP,cat,0.9851780582435203,0.017432036207286047,0.0008378061398371693,3.2174435172482125
