{
  "R2": 0.9861451539816253,
  "MAE": 0.01755400609890573,
  "RMSE": 0.0007797949116639666,
  "MAPE(%)": 3.2522158051581105
}