Feature,Importance
0.01,81.45753556912895
ASA_m2_cm3,3.4281847655198123
AV_VF,2.3285909918585608
Has_OMS,2.3223601993216816
AV_cm3_g,2.0614090828641056
PLD,2.0414074844394925
ASA_m2_g,1.40550020780181
cm3_g,1.3658342833512418
LCD,1.2904039068277093
LFPD,1.0480470201356717
NASA_m2_cm3,0.6754438776694117
NASA_m2_g,0.5237664488857727
NAV_cm3_g,0.051516162195769793
