temp,lowp,outp,seed,mode,qt_frac,train_ratio,out_root,model,R2,MAE,RMSE,MAPE(%)
273K,0.01,1,2028,struct_with_input,0.55,0.55,./RUN_FULL_EXP,cat,0.9881889736968131,0.015847734877355718,0.0005784342648389478,2.9832087709694273
