{
  "R2": 0.9844004695464604,
  "MAE": 0.01665383578074529,
  "RMSE": 0.0007744417119248062,
  "MAPE(%)": 3.110083393800238
}