{
  "R2": 0.9881889736968131,
  "MAE": 0.015847734877355718,
  "RMSE": 0.0005784342648389478,
  "MAPE(%)": 2.9832087709694273
}