{
  "R2": 0.9524556804406356,
  "MAE": 0.19255198331922774,
  "RMSE": 0.09088537313657556,
  "MAPE(%)": 7.224223256315235
}