{
  "R2": 0.9852869008514589,
  "MAE": 0.017112149776018507,
  "RMSE": 0.0007595974374205881,
  "MAPE(%)": 3.213705663022471
}