Feature,Importance
cm3_g,14.929407921767147
Has_OMS,14.537414760500118
PLD,13.941844392826042
ASA_m2_cm3,11.293402838878439
AV_VF,11.02401075706885
LCD,8.883193463805084
LFPD,8.36009014822687
ASA_m2_g,7.0599329976741165
AV_cm3_g,5.18053778117587
NASA_m2_g,2.4233232467411603
NASA_m2_cm3,2.095778485931419
NAV_cm3_g,0.2710632054048839
