{
  "R2": 0.44197307740250213,
  "MAE": 0.17951282222693907,
  "RMSE": 0.08975310985752688,
  "MAPE(%)": 44.719324194393366
}