Feature,Importance
0.01,84.5989492152824
AV_cm3_g,2.067168984227672
cm3_g,1.821483996594959
PLD,1.650470508482872
Has_OMS,1.645704284544089
LFPD,1.5932039177280422
ASA_m2_g,1.5461237840076136
AV_VF,1.4537898046273938
ASA_m2_cm3,1.3353149133270235
LCD,1.3196330768650855
NASA_m2_cm3,0.7013486942646543
NASA_m2_g,0.24812629299871464
NAV_cm3_g,0.018682527049458886
