{
  "R2": 0.9916691679922137,
  "MAE": 0.009921169460316601,
  "RMSE": 0.00024594268467557646,
  "MAPE(%)": 2.7902076238239095
}