{
  "R2": 0.9590087885145012,
  "MAE": 0.08635515833613991,
  "RMSE": 0.01656209719318105,
  "MAPE(%)": 4.199873734609392
}