{
  "R2": 0.9654532698467431,
  "MAE": 0.0583756097971118,
  "RMSE": 0.0075422059664258115,
  "MAPE(%)": 3.9608537809604534
}