Feature,Importance
0.1,52.77614520024046
ASA_m2_g,14.52552755592823
AV_cm3_g,6.89212107567911
ASA_m2_cm3,6.709238928462263
AV_VF,4.965833834406667
cm3_g,4.04257292042486
PLD,2.6614153042127495
LFPD,2.2641239534420547
LCD,2.062127197602851
Has_OMS,1.5564720491758266
NASA_m2_g,0.7549249867233895
NASA_m2_cm3,0.7074423600383182
NAV_cm3_g,0.0820546336632237
