{
  "R2": 0.9670165174652608,
  "MAE": 0.15925583073278363,
  "RMSE": 0.05564723754340058,
  "MAPE(%)": 5.376226542700476
}