{
  "R2": 0.9663301361787041,
  "MAE": 0.12057952458726375,
  "RMSE": 0.029563925269303046,
  "MAPE(%)": 4.8223001051491226
}