Feature,Importance
0.01,71.99812423536417
ASA_m2_g,4.934698049941772
AV_VF,4.291947997774379
ASA_m2_cm3,4.041026191133283
cm3_g,3.215442846089181
AV_cm3_g,2.141087532400917
LFPD,2.1230067488694226
Has_OMS,2.0667303573388525
LCD,2.0526433500722554
PLD,1.7789821074428944
NASA_m2_g,0.6813939873395471
NASA_m2_cm3,0.6130248073100373
NAV_cm3_g,0.061891788923309286
