{
  "R2": 0.9673911824932384,
  "MAE": 0.0712112845100052,
  "RMSE": 0.013950556037025268,
  "MAPE(%)": 5.120864058005041
}