Feature,Importance
0.5,54.60125300558794
ASA_m2_g,15.665714818926961
AV_VF,5.714032800080507
ASA_m2_cm3,5.443694535165679
cm3_g,4.483009591821647
AV_cm3_g,4.364026834624396
PLD,2.4774350095278135
LFPD,2.4740800529447062
LCD,2.265285036933962
Has_OMS,1.343982142259488
NASA_m2_cm3,0.5611398563392421
NASA_m2_g,0.4631998395354977
NAV_cm3_g,0.14314647625215499
