{
  "R2": 0.9552795607706015,
  "MAE": 0.2292147133876586,
  "RMSE": 0.1155868724598765,
  "MAPE(%)": 6.003394707406972
}