Feature,Importance
0.01,53.609179579462
ASA_m2_g,16.73034842412357
AV_VF,6.089431667491811
ASA_m2_cm3,5.141234529118217
AV_cm3_g,5.140290188168768
cm3_g,3.135163439788175
PLD,2.7305581608857428
LFPD,2.522804898999701
LCD,2.321245735095733
Has_OMS,1.2063636941570095
NASA_m2_g,0.6884627828856653
NASA_m2_cm3,0.6257012021216972
NAV_cm3_g,0.05921569770191843
