{
  "R2": 0.9620591184808387,
  "MAE": 0.16837127786329417,
  "RMSE": 0.07073620176746281,
  "MAPE(%)": 5.88612591612257
}