Feature,Importance
0.01,65.07633301241847
ASA_m2_cm3,7.973252960726289
ASA_m2_g,6.731461141648154
AV_VF,3.892083821026936
PLD,2.8685489439260774
AV_cm3_g,2.6459315337653515
LFPD,2.5918359363408436
cm3_g,2.521870209547192
Has_OMS,2.259983455437718
LCD,2.123256564963246
NASA_m2_cm3,0.6744908774840199
NASA_m2_g,0.5776115489160059
NAV_cm3_g,0.0633399937997032
