{
  "R2": 0.957144218337854,
  "MAE": 0.10341372185313868,
  "RMSE": 0.024207370669298484,
  "MAPE(%)": 5.2328136637661276
}