temp,lowp,outp,seed,mode,qt_frac,train_ratio,out_root,model,R2,MAE,RMSE,MAPE(%)
273K,0.01,5,2025,lowq,0.5,0.5,./RUN_FULL_EXP,cat,0.957144218337854,0.10341372185313868,0.024207370669298484,5.2328136637661276
