Feature,Importance
0.05,84.51583387161195
ASA_m2_cm3,2.0712863756318405
AV_cm3_g,1.7890469617122529
AV_VF,1.675856125165318
Has_OMS,1.4872107383671516
cm3_g,1.483341645710137
LCD,1.4723019214996684
ASA_m2_g,1.3703820770287067
LFPD,1.3437119156403272
PLD,1.2070783303165424
NASA_m2_g,0.8045531122725793
NASA_m2_cm3,0.7238028501703616
NAV_cm3_g,0.055594074873191346
