{
  "R2": 0.9703038541057136,
  "MAE": 0.019182292547106714,
  "RMSE": 0.0034526463684573087,
  "MAPE(%)": 3.1655300715759727
}