Feature,Importance
ASA_m2_g,16.37326695575535
AV_VF,14.163667150879624
cm3_g,13.643990684473422
ASA_m2_cm3,11.305149055226352
PLD,10.814454580932798
AV_cm3_g,8.737679605354979
LCD,7.758016520642341
Has_OMS,7.160411781729757
LFPD,6.640597456389721
NASA_m2_cm3,1.5906939451689526
NASA_m2_g,1.3328673926301329
NAV_cm3_g,0.47920487081656504
