{
  "R2": 0.7451958846147353,
  "MAE": 0.4902069383472959,
  "RMSE": 0.4895211254303323,
  "MAPE(%)": 20.257596195838566
}