{
  "R2": 0.9777005880598214,
  "MAE": 0.05477675397292294,
  "RMSE": 0.009430513580207555,
  "MAPE(%)": 3.8027046021240705
}