temp,lowp,outp,seed,mode,qt_frac,train_ratio,out_root,model,R2,MAE,RMSE,MAPE(%)
293K,0.5,5,2027,lowq,0.15,0.5,./RUN_FULL_EXP,cat,0.9777005880598214,0.05477675397292294,0.009430513580207555,3.8027046021240705
