Feature,Importance
0.5,90.55337499635267
AV_cm3_g,1.5721301794603675
Has_OMS,1.4230234573234426
ASA_m2_g,0.9974408722394557
AV_VF,0.873488980680567
cm3_g,0.7819871182632034
LCD,0.7819369169481797
NASA_m2_cm3,0.7426970892040518
LFPD,0.6972944732625171
ASA_m2_cm3,0.5762986595317139
PLD,0.48853808044524616
NASA_m2_g,0.34259288553197637
NAV_cm3_g,0.16919629075660667
