temp,lowp,outp,seed,mode,qt_frac,train_ratio,out_root,model,R2,MAE,RMSE,MAPE(%)
293K,0.5,1,2029,lowq,0.35,0.5,./RUN_FULL_EXP,cat,0.9970596949907576,0.0059839712742529695,8.073499947184715e-05,1.6812162161174746
