{
  "R2": 0.9970596949907576,
  "MAE": 0.0059839712742529695,
  "RMSE": 8.073499947184715e-05,
  "MAPE(%)": 1.6812162161174746
}