Feature,Importance
0.5,92.5234711047023
AV_cm3_g,1.0181260243331467
AV_VF,1.0097892414479255
Has_OMS,0.8725875326066527
ASA_m2_g,0.793614682062179
cm3_g,0.7884426053790443
LCD,0.6434566793169262
NASA_m2_cm3,0.6132196900277211
ASA_m2_cm3,0.5643113201827381
PLD,0.4662383354461194
LFPD,0.42572790284873935
NASA_m2_g,0.21608248063781818
NAV_cm3_g,0.06493240100867508
