{
  "R2": 0.9948393187926191,
  "MAE": 0.009712951848006445,
  "RMSE": 0.0002002117846819545,
  "MAPE(%)": 1.7596819612911856
}