{
  "R2": 0.9654187521492027,
  "MAE": 0.1647757034046808,
  "RMSE": 0.05681979925124337,
  "MAPE(%)": 5.491420824728698
}