{
  "R2": 0.9842917658211148,
  "MAE": 0.016780378452175986,
  "RMSE": 0.000716763753013322,
  "MAPE(%)": 3.133239006312543
}