temp,lowp,outp,seed,mode,qt_frac,train_ratio,out_root,model,R2,MAE,RMSE,MAPE(%)
273K,0.01,1,2026,lowq,0.6,0.5,./RUN_FULL_EXP,cat,0.9842917658211148,0.016780378452175986,0.000716763753013322,3.133239006312543
