Feature,Importance
0.05,77.17853863379386
ASA_m2_g,3.8426945555062413
AV_VF,3.2393639185901413
ASA_m2_cm3,3.1519632819644223
AV_cm3_g,3.020365888618259
cm3_g,2.4947997987285824
Has_OMS,1.7943686482423735
LFPD,1.4890834031336
LCD,1.4175951641345195
PLD,1.4170606011646842
NASA_m2_cm3,0.6010266749587959
NASA_m2_g,0.28392097869571253
NAV_cm3_g,0.06921845246884116
