{
  "R2": 0.9827860655048246,
  "MAE": 0.03481035223108268,
  "RMSE": 0.0029374148682922295,
  "MAPE(%)": 3.169195160858993
}