{
  "R2": 0.9725827558862684,
  "MAE": 0.03819848426816933,
  "RMSE": 0.007397050332223868,
  "MAPE(%)": 3.7048602368246324
}