Feature,Importance
0.1,85.54176843246238
cm3_g,2.56773347553689
ASA_m2_g,2.0222939728587512
AV_cm3_g,1.5838040517329761
AV_VF,1.486960254910594
ASA_m2_cm3,1.233742913029924
PLD,1.0672251808171633
Has_OMS,1.0377505090988912
LCD,1.0181307091014988
NASA_m2_g,0.9433759240908255
LFPD,0.8946939366614828
NASA_m2_cm3,0.5754240747026732
NAV_cm3_g,0.02709656499595844
