{
  "R2": 0.9736202164835506,
  "MAE": 0.019874762555131247,
  "RMSE": 0.0036700690893894097,
  "MAPE(%)": 3.117384546946371
}