{
  "R2": 0.9553463118292976,
  "MAE": 0.1753069596719507,
  "RMSE": 0.07351369516339241,
  "MAPE(%)": 5.776503707897949
}