{
  "R2": 0.9837315912905884,
  "MAE": 0.029238416213711767,
  "RMSE": 0.001789088720845643,
  "MAPE(%)": 2.633944618287023
}