{
  "R2": 0.9772023798982411,
  "MAE": 0.10453458410631776,
  "RMSE": 0.024741810780166965,
  "MAPE(%)": 4.446245725602678
}