{
  "R2": 0.9561204644243613,
  "MAE": 0.1771870803889284,
  "RMSE": 0.08331860315583271,
  "MAPE(%)": 6.089386028320745
}