Feature,Importance
0.05,51.52206276808345
ASA_m2_g,14.8498964706472
ASA_m2_cm3,7.664779893011673
AV_cm3_g,6.025982361190244
AV_VF,5.0870457649958265
cm3_g,4.126890907784474
PLD,2.925647639598001
LCD,2.6150230493169824
LFPD,1.954488741637193
Has_OMS,1.4424223724102225
NASA_m2_g,0.8977228580041975
NASA_m2_cm3,0.7289095093131247
NAV_cm3_g,0.1591276640074006
