{
  "R2": 0.95642489589443,
  "MAE": 0.2348951062844142,
  "RMSE": 0.12863588372424548,
  "MAPE(%)": 6.521316038258718
}