{
  "R2": 0.9391785743587205,
  "MAE": 0.02938514074932635,
  "RMSE": 0.009667451014583271,
  "MAPE(%)": 4.964885184844984
}