temp,lowp,outp,seed,mode,qt_frac,train_ratio,out_root,model,R2,MAE,RMSE,MAPE(%)
273K,0.01,1,2028,struct_with_input,0.0,0.25,./RUN_FULL_EXP,cat,0.9250800158317555,0.029200696672471625,0.012328812912298577,4.670427373155828
