{
  "R2": 0.9250800158317555,
  "MAE": 0.029200696672471625,
  "RMSE": 0.012328812912298577,
  "MAPE(%)": 4.670427373155828
}