{
  "R2": 0.7094939324205625,
  "MAE": 0.4262385300499371,
  "RMSE": 0.3655656016521961,
  "MAPE(%)": 22.85013852170078
}