Feature,Importance
0.5,69.20694304694554
ASA_m2_g,9.141796916432046
ASA_m2_cm3,5.772293478504371
AV_cm3_g,3.251108178984454
AV_VF,3.043330781856791
LCD,2.067049719129273
PLD,1.877165503044042
LFPD,1.741594722011385
cm3_g,1.661304058724854
Has_OMS,0.8585922088702241
NASA_m2_cm3,0.6693222770814949
NASA_m2_g,0.6222491963942832
NAV_cm3_g,0.08724991202123246
