{
  "R2": 0.9741976988838713,
  "MAE": 0.0915113375229748,
  "RMSE": 0.020993522605591418,
  "MAPE(%)": 4.909989801266599
}