temp,lowp,outp,seed,mode,qt_frac,train_ratio,out_root,model,R2,MAE,RMSE,MAPE(%)
273K,0.5,5,2027,lowq,0.05,0.5,./RUN_FULL_EXP,cat,0.9741976988838713,0.0915113375229748,0.020993522605591418,4.909989801266599
