Feature,Importance
0.05,77.80578036255449
ASA_m2_g,4.345554084665844
AV_VF,3.376793375826884
ASA_m2_cm3,2.633340230707754
AV_cm3_g,2.3953250499143564
cm3_g,2.263282855592378
LCD,1.771044519923621
Has_OMS,1.6942775119852613
PLD,1.3186787672228095
LFPD,1.2633858203443862
NASA_m2_cm3,0.72228277468781
NASA_m2_g,0.312488291593186
NAV_cm3_g,0.09776635498120781
