{
  "R2": 0.9785220761214405,
  "MAE": 0.03294923169209299,
  "RMSE": 0.0023640023016198654,
  "MAPE(%)": 2.955858824448864
}