{
  "R2": 0.9847614319970324,
  "MAE": 0.01840857131999073,
  "RMSE": 0.0011496124267680518,
  "MAPE(%)": 3.3350103298628135
}