{
  "R2": 0.9866250717843271,
  "MAE": 0.018550333106971285,
  "RMSE": 0.0010190731507606927,
  "MAPE(%)": 3.423899694867785
}