Feature,Importance
HENRY,59.087605941191356
ASA_m2_g,8.844485123924295
AV_VF,7.708762155321212
AV_cm3_g,6.029465205008367
ASA_m2_cm3,5.440114856080831
cm3_g,2.665982837392968
PLD,2.4817044148187284
LFPD,2.1918613967347533
LCD,2.1411588281999747
Has_OMS,1.6162045865387595
NASA_m2_cm3,0.950507733862204
NASA_m2_g,0.7840446949437571
NAV_cm3_g,0.05810222598279839
