{
  "R2": 0.9593495054185367,
  "MAE": 0.16245564884940744,
  "RMSE": 0.07058333199570704,
  "MAPE(%)": 5.376010428216289
}