temp,lowp,outp,seed,mode,qt_frac,train_ratio,out_root,model,R2,MAE,RMSE,MAPE(%)
293K,0.1,5,2026,lowq,0.2,0.5,./RUN_FULL_EXP,cat,0.9735697952308601,0.05877940079446535,0.009975986152945565,4.089383335074309
