{
  "R2": 0.9735697952308601,
  "MAE": 0.05877940079446535,
  "RMSE": 0.009975986152945565,
  "MAPE(%)": 4.089383335074309
}