{
  "R2": 0.7489293440656288,
  "MAE": 0.4843966772870367,
  "RMSE": 0.47507439251850303,
  "MAPE(%)": 20.98571868295052
}