{
  "R2": 0.7607390612360716,
  "MAE": 0.1642941459173568,
  "RMSE": 0.05135253546001287,
  "MAPE(%)": 14.140004834666572
}