{
  "R2": 0.938753754525418,
  "MAE": 0.030428192924143484,
  "RMSE": 0.009282787307305558,
  "MAPE(%)": 6.164060421662303
}