{
  "R2": 0.9892837943655837,
  "MAE": 0.009348098098516784,
  "RMSE": 0.00016094105510122147,
  "MAPE(%)": 2.5686886734661396
}