temp,lowp,outp,seed,mode,qt_frac,train_ratio,out_root,model,R2,MAE,RMSE,MAPE(%)
293K,0.01,1,2029,struct_with_input,0.75,0.75,./RUN_FULL_EXP,cat,0.9892837943655837,0.009348098098516784,0.00016094105510122147,2.5686886734661396
