{
  "R2": 0.9576332127070906,
  "MAE": 0.17959317500554936,
  "RMSE": 0.08018452282758329,
  "MAPE(%)": 6.387182190483835
}