Feature,Importance
0.01,54.93083954266467
ASA_m2_g,15.142195308976582
ASA_m2_cm3,6.014958109434001
AV_VF,5.74689051199724
cm3_g,4.148003361018789
AV_cm3_g,3.878223663984135
PLD,2.707684954367714
LCD,2.1469026460534066
LFPD,2.0866185432076723
Has_OMS,1.474154194555685
NASA_m2_cm3,0.9980122666322347
NASA_m2_g,0.638292187514168
NAV_cm3_g,0.08722470959369
