temp,lowp,outp,seed,mode,qt_frac,train_ratio,out_root,model,R2,MAE,RMSE,MAPE(%)
293K,0.01,15,2025,lowq,0.75,0.5,./RUN_FULL_EXP,cat,0.9602278258843567,0.16848073316260262,0.05462558853282229,5.4574181091939655
