{
  "R2": 0.9602278258843567,
  "MAE": 0.16848073316260262,
  "RMSE": 0.05462558853282229,
  "MAPE(%)": 5.4574181091939655
}