{
  "R2": 0.9789925761176522,
  "MAE": 0.021874458162332473,
  "RMSE": 0.00203032813728658,
  "MAPE(%)": 4.015883643526575
}