temp,lowp,outp,seed,mode,qt_frac,train_ratio,out_root,model,R2,MAE,RMSE,MAPE(%)
273K,0.05,5,2029,lowr,0.5,0.5,./RUN_FULL_EXP,cat,0.9650203342016065,0.10585741332191746,0.029473848238038045,5.739096778412727
