Feature,Importance
0.1,87.78959962681502
cm3_g,2.237870466990429
AV_cm3_g,1.5706042507215539
AV_VF,1.3240253756605662
LCD,1.2364232102151085
ASA_m2_cm3,1.2360827902801026
Has_OMS,0.939481892422859
PLD,0.8777107717200621
LFPD,0.7783908643172043
ASA_m2_g,0.7268547769928466
NASA_m2_g,0.5913893955788346
NASA_m2_cm3,0.5488529653552916
NAV_cm3_g,0.14271361293010393
