{
  "R2": 0.9922504120768881,
  "MAE": 0.007001566501028194,
  "RMSE": 0.00011605962221598687,
  "MAPE(%)": 1.8764453789942084
}