{
  "R2": 0.9712578138772497,
  "MAE": 0.11334142484505196,
  "RMSE": 0.02672128848548415,
  "MAPE(%)": 4.6383583435402125
}