{
  "R2": 0.9517697858349075,
  "MAE": 0.015908268308044895,
  "RMSE": 0.0034726506719237717,
  "MAPE(%)": 4.400019684468623
}