temp,lowp,outp,seed,mode,qt_frac,train_ratio,out_root,model,R2,MAE,RMSE,MAPE(%)
293K,HENRY,5,2029,lowq,0.35,0.5,./RUN_FULL_EXP,cat,0.9735954537428507,0.05714706447093345,0.008714508767654465,3.9292218630521125
