{
  "R2": 0.9735954537428507,
  "MAE": 0.05714706447093345,
  "RMSE": 0.008714508767654465,
  "MAPE(%)": 3.9292218630521125
}