{
  "R2": 0.9506646638727821,
  "MAE": 0.23582454614880252,
  "RMSE": 0.12164545651833351,
  "MAPE(%)": 6.045407830241903
}