temp,lowp,outp,seed,mode,qt_frac,train_ratio,out_root,model,R2,MAE,RMSE,MAPE(%)
273K,HENRY,15,2029,lowq,0.7,0.5,./RUN_FULL_EXP,cat,0.9506646638727821,0.23582454614880252,0.12164545651833351,6.045407830241903
