temp,lowp,outp,seed,mode,qt_frac,train_ratio,out_root,model,R2,MAE,RMSE,MAPE(%)
293K,0.5,15,2026,lowq,0.75,0.5,./RUN_FULL_EXP,cat,0.9650309923213669,0.15391341343017356,0.04667618318431827,4.93831224570468
