{
  "R2": 0.9650309923213669,
  "MAE": 0.15391341343017356,
  "RMSE": 0.04667618318431827,
  "MAPE(%)": 4.93831224570468
}