Feature,Importance
0.5,54.998224849985164
ASA_m2_g,9.198947203934226
AV_VF,8.232787830860428
AV_cm3_g,8.098932606745317
ASA_m2_cm3,6.7588914329030585
cm3_g,3.3965630213633733
PLD,2.477768418176262
LFPD,2.0291940291235933
LCD,1.8069052164075583
Has_OMS,1.485068314972242
NASA_m2_cm3,0.8014083916663375
NASA_m2_g,0.6017805592094316
NAV_cm3_g,0.1135281246530352
