{
  "R2": 0.9520243974171957,
  "MAE": 0.23485067209652974,
  "RMSE": 0.12048393148945015,
  "MAPE(%)": 6.086844022789789
}