{
  "R2": 0.9553943207704905,
  "MAE": 0.1807421012768801,
  "RMSE": 0.0799951156371265,
  "MAPE(%)": 6.137106673359156
}