temp,lowp,outp,seed,mode,qt_frac,train_ratio,out_root,model,R2,MAE,RMSE,MAPE(%)
293K,0.5,1,2027,lowq,0.2,0.5,./RUN_FULL_EXP,cat,0.9966752129152896,0.006193617480635479,0.00012422211209598723,1.7506915351353336
