{
  "R2": 0.9966752129152896,
  "MAE": 0.006193617480635479,
  "RMSE": 0.00012422211209598723,
  "MAPE(%)": 1.7506915351353336
}