Feature,Importance
0.01,86.50209946760486
Has_OMS,1.834708367047707
cm3_g,1.7425784654190308
AV_cm3_g,1.5968058276355173
AV_VF,1.404119043017419
LFPD,1.3974161673924648
ASA_m2_g,1.344506572549546
ASA_m2_cm3,1.2185338458428279
LCD,1.057300556859946
PLD,1.0166536528519787
NASA_m2_cm3,0.4628051864223569
NASA_m2_g,0.332218658814672
NAV_cm3_g,0.09025418854168613
