{
  "R2": 0.9899160181589275,
  "MAE": 0.010092853420464069,
  "RMSE": 0.00026069673630195174,
  "MAPE(%)": 2.787267789659585
}