temp,lowp,outp,seed,mode,qt_frac,train_ratio,out_root,model,R2,MAE,RMSE,MAPE(%)
273K,0.05,5,2028,lowq,0.65,0.5,./RUN_FULL_EXP,cat,0.9576761969929437,0.09678677456137047,0.020880381233409965,4.881046429792038
