{
  "R2": 0.9576761969929437,
  "MAE": 0.09678677456137047,
  "RMSE": 0.020880381233409965,
  "MAPE(%)": 4.881046429792038
}