Feature,Importance
AV_VF,14.511431381484481
PLD,14.381115629728898
LCD,11.841302648598953
cm3_g,11.629582317872757
ASA_m2_cm3,11.35828365533222
Has_OMS,9.583620424593686
ASA_m2_g,8.111307340447308
LFPD,7.721493894432369
AV_cm3_g,7.009779391042362
NASA_m2_g,1.8491557158244825
NASA_m2_cm3,1.8475868033222456
NAV_cm3_g,0.1553407973202381
