{
  "R2": 0.3062734490742376,
  "MAE": 0.20477862581729384,
  "RMSE": 0.11456989395005485,
  "MAPE(%)": 59.459933303929134
}