Feature,Importance
0.5,77.36242233019648
AV_VF,3.8864658907674023
ASA_m2_g,3.8163796474983753
ASA_m2_cm3,3.237998890051188
AV_cm3_g,3.1029961264978585
LFPD,1.6362426850984826
Has_OMS,1.6343201554269364
cm3_g,1.588226818904859
PLD,1.3428484268469574
LCD,1.2179808299451549
NASA_m2_cm3,0.5876422276941701
NASA_m2_g,0.4790704133470568
NAV_cm3_g,0.10740555772504752
