{
  "R2": 0.978691579138053,
  "MAE": 0.05185937903641375,
  "RMSE": 0.007558440601993141,
  "MAPE(%)": 3.57505046589751
}