temp,lowp,outp,seed,mode,qt_frac,train_ratio,out_root,model,R2,MAE,RMSE,MAPE(%)
293K,0.5,5,2028,lowq,0.25,0.5,./RUN_FULL_EXP,cat,0.978691579138053,0.05185937903641375,0.007558440601993141,3.57505046589751
