Feature,Importance
PLD,16.262276204360177
AV_VF,12.700904618493585
cm3_g,12.237297554809913
LCD,11.61190410219893
Has_OMS,10.789936230814916
ASA_m2_g,9.494325573765204
ASA_m2_cm3,9.268755859931995
AV_cm3_g,7.495192178349266
LFPD,7.243036692165768
NASA_m2_g,1.3129911954956772
NASA_m2_cm3,1.2384760007904294
NAV_cm3_g,0.3449037888241425
