{
  "R2": 0.4127365222807372,
  "MAE": 0.37282743742018104,
  "RMSE": 0.2878466908833127,
  "MAPE(%)": 35.938688953424744
}