temp,lowp,outp,seed,mode,qt_frac,train_ratio,out_root,model,R2,MAE,RMSE,MAPE(%)
273K,HENRY,1,2025,lowq,0.65,0.5,./RUN_FULL_EXP,cat,0.9881174363179708,0.01413339122548784,0.0005149732181329352,2.5627079488966023
