{
  "R2": 0.9881174363179708,
  "MAE": 0.01413339122548784,
  "RMSE": 0.0005149732181329352,
  "MAPE(%)": 2.5627079488966023
}