Feature,Importance
0.01,51.514989397687934
ASA_m2_g,16.43744954720244
ASA_m2_cm3,7.056665339068135
AV_VF,6.01498139858042
AV_cm3_g,4.550924485278726
cm3_g,3.958831279141127
PLD,2.9701081865141057
LCD,2.548829095089608
LFPD,2.2996774100911095
Has_OMS,1.4222477076592275
NASA_m2_cm3,0.6647422199102799
NASA_m2_g,0.4467176368789387
NAV_cm3_g,0.11383629689795068
