{
  "R2": 0.9538983111816164,
  "MAE": 0.24417571989335002,
  "RMSE": 0.1256817011392126,
  "MAPE(%)": 6.460345755718544
}