Feature,Importance
0.1,84.5401917326486
ASA_m2_g,2.1558569589052983
ASA_m2_cm3,2.0370894460460858
AV_cm3_g,1.7721132525860288
cm3_g,1.7428764914815331
PLD,1.2883921022272193
LCD,1.2654484088242146
Has_OMS,1.227424637346579
LFPD,1.1880092737592105
AV_VF,1.0070798809725845
NASA_m2_g,0.9631072904318925
NASA_m2_cm3,0.7706973477316078
NAV_cm3_g,0.0417131770391956
