{
  "R2": 0.9809202791870876,
  "MAE": 0.016734781247392368,
  "RMSE": 0.0019611610273490075,
  "MAPE(%)": 2.837733113120523
}