temp,lowp,outp,seed,mode,qt_frac,train_ratio,out_root,model,R2,MAE,RMSE,MAPE(%)
273K,0.1,1,2027,lowq,0.15,0.5,./RUN_FULL_EXP,cat,0.9809202791870876,0.016734781247392368,0.0019611610273490075,2.837733113120523
