{
  "R2": 0.9644353429836652,
  "MAE": 0.10500878956958569,
  "RMSE": 0.029995969169684063,
  "MAPE(%)": 5.532836115936677
}