Feature,Importance
0.01,78.8957000087326
Has_OMS,3.854892428128062
ASA_m2_cm3,3.4032694257446097
cm3_g,2.320642119930757
ASA_m2_g,2.13392373163858
AV_VF,1.9508754079848545
AV_cm3_g,1.814888142360943
PLD,1.4914719883766305
LFPD,1.4037936372486735
LCD,1.3730579868583688
NASA_m2_g,0.8302067604006058
NASA_m2_cm3,0.44021264365268775
NAV_cm3_g,0.08706571894261012
