Feature,Importance
0.01,79.06829976065482
Has_OMS,2.926243879468376
PLD,2.754641734512171
cm3_g,2.507973053791865
AV_cm3_g,2.477269543421385
AV_VF,2.4264441555198952
ASA_m2_cm3,2.146633059765567
LFPD,1.36077213591696
LCD,1.3603902678540336
ASA_m2_g,1.3388574448824693
NASA_m2_cm3,0.8178173714494253
NASA_m2_g,0.7335906308653519
NAV_cm3_g,0.08106696189765822
