{
  "R2": 0.9800086639209712,
  "MAE": 0.020818242512388056,
  "RMSE": 0.001758010095129465,
  "MAPE(%)": 3.8233580111618872
}