{
  "R2": 0.957710455823381,
  "MAE": 0.16988323200205915,
  "RMSE": 0.07418744551478493,
  "MAPE(%)": 5.741206546922328
}