Feature,Importance
0.01,84.17169228571716
cm3_g,2.563731708063624
AV_cm3_g,2.3919702722478497
LCD,2.0098131587555788
Has_OMS,1.8506467910731346
AV_VF,1.594472785929889
PLD,1.303989872912854
LFPD,1.217660191680613
ASA_m2_cm3,1.1639515660746935
ASA_m2_g,0.6439946293594582
NASA_m2_cm3,0.6111344679349228
NASA_m2_g,0.4553632227889229
NAV_cm3_g,0.021579047461263146
