{
  "R2": 0.9832419552498666,
  "MAE": 0.011994159358347927,
  "RMSE": 0.0007857522456898641,
  "MAPE(%)": 3.2158873953383584
}