temp,lowp,outp,seed,mode,qt_frac,train_ratio,out_root,model,R2,MAE,RMSE,MAPE(%)
293K,0.01,1,2025,lowq,0.1,0.5,./RUN_FULL_EXP,cat,0.9832419552498666,0.011994159358347927,0.0007857522456898641,3.2158873953383584
