Feature,Importance
0.01,84.93027654521775
cm3_g,2.380762738495947
AV_VF,1.7463247882257984
LFPD,1.6574585359228853
Has_OMS,1.508905355442785
ASA_m2_cm3,1.4529282753873167
PLD,1.4487285509230319
AV_cm3_g,1.4391933130714867
LCD,1.2862006097502061
ASA_m2_g,1.1990608167318422
NASA_m2_g,0.5542106975709595
NASA_m2_cm3,0.3514218653251778
NAV_cm3_g,0.044527907934837095
