{
  "R2": 0.990345471616306,
  "MAE": 0.010199668905369903,
  "RMSE": 0.00027985018146449355,
  "MAPE(%)": 2.8730876120569206
}