Feature,Importance
0.1,52.004342092388676
ASA_m2_g,16.80868917754855
ASA_m2_cm3,7.037131230415213
AV_VF,5.1826011997529315
AV_cm3_g,4.999684819341537
cm3_g,3.304914937245402
PLD,2.7797387343867537
LCD,2.688851188743764
LFPD,1.9647098640835772
Has_OMS,1.3746411568188375
NASA_m2_g,0.908861032038203
NASA_m2_cm3,0.8459126797251072
NAV_cm3_g,0.09992188751145589
