{
  "R2": 0.9474509830376868,
  "MAE": 0.24633628784374587,
  "RMSE": 0.12737458355204503,
  "MAPE(%)": 6.290911791924583
}