{
  "R2": 0.9826518999597419,
  "MAE": 0.04492085372335354,
  "RMSE": 0.00827763341406113,
  "MAPE(%)": 2.989437712796296
}