{
  "R2": 0.8634944827332369,
  "MAE": 0.1238929054979652,
  "RMSE": 0.039399039751766875,
  "MAPE(%)": 10.28999201858533
}