Feature,Importance
0.01,82.50324997355251
AV_VF,3.511002858242184
ASA_m2_cm3,2.450362871213523
Has_OMS,2.001912293026363
ASA_m2_g,1.8110726412881966
AV_cm3_g,1.6576026961609347
PLD,1.4375661526611416
LCD,1.2748526772389466
cm3_g,1.1186491060030275
LFPD,0.9128972901756371
NASA_m2_cm3,0.6111871419350143
NASA_m2_g,0.6084134223340674
NAV_cm3_g,0.10123087616845824
