{
  "R2": 0.9947562547006559,
  "MAE": 0.004382111533007299,
  "RMSE": 4.148691169983004e-05,
  "MAPE(%)": 1.6639845748955502
}