{
  "R2": 0.9597668269392863,
  "MAE": 0.23068487425802595,
  "RMSE": 0.11479986782952238,
  "MAPE(%)": 6.224657631588011
}