temp,lowp,outp,seed,mode,qt_frac,train_ratio,out_root,model,R2,MAE,RMSE,MAPE(%)
273K,0.1,15,2029,lowq,0.2,0.5,./RUN_FULL_EXP,cat,0.9597668269392863,0.23068487425802595,0.11479986782952238,6.224657631588011
