{
  "R2": 0.9638653612464152,
  "MAE": 0.1683762104256932,
  "RMSE": 0.05880624896788969,
  "MAPE(%)": 5.626426685254562
}