temp,lowp,outp,seed,mode,qt_frac,train_ratio,out_root,model,R2,MAE,RMSE,MAPE(%)
293K,0.01,15,2026,lowq,0.3,0.5,./RUN_FULL_EXP,cat,0.9638653612464152,0.1683762104256932,0.05880624896788969,5.626426685254562
