{
  "R2": 0.9948089793501728,
  "MAE": 0.025109457429091358,
  "RMSE": 0.0016787907855234977,
  "MAPE(%)": 2.0113559957300153
}