Feature,Importance
0.01,72.41096360462222
ASA_m2_g,5.482186219012828
ASA_m2_cm3,4.7328496568835225
AV_VF,4.178436020588331
cm3_g,2.769323253930252
AV_cm3_g,2.2304010931322362
LCD,2.0626156550453523
LFPD,1.5817820417655273
PLD,1.5539473001631054
Has_OMS,1.4411794810228657
NASA_m2_g,0.8520133938864017
NASA_m2_cm3,0.6315257613937986
NAV_cm3_g,0.07277651855359261
