{
  "R2": 0.9640166376614251,
  "MAE": 0.07205563792127194,
  "RMSE": 0.018016792376070796,
  "MAPE(%)": 5.0299514115894075
}