{
  "R2": 0.9504833403927948,
  "MAE": 0.2420082401301798,
  "RMSE": 0.11965036511897124,
  "MAPE(%)": 6.026400076472788
}