temp,lowp,outp,seed,mode,qt_frac,train_ratio,out_root,model,R2,MAE,RMSE,MAPE(%)
273K,0.01,15,2026,lowq,0.8,0.5,./RUN_FULL_EXP,cat,0.9504833403927948,0.2420082401301798,0.11965036511897124,6.026400076472788
