Feature,Importance
0.01,80.81727957757074
ASA_m2_cm3,3.3326614949763327
AV_VF,3.0552710483327297
Has_OMS,2.605944420232987
ASA_m2_g,2.6002335003696886
LCD,1.4856889977952
PLD,1.4162965273065762
LFPD,1.4134560354214207
cm3_g,1.1969283760116778
AV_cm3_g,1.145252294933437
NASA_m2_g,0.4726826350268729
NASA_m2_cm3,0.43925272032996676
NAV_cm3_g,0.019052371692357448
