{
  "R2": 0.986464217935087,
  "MAE": 0.015226761139360771,
  "RMSE": 0.0004843300063485242,
  "MAPE(%)": 2.8336048074509317
}