{
  "R2": 0.9591596174492587,
  "MAE": 0.16861672893140817,
  "RMSE": 0.05617925353349953,
  "MAPE(%)": 5.376453500347878
}