Feature,Importance
HENRY,58.87780093706835
ASA_m2_g,13.153172117661835
ASA_m2_cm3,6.934470609211933
cm3_g,3.8356558647920904
AV_cm3_g,3.689185552420429
AV_VF,3.621104414848268
PLD,2.5662588789789806
LCD,2.3049611891003474
LFPD,1.915752906855212
Has_OMS,1.3650995605138032
NASA_m2_g,0.8617359412447642
NASA_m2_cm3,0.7653646219543291
NAV_cm3_g,0.1094374053496566
