{
  "R2": 0.961767607423806,
  "MAE": 0.16465944161983403,
  "RMSE": 0.05449601092079895,
  "MAPE(%)": 5.274341363218226
}