Feature,Importance
0.5,92.5272061351547
AV_cm3_g,1.2421472266471005
AV_VF,1.0378256257295853
cm3_g,0.9085195651142929
PLD,0.6395576531385667
ASA_m2_g,0.6316246595892752
ASA_m2_cm3,0.5990728470718383
LCD,0.5597010593936135
Has_OMS,0.5070504783093933
NASA_m2_g,0.4050222752406591
NASA_m2_cm3,0.3665537675904713
LFPD,0.36370653837345596
NAV_cm3_g,0.2120121686470276
