{
  "R2": 0.9953627321493762,
  "MAE": 0.011232435497683303,
  "RMSE": 0.0004942481532306513,
  "MAPE(%)": 2.043783458627104
}