Feature,Importance
HENRY,83.73166627558238
cm3_g,2.9286092337808736
Has_OMS,1.8802223869071593
ASA_m2_cm3,1.5925163115360499
ASA_m2_g,1.5201097384290858
AV_VF,1.3903850832111155
LFPD,1.3798873308329238
PLD,1.337728635157182
AV_cm3_g,1.1700987793350313
LCD,1.156801332375413
NASA_m2_g,1.056462978343188
NASA_m2_cm3,0.7944001210899874
NAV_cm3_g,0.06111179341960549
