{
  "R2": 0.9900244837083333,
  "MAE": 0.008695295228608882,
  "RMSE": 0.0003810469290926195,
  "MAPE(%)": 2.280945363233617
}