Feature,Importance
0.05,71.4732883861352
ASA_m2_g,6.087928948189081
ASA_m2_cm3,4.889885036422702
AV_VF,3.934590517719706
AV_cm3_g,2.727351145034835
cm3_g,2.5255435030622975
LCD,2.0408151554337848
Has_OMS,1.6342096749472277
LFPD,1.5874259436104208
PLD,1.5395368257791024
NASA_m2_cm3,1.023094098202028
NASA_m2_g,0.38420680953221514
NAV_cm3_g,0.15212395593143982
