temp,lowp,outp,seed,mode,qt_frac,train_ratio,out_root,model,R2,MAE,RMSE,MAPE(%)
293K,0.05,5,2029,lowq,0.25,0.5,./RUN_FULL_EXP,cat,0.9735136824899099,0.058385180824904966,0.009606491358985328,4.022900287090413
