{
  "R2": 0.9735136824899099,
  "MAE": 0.058385180824904966,
  "RMSE": 0.009606491358985328,
  "MAPE(%)": 4.022900287090413
}