Feature,Importance
0.5,75.45084275939664
ASA_m2_g,5.42517192161635
AV_VF,4.112761156560497
ASA_m2_cm3,4.001290369154421
AV_cm3_g,2.4589879388092664
LCD,1.7358483783498369
cm3_g,1.621349221755926
PLD,1.3692088976145749
LFPD,1.3046733832751187
Has_OMS,1.2155305351438852
NASA_m2_g,0.7306670985477911
NASA_m2_cm3,0.527895046808419
NAV_cm3_g,0.0457732929672914
