{
  "R2": 0.9747748252659235,
  "MAE": 0.049669794066368615,
  "RMSE": 0.0053869356976566874,
  "MAPE(%)": 3.3448080305080814
}