{
  "R2": 0.9585198233368758,
  "MAE": 0.2377541026755447,
  "RMSE": 0.11601135851987619,
  "MAPE(%)": 6.244771821244261
}