Feature,Importance
cm3_g,19.619084713994805
AV_VF,14.720324351737796
ASA_m2_g,13.707079602334751
PLD,11.034002426114318
ASA_m2_cm3,10.081860303293633
LCD,7.95072360335567
LFPD,7.159017317486076
AV_cm3_g,7.035590562244784
Has_OMS,5.891627390499732
NASA_m2_g,1.3792082687055125
NASA_m2_cm3,1.1099737737545354
NAV_cm3_g,0.3115076864783761
