{
  "R2": 0.6758644651355934,
  "MAE": 0.5587673745084532,
  "RMSE": 0.6219094870991513,
  "MAPE(%)": 24.36339815242895
}