Feature,Importance
0.05,54.922180125094584
ASA_m2_g,14.160706038742287
AV_cm3_g,6.613704619180147
AV_VF,6.391120163689004
ASA_m2_cm3,5.329187973069701
cm3_g,3.214605457252278
PLD,2.4417276561587866
LCD,2.2712535262159155
LFPD,2.0179196586195243
Has_OMS,1.1186796612612828
NASA_m2_cm3,0.77983128596335
NASA_m2_g,0.6776201073986432
NAV_cm3_g,0.061463727354472114
