{
  "R2": 0.9625688615634541,
  "MAE": 0.16478470708347123,
  "RMSE": 0.06929839960664508,
  "MAPE(%)": 5.549503083706821
}