Feature,Importance
0.01,72.00439402553754
ASA_m2_cm3,5.751939769180988
ASA_m2_g,4.671078852213571
AV_VF,3.991425577934632
AV_cm3_g,2.575681177266936
cm3_g,2.502218847432912
LFPD,2.021135248213126
LCD,1.980258127251724
Has_OMS,1.6766694382885645
PLD,1.674625705826863
NASA_m2_cm3,0.5366005607433654
NASA_m2_g,0.51908677636029
NAV_cm3_g,0.09488589374946456
