temp,lowp,outp,seed,mode,qt_frac,train_ratio,out_root,model,R2,MAE,RMSE,MAPE(%)
293K,0.01,5,2025,lowq,0.5,0.5,./RUN_FULL_EXP,cat,0.9641871709221254,0.06330091534719665,0.010311854990184478,4.360582881705666
