{
  "R2": 0.9641871709221254,
  "MAE": 0.06330091534719665,
  "RMSE": 0.010311854990184478,
  "MAPE(%)": 4.360582881705666
}