Feature,Importance
0.1,71.8042257061278
ASA_m2_g,5.871754527920174
ASA_m2_cm3,5.152168260414372
AV_cm3_g,3.776212975465722
AV_VF,3.3244167850144417
LCD,1.8811577883579518
cm3_g,1.7185246212351277
PLD,1.7040329328933725
LFPD,1.6384438369227887
Has_OMS,1.6222632080784876
NASA_m2_g,0.7722743023542257
NASA_m2_cm3,0.671869109668423
NAV_cm3_g,0.06265594554710378
