temp,lowp,outp,seed,mode,qt_frac,train_ratio,out_root,model,R2,MAE,RMSE,MAPE(%)
293K,0.1,5,2026,lowq,0.3,0.5,./RUN_FULL_EXP,cat,0.9757747389941396,0.05644802931372201,0.008210429195917562,3.9473957866991025
