{
  "R2": 0.9757747389941396,
  "MAE": 0.05644802931372201,
  "RMSE": 0.008210429195917562,
  "MAPE(%)": 3.9473957866991025
}