Feature,Importance
0.5,49.74939953470263
ASA_m2_g,14.810112153180507
AV_cm3_g,9.780924667112604
ASA_m2_cm3,6.5520331715984295
AV_VF,5.7405396676513725
cm3_g,3.2150368967093623
PLD,2.5717520977186683
LCD,2.395200744891722
LFPD,2.291988522308085
Has_OMS,1.135195356779989
NASA_m2_cm3,0.8890078250235234
NASA_m2_g,0.7776595653452176
NAV_cm3_g,0.09114979697787791
