{
  "R2": 0.9579437993873113,
  "MAE": 0.22578314132285396,
  "RMSE": 0.11421784788418281,
  "MAPE(%)": 5.969698364074804
}