temp,lowp,outp,seed,mode,qt_frac,train_ratio,out_root,model,R2,MAE,RMSE,MAPE(%)
293K,0.5,5,2026,lowq,0.8,0.5,./RUN_FULL_EXP,cat,0.9732057876735895,0.04974286998460254,0.005359901360824957,3.3567077312882403
