{
  "R2": 0.9732057876735895,
  "MAE": 0.04974286998460254,
  "RMSE": 0.005359901360824957,
  "MAPE(%)": 3.3567077312882403
}