{
  "R2": 0.9656275893139987,
  "MAE": 0.09850827214770076,
  "RMSE": 0.02497183278474661,
  "MAPE(%)": 5.086853306809153
}