Feature,Importance
0.05,88.7604081314701
AV_cm3_g,1.5793382851706375
cm3_g,1.5672810146445915
AV_VF,1.309604130478307
LCD,1.2997115983557186
ASA_m2_cm3,1.0288110584750672
Has_OMS,1.0194194412633775
ASA_m2_g,1.006699587718846
PLD,0.9390009628157185
LFPD,0.7040149762270307
NASA_m2_cm3,0.43354496263820136
NASA_m2_g,0.2402357234631768
NAV_cm3_g,0.11193012727923296
