{
  "R2": 0.9940484339664627,
  "MAE": 0.004587657799010199,
  "RMSE": 4.178502776510703e-05,
  "MAPE(%)": 1.7522221035485404
}