Feature,Importance
0.1,73.06522334906816
ASA_m2_g,5.520766401821723
ASA_m2_cm3,5.260190367175093
AV_VF,3.2996531412383736
AV_cm3_g,2.4889965256069826
cm3_g,1.9681754471663355
LCD,1.9646019884719268
PLD,1.9079539539967347
Has_OMS,1.6770020314503644
LFPD,1.3626461210728105
NASA_m2_cm3,0.8016589561357989
NASA_m2_g,0.5861487137261936
NAV_cm3_g,0.09698300306949598
