{
  "R2": 0.9699898087897165,
  "MAE": 0.05611679821424188,
  "RMSE": 0.007244285087420541,
  "MAPE(%)": 3.8051064252391376
}