Feature,Importance
0.1,55.260427371776174
ASA_m2_g,16.295863567901627
ASA_m2_cm3,6.0161548274497205
AV_VF,5.407995879301424
AV_cm3_g,4.155713586723511
cm3_g,3.1588179116363904
PLD,2.519852350288361
LCD,2.196575740616472
LFPD,2.086157199001771
Has_OMS,1.4609295330592122
NASA_m2_cm3,0.6952300398412993
NASA_m2_g,0.6696981095868073
NAV_cm3_g,0.07658388281723698
