{
  "R2": 0.960792111772069,
  "MAE": 0.16260113007855873,
  "RMSE": 0.05329679200639918,
  "MAPE(%)": 5.19338018628259
}