temp,lowp,outp,seed,mode,qt_frac,train_ratio,out_root,model,R2,MAE,RMSE,MAPE(%)
293K,0.1,15,2025,lowq,0.7,0.5,./RUN_FULL_EXP,cat,0.960792111772069,0.16260113007855873,0.05329679200639918,5.19338018628259
