temp,lowp,outp,seed,mode,qt_frac,train_ratio,out_root,model,R2,MAE,RMSE,MAPE(%)
273K,0.05,1,2027,lowq,0.3,0.5,./RUN_FULL_EXP,cat,0.9861922138917866,0.01625108058747359,0.0009900407876954809,2.875090763044191
