{
  "R2": 0.9861922138917866,
  "MAE": 0.01625108058747359,
  "RMSE": 0.0009900407876954809,
  "MAPE(%)": 2.875090763044191
}