Feature,Importance
0.1,85.69185404482973
AV_cm3_g,1.9669856411222963
ASA_m2_cm3,1.8934075190898643
AV_VF,1.7171276176996562
ASA_m2_g,1.578470135285274
cm3_g,1.40438164233634
Has_OMS,1.2006409332453696
PLD,1.1013921767221162
LCD,1.0945068188655362
LFPD,0.9365978691936849
NASA_m2_cm3,0.6345369460445837
NASA_m2_g,0.611726088146796
NAV_cm3_g,0.1683725674187822
