{
  "R2": 0.9898162041939276,
  "MAE": 0.012937581634182772,
  "RMSE": 0.00038669934875949893,
  "MAPE(%)": 2.3600925410606326
}