Feature,Importance
0.01,61.065811463873096
ASA_m2_g,13.32241549631838
ASA_m2_cm3,4.890427720163135
AV_VF,4.757367012468455
AV_cm3_g,4.528882533083122
cm3_g,3.18940059465358
PLD,2.426750970910467
LCD,1.927990950346664
LFPD,1.8952246597326357
Has_OMS,0.9380538637948909
NASA_m2_g,0.51242429773338
NASA_m2_cm3,0.4513207463911548
NAV_cm3_g,0.0939296905310496
