{
  "R2": 0.961680283575707,
  "MAE": 0.12169619077046541,
  "RMSE": 0.04625064761920473,
  "MAPE(%)": 5.1570121269087945
}