temp,lowp,outp,seed,mode,qt_frac,train_ratio,out_root,model,R2,MAE,RMSE,MAPE(%)
273K,0.1,1,2027,lowq,0.5,0.5,./RUN_FULL_EXP,cat,0.9876291174335204,0.014685054225343327,0.000640752379471873,2.7240950664931938
