{
  "R2": 0.9876291174335204,
  "MAE": 0.014685054225343327,
  "RMSE": 0.000640752379471873,
  "MAPE(%)": 2.7240950664931938
}