{
  "R2": 0.955675572397779,
  "MAE": 0.026537076280117547,
  "RMSE": 0.007021008273190652,
  "MAPE(%)": 4.153729568450085
}