temp,lowp,outp,seed,mode,qt_frac,train_ratio,out_root,model,R2,MAE,RMSE,MAPE(%)
313K,0.5,5,2028,lowq,0.65,0.5,./RUN_FULL_EXP,cat,0.9841678126651113,0.029688714170789738,0.001992179676770571,2.6841630246633597
