{
  "R2": 0.9841678126651113,
  "MAE": 0.029688714170789738,
  "RMSE": 0.001992179676770571,
  "MAPE(%)": 2.6841630246633597
}