{
  "R2": 0.8080461426669104,
  "MAE": 0.15062289309288976,
  "RMSE": 0.04726723561750457,
  "MAPE(%)": 12.436303158353255
}