temp,lowp,outp,seed,mode,qt_frac,train_ratio,out_root,model,R2,MAE,RMSE,MAPE(%)
273K,0.5,1,2028,lowq,0.4,0.5,./RUN_FULL_EXP,cat,0.9951133541794835,0.010758212761972589,0.00029261992055926335,1.984362950954324
