{
  "R2": 0.9951133541794835,
  "MAE": 0.010758212761972589,
  "RMSE": 0.00029261992055926335,
  "MAPE(%)": 1.984362950954324
}