Feature,Importance
HENRY,57.877640203979254
ASA_m2_g,12.744257152013185
AV_VF,5.897081877045938
ASA_m2_cm3,4.824187586850008
AV_cm3_g,4.675761311337104
cm3_g,3.6132771657270832
LFPD,3.0742884631434446
PLD,2.297476668226561
LCD,1.6929824807406757
Has_OMS,1.6026071476020867
NASA_m2_cm3,0.9115568204074268
NASA_m2_g,0.6188740916213975
NAV_cm3_g,0.1700090313058146
