{
  "R2": 0.9585695684798861,
  "MAE": 0.16641300295636505,
  "RMSE": 0.06258859339647337,
  "MAPE(%)": 5.431496657613895
}