{
  "R2": 0.9800008889165329,
  "MAE": 0.039410563202699936,
  "RMSE": 0.005551133072968461,
  "MAPE(%)": 3.669649796083948
}