Feature,Importance
0.01,57.074198611838625
ASA_m2_g,9.801941836645467
AV_VF,7.110765214520774
ASA_m2_cm3,6.663125850485624
AV_cm3_g,6.150796777640114
cm3_g,3.2513614197839766
PLD,2.6774984837034577
LCD,2.1541129562446066
LFPD,2.034746739212209
Has_OMS,1.4285764816422295
NASA_m2_cm3,0.9074901509435972
NASA_m2_g,0.6756521679663001
NAV_cm3_g,0.06973330937302492
