temp,lowp,outp,seed,mode,qt_frac,train_ratio,out_root,model,R2,MAE,RMSE,MAPE(%)
293K,0.01,15,2028,lowq,0.2,0.5,./RUN_FULL_EXP,cat,0.9613111715051429,0.16671403964586323,0.06887482050882045,5.692408542958667
