{
  "R2": 0.9613111715051429,
  "MAE": 0.16671403964586323,
  "RMSE": 0.06887482050882045,
  "MAPE(%)": 5.692408542958667
}