Feature,Importance
0.01,80.19458962237894
Has_OMS,3.50855691098849
ASA_m2_cm3,2.8739755801816234
cm3_g,2.4887006652096364
ASA_m2_g,2.447713974639679
LCD,1.716563840555887
AV_cm3_g,1.538877896567285
AV_VF,1.4652952792916927
PLD,1.0610724276359227
NASA_m2_cm3,0.9036521329958008
LFPD,0.8835670262057722
NASA_m2_g,0.856810747163608
NAV_cm3_g,0.060623896185637946
