{
  "R2": 0.9619386842627189,
  "MAE": 0.024841017697361148,
  "RMSE": 0.004627868685998217,
  "MAPE(%)": 4.4696582762620185
}