Feature,Importance
0.01,48.486644583022716
ASA_m2_g,17.645113712105395
ASA_m2_cm3,6.122234677448696
AV_VF,6.063735646894726
AV_cm3_g,5.430899958978579
cm3_g,4.727948448424185
PLD,3.5537935837789862
LFPD,2.419009818869292
LCD,2.3142150904116927
Has_OMS,1.7558667823262746
NASA_m2_g,0.7567749968553646
NASA_m2_cm3,0.6708279222465222
NAV_cm3_g,0.05293477863756877
