temp,lowp,outp,seed,mode,qt_frac,train_ratio,out_root,model,R2,MAE,RMSE,MAPE(%)
273K,0.01,15,2025,lowq,0.05,0.5,./RUN_FULL_EXP,cat,0.9564954771101282,0.2405593119433869,0.13173481158755113,6.608099647759021
