{
  "R2": 0.9564954771101282,
  "MAE": 0.2405593119433869,
  "RMSE": 0.13173481158755113,
  "MAPE(%)": 6.608099647759021
}