{
  "R2": 0.5038157478274603,
  "MAE": 0.3393996666975343,
  "RMSE": 0.24100761044161303,
  "MAPE(%)": 34.52938727601346
}