temp,lowp,outp,seed,mode,qt_frac,train_ratio,out_root,model,R2,MAE,RMSE,MAPE(%)
273K,0.01,1,2026,struct_with_input,0.05,0.1,./RUN_FULL_EXP,cat,0.9553325877980166,0.03084684002716502,0.0062363596152179585,5.819733112482017
