{
  "R2": 0.9553325877980166,
  "MAE": 0.03084684002716502,
  "RMSE": 0.0062363596152179585,
  "MAPE(%)": 5.819733112482017
}