{
  "R2": 0.9539480064531276,
  "MAE": 0.0313610395207105,
  "RMSE": 0.006119949011276659,
  "MAPE(%)": 6.337335295985351
}