{
  "R2": 0.9494408707626172,
  "MAE": 0.2351756082639799,
  "RMSE": 0.12210487087209763,
  "MAPE(%)": 5.991265322090883
}