Feature,Importance
0.01,81.95573422010816
AV_cm3_g,2.3744272136528193
ASA_m2_cm3,2.302110804320422
LCD,1.9660338278412623
cm3_g,1.9278923044771858
PLD,1.8036464729790114
AV_VF,1.7631251090009978
ASA_m2_g,1.6907223840606143
Has_OMS,1.6603098107276195
LFPD,1.2304824351808235
NASA_m2_cm3,0.8237718173565804
NASA_m2_g,0.4722547298380251
NAV_cm3_g,0.029488870456482318
