{
  "R2": 0.9846502860424454,
  "MAE": 0.017606001818307206,
  "RMSE": 0.0009151664495658337,
  "MAPE(%)": 3.2219308852473323
}