temp,lowp,outp,seed,mode,qt_frac,train_ratio,out_root,model,R2,MAE,RMSE,MAPE(%)
273K,0.01,1,2029,lowq,0.4,0.5,./RUN_FULL_EXP,cat,0.9846502860424454,0.017606001818307206,0.0009151664495658337,3.2219308852473323
