Feature,Importance
0.1,64.14858331982813
ASA_m2_g,8.073413026200917
ASA_m2_cm3,6.75289201938451
AV_VF,4.980769969003421
AV_cm3_g,3.0460624688338926
PLD,2.6137347208376016
LFPD,2.4056002179862617
LCD,2.23388843703748
cm3_g,2.0032494283699402
Has_OMS,2.0028162768331623
NASA_m2_cm3,0.9592305517855929
NASA_m2_g,0.7004956726241577
NAV_cm3_g,0.07926389127493566
