{
  "R2": 0.959367508614532,
  "MAE": 0.09421581895697821,
  "RMSE": 0.019117369633010747,
  "MAPE(%)": 4.668844701282283
}