{
  "R2": 0.9822247052958385,
  "MAE": 0.009803007125823715,
  "RMSE": 0.0008469478925592066,
  "MAPE(%)": 2.4122581044513245
}