temp,lowp,outp,seed,mode,qt_frac,train_ratio,out_root,model,R2,MAE,RMSE,MAPE(%)
293K,HENRY,1,2026,lowq,0.1,0.5,./RUN_FULL_EXP,cat,0.9822247052958385,0.009803007125823715,0.0008469478925592066,2.4122581044513245
