{
  "R2": 0.9537843764942301,
  "MAE": 0.17900037712474767,
  "RMSE": 0.07461535882745632,
  "MAPE(%)": 5.916839587360849
}