Feature,Importance
HENRY,71.70721785232209
ASA_m2_g,5.180531373587444
ASA_m2_cm3,4.338697604517737
AV_VF,4.336483932143767
AV_cm3_g,2.899001427855637
cm3_g,2.847601154959874
LCD,2.1695507624822246
Has_OMS,1.9125829827671803
LFPD,1.6856442087646704
PLD,1.6761622614013314
NASA_m2_cm3,0.7201977254080906
NASA_m2_g,0.384964455736066
NAV_cm3_g,0.1413642580539138
