{
  "R2": 0.9696394990040258,
  "MAE": 0.05681509753094425,
  "RMSE": 0.007984086056756856,
  "MAPE(%)": 3.8460281116163006
}