Feature,Importance
HENRY,60.31587550262583
ASA_m2_g,13.49567371436943
ASA_m2_cm3,5.182368247259106
AV_VF,5.060985903706236
AV_cm3_g,4.92328467326784
cm3_g,2.2029042071896305
LCD,2.1055427460550926
PLD,2.0489592321932566
LFPD,1.9146088650004707
Has_OMS,1.2467307406483088
NASA_m2_cm3,0.845086704184937
NASA_m2_g,0.56241997815117
NAV_cm3_g,0.09555948534868268
