{
  "R2": 0.9664215194188277,
  "MAE": 0.1094380430602043,
  "RMSE": 0.025341745636714305,
  "MAPE(%)": 4.377165885678988
}