Feature,Importance
0.01,57.42644383942114
ASA_m2_g,12.472320687176937
ASA_m2_cm3,6.247388228236968
AV_VF,5.375567599404792
AV_cm3_g,4.932255967884821
cm3_g,3.8919068788857847
LCD,2.6389952934426835
PLD,2.301403639967133
LFPD,1.794354897268054
Has_OMS,1.239484030179232
NASA_m2_cm3,0.8968775862163259
NASA_m2_g,0.652182462238329
NAV_cm3_g,0.13081888967781785
