{
  "R2": 0.9595098419363505,
  "MAE": 0.16704357230940492,
  "RMSE": 0.06857610781990023,
  "MAPE(%)": 5.59858547769037
}