Feature,Importance
0.5,50.09000385163976
ASA_m2_g,17.07376268553614
AV_cm3_g,6.897505191663937
ASA_m2_cm3,5.828300617684048
cm3_g,5.362167852883434
AV_VF,4.70925014567755
PLD,2.875228406881677
LCD,2.3681621166035334
LFPD,2.1706446550379246
Has_OMS,1.039457870355972
NASA_m2_cm3,0.8865902879706826
NASA_m2_g,0.6292807429840097
NAV_cm3_g,0.06964557508135605
