{
  "R2": 0.9621076038027312,
  "MAE": 0.22302096572825345,
  "RMSE": 0.1154191846291379,
  "MAPE(%)": 6.071270138022128
}