Feature,Importance
AV_VF,14.978414177484977
cm3_g,13.820634925828072
PLD,13.090757846535965
ASA_m2_cm3,12.290397718938854
Has_OMS,9.982560477050487
ASA_m2_g,8.702686127911266
LFPD,8.699992629068081
LCD,7.593978504141959
AV_cm3_g,6.826722559100253
NASA_m2_g,1.9484729306346966
NASA_m2_cm3,1.727407254495082
NAV_cm3_g,0.33797484881031564
