{
  "R2": 0.5671997924449783,
  "MAE": 0.3235460063413558,
  "RMSE": 0.21705609297762268,
  "MAPE(%)": 29.992496711444144
}