{
  "R2": 0.9967794037310389,
  "MAE": 0.003539657353225104,
  "RMSE": 2.537337779942291e-05,
  "MAPE(%)": 1.3451661475200567
}