{
  "R2": 0.9627055601606221,
  "MAE": 0.22646741479889165,
  "RMSE": 0.10725330332120428,
  "MAPE(%)": 6.187067992663612
}