Feature,Importance
0.01,88.82083771395263
cm3_g,1.623545196290493
PLD,1.3567033459740807
AV_VF,1.2437848348923974
LCD,1.1893666522845636
LFPD,1.1667625922437876
ASA_m2_g,1.122024670803397
ASA_m2_cm3,1.0499400882238958
Has_OMS,0.9837980158097248
AV_cm3_g,0.9256567335169746
NASA_m2_g,0.2522766095652309
NASA_m2_cm3,0.2167798795404546
NAV_cm3_g,0.0485236669023928
