{
  "R2": 0.9891172092857896,
  "MAE": 0.006853133855904512,
  "RMSE": 8.70017805773479e-05,
  "MAPE(%)": 2.671048918450338
}