temp,lowp,outp,seed,mode,qt_frac,train_ratio,out_root,model,R2,MAE,RMSE,MAPE(%)
313K,0.01,1,2025,lowq,0.65,0.5,./RUN_FULL_EXP,cat,0.9891172092857896,0.006853133855904512,8.70017805773479e-05,2.671048918450338
