{
  "R2": 0.9846513668737896,
  "MAE": 0.016347632104148142,
  "RMSE": 0.0006975800071666405,
  "MAPE(%)": 3.0707382896175326
}