{
  "R2": 0.9824920799595067,
  "MAE": 0.035099120438528995,
  "RMSE": 0.0037595124284956383,
  "MAPE(%)": 3.2829054670470383
}