temp,lowp,outp,seed,mode,qt_frac,train_ratio,out_root,model,R2,MAE,RMSE,MAPE(%)
313K,0.1,5,2029,lowq,0.15,0.5,./RUN_FULL_EXP,cat,0.9824920799595067,0.035099120438528995,0.0037595124284956383,3.2829054670470383
