Feature,Importance
0.1,62.238401594770295
ASA_m2_g,10.844999871548797
AV_cm3_g,5.750258829274464
ASA_m2_cm3,5.404836415807603
AV_VF,4.264467055013381
cm3_g,3.418600938467665
LCD,2.0334248215333814
PLD,1.7911983094013295
LFPD,1.595140708210016
Has_OMS,1.213457884019587
NASA_m2_g,0.7957496985331264
NASA_m2_cm3,0.5946576169288982
NAV_cm3_g,0.054806256491451676
