{
  "R2": 0.9677237089561149,
  "MAE": 0.11188745898491514,
  "RMSE": 0.037088322598965495,
  "MAPE(%)": 4.766604946328299
}