Feature,Importance
0.5,90.77113721013214
ASA_m2_g,1.5114881220598309
cm3_g,1.2403223364860232
LFPD,1.105829500357252
LCD,0.9926471862967257
Has_OMS,0.9001513819667646
PLD,0.84100609809941
AV_cm3_g,0.793457814076818
ASA_m2_cm3,0.6162379445462421
AV_VF,0.5549218099347005
NASA_m2_cm3,0.45031007302562265
NASA_m2_g,0.1774666222002953
NAV_cm3_g,0.04502390081820155
