{
  "R2": 0.9968538111276424,
  "MAE": 0.0040803571924498735,
  "RMSE": 5.292899410555923e-05,
  "MAPE(%)": 1.6669812540806266
}