Feature,Importance
0.5,76.16760509735585
ASA_m2_g,4.75308658975293
ASA_m2_cm3,4.448457464203987
AV_VF,3.2832291143355823
AV_cm3_g,2.7494867687459346
cm3_g,1.6268149126261948
LCD,1.5932323401161999
PLD,1.5725689728762655
Has_OMS,1.320057766732787
LFPD,1.211535989737414
NASA_m2_g,0.6000973035356357
NASA_m2_cm3,0.5846482221880132
NAV_cm3_g,0.08917945779322246
