{
  "R2": 0.9747111891459455,
  "MAE": 0.05209959296585745,
  "RMSE": 0.006716904215835613,
  "MAPE(%)": 3.499371639426016
}