temp,lowp,outp,seed,mode,qt_frac,train_ratio,out_root,model,R2,MAE,RMSE,MAPE(%)
293K,0.5,5,2026,lowq,0.55,0.5,./RUN_FULL_EXP,cat,0.9747111891459455,0.05209959296585745,0.006716904215835613,3.499371639426016
