{
  "R2": 0.9651733787150574,
  "MAE": 0.16745520963419874,
  "RMSE": 0.060139227526630736,
  "MAPE(%)": 5.66661501641657
}