{
  "R2": 0.9705131074141654,
  "MAE": 0.02153742208377909,
  "RMSE": 0.004606973888112197,
  "MAPE(%)": 3.6493755402885233
}