Feature,Importance
0.05,90.12141791867113
cm3_g,1.5806398407859938
AV_cm3_g,1.330886882703788
AV_VF,1.2481288510267947
ASA_m2_cm3,1.2231494491256332
LCD,1.1426096162615327
Has_OMS,0.8076089792171977
PLD,0.6996917378221337
LFPD,0.6518532655652151
ASA_m2_g,0.41861612197684567
NASA_m2_g,0.36406744949464886
NASA_m2_cm3,0.30579356899125915
NAV_cm3_g,0.10553631835782729
