{
  "R2": 0.9941567416512732,
  "MAE": 0.004541232789236494,
  "RMSE": 4.1311134896288047e-05,
  "MAPE(%)": 1.7252880648163464
}