Feature,Importance
ASA_m2_g,15.64891530222982
AV_VF,14.622366006147693
cm3_g,14.245983809446619
ASA_m2_cm3,12.97757715194471
PLD,9.898201066971305
LCD,7.473415451898748
AV_cm3_g,7.437502970076582
Has_OMS,7.31280133126606
LFPD,6.961343230001889
NASA_m2_cm3,1.6440485351956438
NASA_m2_g,1.3025012510220682
NAV_cm3_g,0.47534389379885317
