{
  "R2": 0.7620815841606123,
  "MAE": 0.4873873980254496,
  "RMSE": 0.4510576097082833,
  "MAPE(%)": 21.5938845365905
}