Feature,Importance
0.05,88.791528279847
cm3_g,1.773797485123768
Has_OMS,1.5852771250791913
AV_cm3_g,1.3571421867426965
AV_VF,1.0760018087401835
PLD,1.029686557543649
ASA_m2_cm3,1.0120754515887438
LFPD,0.9410769909111627
ASA_m2_g,0.8952520250136673
LCD,0.7477896524508123
NASA_m2_g,0.3614355696112073
NASA_m2_cm3,0.3483224348779367
NAV_cm3_g,0.08061443246997528
