{
  "R2": 0.988551864453263,
  "MAE": 0.0060151293856973665,
  "RMSE": 0.00029738324238599503,
  "MAPE(%)": 2.279331018825306
}