temp,lowp,outp,seed,mode,qt_frac,train_ratio,out_root,model,R2,MAE,RMSE,MAPE(%)
313K,0.05,1,2029,lowq,0.1,0.5,./RUN_FULL_EXP,cat,0.988551864453263,0.0060151293856973665,0.00029738324238599503,2.279331018825306
