Feature,Importance
0.1,85.86806769106866
cm3_g,2.1186359162917605
ASA_m2_g,1.8472348986250688
Has_OMS,1.8289550480504742
LFPD,1.4136491797560864
AV_cm3_g,1.3415615887823702
PLD,1.3105290680040356
AV_VF,1.20960058244692
ASA_m2_cm3,1.127088424279245
LCD,1.1035733183189278
NASA_m2_cm3,0.3720335177579275
NASA_m2_g,0.3624588327263647
NAV_cm3_g,0.09661193389216013
