{
  "R2": 0.993017244097701,
  "MAE": 0.007897546519002407,
  "RMSE": 0.00017529781822394214,
  "MAPE(%)": 2.1397403251928644
}