temp,lowp,outp,seed,mode,qt_frac,train_ratio,out_root,model,R2,MAE,RMSE,MAPE(%)
273K,0.5,1,2029,lowq,0.55,0.5,./RUN_FULL_EXP,cat,0.99551818061985,0.00984086142827052,0.00021588703624578497,1.7961348106689954
