{
  "R2": 0.99551818061985,
  "MAE": 0.00984086142827052,
  "RMSE": 0.00021588703624578497,
  "MAPE(%)": 1.7961348106689954
}