Feature,Importance
0.01,78.96883446181117
Has_OMS,3.3838809196686204
AV_VF,3.349628055929858
ASA_m2_cm3,2.5849687717403707
ASA_m2_g,2.202463001914404
cm3_g,1.951357079392791
PLD,1.8303899206798215
LFPD,1.8051790240237495
AV_cm3_g,1.5607549185293081
LCD,1.0841755560692456
NASA_m2_cm3,0.8067154375944929
NASA_m2_g,0.4185678853779837
NAV_cm3_g,0.05308496726820569
