{
  "R2": 0.9818583971672968,
  "MAE": 0.02111188342513176,
  "RMSE": 0.0018238468640494148,
  "MAPE(%)": 3.801708767860353
}