{
  "R2": 0.9770717549127674,
  "MAE": 0.02118116317890998,
  "RMSE": 0.0021603564256294115,
  "MAPE(%)": 3.8450093468973887
}