temp,lowp,outp,seed,mode,qt_frac,train_ratio,out_root,model,R2,MAE,RMSE,MAPE(%)
273K,0.01,1,2028,struct_with_input,0.15,0.3,./RUN_FULL_EXP,cat,0.9770717549127674,0.02118116317890998,0.0021603564256294115,3.8450093468973887
