Feature,Importance
0.01,82.19138828800209
AV_VF,3.05228507254003
ASA_m2_cm3,2.605921261114832
cm3_g,1.95792553303446
ASA_m2_g,1.938544885293145
AV_cm3_g,1.712187091365491
LCD,1.682618205344542
PLD,1.5788019306301806
Has_OMS,1.364856554011837
LFPD,1.0705135151428442
NASA_m2_cm3,0.5108029748354764
NASA_m2_g,0.2779269717754034
NAV_cm3_g,0.056227716909675624
