{
  "R2": 0.9472476699498849,
  "MAE": 0.026964661309373587,
  "RMSE": 0.007823407738798563,
  "MAPE(%)": 4.776093164247848
}