{
  "R2": 0.9426118893574189,
  "MAE": 0.027186194682550485,
  "RMSE": 0.008813096565659274,
  "MAPE(%)": 5.489292181912847
}