{
  "R2": 0.9658808466004639,
  "MAE": 0.15545272561792048,
  "RMSE": 0.04808280798303875,
  "MAPE(%)": 4.8703650051990826
}