temp,lowp,outp,seed,mode,qt_frac,train_ratio,out_root,model,R2,MAE,RMSE,MAPE(%)
293K,0.5,15,2026,lowq,0.7,0.5,./RUN_FULL_EXP,cat,0.9658808466004639,0.15545272561792048,0.04808280798303875,4.8703650051990826
