Feature,Importance
0.1,85.94762773076485
ASA_m2_cm3,1.7675145754647061
AV_cm3_g,1.7295946279721421
AV_VF,1.5873437819431926
cm3_g,1.5701598248859518
LCD,1.521537134934286
ASA_m2_g,1.4378086651049196
PLD,1.2430666568396542
Has_OMS,1.151104467613063
LFPD,0.7943208624953245
NASA_m2_g,0.6226615761775188
NASA_m2_cm3,0.5305135348662551
NAV_cm3_g,0.09674656093812925
