temp,lowp,outp,seed,mode,qt_frac,train_ratio,out_root,model,R2,MAE,RMSE,MAPE(%)
273K,0.1,1,2026,lowq,0.2,0.5,./RUN_FULL_EXP,cat,0.9876574092257495,0.01588075244394934,0.0009857439528192455,2.8113028277108194
