{
  "R2": 0.9876574092257495,
  "MAE": 0.01588075244394934,
  "RMSE": 0.0009857439528192455,
  "MAPE(%)": 2.8113028277108194
}