Feature,Importance
0.5,70.08462077740106
ASA_m2_g,6.90288087798816
ASA_m2_cm3,5.258288404780691
AV_VF,4.083620169090243
AV_cm3_g,3.9341089693106794
LFPD,1.872536423984112
LCD,1.7624539311989114
PLD,1.7123792262620354
cm3_g,1.6549635274116783
Has_OMS,1.325461527668867
NASA_m2_cm3,0.7026337975211375
NASA_m2_g,0.6293401967942962
NAV_cm3_g,0.0767121705881527
