{
  "R2": 0.9676942400073202,
  "MAE": 0.09180881405535139,
  "RMSE": 0.020775873044412776,
  "MAPE(%)": 4.601886530424071
}