{
  "R2": 0.9593729635570644,
  "MAE": 0.17030582127631508,
  "RMSE": 0.07136621387849228,
  "MAPE(%)": 5.834072415325841
}