Feature,Importance
0.05,58.214138261716826
ASA_m2_g,12.626461685073481
AV_cm3_g,5.718734955472278
ASA_m2_cm3,5.5716708949055995
AV_VF,5.318286779715978
cm3_g,3.234432597562297
PLD,2.46606997788569
LCD,2.0459903296756887
LFPD,1.9724964580381052
Has_OMS,1.1653177658930598
NASA_m2_cm3,0.9133187614597843
NASA_m2_g,0.634782274016975
NAV_cm3_g,0.11829925858423378
