{
  "R2": 0.9635604287902957,
  "MAE": 0.11437846917264531,
  "RMSE": 0.04256359738798094,
  "MAPE(%)": 4.811003040713436
}