{
  "R2": 0.9640394130366112,
  "MAE": 0.024593674392890945,
  "RMSE": 0.005812355261844259,
  "MAPE(%)": 3.8391841389194936
}