Feature,Importance
0.05,64.36322624786614
ASA_m2_g,9.04982942366492
AV_cm3_g,5.5422120981880765
AV_VF,5.371382013355762
ASA_m2_cm3,5.076266408690984
cm3_g,2.3689512423331234
PLD,2.1998122144403753
LFPD,2.0041676247404077
LCD,1.4205283386688725
Has_OMS,1.2616152858144993
NASA_m2_cm3,0.7141667272873831
NASA_m2_g,0.5809780201635273
NAV_cm3_g,0.046864354785941656
