temp,lowp,outp,seed,mode,qt_frac,train_ratio,out_root,model,R2,MAE,RMSE,MAPE(%)
313K,0.05,15,2028,lowq,0.8,0.5,./RUN_FULL_EXP,cat,0.9677490391203559,0.11062045566631032,0.02434852898178531,4.350803165016817
