{
  "R2": 0.9677490391203559,
  "MAE": 0.11062045566631032,
  "RMSE": 0.02434852898178531,
  "MAPE(%)": 4.350803165016817
}