{
  "R2": 0.963647184882787,
  "MAE": 0.05800005522086656,
  "RMSE": 0.007357308415774829,
  "MAPE(%)": 3.9160589431828594
}