{
  "R2": 0.994410089635509,
  "MAE": 0.027277085446842805,
  "RMSE": 0.0018228619720698197,
  "MAPE(%)": 2.239950138825529
}