{
  "R2": 0.973855497133076,
  "MAE": 0.11110229386100069,
  "RMSE": 0.028384153409448817,
  "MAPE(%)": 4.618240000461834
}