{
  "R2": 0.9945031025788144,
  "MAE": 0.026795980485492494,
  "RMSE": 0.0017824351620296334,
  "MAPE(%)": 2.0985047969846344
}