Feature,Importance
0.1,51.62954556243414
ASA_m2_g,14.602905556223067
ASA_m2_cm3,9.242525683107523
cm3_g,4.750829114700807
AV_VF,4.544821250268753
AV_cm3_g,4.269240552473829
PLD,2.732497066079624
LFPD,2.3826019040469197
LCD,2.2504684918741926
Has_OMS,1.8743070087075724
NASA_m2_cm3,1.124784268510256
NASA_m2_g,0.49032079721734173
NAV_cm3_g,0.10515274435598358
