{
  "R2": 0.9489063622263048,
  "MAE": 0.24049229362495508,
  "RMSE": 0.13070999183595214,
  "MAPE(%)": 6.068431921230859
}