{
  "R2": 0.9812969968631761,
  "MAE": 0.031484850977147184,
  "RMSE": 0.0021993534127640515,
  "MAPE(%)": 2.809361082565838
}