{
  "R2": 0.9566917122133578,
  "MAE": 0.17767682095693488,
  "RMSE": 0.0807154495825021,
  "MAPE(%)": 6.250905634098232
}