Feature,Importance
HENRY,80.9359532538899
AV_VF,2.3775338396118606
ASA_m2_g,2.3730493463070688
Has_OMS,2.2147170295395555
AV_cm3_g,2.069333322927195
cm3_g,1.75491433766119
LCD,1.7264001190006109
PLD,1.6370573597585312
LFPD,1.5666737545458955
ASA_m2_cm3,1.5458788127070746
NASA_m2_cm3,1.1109757789130459
NASA_m2_g,0.6194314382551953
NAV_cm3_g,0.06808160688290107
