{
  "R2": 0.9875178132956502,
  "MAE": 0.014917381042877922,
  "RMSE": 0.0006180498344387916,
  "MAPE(%)": 2.688135668897893
}