temp,lowp,outp,seed,mode,qt_frac,train_ratio,out_root,model,R2,MAE,RMSE,MAPE(%)
293K,0.5,15,2029,lowq,0.2,0.5,./RUN_FULL_EXP,cat,0.9682861003370024,0.15620672285546525,0.05537789032392727,5.146096834330313
