{
  "R2": 0.9682861003370024,
  "MAE": 0.15620672285546525,
  "RMSE": 0.05537789032392727,
  "MAPE(%)": 5.146096834330313
}