{
  "R2": 0.9537588364322747,
  "MAE": 0.2389225665653215,
  "RMSE": 0.11801426518895264,
  "MAPE(%)": 6.197699919681281
}