temp,lowp,outp,seed,mode,qt_frac,train_ratio,out_root,model,R2,MAE,RMSE,MAPE(%)
273K,0.1,15,2025,lowq,0.5,0.5,./RUN_FULL_EXP,cat,0.9537588364322747,0.2389225665653215,0.11801426518895264,6.197699919681281
