Feature,Importance
0.01,70.13809109328133
ASA_m2_g,4.9841340759459385
ASA_m2_cm3,4.965934629010519
AV_VF,4.581520674467248
AV_cm3_g,3.323697130706027
LFPD,2.3554301340032424
LCD,2.2340798831124182
Has_OMS,2.1633457102066105
cm3_g,2.160934978703013
PLD,1.7777287427755568
NASA_m2_g,0.6060094935486042
NASA_m2_cm3,0.5522562746127354
NAV_cm3_g,0.15683717962675722
