{
  "R2": 0.9692128864550499,
  "MAE": 0.06893150569249212,
  "RMSE": 0.012713003953013838,
  "MAPE(%)": 4.910522334793452
}