{
  "R2": 0.956483115343398,
  "MAE": 0.24091770547273222,
  "RMSE": 0.12760612833548063,
  "MAPE(%)": 6.49433870529734
}