temp,lowp,outp,seed,mode,qt_frac,train_ratio,out_root,model,R2,MAE,RMSE,MAPE(%)
273K,0.1,15,2029,lowq,0.1,0.5,./RUN_FULL_EXP,cat,0.956483115343398,0.24091770547273222,0.12760612833548063,6.49433870529734
