{
  "R2": 0.9805126777542403,
  "MAE": 0.005330206761650511,
  "RMSE": 0.0004152939039327282,
  "MAPE(%)": 2.010383839578286
}