{
  "R2": 0.9702783050919912,
  "MAE": 0.12109594487131291,
  "RMSE": 0.03444234515562184,
  "MAPE(%)": 5.20931324502985
}