Feature,Importance
0.01,85.19377632163636
cm3_g,2.367073915960408
AV_cm3_g,1.6522688732426085
ASA_m2_g,1.5128671774845868
AV_VF,1.4516235261174606
LFPD,1.377306435123714
ASA_m2_cm3,1.3667910587402659
Has_OMS,1.3646097786893012
LCD,1.2623241570232584
PLD,1.1451660346340615
NASA_m2_cm3,0.6377206235340023
NASA_m2_g,0.6241385941585453
NAV_cm3_g,0.04433350365543615
