{
  "R2": 0.9893114378948107,
  "MAE": 0.008990575932738592,
  "RMSE": 0.00014844518071506268,
  "MAPE(%)": 2.46878395161719
}