Feature,Importance
0.05,76.11915098186519
ASA_m2_g,4.602535225848141
ASA_m2_cm3,3.5423549872299946
AV_VF,3.264851058303373
AV_cm3_g,2.577443348712622
cm3_g,2.355601397003079
LCD,1.962930885841261
Has_OMS,1.61957828133039
PLD,1.4000223407065835
LFPD,0.9613057123631705
NASA_m2_g,0.8261392912836686
NASA_m2_cm3,0.6698851595028861
NAV_cm3_g,0.09820133000964312
