{
  "R2": 0.9798738842074171,
  "MAE": 0.03524364960772684,
  "RMSE": 0.0028523982381378904,
  "MAPE(%)": 3.218776389790976
}