Feature,Importance
Has_OMS,13.738954979995789
PLD,13.484980857317543
cm3_g,11.937372098877177
AV_VF,11.272559292896256
LFPD,11.118474490091483
ASA_m2_cm3,9.965514007697458
LCD,8.757586530584813
ASA_m2_g,8.462860647144645
AV_cm3_g,8.154591575288471
NASA_m2_cm3,1.5816638267023742
NASA_m2_g,1.4615459780331188
NAV_cm3_g,0.06389571537085345
