Feature,Importance
PLD,12.45502160155901
LCD,11.74423307303755
AV_VF,11.55480046384414
Has_OMS,11.363926037636299
ASA_m2_cm3,10.83262297851878
cm3_g,10.799331454449133
AV_cm3_g,9.974005259964361
LFPD,9.017900744145468
ASA_m2_g,8.170784288278025
NASA_m2_cm3,2.003996137906081
NASA_m2_g,1.9059092470432557
NAV_cm3_g,0.1774687136179152
