temp,lowp,outp,seed,mode,qt_frac,train_ratio,out_root,model,R2,MAE,RMSE,MAPE(%)
273K,0.01,1,2026,struct,0.0,0.2,./RUN_FULL_EXP,cat,0.3178146715958897,0.20311509306389086,0.11356884907258116,58.017023079361486
