{
  "R2": 0.3178146715958897,
  "MAE": 0.20311509306389086,
  "RMSE": 0.11356884907258116,
  "MAPE(%)": 58.017023079361486
}