{
  "R2": 0.3179999741078776,
  "MAE": 0.1982599282814619,
  "RMSE": 0.10537010861919674,
  "MAPE(%)": 52.28874639541144
}