{
  "R2": 0.9915676599390719,
  "MAE": 0.006990229374853291,
  "RMSE": 0.00011955835421631967,
  "MAPE(%)": 1.8362672417934618
}