temp,lowp,outp,seed,mode,qt_frac,train_ratio,out_root,model,R2,MAE,RMSE,MAPE(%)
293K,0.1,1,2028,lowq,0.8,0.5,./RUN_FULL_EXP,cat,0.9915676599390719,0.006990229374853291,0.00011955835421631967,1.8362672417934618
