Feature,Importance
0.05,64.16505969527154
ASA_m2_g,7.54261912218143
AV_VF,6.5430609011048215
AV_cm3_g,5.761428588135534
ASA_m2_cm3,5.599561509445244
cm3_g,2.2634727688418868
PLD,2.1336860190355367
LFPD,1.7763384191202876
Has_OMS,1.5567913297999851
LCD,1.42991187760761
NASA_m2_cm3,0.6562250487984213
NASA_m2_g,0.47897333584147517
NAV_cm3_g,0.09287138481624464
