{
  "R2": 0.9692711488195535,
  "MAE": 0.11416532201276987,
  "RMSE": 0.02826758463823624,
  "MAPE(%)": 4.61998440280058
}