Feature,Importance
0.05,54.24601796551288
ASA_m2_g,11.83847981776123
AV_cm3_g,7.340512797421463
ASA_m2_cm3,6.4316012736227774
AV_VF,5.6929264816876985
cm3_g,3.5813499771929957
LCD,2.606273784074784
LFPD,2.601151105045189
PLD,2.4548178284033266
Has_OMS,1.6263461168852185
NASA_m2_g,0.7758455379605411
NASA_m2_cm3,0.7403825067420393
NAV_cm3_g,0.06429480768982548
