{
  "R2": 0.9625787623289477,
  "MAE": 0.1607580666775364,
  "RMSE": 0.06334935561975757,
  "MAPE(%)": 5.329251716631465
}