temp,lowp,outp,seed,mode,qt_frac,train_ratio,out_root,model,R2,MAE,RMSE,MAPE(%)
293K,0.05,15,2027,lowq,0.3,0.5,./RUN_FULL_EXP,cat,0.9625787623289477,0.1607580666775364,0.06334935561975757,5.329251716631465
