Feature,Importance
0.1,78.78216605753506
ASA_m2_g,4.936100893332924
ASA_m2_cm3,3.3491903300186796
AV_VF,3.278170991453233
AV_cm3_g,2.0464555179244575
cm3_g,1.8147479009896466
PLD,1.4344887150311132
LCD,1.3485571067218303
LFPD,1.3210348890586807
Has_OMS,0.7720249987197229
NASA_m2_cm3,0.5130037398218178
NASA_m2_g,0.3691900401517187
NAV_cm3_g,0.03486881924108827
