{
  "R2": 0.9265341816650584,
  "MAE": 0.24470188628242967,
  "RMSE": 0.1396665183141641,
  "MAPE(%)": 9.993708726137742
}