Feature,Importance
0.5,57.44255084823682
ASA_m2_g,15.681568886116416
AV_VF,5.328630311276841
AV_cm3_g,5.003725789906259
ASA_m2_cm3,4.952638322995784
cm3_g,3.01297182969745
PLD,2.3142890841143946
LFPD,2.077287231627891
LCD,2.0256507913225907
Has_OMS,1.0209762691467192
NASA_m2_cm3,0.6762468224033936
NASA_m2_g,0.40285676307493146
NAV_cm3_g,0.06060705008050822
