{
  "R2": 0.9613062043542687,
  "MAE": 0.15669757167195075,
  "RMSE": 0.048494693932322766,
  "MAPE(%)": 4.922824632841045
}