temp,lowp,outp,seed,mode,qt_frac,train_ratio,out_root,model,R2,MAE,RMSE,MAPE(%)
293K,0.5,15,2025,lowq,0.8,0.5,./RUN_FULL_EXP,cat,0.9613062043542687,0.15669757167195075,0.048494693932322766,4.922824632841045
