{
  "R2": 0.9712130857991763,
  "MAE": 0.10464439516052794,
  "RMSE": 0.0224328635882789,
  "MAPE(%)": 4.11549203778613
}