temp,lowp,outp,seed,mode,qt_frac,train_ratio,out_root,model,R2,MAE,RMSE,MAPE(%)
273K,0.5,5,2025,lowq,0.55,0.5,./RUN_FULL_EXP,cat,0.9651053356335159,0.08956423830067953,0.018093243491109405,4.439045497705445
