{
  "R2": 0.9651053356335159,
  "MAE": 0.08956423830067953,
  "RMSE": 0.018093243491109405,
  "MAPE(%)": 4.439045497705445
}