{
  "R2": 0.9931388469728767,
  "MAE": 0.029587425566021584,
  "RMSE": 0.001965879659094936,
  "MAPE(%)": 2.3384494893715218
}