temp,lowp,outp,seed,mode,qt_frac,train_ratio,out_root,model,R2,MAE,RMSE,MAPE(%)
293K,0.1,5,2025,lowr,0.3,0.5,./RUN_FULL_EXP,cat,0.9696056607201643,0.06369974793991516,0.01476319945405606,4.766838433524344
