{
  "R2": 0.9686251953835338,
  "MAE": 0.015286880967746636,
  "RMSE": 0.0022167391004108607,
  "MAPE(%)": 3.70889767994737
}