{
  "R2": 0.9706696710955636,
  "MAE": 0.10643045768237444,
  "RMSE": 0.02312287452352125,
  "MAPE(%)": 4.205586240014663
}