temp,lowp,outp,seed,mode,qt_frac,train_ratio,out_root,model,R2,MAE,RMSE,MAPE(%)
313K,0.5,15,2026,lowq,0.7,0.5,./RUN_FULL_EXP,cat,0.9706696710955636,0.10643045768237444,0.02312287452352125,4.205586240014663
