{
  "R2": 0.9626093599674225,
  "MAE": 0.11885353492074519,
  "RMSE": 0.046086127903460755,
  "MAPE(%)": 5.060350577346504
}