Feature,Importance
AV_VF,13.934534772569664
cm3_g,13.847624084615259
PLD,12.814768199778495
ASA_m2_cm3,11.848160260429381
Has_OMS,9.768328250453266
ASA_m2_g,9.316425155938923
LCD,8.600348962252541
LFPD,8.05043264987614
AV_cm3_g,7.54123291574604
NASA_m2_cm3,2.1782609006158276
NASA_m2_g,1.6598656211452583
NAV_cm3_g,0.4400182265792109
