{
  "R2": 0.5070867358755251,
  "MAE": 0.33890648737422463,
  "RMSE": 0.24355551879280377,
  "MAPE(%)": 31.29202896536693
}