{
  "R2": 0.9483440090550032,
  "MAE": 0.24582245666147695,
  "RMSE": 0.13281315319799944,
  "MAPE(%)": 6.186114173448493
}