Feature,Importance
0.05,50.07648092070823
ASA_m2_g,18.555816328736718
ASA_m2_cm3,6.472183206385139
AV_cm3_g,5.351554751480476
AV_VF,4.9790680593235495
cm3_g,3.6022471285606548
PLD,2.7744922482570296
LCD,2.6824769026537862
LFPD,2.111265727802683
Has_OMS,1.3621902896532254
NASA_m2_cm3,0.9677213158124262
NASA_m2_g,0.962670722662288
NAV_cm3_g,0.10183239796382285
