{
  "R2": 0.9615982360754033,
  "MAE": 0.22849223683233466,
  "RMSE": 0.11252048742897018,
  "MAPE(%)": 6.25559061801349
}