Feature,Importance
0.01,82.85672874800825
AV_cm3_g,2.1877026737786296
ASA_m2_cm3,2.1151516111355875
AV_VF,1.9449022768337958
ASA_m2_g,1.7889323757367057
PLD,1.7345858240069767
cm3_g,1.6960206211936895
LCD,1.6376934675735804
LFPD,1.3567168474355222
Has_OMS,1.3255225613095123
NASA_m2_cm3,0.7364739699206634
NASA_m2_g,0.5795917063042566
NAV_cm3_g,0.03997731676286245
