Feature,Importance
0.01,81.66601315021134
ASA_m2_cm3,2.967103154637977
Has_OMS,2.2952006159066074
ASA_m2_g,2.1462682081630926
AV_VF,2.0227487022794235
AV_cm3_g,1.8463845905939469
LCD,1.7299847524096372
cm3_g,1.5037533502295934
LFPD,1.2394011895380974
PLD,1.20773659882061
NASA_m2_cm3,0.8700275121617567
NASA_m2_g,0.4818066819392096
NAV_cm3_g,0.023571493108694563
