{
  "R2": 0.9849767364167005,
  "MAE": 0.017137987605883087,
  "RMSE": 0.0007927651887454721,
  "MAPE(%)": 3.172712118265801
}