{
  "R2": 0.9845584244547901,
  "MAE": 0.017266807147714936,
  "RMSE": 0.000793892077561558,
  "MAPE(%)": 3.2122845518708316
}