Feature,Importance
0.5,54.448349433207966
ASA_m2_g,17.070471977165543
AV_VF,6.056669933222975
ASA_m2_cm3,4.935907293579117
AV_cm3_g,4.233403928053644
cm3_g,3.7110326206686826
PLD,2.5421878308189556
LFPD,2.3941532955811637
LCD,2.3633290372261744
Has_OMS,0.9677710518369297
NASA_m2_cm3,0.7182957850151327
NASA_m2_g,0.4782080075486345
NAV_cm3_g,0.08021980607508863
