{
  "R2": 0.9609838422548376,
  "MAE": 0.22388085034277622,
  "RMSE": 0.09874152289057622,
  "MAPE(%)": 5.835643103551929
}