temp,lowp,outp,seed,mode,qt_frac,train_ratio,out_root,model,R2,MAE,RMSE,MAPE(%)
273K,0.5,15,2025,lowq,0.5,0.5,./RUN_FULL_EXP,cat,0.9609838422548376,0.22388085034277622,0.09874152289057622,5.835643103551929
