{
  "R2": 0.9832400641728056,
  "MAE": 0.04452722272162448,
  "RMSE": 0.008162642098077703,
  "MAPE(%)": 2.905098299549462
}