Feature,Importance
0.1,87.2422030398934
ASA_m2_g,1.9098239577854574
AV_cm3_g,1.584609944894977
Has_OMS,1.4660858613273098
LCD,1.4007506271409857
PLD,1.370185424919867
cm3_g,1.1760524588152703
ASA_m2_cm3,1.1302403857324543
AV_VF,0.8830181738759937
NASA_m2_cm3,0.6641452607225865
LFPD,0.543967916970328
NASA_m2_g,0.5077667688715097
NAV_cm3_g,0.12115017904989876
