{
  "R2": 0.9919725398355372,
  "MAE": 0.005157403201568423,
  "RMSE": 0.00016054263137779546,
  "MAPE(%)": 2.0244961472252414
}