temp,lowp,outp,seed,mode,qt_frac,train_ratio,out_root,model,R2,MAE,RMSE,MAPE(%)
313K,0.1,1,2027,lowq,0.15,0.5,./RUN_FULL_EXP,cat,0.9919725398355372,0.005157403201568423,0.00016054263137779546,2.0244961472252414
