{
  "R2": 0.9716401433980503,
  "MAE": 0.045151989982819656,
  "RMSE": 0.007491366821984153,
  "MAPE(%)": 4.2113465004181245
}