Feature,Importance
0.1,86.95559635179603
AV_cm3_g,1.9648285319083265
cm3_g,1.6968845086926316
AV_VF,1.69288452499964
LCD,1.2712501900348738
Has_OMS,1.1895468631144577
PLD,1.1890108448640497
ASA_m2_g,1.0317551006339363
LFPD,0.9922840676413638
ASA_m2_cm3,0.9321215051048615
NASA_m2_cm3,0.6481746990744476
NASA_m2_g,0.33874295729087556
NAV_cm3_g,0.09691985484449547
