temp,lowp,outp,seed,mode,qt_frac,train_ratio,out_root,model,R2,MAE,RMSE,MAPE(%)
293K,0.1,1,2028,lowq,0.75,0.5,./RUN_FULL_EXP,cat,0.9920769592948392,0.007043893765657442,0.00011842301926327877,1.8586226994574226
