{
  "R2": 0.9920769592948392,
  "MAE": 0.007043893765657442,
  "RMSE": 0.00011842301926327877,
  "MAPE(%)": 1.8586226994574226
}