Feature,Importance
HENRY,59.53747048240187
ASA_m2_g,8.251609741757843
AV_cm3_g,7.7403866579101575
AV_VF,6.430606039259837
ASA_m2_cm3,6.425175452295631
PLD,2.6093376572487568
cm3_g,2.0765131325481523
LCD,2.0570291772650395
LFPD,1.987220168006525
Has_OMS,1.350723471907552
NASA_m2_g,0.7259821635603092
NASA_m2_cm3,0.7246948448681879
NAV_cm3_g,0.08325101097011342
