{
  "R2": 0.9464081709604995,
  "MAE": 0.1669631884039341,
  "RMSE": 0.07372170581094305,
  "MAPE(%)": 5.257665105466838
}