Feature,Importance
0.01,84.9542571489948
ASA_m2_cm3,2.178787337494909
cm3_g,2.1404013925112073
AV_VF,1.9069654284396262
AV_cm3_g,1.5413909597747297
Has_OMS,1.4500644373177312
LFPD,1.1955899393028933
ASA_m2_g,1.1903017067155732
PLD,1.0837442447135937
LCD,0.9096326752251555
NASA_m2_cm3,0.8039803850321487
NASA_m2_g,0.5925781046772313
NAV_cm3_g,0.052306239800407696
