{
  "R2": 0.9690616278811609,
  "MAE": 0.014764321222861823,
  "RMSE": 0.002276862234502777,
  "MAPE(%)": 3.975878782927298
}