Feature,Importance
0.01,81.80933953460261
ASA_m2_g,2.537445309431973
ASA_m2_cm3,2.41945811590557
AV_VF,2.2278733895533085
PLD,1.8725426602713735
cm3_g,1.5990305274373164
AV_cm3_g,1.5781027107333225
LFPD,1.5569446742542032
LCD,1.4809167829353203
Has_OMS,1.2140103549829397
NASA_m2_cm3,0.8708747365485288
NASA_m2_g,0.711953849122109
NAV_cm3_g,0.12150735422141798
