{
  "R2": 0.989195035735229,
  "MAE": 0.01615068679743158,
  "RMSE": 0.0006558251043382902,
  "MAPE(%)": 3.0592813678012423
}