{
  "R2": 0.9730801105120984,
  "MAE": 0.06518702639274437,
  "RMSE": 0.010460521265574346,
  "MAPE(%)": 4.535133771255442
}