temp,lowp,outp,seed,mode,qt_frac,train_ratio,out_root,model,R2,MAE,RMSE,MAPE(%)
293K,0.01,5,2027,lowq,0.2,0.5,./RUN_FULL_EXP,cat,0.9730801105120984,0.06518702639274437,0.010460521265574346,4.535133771255442
