{
  "R2": 0.9617864390870936,
  "MAE": 0.1034583372164523,
  "RMSE": 0.029490722454930365,
  "MAPE(%)": 5.23604798818334
}