temp,lowp,outp,seed,mode,qt_frac,train_ratio,out_root,model,R2,MAE,RMSE,MAPE(%)
273K,0.1,5,2028,lowq,0.15,0.5,./RUN_FULL_EXP,cat,0.9617864390870936,0.1034583372164523,0.029490722454930365,5.23604798818334
