{
  "R2": 0.9641537879463867,
  "MAE": 0.07227871234975047,
  "RMSE": 0.013775541735675577,
  "MAPE(%)": 5.153351369190746
}