{
  "R2": 0.7798766879374571,
  "MAE": 0.5738878619397795,
  "RMSE": 0.6648516937183228,
  "MAPE(%)": 19.20565973946313
}