temp,lowp,outp,seed,mode,qt_frac,train_ratio,out_root,model,R2,MAE,RMSE,MAPE(%)
313K,0.5,5,2025,lowq,0.8,0.5,./RUN_FULL_EXP,cat,0.9820786032599677,0.029257069663633256,0.0018809894632102347,2.5773013502430824
