{
  "R2": 0.9820786032599677,
  "MAE": 0.029257069663633256,
  "RMSE": 0.0018809894632102347,
  "MAPE(%)": 2.5773013502430824
}