Feature,Importance
0.1,86.95156903784464
cm3_g,1.8968493222321492
AV_VF,1.7282937596128172
Has_OMS,1.565763132366079
AV_cm3_g,1.4858232311286925
ASA_m2_g,1.3931176574742306
PLD,1.1082886987253928
ASA_m2_cm3,1.0801646088855885
LFPD,0.9262262673694119
LCD,0.8479029019117186
NASA_m2_cm3,0.7110774274169359
NASA_m2_g,0.24575617778557549
NAV_cm3_g,0.05916777724676211
