{
  "R2": 0.9930754562962784,
  "MAE": 0.007596587810132878,
  "RMSE": 0.000160319062184651,
  "MAPE(%)": 2.0381886931751056
}