temp,lowp,outp,seed,mode,qt_frac,train_ratio,out_root,model,R2,MAE,RMSE,MAPE(%)
293K,0.1,1,2028,lowq,0.45,0.5,./RUN_FULL_EXP,cat,0.9930754562962784,0.007596587810132878,0.000160319062184651,2.0381886931751056
