temp,lowp,outp,seed,mode,qt_frac,train_ratio,out_root,model,R2,MAE,RMSE,MAPE(%)
273K,0.01,15,2026,lowq,0.25,0.5,./RUN_FULL_EXP,cat,0.9573214272897297,0.23538705474280702,0.11905321307029586,6.297624544555726
