{
  "R2": 0.9573214272897297,
  "MAE": 0.23538705474280702,
  "RMSE": 0.11905321307029586,
  "MAPE(%)": 6.297624544555726
}