Feature,Importance
0.01,70.6500031923365
ASA_m2_g,5.8542166341455975
AV_VF,4.345708032447892
ASA_m2_cm3,4.186169673581088
AV_cm3_g,2.8621809673272103
cm3_g,2.8456589657159763
Has_OMS,2.0643799985528637
LFPD,1.9965079384250113
LCD,1.9674707553515691
PLD,1.7247400343268307
NASA_m2_cm3,0.951275406367507
NASA_m2_g,0.48370212239557825
NAV_cm3_g,0.06798627902639429
