{
  "R2": 0.973614796456482,
  "MAE": 0.06463690086269633,
  "RMSE": 0.010942607834896836,
  "MAPE(%)": 4.588814645734507
}