{
  "R2": 0.9659414012331896,
  "MAE": 0.15063549512622704,
  "RMSE": 0.04637333678082267,
  "MAPE(%)": 4.791806508036038
}