Feature,Importance
0.1,70.49974552609889
ASA_m2_g,5.259488573448743
ASA_m2_cm3,5.121286058071412
AV_VF,4.63812501236512
AV_cm3_g,3.915519062691155
LFPD,2.0074930044114065
LCD,1.790037236092967
PLD,1.7236622671908561
Has_OMS,1.7180323662018642
cm3_g,1.6451238054922175
NASA_m2_cm3,0.8031804562220868
NASA_m2_g,0.7979070305988714
NAV_cm3_g,0.08039960111442525
