{
  "R2": 0.9700741290066016,
  "MAE": 0.056359006846397164,
  "RMSE": 0.007699611187275816,
  "MAPE(%)": 3.8218580798848496
}