temp,lowp,outp,seed,mode,qt_frac,train_ratio,out_root,model,R2,MAE,RMSE,MAPE(%)
293K,0.1,5,2027,lowq,0.6,0.5,./RUN_FULL_EXP,cat,0.9700741290066016,0.056359006846397164,0.007699611187275816,3.8218580798848496
