Feature,Importance
HENRY,64.35641919789838
ASA_m2_cm3,7.588008386310546
ASA_m2_g,7.3179649251644605
AV_VF,4.221071442230124
AV_cm3_g,2.9593412921639173
LCD,2.6168536253394663
cm3_g,2.608483890210933
PLD,2.597608492556878
LFPD,2.2553662702054162
Has_OMS,1.7450860586705201
NASA_m2_cm3,1.0089028608738833
NASA_m2_g,0.6501434381077831
NAV_cm3_g,0.0747501202676707
