{
  "R2": 0.9479769787479415,
  "MAE": 0.10046173948006967,
  "RMSE": 0.02382131898724478,
  "MAPE(%)": 5.022892126393446
}