Feature,Importance
0.1,84.5688508305206
AV_cm3_g,2.3436015678840048
ASA_m2_cm3,1.744335732687476
cm3_g,1.735638917435543
ASA_m2_g,1.5801057449493003
AV_VF,1.4956592428052988
PLD,1.477011644367911
LCD,1.242615805353364
LFPD,1.2194314603400556
Has_OMS,1.2186091494098785
NASA_m2_g,0.8305229461923813
NASA_m2_cm3,0.45665154590130047
NAV_cm3_g,0.08696541215288905
