{
  "R2": 0.9889987704473111,
  "MAE": 0.014421064186478181,
  "RMSE": 0.0006075733565256154,
  "MAPE(%)": 2.599945552683911
}