{
  "R2": 0.9779705213342413,
  "MAE": 0.019124562711002588,
  "RMSE": 0.0027554621216977007,
  "MAPE(%)": 3.178915653193578
}