{
  "R2": 0.9875336025090187,
  "MAE": 0.013991803564068506,
  "RMSE": 0.0004997449489937219,
  "MAPE(%)": 2.537420603515209
}