{
  "R2": 0.9706733496480434,
  "MAE": 0.06773931596005321,
  "RMSE": 0.014877578362695917,
  "MAPE(%)": 4.787299606878063
}