{
  "R2": 0.9751554154036044,
  "MAE": 0.1104584148222446,
  "RMSE": 0.02866368701426139,
  "MAPE(%)": 4.843117069916556
}