{
  "R2": 0.4260222353274802,
  "MAE": 0.37680917578182044,
  "RMSE": 0.28877326208817566,
  "MAPE(%)": 35.92722732882162
}