temp,lowp,outp,seed,mode,qt_frac,train_ratio,out_root,model,R2,MAE,RMSE,MAPE(%)
293K,HENRY,1,2028,lowq,0.45,0.5,./RUN_FULL_EXP,cat,0.9930220970363515,0.007664812491704945,0.00016146854895990778,2.096150143745451
