{
  "R2": 0.9930220970363515,
  "MAE": 0.007664812491704945,
  "RMSE": 0.00016146854895990778,
  "MAPE(%)": 2.096150143745451
}