temp,lowp,outp,seed,mode,qt_frac,train_ratio,out_root,model,R2,MAE,RMSE,MAPE(%)
313K,0.05,5,2028,lowq,0.75,0.5,./RUN_FULL_EXP,cat,0.9791222725200893,0.03311955009097341,0.002439100549898171,2.964839799854623
