{
  "R2": 0.9791222725200893,
  "MAE": 0.03311955009097341,
  "RMSE": 0.002439100549898171,
  "MAPE(%)": 2.964839799854623
}