{
  "R2": 0.9493764548904202,
  "MAE": 0.2364219669189706,
  "RMSE": 0.1225377960528389,
  "MAPE(%)": 5.950949356093589
}