temp,lowp,outp,seed,mode,qt_frac,train_ratio,out_root,model,R2,MAE,RMSE,MAPE(%)
273K,0.1,15,2026,lowq,0.75,0.5,./RUN_FULL_EXP,cat,0.9493764548904202,0.2364219669189706,0.1225377960528389,5.950949356093589
