temp,lowp,outp,seed,mode,qt_frac,train_ratio,out_root,model,R2,MAE,RMSE,MAPE(%)
313K,HENRY,15,2026,lowq,0.35,0.5,./RUN_FULL_EXP,cat,0.9643298743028003,0.11261123048005403,0.036175011469188736,4.552040528271223
