{
  "R2": 0.9643298743028003,
  "MAE": 0.11261123048005403,
  "RMSE": 0.036175011469188736,
  "MAPE(%)": 4.552040528271223
}