{
  "R2": 0.9404627764045135,
  "MAE": 0.09508580187843044,
  "RMSE": 0.029520098990446445,
  "MAPE(%)": 8.651341960013399
}