{
  "R2": 0.9854771967683887,
  "MAE": 0.03414968495231572,
  "RMSE": 0.003713323506807013,
  "MAPE(%)": 3.172252238743555
}