Feature,Importance
0.01,76.20413396079348
ASA_m2_g,4.112788417141312
AV_VF,3.575839200020128
ASA_m2_cm3,3.242346235446611
AV_cm3_g,2.9754562055938196
cm3_g,2.373254772856354
LFPD,1.6323085271014497
LCD,1.6138718368404774
Has_OMS,1.5517741723368446
PLD,1.3415589173803968
NASA_m2_g,0.7930458145163333
NASA_m2_cm3,0.5065446593000307
NAV_cm3_g,0.07707728067275336
