{
  "R2": 0.9764190506737251,
  "MAE": 0.040930574627937484,
  "RMSE": 0.0034040516132372604,
  "MAPE(%)": 3.760009014236645
}