temp,lowp,outp,seed,mode,qt_frac,train_ratio,out_root,model,R2,MAE,RMSE,MAPE(%)
313K,0.01,5,2025,lowq,0.55,0.5,./RUN_FULL_EXP,cat,0.9764190506737251,0.040930574627937484,0.0034040516132372604,3.760009014236645
