{
  "R2": 0.9936580576133158,
  "MAE": 0.008001563489018475,
  "RMSE": 0.00022412969236164628,
  "MAPE(%)": 2.1864872489203173
}