temp,lowp,outp,seed,mode,qt_frac,train_ratio,out_root,model,R2,MAE,RMSE,MAPE(%)
293K,0.1,1,2025,lowq,0.2,0.5,./RUN_FULL_EXP,cat,0.9936580576133158,0.008001563489018475,0.00022412969236164628,2.1864872489203173
