temp,lowp,outp,seed,mode,qt_frac,train_ratio,out_root,model,R2,MAE,RMSE,MAPE(%)
293K,0.1,15,2029,lowq,0.45,0.5,./RUN_FULL_EXP,cat,0.9567975299198488,0.16580041504671492,0.06815938282181323,5.421570828952157
