{
  "R2": 0.9567975299198488,
  "MAE": 0.16580041504671492,
  "RMSE": 0.06815938282181323,
  "MAPE(%)": 5.421570828952157
}