{
  "R2": 0.9542204402087495,
  "MAE": 0.017012104403297583,
  "RMSE": 0.003343188762218537,
  "MAPE(%)": 4.565346984053468
}