{
  "R2": 0.9687956547602464,
  "MAE": 0.06499149463073343,
  "RMSE": 0.01515663717399281,
  "MAPE(%)": 4.877386453844597
}