{
  "R2": 0.9633705843685074,
  "MAE": 0.10244509191390876,
  "RMSE": 0.024737447126730244,
  "MAPE(%)": 5.140528409678021
}