{
  "R2": 0.9688274243787457,
  "MAE": 0.15936764042688453,
  "RMSE": 0.059352154617623464,
  "MAPE(%)": 5.721102569893484
}