Feature,Importance
0.01,84.24119102050095
AV_cm3_g,2.098535602114299
LCD,1.9351130848398703
PLD,1.884955777784732
cm3_g,1.8311376432366513
ASA_m2_g,1.5138186461671086
ASA_m2_cm3,1.4934131196944207
Has_OMS,1.4160391015064309
AV_VF,1.163021032473365
LFPD,0.9182718474501828
NASA_m2_g,0.8233451117918321
NASA_m2_cm3,0.5849191529493962
NAV_cm3_g,0.0962388594907782
