{
  "R2": 0.9884253837968481,
  "MAE": 0.007503161166210927,
  "RMSE": 0.00021656605377918964,
  "MAPE(%)": 3.021294798014055
}