{
  "R2": 0.5028418642434949,
  "MAE": 0.2514750774363896,
  "RMSE": 0.13960572749540695,
  "MAPE(%)": 34.187781578545575
}