{
  "R2": 0.9630950405312206,
  "MAE": 0.16880152111386523,
  "RMSE": 0.061695852004308695,
  "MAPE(%)": 5.5504175733360785
}