{
  "R2": 0.9811040399708,
  "MAE": 0.03233316492004545,
  "RMSE": 0.002523589288987723,
  "MAPE(%)": 2.9099285709576397
}