{
  "R2": 0.9924822669978313,
  "MAE": 0.030805822007904993,
  "RMSE": 0.0021840168236172946,
  "MAPE(%)": 2.4605590818408762
}