{
  "R2": 0.9644966046521164,
  "MAE": 0.11170141086099976,
  "RMSE": 0.03827244696356578,
  "MAPE(%)": 4.608387549868643
}