{
  "R2": 0.9715711579463453,
  "MAE": 0.06547958896250905,
  "RMSE": 0.013838493340247043,
  "MAPE(%)": 4.769594942786176
}