Feature,Importance
0.05,55.6110034190201
ASA_m2_g,15.378868258585902
ASA_m2_cm3,6.937262429021668
AV_cm3_g,5.069407348593657
AV_VF,4.507367051556479
cm3_g,3.1964499380011633
LCD,2.346286030564102
PLD,2.1468982682270985
LFPD,1.9711442211609183
Has_OMS,1.3062345402922364
NASA_m2_g,0.7874954368027176
NASA_m2_cm3,0.631883164886015
NAV_cm3_g,0.10969989328795576
