{
  "R2": 0.9660720774668857,
  "MAE": 0.1606686662170824,
  "RMSE": 0.059611603273660246,
  "MAPE(%)": 5.490146034832419
}