{
  "R2": 0.9573856789411034,
  "MAE": 0.173421662928822,
  "RMSE": 0.061588931689309075,
  "MAPE(%)": 5.578194562072104
}