temp,lowp,outp,seed,mode,qt_frac,train_ratio,out_root,model,R2,MAE,RMSE,MAPE(%)
293K,0.01,15,2029,lowq,0.6,0.5,./RUN_FULL_EXP,cat,0.9573856789411034,0.173421662928822,0.061588931689309075,5.578194562072104
