{
  "R2": 0.3838917224749656,
  "MAE": 0.18351437496168788,
  "RMSE": 0.09120761226439514,
  "MAPE(%)": 58.05577248165872
}