temp,lowp,outp,seed,mode,qt_frac,train_ratio,out_root,model,R2,MAE,RMSE,MAPE(%)
273K,0.01,1,2028,struct,0.0,0.8,./RUN_FULL_EXP,cat,0.3838917224749656,0.18351437496168788,0.09120761226439514,58.05577248165872
