{
  "R2": 0.9854842118130905,
  "MAE": 0.03161938502137893,
  "RMSE": 0.0027172121815646423,
  "MAPE(%)": 2.8822094681597523
}