Feature,Importance
0.5,89.32000684204235
cm3_g,2.1151526574212456
AV_cm3_g,1.5986414940252078
Has_OMS,1.3048404340045718
LFPD,0.8999681276969586
ASA_m2_g,0.8956160935830113
ASA_m2_cm3,0.882772475702598
PLD,0.8583053067213255
LCD,0.7709989819429973
AV_VF,0.6792907487790294
NASA_m2_cm3,0.3195997818724359
NASA_m2_g,0.26609994109166596
NAV_cm3_g,0.08870711511659779
