temp,lowp,outp,seed,mode,qt_frac,train_ratio,out_root,model,R2,MAE,RMSE,MAPE(%)
293K,0.5,1,2025,lowq,0.35,0.5,./RUN_FULL_EXP,cat,0.9957824396311322,0.006148070076767135,0.00011586867778634695,1.6958810850191959
