{
  "R2": 0.9957824396311322,
  "MAE": 0.006148070076767135,
  "RMSE": 0.00011586867778634695,
  "MAPE(%)": 1.6958810850191959
}