Feature,Importance
0.01,76.17513668264836
AV_VF,3.706825540538079
ASA_m2_g,3.4686075328410695
ASA_m2_cm3,3.3733099254448957
AV_cm3_g,3.0494431994098505
cm3_g,2.6396219823511373
LCD,1.725242824927796
Has_OMS,1.695945745447039
LFPD,1.62430266739707
PLD,1.277666559328114
NASA_m2_cm3,0.7533138733280131
NASA_m2_g,0.44233430020259745
NAV_cm3_g,0.06824916613598475
