temp,lowp,outp,seed,mode,qt_frac,train_ratio,out_root,model,R2,MAE,RMSE,MAPE(%)
313K,0.01,5,2029,lowq,0.2,0.5,./RUN_FULL_EXP,cat,0.9793779853842588,0.040696238979914194,0.004504026963718075,3.924987006946238
