{
  "R2": 0.9793779853842588,
  "MAE": 0.040696238979914194,
  "RMSE": 0.004504026963718075,
  "MAPE(%)": 3.924987006946238
}