{
  "R2": 0.2925340335980835,
  "MAE": 0.19641901569239983,
  "RMSE": 0.10397336526666878,
  "MAPE(%)": 67.59385528015473
}