{
  "R2": 0.3284887651570715,
  "MAE": 0.19788703389274107,
  "RMSE": 0.11098229080958827,
  "MAPE(%)": 55.14790352503874
}