{
  "R2": 0.9925656060134508,
  "MAE": 0.008646723277855789,
  "RMSE": 0.0002960203434125798,
  "MAPE(%)": 2.33660567577339
}