temp,lowp,outp,seed,mode,qt_frac,train_ratio,out_root,model,R2,MAE,RMSE,MAPE(%)
293K,HENRY,1,2029,lowq,0.15,0.5,./RUN_FULL_EXP,cat,0.9925656060134508,0.008646723277855789,0.0002960203434125798,2.33660567577339
