{
  "R2": 0.9586917803510526,
  "MAE": 0.2307063043543536,
  "RMSE": 0.12476570309957896,
  "MAPE(%)": 6.495665544850462
}