{
  "R2": 0.9733775925907047,
  "MAE": 0.10551838327638985,
  "RMSE": 0.0227652658796623,
  "MAPE(%)": 4.223876419810453
}