Feature,Importance
HENRY,63.913948737576085
ASA_m2_g,8.812433884050064
ASA_m2_cm3,6.207078584655373
AV_cm3_g,5.105906519186534
AV_VF,4.712391220792726
cm3_g,2.80612789749317
LCD,2.241875429560022
PLD,1.9656433261208381
LFPD,1.5055650922405543
Has_OMS,1.3517449682417546
NASA_m2_g,0.6656532286472536
NASA_m2_cm3,0.589932353064711
NAV_cm3_g,0.12169875837090166
