{
  "R2": 0.9708792303926898,
  "MAE": 0.11086393550617012,
  "RMSE": 0.027506734843007336,
  "MAPE(%)": 4.468523366531646
}