temp,lowp,outp,seed,mode,qt_frac,train_ratio,out_root,model,R2,MAE,RMSE,MAPE(%)
313K,HENRY,15,2026,lowq,0.45,0.5,./RUN_FULL_EXP,cat,0.9708792303926898,0.11086393550617012,0.027506734843007336,4.468523366531646
