{
  "R2": 0.9594175949664783,
  "MAE": 0.17688524572072617,
  "RMSE": 0.0642142608335014,
  "MAPE(%)": 5.871685780940935
}