Feature,Importance
0.05,50.72799391773061
ASA_m2_g,16.197497294304217
ASA_m2_cm3,7.26289561175881
AV_VF,5.1842009697671445
cm3_g,5.002551127049927
AV_cm3_g,4.582293703961951
LCD,3.0546352475575826
PLD,2.6763060769429883
LFPD,2.180657330185336
Has_OMS,1.5014028226697302
NASA_m2_g,0.7907203938242987
NASA_m2_cm3,0.7089231578804833
NAV_cm3_g,0.12992234636692854
