{
  "R2": 0.9585993959677344,
  "MAE": 0.23339134262893177,
  "RMSE": 0.11713072628352819,
  "MAPE(%)": 6.428751858047871
}