{
  "R2": 0.9595133592982412,
  "MAE": 0.16258710068292606,
  "RMSE": 0.05240996620261703,
  "MAPE(%)": 5.142824708769881
}