{
  "R2": 0.9696664546078018,
  "MAE": 0.05608734852355773,
  "RMSE": 0.007545408840399072,
  "MAPE(%)": 3.7898474315156783
}