temp,lowp,outp,seed,mode,qt_frac,train_ratio,out_root,model,R2,MAE,RMSE,MAPE(%)
293K,0.1,5,2025,lowq,0.65,0.5,./RUN_FULL_EXP,cat,0.9696664546078018,0.05608734852355773,0.007545408840399072,3.7898474315156783
