Feature,Importance
0.1,67.00460823083655
ASA_m2_cm3,7.333922095672587
ASA_m2_g,4.897583394646195
AV_VF,4.89165714518314
AV_cm3_g,3.4058225151522743
PLD,2.6592400193346064
LCD,2.3677369126431644
LFPD,2.1972022328965326
cm3_g,2.1578887170005583
Has_OMS,1.8139074279051213
NASA_m2_g,0.6255771148046899
NASA_m2_cm3,0.5576851583884314
NAV_cm3_g,0.08716903553615825
