{
  "R2": 0.9542740616181754,
  "MAE": 0.09867364378733362,
  "RMSE": 0.022858170907721805,
  "MAPE(%)": 4.947409445480067
}