temp,lowp,outp,seed,mode,qt_frac,train_ratio,out_root,model,R2,MAE,RMSE,MAPE(%)
273K,0.1,5,2025,lowq,0.65,0.5,./RUN_FULL_EXP,cat,0.9542740616181754,0.09867364378733362,0.022858170907721805,4.947409445480067
