Feature,Importance
0.1,89.76168302362072
LCD,1.4233704500813091
cm3_g,1.3364042764599169
AV_VF,1.322149886184806
AV_cm3_g,1.1839554446048073
ASA_m2_cm3,0.8441548157271586
PLD,0.8135482723817494
ASA_m2_g,0.7927114782679017
Has_OMS,0.7782848961038304
LFPD,0.5883442727040806
NASA_m2_cm3,0.5727966645127957
NASA_m2_g,0.448098223251269
NAV_cm3_g,0.1344982960996538
