{
  "R2": 0.9951743820828945,
  "MAE": 0.004619212160192899,
  "RMSE": 5.6030884491284546e-05,
  "MAPE(%)": 1.7731185722893308
}