{
  "R2": 0.9809336890688848,
  "MAE": 0.05724770560145089,
  "RMSE": 0.007915925405903685,
  "MAPE(%)": 5.1323822727850965
}