{
  "R2": 0.952894345261663,
  "MAE": 0.24058652883439768,
  "RMSE": 0.12271525013123065,
  "MAPE(%)": 6.178572610742209
}