temp,lowp,outp,seed,mode,qt_frac,train_ratio,out_root,model,R2,MAE,RMSE,MAPE(%)
273K,0.1,15,2027,lowq,0.45,0.5,./RUN_FULL_EXP,cat,0.952894345261663,0.24058652883439768,0.12271525013123065,6.178572610742209
