Feature,Importance
0.01,80.00959791892744
cm3_g,3.237814222512832
Has_OMS,2.4205907350520284
LFPD,2.2717370783580693
AV_cm3_g,2.2596179379623584
PLD,2.072358904578969
AV_VF,1.972128038913618
ASA_m2_cm3,1.617941296363731
ASA_m2_g,1.2833485680427767
LCD,0.9892468529425268
NASA_m2_cm3,0.953786692228068
NASA_m2_g,0.6848375984535364
NAV_cm3_g,0.22699415566404035
