{
  "R2": 0.9891434249125691,
  "MAE": 0.012180261398185694,
  "RMSE": 0.0003917869451921464,
  "MAPE(%)": 3.6207140004201617
}