Feature,Importance
0.1,50.24290541969818
ASA_m2_g,16.21681174904781
AV_cm3_g,6.9054227761673905
ASA_m2_cm3,6.705438882459569
AV_VF,5.301446280974275
cm3_g,3.6483048007489582
PLD,2.690099070358911
LCD,2.5555353649367616
LFPD,2.185061622507304
Has_OMS,1.9483343068913972
NASA_m2_cm3,0.8431387955713797
NASA_m2_g,0.6266977686385488
NAV_cm3_g,0.13080316199952602
