temp,lowp,outp,seed,mode,qt_frac,train_ratio,out_root,model,R2,MAE,RMSE,MAPE(%)
273K,0.1,15,2027,lowq,0.35,0.5,./RUN_FULL_EXP,cat,0.9564437667506016,0.23639823089111597,0.11838185722016122,6.264058013358645
