{
  "R2": 0.9564437667506016,
  "MAE": 0.23639823089111597,
  "RMSE": 0.11838185722016122,
  "MAPE(%)": 6.264058013358645
}