{
  "R2": 0.9953878511806873,
  "MAE": 0.02404011914750867,
  "RMSE": 0.001352964517975779,
  "MAPE(%)": 1.9790405109476785
}