{
  "R2": 0.9695323260231757,
  "MAE": 0.10928716219809513,
  "RMSE": 0.02451675213074938,
  "MAPE(%)": 4.359498211705309
}