{
  "R2": 0.9949504652454468,
  "MAE": 0.004118492410527419,
  "RMSE": 3.308863526223054e-05,
  "MAPE(%)": 1.5494419707568947
}