{
  "R2": 0.9756321275284406,
  "MAE": 0.05369292739851138,
  "RMSE": 0.011484656321977944,
  "MAPE(%)": 3.4150662395053653
}