Feature,Importance
0.05,48.88699832274589
ASA_m2_g,17.44303188110478
ASA_m2_cm3,7.337776345995723
AV_VF,5.804259653719954
AV_cm3_g,4.68864826010068
cm3_g,4.574371849208859
PLD,3.1596847002710757
LCD,2.800282719879406
LFPD,2.4751041840642536
Has_OMS,1.4165153909163701
NASA_m2_cm3,0.8588815273261851
NASA_m2_g,0.4395197790881469
NAV_cm3_g,0.11492538557869263
