temp,lowp,outp,seed,mode,qt_frac,train_ratio,out_root,model,R2,MAE,RMSE,MAPE(%)
273K,0.05,15,2025,lowq,0.45,0.5,./RUN_FULL_EXP,cat,0.9500938877113924,0.24469026929883694,0.13286080819761847,6.360684431068493
