{
  "R2": 0.9500938877113924,
  "MAE": 0.24469026929883694,
  "RMSE": 0.13286080819761847,
  "MAPE(%)": 6.360684431068493
}