{
  "R2": 0.7219366363944455,
  "MAE": 0.5106304212096267,
  "RMSE": 0.5257692796177761,
  "MAPE(%)": 21.05820453116719
}