Feature,Importance
0.05,63.01340977604018
ASA_m2_g,8.685848712153224
AV_VF,6.182626003888425
AV_cm3_g,5.875053951007021
ASA_m2_cm3,5.79464939599001
PLD,2.2689819468644536
cm3_g,2.0492349888091326
LFPD,2.0469499634764885
Has_OMS,1.5680123985335135
LCD,1.3002773568716224
NASA_m2_cm3,0.7187753480274383
NASA_m2_g,0.41966483920802466
NAV_cm3_g,0.07651531913047664
