{
  "R2": 0.970372980790003,
  "MAE": 0.11184382381683179,
  "RMSE": 0.02576676561296558,
  "MAPE(%)": 4.581226719227153
}