Feature,Importance
HENRY,85.49783434801569
ASA_m2_g,1.8831145448398143
AV_cm3_g,1.6770879265709016
cm3_g,1.659391964558648
LCD,1.4293039993617658
Has_OMS,1.418576379993524
ASA_m2_cm3,1.3156341216782312
LFPD,1.2998537401563066
PLD,1.2403626724502939
AV_VF,1.0781197122545292
NASA_m2_cm3,0.8331510186883209
NASA_m2_g,0.6018370704180622
NAV_cm3_g,0.06573250101390471
