{
  "R2": 0.9922346172836346,
  "MAE": 0.007183883214851238,
  "RMSE": 0.00011972549100430649,
  "MAPE(%)": 1.9070172239829
}