{
  "R2": 0.8453243783367825,
  "MAE": 0.13926291366701404,
  "RMSE": 0.045200979836155876,
  "MAPE(%)": 11.572941605367543
}