{
  "R2": 0.9854615024999146,
  "MAE": 0.03153766721445867,
  "RMSE": 0.0026937987322029726,
  "MAPE(%)": 2.933582988129888
}