temp,lowp,outp,seed,mode,qt_frac,train_ratio,out_root,model,R2,MAE,RMSE,MAPE(%)
313K,0.5,5,2026,lowq,0.3,0.5,./RUN_FULL_EXP,cat,0.9854615024999146,0.03153766721445867,0.0026937987322029726,2.933582988129888
