{
  "R2": 0.514308511475144,
  "MAE": 0.3376361308128424,
  "RMSE": 0.24347223646416785,
  "MAPE(%)": 31.58310779710824
}