Feature,Importance
0.5,71.59850933661787
ASA_m2_cm3,5.875440134310521
ASA_m2_g,5.666234639562301
AV_VF,4.132499625075955
AV_cm3_g,2.897627390136863
cm3_g,2.016177309549367
LCD,1.945933198059115
LFPD,1.8244090068498389
PLD,1.7082869087953971
Has_OMS,1.5216967444629395
NASA_m2_cm3,0.4118450349394258
NASA_m2_g,0.314501632594263
NAV_cm3_g,0.08683903904615595
