{
  "R2": 0.9639477223279324,
  "MAE": 0.08959621544081399,
  "RMSE": 0.017586060012465456,
  "MAPE(%)": 4.503813279203664
}