temp,lowp,outp,seed,mode,qt_frac,train_ratio,out_root,model,R2,MAE,RMSE,MAPE(%)
273K,0.5,5,2025,lowq,0.6,0.5,./RUN_FULL_EXP,cat,0.9639477223279324,0.08959621544081399,0.017586060012465456,4.503813279203664
