Feature,Importance
0.1,84.58553086527094
ASA_m2_g,2.1325949100308548
AV_cm3_g,2.07960926722892
cm3_g,1.6819909324536881
AV_VF,1.5372631195208808
LCD,1.510653039718181
Has_OMS,1.3570166904193572
ASA_m2_cm3,1.2777971262940453
PLD,1.268844756946079
LFPD,1.037302867163241
NASA_m2_g,0.8840247661664605
NASA_m2_cm3,0.494647559893027
NAV_cm3_g,0.15272409889432084
