{
  "R2": 0.987315579446257,
  "MAE": 0.014843980237487286,
  "RMSE": 0.0006507676245640172,
  "MAPE(%)": 2.7081972571391737
}