temp,lowp,outp,seed,mode,qt_frac,train_ratio,out_root,model,R2,MAE,RMSE,MAPE(%)
273K,0.1,1,2026,lowq,0.5,0.5,./RUN_FULL_EXP,cat,0.987315579446257,0.014843980237487286,0.0006507676245640172,2.7081972571391737
