{
  "R2": 0.9889616085116133,
  "MAE": 0.013839286758875623,
  "RMSE": 0.00046211580216854077,
  "MAPE(%)": 2.5052847697043403
}