temp,lowp,outp,seed,mode,qt_frac,train_ratio,out_root,model,R2,MAE,RMSE,MAPE(%)
273K,0.1,1,2025,lowq,0.65,0.5,./RUN_FULL_EXP,cat,0.9889616085116133,0.013839286758875623,0.00046211580216854077,2.5052847697043403
