{
  "R2": 0.9190693989913213,
  "MAE": 0.09580067418404513,
  "RMSE": 0.02527887120415161,
  "MAPE(%)": 7.806039467826591
}