Feature,Importance
0.5,72.42208638659832
ASA_m2_g,6.059233543365348
ASA_m2_cm3,5.541383179511639
AV_VF,3.7950710151674127
AV_cm3_g,2.5959997440432194
cm3_g,1.9650429085500523
PLD,1.8098345895091839
LCD,1.7744959958057993
LFPD,1.541707321170355
Has_OMS,1.4386053377038226
NASA_m2_g,0.5231136418115296
NASA_m2_cm3,0.43425111715975384
NAV_cm3_g,0.099175219603531
