{
  "R2": 0.9654053322546904,
  "MAE": 0.08706383119793144,
  "RMSE": 0.01680799812150079,
  "MAPE(%)": 4.342676206636058
}