{
  "R2": 0.2949641630134814,
  "MAE": 0.4256243975528652,
  "RMSE": 0.34656941056015345,
  "MAPE(%)": 47.82030714001878
}