{
  "R2": 0.9850673372767638,
  "MAE": 0.03007037897863573,
  "RMSE": 0.0019579997375986256,
  "MAPE(%)": 2.7331212801018285
}