Feature,Importance
0.1,53.056810998302694
ASA_m2_g,15.362095100836687
ASA_m2_cm3,7.676017525574939
AV_cm3_g,4.744045821892026
AV_VF,4.702851787853335
cm3_g,4.082494690282418
PLD,2.9698278588857607
LCD,2.707569547672102
LFPD,2.0364428260885608
Has_OMS,1.3053917394987513
NASA_m2_cm3,0.7637681114099357
NASA_m2_g,0.5106155159931242
NAV_cm3_g,0.08206847570967199
