temp,lowp,outp,seed,mode,qt_frac,train_ratio,out_root,model,R2,MAE,RMSE,MAPE(%)
273K,0.1,15,2026,lowq,0.8,0.5,./RUN_FULL_EXP,cat,0.946294226819449,0.24501746143901434,0.1319336234916416,6.124985662426859
