{
  "R2": 0.946294226819449,
  "MAE": 0.24501746143901434,
  "RMSE": 0.1319336234916416,
  "MAPE(%)": 6.124985662426859
}