Feature,Importance
PLD,14.66698683664545
Has_OMS,14.088923986627405
cm3_g,12.336958693902337
AV_VF,11.655941876768361
ASA_m2_cm3,10.421558818750071
LFPD,9.264003413430679
LCD,8.583778571355214
AV_cm3_g,7.340578489183473
ASA_m2_g,6.410194410647435
NASA_m2_cm3,2.568235790721871
NASA_m2_g,2.183510047612937
NAV_cm3_g,0.4793290643547648
