{
  "R2": 0.447101632281524,
  "MAE": 0.17562414001856547,
  "RMSE": 0.07996420723749958,
  "MAPE(%)": 45.14768363628426
}