temp,lowp,outp,seed,mode,qt_frac,train_ratio,out_root,model,R2,MAE,RMSE,MAPE(%)
273K,0.1,1,2027,lowq,0.6,0.5,./RUN_FULL_EXP,cat,0.9881095518381741,0.013889938545187486,0.0005379875727516771,2.5215953221830563
