{
  "R2": 0.9881095518381741,
  "MAE": 0.013889938545187486,
  "RMSE": 0.0005379875727516771,
  "MAPE(%)": 2.5215953221830563
}