{
  "R2": 0.9903408527577102,
  "MAE": 0.039514735174062565,
  "RMSE": 0.003422187591389308,
  "MAPE(%)": 3.2640196718821546
}