{
  "R2": 0.994651594660308,
  "MAE": 0.02368545149370905,
  "RMSE": 0.0011619084453399935,
  "MAPE(%)": 1.850099023539193
}