Feature,Importance
0.01,47.67098867757163
ASA_m2_g,16.607633703663893
ASA_m2_cm3,7.205114941367088
AV_cm3_g,7.122902577868681
AV_VF,5.163512473018955
cm3_g,4.621434931475645
PLD,2.9678669952572756
LCD,2.9255235990417603
LFPD,2.310558851134543
Has_OMS,1.7342666544924685
NASA_m2_cm3,0.8242027903777998
NASA_m2_g,0.7589124722345205
NAV_cm3_g,0.08708133249574669
