{
  "R2": 0.956203632564168,
  "MAE": 0.24190362089160097,
  "RMSE": 0.12457341099130902,
  "MAPE(%)": 6.571446670575288
}