temp,lowp,outp,seed,mode,qt_frac,train_ratio,out_root,model,R2,MAE,RMSE,MAPE(%)
273K,0.01,15,2027,lowq,0.2,0.5,./RUN_FULL_EXP,cat,0.956203632564168,0.24190362089160097,0.12457341099130902,6.571446670575288
