temp,lowp,outp,seed,mode,qt_frac,train_ratio,out_root,model,R2,MAE,RMSE,MAPE(%)
273K,0.01,15,2029,lowq,0.15,0.5,./RUN_FULL_EXP,cat,0.9587581923280443,0.2385864285475261,0.12007908404135005,6.548344369898189
