{
  "R2": 0.9587581923280443,
  "MAE": 0.2385864285475261,
  "RMSE": 0.12007908404135005,
  "MAPE(%)": 6.548344369898189
}