Feature,Importance
0.5,88.91660025593056
cm3_g,2.3689549746871066
AV_cm3_g,2.1060416012245216
PLD,1.2650725938594252
LCD,0.8359721568922235
AV_VF,0.7951268634955523
LFPD,0.7722544126285342
ASA_m2_cm3,0.7092412628348086
ASA_m2_g,0.6922950957005422
Has_OMS,0.6623487146320578
NASA_m2_cm3,0.37832547452041015
NASA_m2_g,0.35900007080697344
NAV_cm3_g,0.13876652278726323
