{
  "R2": 0.9244041326087566,
  "MAE": 0.26024137192286084,
  "RMSE": 0.14403391402628687,
  "MAPE(%)": 11.144420056443078
}