temp,lowp,outp,seed,mode,qt_frac,train_ratio,out_root,model,R2,MAE,RMSE,MAPE(%)
293K,0.01,5,2028,lowq,0.1,0.5,./RUN_FULL_EXP,cat,0.9655003831969193,0.06782916805846383,0.015455458770955537,4.63378453295277
