{
  "R2": 0.9655003831969193,
  "MAE": 0.06782916805846383,
  "RMSE": 0.015455458770955537,
  "MAPE(%)": 4.63378453295277
}