{
  "R2": 0.9755619309511789,
  "MAE": 0.06498113618093664,
  "RMSE": 0.01122887584181311,
  "MAPE(%)": 4.809833338519379
}