{
  "R2": 0.9873957625199175,
  "MAE": 0.04335937886501233,
  "RMSE": 0.005253256053678087,
  "MAPE(%)": 3.4763529898120953
}