{
  "R2": 0.9626513764987087,
  "MAE": 0.1629786718296231,
  "RMSE": 0.06647811251951358,
  "MAPE(%)": 5.56326866706221
}