Feature,Importance
0.05,72.81665349268847
ASA_m2_g,5.255798386911156
AV_VF,4.274737440574045
ASA_m2_cm3,3.909145366096554
AV_cm3_g,3.044604931371827
PLD,2.1498532218435957
LCD,1.8525916555868818
LFPD,1.8077843037733434
Has_OMS,1.6780696425307606
cm3_g,1.533944063765042
NASA_m2_cm3,0.8626337323441902
NASA_m2_g,0.7801971287787046
NAV_cm3_g,0.03398663373541721
