{
  "R2": 0.969307631792929,
  "MAE": 0.056904964610574954,
  "RMSE": 0.007159165095511231,
  "MAPE(%)": 3.8350542742834866
}