{
  "R2": 0.9906901040963115,
  "MAE": 0.006724467397276222,
  "RMSE": 0.00013517986693768096,
  "MAPE(%)": 1.7844413528649326
}