Feature,Importance
0.5,76.37031161372381
ASA_m2_g,5.121154024547213
ASA_m2_cm3,4.068218500929801
AV_VF,2.96305394083915
AV_cm3_g,2.6607905538140346
LCD,1.7120536253686982
cm3_g,1.633818258567742
Has_OMS,1.420210196679324
PLD,1.4069599052452548
LFPD,1.3051603976237187
NASA_m2_g,0.7349463519706959
NASA_m2_cm3,0.5075057800539078
NAV_cm3_g,0.09581685063663743
