{
  "R2": 0.9766874247430652,
  "MAE": 0.052696907661503645,
  "RMSE": 0.0069666145823344084,
  "MAPE(%)": 3.5482603110373976
}