Feature,Importance
cm3_g,14.740822477727084
ASA_m2_g,14.368053175241293
AV_VF,13.395554351047707
ASA_m2_cm3,13.308916795894268
PLD,9.895721075320676
LCD,8.837184400920576
AV_cm3_g,8.506968537103516
Has_OMS,7.457533581946886
LFPD,5.8901459769308895
NASA_m2_g,1.5736707051746734
NASA_m2_cm3,1.4828199041855998
NAV_cm3_g,0.5426090185068214
