{
  "R2": 0.7382290191616566,
  "MAE": 0.49944608651873884,
  "RMSE": 0.4966273408728404,
  "MAPE(%)": 21.829507803299897
}