{
  "R2": 0.9834750082303894,
  "MAE": 0.01037720797557557,
  "RMSE": 0.0011147311958845513,
  "MAPE(%)": 2.751703392606217
}