temp,lowp,outp,seed,mode,qt_frac,train_ratio,out_root,model,R2,MAE,RMSE,MAPE(%)
293K,0.01,1,2026,struct_with_input,0.0,0.8,./RUN_FULL_EXP,cat,0.9767264948951144,0.013455873708335704,0.0017680017940471216,3.4256171903506334
