{
  "R2": 0.9767264948951144,
  "MAE": 0.013455873708335704,
  "RMSE": 0.0017680017940471216,
  "MAPE(%)": 3.4256171903506334
}