{
  "R2": 0.8406826486804474,
  "MAE": 0.135551490159113,
  "RMSE": 0.044113127537762385,
  "MAPE(%)": 12.116429844522738
}