Feature,Importance
0.01,86.11596373239904
cm3_g,1.8784211178663668
AV_cm3_g,1.6258681904173207
Has_OMS,1.4941055455691492
LCD,1.4379154518104256
PLD,1.3459505830598437
ASA_m2_cm3,1.3144613326523649
ASA_m2_g,1.297840949413973
AV_VF,1.2382652822764542
LFPD,0.9580920680717863
NASA_m2_cm3,0.6138500866655259
NASA_m2_g,0.5568650806601116
NAV_cm3_g,0.1224005791376543
