temp,lowp,outp,seed,mode,qt_frac,train_ratio,out_root,model,R2,MAE,RMSE,MAPE(%)
293K,0.01,1,2026,struct_with_input,0.3,0.6,./RUN_FULL_EXP,cat,0.9902555220034631,0.010205457671086148,0.00028444009750522894,2.8578903403905476
