{
  "R2": 0.9902555220034631,
  "MAE": 0.010205457671086148,
  "RMSE": 0.00028444009750522894,
  "MAPE(%)": 2.8578903403905476
}