Feature,Importance
0.5,91.54078152643488
AV_cm3_g,1.466485994613792
Has_OMS,1.2293159074331785
AV_VF,0.895776060808219
LCD,0.8520390296564888
cm3_g,0.7593988532639029
ASA_m2_g,0.7328707489750632
ASA_m2_cm3,0.7016242268158391
NASA_m2_cm3,0.5568927452050259
LFPD,0.4589012950152836
PLD,0.37686461748792516
NASA_m2_g,0.2915638833174448
NAV_cm3_g,0.13748511097294347
