{
  "R2": 0.9973191695853815,
  "MAE": 0.0038654258974216613,
  "RMSE": 3.460392057067056e-05,
  "MAPE(%)": 1.6055268800971776
}