temp,lowp,outp,seed,mode,qt_frac,train_ratio,out_root,model,R2,MAE,RMSE,MAPE(%)
313K,0.5,1,2029,lowq,0.3,0.5,./RUN_FULL_EXP,cat,0.9973191695853815,0.0038654258974216613,3.460392057067056e-05,1.6055268800971776
