{
  "R2": 0.9542869864841075,
  "MAE": 0.10881076711035569,
  "RMSE": 0.028872400625558483,
  "MAPE(%)": 5.557181131062065
}