Feature,Importance
0.01,81.7438850581381
AV_VF,2.8818233768590398
ASA_m2_cm3,2.2755694054348328
cm3_g,1.891777900772662
AV_cm3_g,1.8389430995921532
LCD,1.8171244925912653
PLD,1.7035412722024874
Has_OMS,1.6184558045393256
ASA_m2_g,1.509308925040895
LFPD,1.2464307302566855
NASA_m2_g,0.7228069148494369
NASA_m2_cm3,0.6140950243821071
NAV_cm3_g,0.1362379953409819
