temp,lowp,outp,seed,mode,qt_frac,train_ratio,out_root,model,R2,MAE,RMSE,MAPE(%)
273K,0.01,1,2026,struct_with_input,0.17,0.35,./RUN_FULL_EXP,cat,0.9805744555818383,0.020226185449364355,0.0016712008832898586,3.7751751151269426
