{
  "R2": 0.9937247273693443,
  "MAE": 0.028584250988290615,
  "RMSE": 0.002115732075731419,
  "MAPE(%)": 2.231311293315456
}