Feature,Importance
0.01,86.45609134751064
LCD,1.728699189478615
AV_cm3_g,1.707355060605765
cm3_g,1.5875098666794374
ASA_m2_g,1.4628426239685166
AV_VF,1.371461495647104
ASA_m2_cm3,1.2550710832349425
PLD,1.1604364360455273
Has_OMS,1.1162973184841443
LFPD,0.9411639451992987
NASA_m2_g,0.624578279943674
NASA_m2_cm3,0.48374916875497354
NAV_cm3_g,0.10474418444736575
