{
  "R2": 0.9900991552786279,
  "MAE": 0.009352490532704613,
  "RMSE": 0.00016494133376729594,
  "MAPE(%)": 2.58001503202673
}