Feature,Importance
0.01,62.61524647505276
ASA_m2_g,8.006932409613224
ASA_m2_cm3,6.6475502001530735
AV_VF,5.353132946994292
AV_cm3_g,2.967955251756414
PLD,2.8051911302084647
cm3_g,2.770481680429294
LFPD,2.4292215182035353
LCD,2.371504321694153
Has_OMS,2.259366866896019
NASA_m2_cm3,0.9472404590390832
NASA_m2_g,0.728456795144782
NAV_cm3_g,0.09771994481489081
