{
  "R2": 0.9605189485225035,
  "MAE": 0.10751909638815486,
  "RMSE": 0.03057593317995496,
  "MAPE(%)": 5.689607126436469
}