{
  "R2": 0.9889645922804146,
  "MAE": 0.007494204039070469,
  "RMSE": 0.00020111615748945647,
  "MAPE(%)": 3.0120400680644357
}