{
  "R2": 0.9653307891754912,
  "MAE": 0.024942081521204557,
  "RMSE": 0.005527168741209858,
  "MAPE(%)": 4.121685056172942
}