{
  "R2": 0.9519690413592325,
  "MAE": 0.025343525487634192,
  "RMSE": 0.0073999442689152255,
  "MAPE(%)": 3.896015843885752
}