Feature,Importance
0.01,71.73088459061788
AV_VF,5.427563469406096
ASA_m2_g,5.069338753484601
ASA_m2_cm3,3.6316803839386904
AV_cm3_g,2.96355192689735
cm3_g,1.9760598309026856
PLD,1.9520455067024587
LCD,1.947191460225402
LFPD,1.9055220324845252
Has_OMS,1.885076455942496
NASA_m2_cm3,0.909060272228117
NASA_m2_g,0.554061143892658
NAV_cm3_g,0.04796417327705172
