{
  "R2": 0.97288515613775,
  "MAE": 0.06313874764728583,
  "RMSE": 0.009857495624361624,
  "MAPE(%)": 4.3644174802393305
}