Feature,Importance
0.01,65.12594964239399
ASA_m2_cm3,6.262000207134961
AV_VF,5.9916068821711725
ASA_m2_g,5.371313464655342
AV_cm3_g,3.908149406701376
PLD,3.090148554346737
LFPD,2.4461826320260514
Has_OMS,2.2438421433346125
cm3_g,2.209276028736109
LCD,1.8721582382428084
NASA_m2_cm3,0.7736987618812322
NASA_m2_g,0.6644559820141501
NAV_cm3_g,0.04121805636144292
