{
  "R2": 0.9623035359251997,
  "MAE": 0.10596148363364813,
  "RMSE": 0.03034163055713394,
  "MAPE(%)": 5.44515469570934
}