{
  "R2": 0.7259197498345841,
  "MAE": 0.5167600721593993,
  "RMSE": 0.5289887941157437,
  "MAPE(%)": 21.55718644358881
}