temp,lowp,outp,seed,mode,qt_frac,train_ratio,out_root,model,R2,MAE,RMSE,MAPE(%)
293K,HENRY,1,2025,lowq,0.65,0.5,./RUN_FULL_EXP,cat,0.9923887441043023,0.0072554141501061315,0.00013535819496119403,1.9155048690712555
