{
  "R2": 0.9923887441043023,
  "MAE": 0.0072554141501061315,
  "RMSE": 0.00013535819496119403,
  "MAPE(%)": 1.9155048690712555
}