{
  "R2": 0.9762414399201669,
  "MAE": 0.038471476480749445,
  "RMSE": 0.002772899575927538,
  "MAPE(%)": 3.4536215607693053
}