temp,lowp,outp,seed,mode,qt_frac,train_ratio,out_root,model,R2,MAE,RMSE,MAPE(%)
313K,0.01,5,2027,lowq,0.75,0.5,./RUN_FULL_EXP,cat,0.9762414399201669,0.038471476480749445,0.002772899575927538,3.4536215607693053
