temp,lowp,outp,seed,mode,qt_frac,train_ratio,out_root,model,R2,MAE,RMSE,MAPE(%)
293K,0.5,1,2028,lowq,0.05,0.5,./RUN_FULL_EXP,cat,0.9908583399366976,0.007936434699835631,0.0006130984635685813,1.8855757243658986
