{
  "R2": 0.9908583399366976,
  "MAE": 0.007936434699835631,
  "RMSE": 0.0006130984635685813,
  "MAPE(%)": 1.8855757243658986
}