{
  "R2": 0.9674286376730937,
  "MAE": 0.16942476383787378,
  "RMSE": 0.06185223795864318,
  "MAPE(%)": 6.124337014230175
}