Feature,Importance
0.05,50.670377650758375
ASA_m2_g,12.012399849969512
ASA_m2_cm3,7.336554330506595
AV_VF,7.042140630182396
AV_cm3_g,6.775359881031942
cm3_g,4.855447457991923
PLD,3.142224557284141
LCD,2.375006346042263
LFPD,2.177118083480745
Has_OMS,1.8240852821480296
NASA_m2_g,0.8310696950448494
NASA_m2_cm3,0.8240279673967934
NAV_cm3_g,0.13418826816246118
