{
  "R2": 0.9548873964240976,
  "MAE": 0.2365822534757679,
  "RMSE": 0.12094382503787048,
  "MAPE(%)": 6.205033708540311
}