Feature,Importance
0.01,86.1821269108654
cm3_g,1.787166563815785
AV_cm3_g,1.6063370316641363
PLD,1.474275926445798
Has_OMS,1.4621182983137726
LFPD,1.4596362547797195
ASA_m2_g,1.3866832924716477
ASA_m2_cm3,1.2562501912986963
AV_VF,1.0391330462659387
LCD,1.0329871853568344
NASA_m2_cm3,0.7570694236885013
NASA_m2_g,0.5000315739016156
NAV_cm3_g,0.05618430113215556
