temp,lowp,outp,seed,mode,qt_frac,train_ratio,out_root,model,R2,MAE,RMSE,MAPE(%)
313K,0.01,1,2027,lowq,0.7,0.5,./RUN_FULL_EXP,cat,0.988497219061817,0.0068253110987583155,8.66456979027359e-05,2.664018076876666
