{
  "R2": 0.988497219061817,
  "MAE": 0.0068253110987583155,
  "RMSE": 8.66456979027359e-05,
  "MAPE(%)": 2.664018076876666
}