{
  "R2": 0.9709038370804756,
  "MAE": 0.11181596404775829,
  "RMSE": 0.02641067109538026,
  "MAPE(%)": 4.502197621360396
}