Feature,Importance
0.01,58.4098620325704
ASA_m2_g,9.540622707008376
ASA_m2_cm3,7.184452965639955
AV_VF,5.011901452153757
cm3_g,4.112843879520647
AV_cm3_g,3.8467701410610635
LCD,2.9758411110561998
PLD,2.5151811214197184
Has_OMS,2.379907041457444
LFPD,2.239338899077887
NASA_m2_cm3,0.9442597819253518
NASA_m2_g,0.698519959158515
NAV_cm3_g,0.14049890795066194
