{
  "R2": 0.942917795591072,
  "MAE": 0.21003576479877442,
  "RMSE": 0.10400133958891228,
  "MAPE(%)": 7.546394563074223
}