{
  "R2": 0.33753569588853294,
  "MAE": 0.11895228879376232,
  "RMSE": 0.04985311182836653,
  "MAPE(%)": 46.8631459148835
}