{
  "R2": 0.9540972047235393,
  "MAE": 0.18380316295817478,
  "RMSE": 0.07785077585271064,
  "MAPE(%)": 6.152311903302011
}