Feature,Importance
0.01,85.68334435631792
cm3_g,2.347690680726259
AV_cm3_g,1.9301773524431836
AV_VF,1.4694678444541978
LCD,1.400313693878129
PLD,1.3370259125572128
ASA_m2_cm3,1.2415426163871486
Has_OMS,1.1676173080417145
ASA_m2_g,1.0111800642312625
LFPD,0.9885838482841369
NASA_m2_g,0.6470916452055717
NASA_m2_cm3,0.6467577295702756
NAV_cm3_g,0.12920694790297615
