temp,lowp,outp,seed,mode,qt_frac,train_ratio,out_root,model,R2,MAE,RMSE,MAPE(%)
293K,0.01,1,2026,lowq,0.55,0.5,./RUN_FULL_EXP,cat,0.9889513153199574,0.009801474480045489,0.00021924779181252746,2.7898381418831764
