{
  "R2": 0.9889513153199574,
  "MAE": 0.009801474480045489,
  "RMSE": 0.00021924779181252746,
  "MAPE(%)": 2.7898381418831764
}