{
  "R2": 0.9905102272462359,
  "MAE": 0.006970700190381206,
  "RMSE": 9.311783378149789e-05,
  "MAPE(%)": 2.7819385789878823
}