{
  "R2": 0.9719043785684977,
  "MAE": 0.08734838335156567,
  "RMSE": 0.018792129899671793,
  "MAPE(%)": 4.441477747284142
}