temp,lowp,outp,seed,mode,qt_frac,train_ratio,out_root,model,R2,MAE,RMSE,MAPE(%)
273K,0.5,5,2029,lowq,0.25,0.5,./RUN_FULL_EXP,cat,0.9719043785684977,0.08734838335156567,0.018792129899671793,4.441477747284142
