{
  "R2": 0.9599247543224951,
  "MAE": 0.02270441335723663,
  "RMSE": 0.006542993224772639,
  "MAPE(%)": 3.6346412879645804
}