Feature,Importance
0.01,82.33576885214869
Has_OMS,2.7452517769362945
AV_cm3_g,2.339217969950204
ASA_m2_g,2.1052024281065003
LFPD,2.0847496093781275
cm3_g,2.062500545980354
LCD,1.361845882369262
AV_VF,1.317572736866819
PLD,1.277063868769692
NASA_m2_cm3,0.9846925395285271
ASA_m2_cm3,0.8953585349944434
NASA_m2_g,0.41510312810110034
NAV_cm3_g,0.07567212687001038
