{
  "R2": 0.9901626521817009,
  "MAE": 0.010725277162425563,
  "RMSE": 0.0003175866605599818,
  "MAPE(%)": 3.0516635438026873
}