Feature,Importance
0.05,56.57270121584115
ASA_m2_g,15.669502479202368
ASA_m2_cm3,5.597128899268504
AV_VF,5.291970424147312
AV_cm3_g,4.390011949420744
cm3_g,3.0787647636184916
PLD,2.276770070418948
LFPD,2.251116567472445
LCD,2.2089233041144904
Has_OMS,1.3621174096487298
NASA_m2_cm3,0.8240701445045997
NASA_m2_g,0.42635706462789663
NAV_cm3_g,0.05056570771432579
