{
  "R2": 0.9623598552946446,
  "MAE": 0.16645993772763026,
  "RMSE": 0.059296855836228526,
  "MAPE(%)": 5.524989972121535
}