{
  "R2": 0.9501356040256491,
  "MAE": 0.015193061326998313,
  "RMSE": 0.0035375073883145186,
  "MAPE(%)": 3.4389125917210475
}