{
  "R2": 0.9788934152094718,
  "MAE": 0.03509689694392498,
  "RMSE": 0.0037910793878959395,
  "MAPE(%)": 3.2397690184355703
}