Feature,Importance
HENRY,71.38972315025697
ASA_m2_cm3,6.098187927912263
ASA_m2_g,4.740694174822936
AV_VF,3.976934294418082
AV_cm3_g,2.860332106212365
LFPD,2.0610884435520225
cm3_g,2.0296382566695272
LCD,1.9285428683814874
PLD,1.9222309418063463
Has_OMS,1.837003005820927
NASA_m2_g,0.5690873958372858
NASA_m2_cm3,0.5405755112269208
NAV_cm3_g,0.045961923082867
