{
  "R2": 0.9738739139441548,
  "MAE": 0.05976523605686118,
  "RMSE": 0.010568128417942564,
  "MAPE(%)": 4.213748751681609
}