Feature,Importance
0.01,85.82497283533421
cm3_g,2.155437478875571
AV_cm3_g,1.7585612309942222
LCD,1.620958541237259
Has_OMS,1.4542638539549404
ASA_m2_cm3,1.4329337321099245
AV_VF,1.3376283728034386
PLD,1.1962194140820808
LFPD,1.1765665257699316
ASA_m2_g,1.0197788596728352
NASA_m2_cm3,0.5556341460030256
NASA_m2_g,0.4380709521578774
NAV_cm3_g,0.02897405700470556
