temp,lowp,outp,seed,mode,qt_frac,train_ratio,out_root,model,R2,MAE,RMSE,MAPE(%)
293K,0.01,1,2025,lowq,0.15,0.5,./RUN_FULL_EXP,cat,0.9760170478417793,0.011402242714034248,0.0009573935085507295,3.112046802232505
