{
  "R2": 0.9760170478417793,
  "MAE": 0.011402242714034248,
  "RMSE": 0.0009573935085507295,
  "MAPE(%)": 3.112046802232505
}