Feature,Importance
0.01,74.01053743700598
ASA_m2_cm3,4.549272180265128
AV_VF,4.106534651112481
ASA_m2_g,3.85787890269695
AV_cm3_g,2.99272065095298
LCD,2.100484266295996
cm3_g,1.979719621414271
LFPD,1.840517603665055
PLD,1.7545002447136813
Has_OMS,1.4256520497252099
NASA_m2_cm3,0.6671621634964174
NASA_m2_g,0.6430921408302697
NAV_cm3_g,0.0719280878255618
