temp,lowp,outp,seed,mode,qt_frac,train_ratio,out_root,model,R2,MAE,RMSE,MAPE(%)
293K,0.01,5,2025,struct_with_input,0.0,0.25,./RUN_FULL_EXP,cat,0.9609682300815184,0.07613827688185572,0.019410084663594323,5.7181061540470814
