{
  "R2": 0.9609682300815184,
  "MAE": 0.07613827688185572,
  "RMSE": 0.019410084663594323,
  "MAPE(%)": 5.7181061540470814
}