Feature,Importance
0.01,71.7759089373943
ASA_m2_cm3,5.809599280198482
ASA_m2_g,4.006149827935539
AV_VF,3.520652631698574
cm3_g,2.6314493543960373
Has_OMS,2.4183888161759834
AV_cm3_g,2.360865379240365
LCD,2.196879277673239
PLD,2.1033486123177796
LFPD,1.34908132574534
NASA_m2_g,0.874097856055764
NASA_m2_cm3,0.7994723643855587
NAV_cm3_g,0.1541063367830512
