{
  "R2": 0.9587296192843666,
  "MAE": 0.08008797117298747,
  "RMSE": 0.018619652822559587,
  "MAPE(%)": 5.815406144758346
}