temp,lowp,outp,seed,mode,qt_frac,train_ratio,out_root,model,R2,MAE,RMSE,MAPE(%)
293K,0.01,5,2026,struct_with_input,0.07,0.15,./RUN_FULL_EXP,cat,0.9587296192843666,0.08008797117298747,0.018619652822559587,5.815406144758346
