temp,lowp,outp,seed,mode,qt_frac,train_ratio,out_root,model,R2,MAE,RMSE,MAPE(%)
293K,0.5,1,2029,lowq,0.15,0.5,./RUN_FULL_EXP,cat,0.9964491822899607,0.006639802318080763,0.00016688669091908948,1.8928606496131082
