{
  "R2": 0.9964491822899607,
  "MAE": 0.006639802318080763,
  "RMSE": 0.00016688669091908948,
  "MAPE(%)": 1.8928606496131082
}