Feature,Importance
0.01,70.44108240039114
ASA_m2_g,5.095986263733613
ASA_m2_cm3,5.006013034806411
AV_VF,4.448899054834211
AV_cm3_g,4.114613407643854
LFPD,2.0992254342474497
PLD,2.0910821518408214
Has_OMS,1.9045855781769554
cm3_g,1.6244627704677257
LCD,1.5249256573345447
NASA_m2_cm3,0.976125648505624
NASA_m2_g,0.5771156203711013
NAV_cm3_g,0.09588297764656128
