{
  "R2": 0.9678215346074043,
  "MAE": 0.06462493930747643,
  "RMSE": 0.010525329508767074,
  "MAPE(%)": 4.500511962204873
}