temp,lowp,outp,seed,mode,qt_frac,train_ratio,out_root,model,R2,MAE,RMSE,MAPE(%)
293K,0.01,5,2027,lowq,0.35,0.5,./RUN_FULL_EXP,cat,0.9678215346074043,0.06462493930747643,0.010525329508767074,4.500511962204873
