Feature,Importance
0.01,63.66872272918044
ASA_m2_g,7.885432853220939
ASA_m2_cm3,7.448667682432561
AV_VF,4.780565627766263
AV_cm3_g,2.900875934794801
LCD,2.54496596839155
LFPD,2.4987395048239778
PLD,2.474225837649148
cm3_g,2.2265633198135197
Has_OMS,2.0729534853862632
NASA_m2_cm3,0.8606597722428305
NASA_m2_g,0.5871244564977243
NAV_cm3_g,0.0505028277999874
