{
  "R2": 0.9598022873330079,
  "MAE": 0.10448512573804301,
  "RMSE": 0.026154764494345215,
  "MAPE(%)": 5.35542432928992
}