temp,lowp,outp,seed,mode,qt_frac,train_ratio,out_root,model,R2,MAE,RMSE,MAPE(%)
273K,0.01,5,2029,lowq,0.35,0.5,./RUN_FULL_EXP,cat,0.9598022873330079,0.10448512573804301,0.026154764494345215,5.35542432928992
