Feature,Importance
0.01,52.181137297196344
ASA_m2_g,14.83284992654679
AV_cm3_g,6.781359826439917
ASA_m2_cm3,6.102194189565604
AV_VF,5.761497822396913
cm3_g,3.947666625962916
PLD,2.6894408032376753
LCD,2.2925569802876944
LFPD,2.1374847404721358
Has_OMS,1.506511248775281
NASA_m2_g,0.8563750792114413
NASA_m2_cm3,0.7812365292408755
NAV_cm3_g,0.12968893066642606
