{
  "R2": 0.9593724620560099,
  "MAE": 0.17322087522975713,
  "RMSE": 0.07561393523418113,
  "MAPE(%)": 6.000095609021782
}