Feature,Importance
HENRY,63.444969412836464
ASA_m2_g,8.822996262471781
AV_VF,6.795565749610718
AV_cm3_g,5.378199945515537
ASA_m2_cm3,5.350046837661383
PLD,2.455864213024938
LFPD,1.8123572084509898
cm3_g,1.6599339855359816
LCD,1.5067952270228744
Has_OMS,1.277656884011471
NASA_m2_cm3,0.7716544483902379
NASA_m2_g,0.6425728578722083
NAV_cm3_g,0.08138696759542784
