{
  "R2": 0.9706142174707214,
  "MAE": 0.10794275353988543,
  "RMSE": 0.024299117074395426,
  "MAPE(%)": 4.31270400063855
}