temp,lowp,outp,seed,mode,qt_frac,train_ratio,out_root,model,R2,MAE,RMSE,MAPE(%)
313K,HENRY,15,2028,lowq,0.7,0.5,./RUN_FULL_EXP,cat,0.9706142174707214,0.10794275353988543,0.024299117074395426,4.31270400063855
