{
  "R2": 0.9857601454376543,
  "MAE": 0.017756430104875005,
  "RMSE": 0.0010003067746907459,
  "MAPE(%)": 3.25590889165391
}