Feature,Importance
0.01,65.21866774012081
ASA_m2_cm3,7.263516203717455
ASA_m2_g,6.742585351110495
AV_VF,3.8899395250686872
AV_cm3_g,3.7639332320596157
PLD,2.5537743412971587
LFPD,2.432718349249819
cm3_g,2.3818889825570726
LCD,2.044512705317533
Has_OMS,1.9361901121234717
NASA_m2_cm3,1.111166569049253
NASA_m2_g,0.5274938415403313
NAV_cm3_g,0.13361304678831726
