{
  "R2": 0.9559843625906617,
  "MAE": 0.1068894242466072,
  "RMSE": 0.026393839707390798,
  "MAPE(%)": 5.472229648561166
}