Feature,Importance
0.1,62.28245666519922
ASA_m2_g,12.204459578429775
ASA_m2_cm3,4.994231638757795
AV_cm3_g,4.674117882403225
AV_VF,4.5675344496131185
cm3_g,3.4194478372074717
LCD,2.007522291831204
LFPD,1.9419456057070015
PLD,1.7986108998753547
Has_OMS,1.0728276946704638
NASA_m2_cm3,0.6747723002731253
NASA_m2_g,0.2916200581993607
NAV_cm3_g,0.07045309783290028
