{
  "R2": 0.9719534108233371,
  "MAE": 0.11196778819822369,
  "RMSE": 0.0289805756489447,
  "MAPE(%)": 4.683736754921941
}