temp,lowp,outp,seed,mode,qt_frac,train_ratio,out_root,model,R2,MAE,RMSE,MAPE(%)
313K,0.1,15,2029,lowq,0.3,0.5,./RUN_FULL_EXP,cat,0.9719534108233371,0.11196778819822369,0.0289805756489447,4.683736754921941
