Feature,Importance
0.01,83.05619954572342
ASA_m2_cm3,2.4753985948294677
AV_cm3_g,2.1359452029364983
AV_VF,1.951246123204776
PLD,1.6447288702837455
cm3_g,1.567567496905398
LCD,1.527431075970291
ASA_m2_g,1.5029581808624277
LFPD,1.4934535719683575
Has_OMS,1.2181634588484926
NASA_m2_cm3,0.7556638958928269
NASA_m2_g,0.5982464337675631
NAV_cm3_g,0.07299754880673422
