{
  "R2": 0.9865425766451357,
  "MAE": 0.01604147055944065,
  "RMSE": 0.0005875267564567419,
  "MAPE(%)": 3.010140174067239
}