{
  "R2": 0.9874676336245423,
  "MAE": 0.015433915796925508,
  "RMSE": 0.0005441404501330894,
  "MAPE(%)": 2.8673620249103853
}