Feature,Importance
0.1,78.12851869061538
ASA_m2_g,5.221526795825059
AV_VF,3.1096540368572154
AV_cm3_g,2.2847705127617597
ASA_m2_cm3,2.2524423211332745
Has_OMS,2.1393354693698443
cm3_g,1.701856471405054
LFPD,1.6004916731370151
LCD,1.2869569562893486
PLD,1.132329768625695
NASA_m2_cm3,0.6384920039962987
NASA_m2_g,0.36486717330299984
NAV_cm3_g,0.13875812668103912
