{
  "R2": 0.9817852376524611,
  "MAE": 0.03336388342295768,
  "RMSE": 0.0027112449991291494,
  "MAPE(%)": 3.0302023644866876
}