{
  "R2": 0.776603216171474,
  "MAE": 0.16004724709562748,
  "RMSE": 0.05422364673351595,
  "MAPE(%)": 13.23127879711824
}