{
  "R2": 0.984997590308129,
  "MAE": 0.031225615967355586,
  "RMSE": 0.002653528691773154,
  "MAPE(%)": 2.8694157011728567
}