temp,lowp,outp,seed,mode,qt_frac,train_ratio,out_root,model,R2,MAE,RMSE,MAPE(%)
313K,0.5,5,2027,lowq,0.35,0.5,./RUN_FULL_EXP,cat,0.984997590308129,0.031225615967355586,0.002653528691773154,2.8694157011728567
