Feature,Importance
0.1,84.99970162257888
AV_VF,1.991915354882804
cm3_g,1.865457438803387
ASA_m2_cm3,1.860622319448927
AV_cm3_g,1.6559335112690639
Has_OMS,1.5503343115268762
PLD,1.3648056830778692
ASA_m2_g,1.3547022158972635
LFPD,1.206344499167014
LCD,1.1387819264181733
NASA_m2_g,0.5307970541266078
NASA_m2_cm3,0.40289951749734837
NAV_cm3_g,0.07770454530580045
