temp,lowp,outp,seed,mode,qt_frac,train_ratio,out_root,model,R2,MAE,RMSE,MAPE(%)
273K,0.1,1,2025,lowq,0.35,0.5,./RUN_FULL_EXP,cat,0.9896712286774796,0.015142765500225098,0.0006874079844978998,2.7496206766087146
