{
  "R2": 0.9896712286774796,
  "MAE": 0.015142765500225098,
  "RMSE": 0.0006874079844978998,
  "MAPE(%)": 2.7496206766087146
}