Feature,Importance
0.01,64.59516346724868
ASA_m2_g,8.086947675627869
ASA_m2_cm3,5.894236760953297
AV_VF,4.893473388722204
LCD,2.7965002241532617
AV_cm3_g,2.7321702969604598
cm3_g,2.7319051667458534
PLD,2.502488871349438
LFPD,2.240462897056995
Has_OMS,1.9666578008130802
NASA_m2_cm3,0.9900360709013895
NASA_m2_g,0.5035255093600951
NAV_cm3_g,0.06643187010737912
