{
  "R2": 0.9625482846532406,
  "MAE": 0.10571725703001834,
  "RMSE": 0.027110545837920174,
  "MAPE(%)": 5.456126317985393
}