{
  "R2": 0.9657075484345938,
  "MAE": 0.06276302881032302,
  "RMSE": 0.008877761027144984,
  "MAPE(%)": 4.3216984564005205
}