{
  "R2": 0.705670183047778,
  "MAE": 0.5333927984229724,
  "RMSE": 0.5668579988325343,
  "MAPE(%)": 22.600407968475693
}