{
  "R2": 0.9536512731239948,
  "MAE": 0.229108713231769,
  "RMSE": 0.11999213445830871,
  "MAPE(%)": 5.95086578813849
}