{
  "R2": 0.9618476347599774,
  "MAE": 0.10435428890565428,
  "RMSE": 0.03147928182391666,
  "MAPE(%)": 5.469414785896773
}