{
  "R2": 0.4592981098966278,
  "MAE": 0.11958005816231367,
  "RMSE": 0.04043136828419735,
  "MAPE(%)": 46.4552104747892
}