Feature,Importance
0.01,70.36633024364242
ASA_m2_g,6.233590992557959
ASA_m2_cm3,4.831012982990548
AV_VF,3.694751766328155
AV_cm3_g,3.2823174178322545
LCD,2.1098654746736707
PLD,2.096249518849642
Has_OMS,2.00499781588723
LFPD,1.864651656211509
cm3_g,1.7720184333677644
NASA_m2_cm3,1.0512409125236861
NASA_m2_g,0.6145584681024155
NAV_cm3_g,0.07841431703275542
