{
  "R2": 0.9693932017952663,
  "MAE": 0.06552418864890654,
  "RMSE": 0.009812140480021858,
  "MAPE(%)": 4.595194269985779
}