Feature,Importance
HENRY,63.19198433739112
ASA_m2_g,8.210798646159123
ASA_m2_cm3,6.369280562800049
AV_VF,4.854757705047608
AV_cm3_g,3.9076147888613417
PLD,2.7546478745690335
LFPD,2.407370859466367
LCD,2.3392355137709373
Has_OMS,2.1336474654435413
cm3_g,1.9660373126110238
NASA_m2_cm3,1.072784230906162
NASA_m2_g,0.7115972560591807
NAV_cm3_g,0.08024344691450701
