temp,lowp,outp,seed,mode,qt_frac,train_ratio,out_root,model,R2,MAE,RMSE,MAPE(%)
273K,HENRY,5,2027,lowq,0.4,0.5,./RUN_FULL_EXP,cat,0.9582166071801425,0.10249738316292226,0.026105879526530342,5.1340203849300865
