{
  "R2": 0.9582166071801425,
  "MAE": 0.10249738316292226,
  "RMSE": 0.026105879526530342,
  "MAPE(%)": 5.1340203849300865
}