{
  "R2": 0.9912822815767605,
  "MAE": 0.034513843373260994,
  "RMSE": 0.002859350894674079,
  "MAPE(%)": 2.7370467924105175
}