{
  "R2": 0.9933323152593462,
  "MAE": 0.031102581660204576,
  "RMSE": 0.0024097905139555224,
  "MAPE(%)": 2.47342734403607
}