Feature,Importance
0.1,77.06948137298775
ASA_m2_g,4.848676854870337
ASA_m2_cm3,4.18956418218798
AV_cm3_g,2.7297603470374927
cm3_g,2.190237183627216
AV_VF,2.1445667809940243
LCD,1.5537891774701509
Has_OMS,1.468802527315885
PLD,1.4598854344260515
LFPD,1.1748029803299838
NASA_m2_cm3,0.6551463692308108
NASA_m2_g,0.45407552455866307
NAV_cm3_g,0.06121126496365288
