{
  "R2": 0.9796148250764183,
  "MAE": 0.03221341783794514,
  "RMSE": 0.0023128930381503573,
  "MAPE(%)": 2.9013579793216353
}