{
  "R2": 0.9632486216864091,
  "MAE": 0.08802230269439826,
  "RMSE": 0.01808805769147186,
  "MAPE(%)": 4.363302490391438
}