{
  "R2": 0.9635412620124664,
  "MAE": 0.01991049632988349,
  "RMSE": 0.0022771911850697985,
  "MAPE(%)": 6.697218075663606
}