{
  "R2": 0.3009435024538657,
  "MAE": 0.1301327236449873,
  "RMSE": 0.051946658394325086,
  "MAPE(%)": 48.409698845523636
}