temp,lowp,outp,seed,mode,qt_frac,train_ratio,out_root,model,R2,MAE,RMSE,MAPE(%)
293K,0.01,1,2028,struct,0.0,0.2,./RUN_FULL_EXP,cat,0.3009435024538657,0.1301327236449873,0.051946658394325086,48.409698845523636
