Feature,Importance
0.5,51.223080113395184
ASA_m2_g,15.590214463727424
ASA_m2_cm3,6.3570583616169305
AV_VF,5.943722681778337
AV_cm3_g,5.754914034454506
cm3_g,4.767265684478121
PLD,3.026503839625677
LCD,2.556182279076581
LFPD,2.2453991456979234
Has_OMS,1.1817174241622295
NASA_m2_cm3,0.7609351316958781
NASA_m2_g,0.509430866517713
NAV_cm3_g,0.0835759737734994
