{
  "R2": 0.965433300029059,
  "MAE": 0.2234546129170738,
  "RMSE": 0.10141904759760569,
  "MAPE(%)": 6.1322257264077455
}