Feature,Importance
0.05,70.7425661740651
ASA_m2_g,5.793853612693172
ASA_m2_cm3,4.887820899004619
AV_VF,4.625899909854534
AV_cm3_g,2.8144018286767807
cm3_g,2.0830413486517974
LCD,2.0076569071674673
PLD,1.84649032867303
LFPD,1.7146513725024697
Has_OMS,1.6455165595907073
NASA_m2_cm3,0.9953260566641752
NASA_m2_g,0.7722732158375397
NAV_cm3_g,0.07050178661861056
