{
  "R2": 0.9690578902886099,
  "MAE": 0.05521640276691935,
  "RMSE": 0.006454004455955971,
  "MAPE(%)": 3.6770411491915547
}