temp,lowp,outp,seed,mode,qt_frac,train_ratio,out_root,model,R2,MAE,RMSE,MAPE(%)
293K,0.05,5,2027,lowq,0.8,0.5,./RUN_FULL_EXP,cat,0.9690578902886099,0.05521640276691935,0.006454004455955971,3.6770411491915547
