Feature,Importance
0.01,69.01891816698608
ASA_m2_g,6.74699970805536
ASA_m2_cm3,5.445403517674496
AV_VF,4.443645785548243
AV_cm3_g,3.29956805084016
LCD,2.0248640533510307
cm3_g,1.938353374977729
PLD,1.9314385188226015
LFPD,1.868877372113326
Has_OMS,1.4862328129776838
NASA_m2_cm3,0.9189968066530625
NASA_m2_g,0.8245345288003172
NAV_cm3_g,0.05216730319992672
