{
  "R2": 0.9702491640926793,
  "MAE": 0.055593024832590925,
  "RMSE": 0.006068020023602018,
  "MAPE(%)": 3.7679650343704565
}