{
  "R2": 0.9906201250711781,
  "MAE": 0.03679884760888261,
  "RMSE": 0.0032181725312791696,
  "MAPE(%)": 3.002423725039069
}