Feature,Importance
0.01,83.19781087775445
AV_VF,2.667597592576736
ASA_m2_cm3,2.657283302535207
Has_OMS,1.9128588996316722
AV_cm3_g,1.692655167473425
LCD,1.5185040869527962
ASA_m2_g,1.4921583576646806
PLD,1.3431094039392448
cm3_g,1.195054480313767
LFPD,0.9722043793690122
NASA_m2_cm3,0.7146026509980494
NASA_m2_g,0.5539500171435567
NAV_cm3_g,0.08221078364740726
