temp,lowp,outp,seed,mode,qt_frac,train_ratio,out_root,model,R2,MAE,RMSE,MAPE(%)
273K,0.01,1,2026,struct_with_input,0.0,0.65,./RUN_FULL_EXP,cat,0.9592237628080642,0.023330799217571394,0.005771686047990547,3.939737859270704
