{
  "R2": 0.9413921639080756,
  "MAE": 0.025202343171921715,
  "RMSE": 0.00907820449720126,
  "MAPE(%)": 4.015875408938861
}