temp,lowp,outp,seed,mode,qt_frac,train_ratio,out_root,model,R2,MAE,RMSE,MAPE(%)
293K,0.01,5,2027,struct_with_input,0.75,0.75,./RUN_FULL_EXP,cat,0.966671815031267,0.058898175789035535,0.007359353283415898,4.043818051792757
