{
  "R2": 0.966671815031267,
  "MAE": 0.058898175789035535,
  "RMSE": 0.007359353283415898,
  "MAPE(%)": 4.043818051792757
}