{
  "R2": 0.9695904278246767,
  "MAE": 0.12093776256671214,
  "RMSE": 0.030010761086989114,
  "MAPE(%)": 4.957104331447985
}