Feature,Importance
0.1,87.38937035145602
AV_cm3_g,2.3211856573308864
Has_OMS,1.7755823555882195
cm3_g,1.542646499647858
AV_VF,1.2338527567944848
LCD,1.029496419368006
PLD,0.9330593528531314
LFPD,0.9071021524545366
ASA_m2_g,0.8891227540381625
ASA_m2_cm3,0.8376899587233163
NASA_m2_cm3,0.7586682938475607
NASA_m2_g,0.31635508674546753
NAV_cm3_g,0.06586836115234797
