{
  "R2": 0.9957370206911623,
  "MAE": 0.004704512098577759,
  "RMSE": 6.13677811543234e-05,
  "MAPE(%)": 1.935278947860156
}