{
  "R2": 0.9608472136781323,
  "MAE": 0.10947286552301214,
  "RMSE": 0.03193219138392471,
  "MAPE(%)": 5.791554339894858
}