Feature,Importance
0.01,72.6189402218932
AV_VF,4.756773209845192
ASA_m2_cm3,4.726329311207474
ASA_m2_g,4.064613864654725
AV_cm3_g,3.730941043089651
PLD,2.0357679000512676
cm3_g,1.828475725486571
LFPD,1.7062762433373064
Has_OMS,1.6459445416655667
LCD,1.5106732502165636
NASA_m2_cm3,0.7206666391657639
NASA_m2_g,0.6208687984915425
NAV_cm3_g,0.03372925089519457
