{
  "R2": 0.9729982103067059,
  "MAE": 0.06359161095647503,
  "RMSE": 0.009666262537004843,
  "MAPE(%)": 4.385769024168602
}