Feature,Importance
0.05,70.35505185749062
ASA_m2_g,6.369956774643923
ASA_m2_cm3,5.391556321045801
AV_VF,3.916681862109216
AV_cm3_g,3.2732483230690947
cm3_g,2.335645128758644
LFPD,1.9596926021908065
PLD,1.8389705702314527
LCD,1.7843462989540935
Has_OMS,1.3875597485323976
NASA_m2_cm3,0.6974420955090341
NASA_m2_g,0.5896802350876916
NAV_cm3_g,0.10016818237722407
