{
  "R2": 0.9719609739656283,
  "MAE": 0.062260642479447924,
  "RMSE": 0.01258472157919462,
  "MAPE(%)": 4.228296016533089
}