temp,lowp,outp,seed,mode,qt_frac,train_ratio,out_root,model,R2,MAE,RMSE,MAPE(%)
293K,0.05,5,2027,lowq,0.1,0.5,./RUN_FULL_EXP,cat,0.9719609739656283,0.062260642479447924,0.01258472157919462,4.228296016533089
