Feature,Importance
0.1,87.40250875156985
AV_cm3_g,1.9478507157241172
Has_OMS,1.7100802999944276
LCD,1.6722659671533822
cm3_g,1.5478965812306282
ASA_m2_g,1.353799903665075
PLD,0.9245895937369557
AV_VF,0.8947317797285812
LFPD,0.8548561900624618
NASA_m2_g,0.5874122847910794
ASA_m2_cm3,0.5700255531808364
NASA_m2_cm3,0.4478608761959859
NAV_cm3_g,0.0861215029666065
