{
  "R2": 0.9952744031170487,
  "MAE": 0.004563856580712883,
  "RMSE": 5.3037587716452654e-05,
  "MAPE(%)": 1.803348668208849
}