temp,lowp,outp,seed,mode,qt_frac,train_ratio,out_root,model,R2,MAE,RMSE,MAPE(%)
313K,0.1,1,2027,lowq,0.4,0.5,./RUN_FULL_EXP,cat,0.9952744031170487,0.004563856580712883,5.3037587716452654e-05,1.803348668208849
