Feature,Importance
0.01,82.77409646598238
ASA_m2_g,2.770377185470136
ASA_m2_cm3,2.1850600858166693
PLD,1.8184936550629183
AV_VF,1.6950573070537287
AV_cm3_g,1.6800966048765607
LCD,1.5457331676247281
Has_OMS,1.5140369405528926
LFPD,1.4031708657495485
cm3_g,1.1923775957150085
NASA_m2_cm3,0.8550220711579569
NASA_m2_g,0.5186503472706896
NAV_cm3_g,0.04782770766679306
