{
  "R2": 0.9568218856549042,
  "MAE": 0.025082815660805335,
  "RMSE": 0.007589106987130759,
  "MAPE(%)": 3.7284630765361184
}