{
  "R2": 0.9918021955469577,
  "MAE": 0.008349066743712432,
  "RMSE": 0.00018713585153180715,
  "MAPE(%)": 2.313032791062667
}