{
  "R2": 0.9816716117842996,
  "MAE": 0.019249798418686664,
  "RMSE": 0.0015401378546780196,
  "MAPE(%)": 3.456813249625
}