Feature,Importance
HENRY,71.39751182972283
ASA_m2_g,6.298411388230806
ASA_m2_cm3,5.228164435522254
AV_VF,3.815970641700682
cm3_g,2.199599012299937
AV_cm3_g,2.1165739046467786
LCD,2.0339346904141067
PLD,2.012662261919909
Has_OMS,1.9097218210730942
LFPD,1.834637903081431
NASA_m2_cm3,0.5958883470834541
NASA_m2_g,0.44206235604961897
NAV_cm3_g,0.11486140825507912
