temp,lowp,outp,seed,mode,qt_frac,train_ratio,out_root,model,R2,MAE,RMSE,MAPE(%)
293K,HENRY,5,2025,lowq,0.3,0.5,./RUN_FULL_EXP,cat,0.9713202683633603,0.05922625775454415,0.010309424052380419,4.031344439005133
