{
  "R2": 0.9713202683633603,
  "MAE": 0.05922625775454415,
  "RMSE": 0.010309424052380419,
  "MAPE(%)": 4.031344439005133
}