{
  "R2": 0.9758347847400869,
  "MAE": 0.10931556731948802,
  "RMSE": 0.026667330761736018,
  "MAPE(%)": 4.618995616495032
}