{
  "R2": 0.9844756035546494,
  "MAE": 0.013607023231908134,
  "RMSE": 0.0005449342737029919,
  "MAPE(%)": 2.459564454173298
}