{
  "R2": 0.3854952419085139,
  "MAE": 0.12456426713269605,
  "RMSE": 0.04515587024058205,
  "MAPE(%)": 46.89093347231066
}