{
  "R2": 0.9765074930678568,
  "MAE": 0.049962849263127614,
  "RMSE": 0.005541350486495704,
  "MAPE(%)": 3.3101606565771546
}