Feature,Importance
HENRY,85.508487073481
cm3_g,2.0603703004085445
LFPD,1.8859564529704003
ASA_m2_g,1.592748382719537
Has_OMS,1.524418833229818
AV_cm3_g,1.3684687159081328
LCD,1.3625238598848723
PLD,1.328091277805879
AV_VF,1.3206636786468509
ASA_m2_cm3,0.9977424498061095
NASA_m2_g,0.6120015147403546
NASA_m2_cm3,0.3780415621570943
NAV_cm3_g,0.06048589824140546
