{
  "R2": 0.9954349814082908,
  "MAE": 0.004270156978837288,
  "RMSE": 4.7602417243331576e-05,
  "MAPE(%)": 1.6839131898868462
}