{
  "R2": 0.9961523861202808,
  "MAE": 0.005630586646122735,
  "RMSE": 6.67930094654125e-05,
  "MAPE(%)": 1.5155616596648038
}