temp,lowp,outp,seed,mode,qt_frac,train_ratio,out_root,model,R2,MAE,RMSE,MAPE(%)
293K,0.5,1,2028,lowq,0.65,0.5,./RUN_FULL_EXP,cat,0.9961523861202808,0.005630586646122735,6.67930094654125e-05,1.5155616596648038
