Feature,Importance
0.5,53.124091421832
ASA_m2_g,18.572288165989946
AV_VF,5.742971321857806
ASA_m2_cm3,5.369565670103572
AV_cm3_g,4.7810089695325155
cm3_g,2.984102625942466
PLD,2.490105931699951
LFPD,2.316477787987062
LCD,2.062270139632099
Has_OMS,1.2250042132116195
NASA_m2_cm3,0.6877437389771136
NASA_m2_g,0.5907148991762716
NAV_cm3_g,0.053655114057572596
