{
  "R2": 0.9570071221814597,
  "MAE": 0.22492165355706473,
  "RMSE": 0.1000331548154999,
  "MAPE(%)": 5.773308323014607
}