temp,lowp,outp,seed,mode,qt_frac,train_ratio,out_root,model,R2,MAE,RMSE,MAPE(%)
273K,0.5,15,2025,lowq,0.7,0.5,./RUN_FULL_EXP,cat,0.9570071221814597,0.22492165355706473,0.1000331548154999,5.773308323014607
