temp,lowp,outp,seed,mode,qt_frac,train_ratio,out_root,model,R2,MAE,RMSE,MAPE(%)
293K,0.05,15,2028,lowq,0.55,0.5,./RUN_FULL_EXP,cat,0.9618790131443299,0.16601064304971952,0.055112341198646386,5.517491461420234
