{
  "R2": 0.9618790131443299,
  "MAE": 0.16601064304971952,
  "RMSE": 0.055112341198646386,
  "MAPE(%)": 5.517491461420234
}