Feature,Importance
HENRY,83.11705973148037
cm3_g,2.681380755554892
AV_cm3_g,2.1770296351684335
LCD,1.9551894853661387
ASA_m2_g,1.8062325576467138
Has_OMS,1.6708408475414835
AV_VF,1.4711440690326725
LFPD,1.2647484680018821
PLD,1.2028454477474064
ASA_m2_cm3,1.1116479425779768
NASA_m2_g,0.8045954351743666
NASA_m2_cm3,0.6711206986489626
NAV_cm3_g,0.06616492605871899
