{
  "R2": 0.9792329333282617,
  "MAE": 0.010045763365141262,
  "RMSE": 0.0010543779314975644,
  "MAPE(%)": 2.4919658290882043
}