temp,lowp,outp,seed,mode,qt_frac,train_ratio,out_root,model,R2,MAE,RMSE,MAPE(%)
293K,HENRY,1,2027,lowq,0.1,0.5,./RUN_FULL_EXP,cat,0.9792329333282617,0.010045763365141262,0.0010543779314975644,2.4919658290882043
