Feature,Importance
0.1,87.55042657637743
cm3_g,1.71342143893913
LFPD,1.6527706909653812
Has_OMS,1.5557649982596635
PLD,1.3911923481147712
AV_cm3_g,1.339628080651407
AV_VF,1.1265691881626363
ASA_m2_cm3,1.0827902323375378
LCD,0.9783871176253921
ASA_m2_g,0.9687196454571486
NASA_m2_g,0.3562857295934627
NASA_m2_cm3,0.23369565182775665
NAV_cm3_g,0.05034830168828286
