{
  "R2": 0.995755173011212,
  "MAE": 0.004616067822457251,
  "RMSE": 5.5809653376594806e-05,
  "MAPE(%)": 1.8355110263434715
}