temp,lowp,outp,seed,mode,qt_frac,train_ratio,out_root,model,R2,MAE,RMSE,MAPE(%)
313K,0.1,1,2025,lowq,0.3,0.5,./RUN_FULL_EXP,cat,0.995755173011212,0.004616067822457251,5.5809653376594806e-05,1.8355110263434715
