Feature,Importance
0.05,84.54958363644121
AV_VF,2.1830171131404277
ASA_m2_g,1.9447412835459073
ASA_m2_cm3,1.8271573838147648
PLD,1.7986385131079639
AV_cm3_g,1.598538544885489
cm3_g,1.3558664575835264
LFPD,1.1931321196617473
Has_OMS,1.1730668031499076
LCD,1.0783173215814275
NASA_m2_cm3,0.6835632052032468
NASA_m2_g,0.49758886695891286
NAV_cm3_g,0.11678875092546205
