{
  "R2": 0.9880050683760365,
  "MAE": 0.013321548077158674,
  "RMSE": 0.0004175112138732849,
  "MAPE(%)": 2.425354045045521
}