Feature,Importance
0.01,77.47976885238323
ASA_m2_cm3,3.0889412780445196
cm3_g,2.9268850687027856
AV_VF,2.5903812377690616
Has_OMS,2.4515655087246913
PLD,2.276087380742885
LCD,2.0434387821358357
AV_cm3_g,2.034659661670463
ASA_m2_g,1.9831376335946267
LFPD,1.314899879231748
NASA_m2_cm3,1.1828014021463256
NASA_m2_g,0.5767301091352535
NAV_cm3_g,0.05070320571859573
