{
  "R2": 0.6980663881858845,
  "MAE": 0.4223034352977478,
  "RMSE": 0.37215065161482835,
  "MAPE(%)": 21.825688751135214
}