Feature,Importance
HENRY,65.19884274747001
ASA_m2_cm3,6.933790673271888
ASA_m2_g,6.410444484435412
AV_VF,4.483894972644405
cm3_g,2.852989677780114
AV_cm3_g,2.771255587812144
LCD,2.7082501303067823
PLD,2.559434362794541
Has_OMS,2.2723436684407496
LFPD,2.2437609285596354
NASA_m2_g,0.8667017720005412
NASA_m2_cm3,0.6572359617841903
NAV_cm3_g,0.0410550326996126
