{
  "R2": 0.9620994243009108,
  "MAE": 0.10269586976239618,
  "RMSE": 0.028498201266399795,
  "MAPE(%)": 5.307256707448092
}