Feature,Importance
0.5,53.35293019408293
ASA_m2_g,16.203558913571964
ASA_m2_cm3,6.226341482505444
AV_VF,5.440848224820044
AV_cm3_g,4.904219960829004
cm3_g,3.914351520611697
PLD,2.628867601900182
LCD,2.6253396263845405
LFPD,1.8858105808170047
Has_OMS,1.1636959622793817
NASA_m2_g,0.7840057331418739
NASA_m2_cm3,0.7779056479811511
NAV_cm3_g,0.0921245510748087
