{
  "R2": 0.9618789540443724,
  "MAE": 0.2235868889392793,
  "RMSE": 0.1036531371819754,
  "MAPE(%)": 6.07670965201778
}