temp,lowp,outp,seed,mode,qt_frac,train_ratio,out_root,model,R2,MAE,RMSE,MAPE(%)
273K,0.5,15,2026,lowq,0.3,0.5,./RUN_FULL_EXP,cat,0.9618789540443724,0.2235868889392793,0.1036531371819754,6.07670965201778
