Feature,Importance
0.5,76.49840354950875
ASA_m2_g,4.208051785326289
ASA_m2_cm3,3.685379773471984
AV_cm3_g,3.060488420189612
AV_VF,2.915938285733193
cm3_g,2.1988151081299
LFPD,1.7496499337305094
LCD,1.6628266102935572
Has_OMS,1.605842785369173
PLD,1.4388775959121838
NASA_m2_g,0.5020892135303038
NASA_m2_cm3,0.34579524526172056
NAV_cm3_g,0.12784169354286065
