{
  "R2": 0.9771292232783498,
  "MAE": 0.0523230444601781,
  "RMSE": 0.007591399037345777,
  "MAPE(%)": 3.596142936782174
}