temp,lowp,outp,seed,mode,qt_frac,train_ratio,out_root,model,R2,MAE,RMSE,MAPE(%)
293K,0.5,5,2025,lowq,0.35,0.5,./RUN_FULL_EXP,cat,0.9771292232783498,0.0523230444601781,0.007591399037345777,3.596142936782174
