Feature,Importance
0.01,80.10691752510662
AV_cm3_g,2.678060611206042
cm3_g,2.486247666813649
AV_VF,2.3176365560760503
ASA_m2_cm3,2.2285874341780825
Has_OMS,1.9088933412059872
PLD,1.8555760706425821
LFPD,1.6080773030575015
LCD,1.5127910001832126
ASA_m2_g,1.3355282710761165
NASA_m2_cm3,1.1793294560043475
NASA_m2_g,0.7807818437591697
NAV_cm3_g,0.0015729206906013639
