{
  "R2": 0.9757600511783407,
  "MAE": 0.02243752448827369,
  "RMSE": 0.0024600519697019763,
  "MAPE(%)": 4.133466804929718
}