{
  "R2": 0.9902759988437225,
  "MAE": 0.006836465635375562,
  "RMSE": 8.847581616750121e-05,
  "MAPE(%)": 2.741500588843971
}