Feature,Importance
0.1,51.77110102509323
ASA_m2_g,17.864683556181003
ASA_m2_cm3,5.557595723389858
AV_cm3_g,5.4683171693241155
AV_VF,4.882505644899859
cm3_g,3.607662149602755
PLD,3.012351534795668
LCD,2.7345288910196897
LFPD,2.3622662197372493
Has_OMS,1.40241364541985
NASA_m2_cm3,0.8318315798743727
NASA_m2_g,0.37196642998357987
NAV_cm3_g,0.13277643067874773
