{
  "R2": 0.9540069882556156,
  "MAE": 0.24058598801513367,
  "RMSE": 0.13132725768000694,
  "MAPE(%)": 6.447717379304678
}