temp,lowp,outp,seed,mode,qt_frac,train_ratio,out_root,model,R2,MAE,RMSE,MAPE(%)
293K,0.01,15,2029,lowq,0.65,0.5,./RUN_FULL_EXP,cat,0.9604752123621743,0.1690189214273455,0.057318144464235485,5.405241802787899
