{
  "R2": 0.9604752123621743,
  "MAE": 0.1690189214273455,
  "RMSE": 0.057318144464235485,
  "MAPE(%)": 5.405241802787899
}