Feature,Importance
0.5,76.16201603811976
ASA_m2_g,4.283784945832861
AV_VF,3.917942054798273
ASA_m2_cm3,3.7078086948128908
AV_cm3_g,3.4779961955886374
PLD,1.595936279459213
LFPD,1.559949991948636
cm3_g,1.459007109866375
LCD,1.3630096495447075
Has_OMS,1.2611744546029868
NASA_m2_cm3,0.7401903683773765
NASA_m2_g,0.4248561192950975
NAV_cm3_g,0.04632809775319744
