{
  "R2": 0.9740913112679493,
  "MAE": 0.04842690344608611,
  "RMSE": 0.00505611937291959,
  "MAPE(%)": 3.2569350982954535
}