Feature,Importance
0.05,86.32128607136667
cm3_g,1.9647141351888846
AV_cm3_g,1.6354437960201813
LFPD,1.3465653563572082
ASA_m2_cm3,1.3420477575066356
LCD,1.3250765621059095
Has_OMS,1.3185438112619277
AV_VF,1.3049396930901844
PLD,1.298207060221382
ASA_m2_g,0.9701840013438361
NASA_m2_cm3,0.6125425776821692
NASA_m2_g,0.44959517765445794
NAV_cm3_g,0.11085400020053504
