{
  "R2": 0.9940989880472098,
  "MAE": 0.005052598332087889,
  "RMSE": 7.236347699689147e-05,
  "MAPE(%)": 2.0139342404424916
}