temp,lowp,outp,seed,mode,qt_frac,train_ratio,out_root,model,R2,MAE,RMSE,MAPE(%)
313K,0.05,1,2028,lowq,0.35,0.5,./RUN_FULL_EXP,cat,0.9940989880472098,0.005052598332087889,7.236347699689147e-05,2.0139342404424916
