{
  "R2": 0.9940498348366286,
  "MAE": 0.004558182413241133,
  "RMSE": 4.2049204440835704e-05,
  "MAPE(%)": 1.7251427544493874
}