Feature,Importance
0.05,89.07077477575932
cm3_g,1.7659184031195219
Has_OMS,1.3580838787989096
AV_VF,1.3371661574406521
LFPD,1.1826449598014954
ASA_m2_g,1.0962583139896094
AV_cm3_g,0.9868446431807971
LCD,0.9694972861592931
ASA_m2_cm3,0.7544266233484814
PLD,0.62062536273694
NASA_m2_cm3,0.5405184251580982
NASA_m2_g,0.27080212717178853
NAV_cm3_g,0.04643904333511663
