{
  "R2": 0.9677557263355707,
  "MAE": 0.011930941530988505,
  "RMSE": 0.002079296762763763,
  "MAPE(%)": 2.800577154425734
}