temp,lowp,outp,seed,mode,qt_frac,train_ratio,out_root,model,R2,MAE,RMSE,MAPE(%)
293K,HENRY,15,2027,lowq,0.05,0.5,./RUN_FULL_EXP,cat,0.9582652835362762,0.1691617966257997,0.07773656713765281,5.843294962316324
