{
  "R2": 0.9582652835362762,
  "MAE": 0.1691617966257997,
  "RMSE": 0.07773656713765281,
  "MAPE(%)": 5.843294962316324
}