{
  "R2": 0.9945557553826081,
  "MAE": 0.023368809279127635,
  "RMSE": 0.0011190690630897666,
  "MAPE(%)": 1.7724720009424402
}