{
  "R2": 0.9715627132351932,
  "MAE": 0.058132405323685334,
  "RMSE": 0.013494824093628344,
  "MAPE(%)": 3.697214410057983
}