Feature,Importance
0.5,80.66824095964235
ASA_m2_g,3.771997048017774
AV_cm3_g,2.822748425168401
AV_VF,2.403580242621724
ASA_m2_cm3,2.1371487486063736
Has_OMS,1.9553295303157054
cm3_g,1.5354442352171924
LCD,1.3092063168561832
LFPD,1.2510209143808715
PLD,0.905348163097634
NASA_m2_cm3,0.7539990832980076
NASA_m2_g,0.32839581182615263
NAV_cm3_g,0.15754052095162116
