{
  "R2": 0.9844418021089804,
  "MAE": 0.03083942348231283,
  "RMSE": 0.0023211658227696268,
  "MAPE(%)": 2.810359006172535
}