Feature,Importance
0.01,70.12217471652053
ASA_m2_g,5.724994008593297
ASA_m2_cm3,5.191584544615536
AV_VF,4.880232059275773
AV_cm3_g,2.916582244389803
cm3_g,2.5381580020306127
PLD,1.9838432294602093
LFPD,1.9407334679852575
LCD,1.8630856111388752
Has_OMS,1.1773003156381099
NASA_m2_cm3,0.9747387928093282
NASA_m2_g,0.5558078578508241
NAV_cm3_g,0.13076514969184683
