{
  "R2": 0.9648585477709178,
  "MAE": 0.1530938985495921,
  "RMSE": 0.05905510269440246,
  "MAPE(%)": 5.098838379407355
}