temp,lowp,outp,seed,mode,qt_frac,train_ratio,out_root,model,R2,MAE,RMSE,MAPE(%)
293K,0.5,15,2028,lowq,0.25,0.5,./RUN_FULL_EXP,cat,0.9648585477709178,0.1530938985495921,0.05905510269440246,5.098838379407355
