temp,lowp,outp,seed,mode,qt_frac,train_ratio,out_root,model,R2,MAE,RMSE,MAPE(%)
293K,0.5,1,2025,lowq,0.05,0.5,./RUN_FULL_EXP,cat,0.9937982018788944,0.00744431097596384,0.000378231021240532,1.9274296604194188
