{
  "R2": 0.9937982018788944,
  "MAE": 0.00744431097596384,
  "RMSE": 0.000378231021240532,
  "MAPE(%)": 1.9274296604194188
}