Feature,Importance
0.05,87.86832853561629
ASA_m2_g,1.7619069223327108
Has_OMS,1.5568367303237105
cm3_g,1.4980576834443942
AV_cm3_g,1.3634518515848086
LCD,1.036228408869168
PLD,0.9547307510616971
AV_VF,0.9000293337571228
LFPD,0.899729263165846
ASA_m2_cm3,0.8767191743672539
NASA_m2_g,0.6172687404793593
NASA_m2_cm3,0.55356799041216
NAV_cm3_g,0.11314461458547527
