{
  "R2": 0.9897021067135102,
  "MAE": 0.005581388415905496,
  "RMSE": 0.00020027478458599444,
  "MAPE(%)": 2.168512220374475
}