temp,lowp,outp,seed,mode,qt_frac,train_ratio,out_root,model,R2,MAE,RMSE,MAPE(%)
313K,0.05,1,2027,lowq,0.15,0.5,./RUN_FULL_EXP,cat,0.9897021067135102,0.005581388415905496,0.00020027478458599444,2.168512220374475
