Feature,Importance
0.05,61.68054447343333
ASA_m2_g,10.894883245447287
ASA_m2_cm3,5.803633966750637
AV_cm3_g,4.919729600653418
AV_VF,3.932222844360529
cm3_g,3.709210220610338
PLD,2.0085809096717275
LFPD,1.96590376513388
LCD,1.8983707784966544
Has_OMS,1.595330466352959
NASA_m2_cm3,0.9563981785874235
NASA_m2_g,0.5332984586988236
NAV_cm3_g,0.10189309180299641
