{
  "R2": 0.9695753217438485,
  "MAE": 0.11551628499726777,
  "RMSE": 0.02767245194147437,
  "MAPE(%)": 4.7119363396993155
}