temp,lowp,outp,seed,mode,qt_frac,train_ratio,out_root,model,R2,MAE,RMSE,MAPE(%)
313K,0.01,1,2025,lowq,0.75,0.5,./RUN_FULL_EXP,cat,0.9885434240393258,0.006680176215062585,8.150177998324115e-05,2.5621720459452537
