{
  "R2": 0.9885434240393258,
  "MAE": 0.006680176215062585,
  "RMSE": 8.150177998324115e-05,
  "MAPE(%)": 2.5621720459452537
}