Feature,Importance
0.05,86.84760421420687
cm3_g,1.9776324027060093
LCD,1.4498501139364397
AV_VF,1.4005221347634351
PLD,1.3737633725491303
AV_cm3_g,1.2987810954392076
Has_OMS,1.290684081156134
LFPD,1.2510002935023652
ASA_m2_cm3,1.1982665054610946
ASA_m2_g,0.9819139688028988
NASA_m2_g,0.42884149799416044
NASA_m2_cm3,0.40958823077511664
NAV_cm3_g,0.0915520887071489
