{
  "R2": 0.9830326912813924,
  "MAE": 0.01008101275190015,
  "RMSE": 0.000851106716345005,
  "MAPE(%)": 2.803933858380293
}