{
  "R2": 0.9964548009946099,
  "MAE": 0.0057706398524127525,
  "RMSE": 7.131393823132767e-05,
  "MAPE(%)": 1.5830514760804926
}