temp,lowp,outp,seed,mode,qt_frac,train_ratio,out_root,model,R2,MAE,RMSE,MAPE(%)
293K,0.5,1,2028,lowq,0.55,0.5,./RUN_FULL_EXP,cat,0.9964548009946099,0.0057706398524127525,7.131393823132767e-05,1.5830514760804926
