{
  "R2": 0.9586020823931266,
  "MAE": 0.1675235129137811,
  "RMSE": 0.054405051263535405,
  "MAPE(%)": 5.228441232426574
}