Feature,Importance
0.1,88.15409462639141
cm3_g,1.6163415612872718
AV_VF,1.5345285563761262
AV_cm3_g,1.2065263501780925
PLD,1.2042717328308998
LFPD,1.1679085014734223
ASA_m2_g,1.1377878543864008
Has_OMS,1.1237871654519693
LCD,1.0852844957920627
ASA_m2_cm3,0.970864283344433
NASA_m2_cm3,0.4018030526236708
NASA_m2_g,0.33878283539201665
NAV_cm3_g,0.058018984472240465
