{
  "R2": 0.992577211286325,
  "MAE": 0.0071050871488087695,
  "RMSE": 0.00011300786191049099,
  "MAPE(%)": 1.8968093065193838
}