Feature,Importance
0.05,90.04354357942069
cm3_g,1.6735543930024086
AV_cm3_g,1.3847879565552987
ASA_m2_cm3,1.2269246942339669
LCD,1.0457940279646745
AV_VF,0.8124343113137937
Has_OMS,0.769526907183119
PLD,0.741447039133876
LFPD,0.6603422937699641
ASA_m2_g,0.5801475383923663
NASA_m2_g,0.5180814571602669
NASA_m2_cm3,0.43461951606854154
NAV_cm3_g,0.10879628580101647
