{
  "R2": 0.9943125421133913,
  "MAE": 0.004648148095356849,
  "RMSE": 4.251810797060858e-05,
  "MAPE(%)": 1.7769166269792989
}