temp,lowp,outp,seed,mode,qt_frac,train_ratio,out_root,model,R2,MAE,RMSE,MAPE(%)
313K,0.05,15,2028,lowq,0.65,0.5,./RUN_FULL_EXP,cat,0.970474833116037,0.10943161716236151,0.02415723996611827,4.401340338735965
