{
  "R2": 0.970474833116037,
  "MAE": 0.10943161716236151,
  "RMSE": 0.02415723996611827,
  "MAPE(%)": 4.401340338735965
}