Feature,Importance
0.01,79.73879301690572
ASA_m2_cm3,3.118210683676242
AV_VF,2.9974772487052976
Has_OMS,2.436211785691635
ASA_m2_g,2.209878349987173
AV_cm3_g,1.82090434132578
PLD,1.7966815045184474
cm3_g,1.7816552648670152
LFPD,1.4269842399923014
LCD,1.3043404506859944
NASA_m2_cm3,0.7935277844276372
NASA_m2_g,0.5401802646964878
NAV_cm3_g,0.035155064520274955
