Feature,Importance
0.01,81.72438466733287
ASA_m2_cm3,2.348248748020774
AV_VF,2.2886482862037902
cm3_g,2.096061330239252
AV_cm3_g,2.04987755113551
LCD,1.827722335378515
Has_OMS,1.7352399242470504
PLD,1.700539977098292
ASA_m2_g,1.4277082563487136
LFPD,1.4205866248636065
NASA_m2_cm3,0.6881095922712299
NASA_m2_g,0.6481051678437103
NAV_cm3_g,0.0447675390167107
