{
  "R2": 0.9864282926930816,
  "MAE": 0.018089836221400892,
  "RMSE": 0.0009404556013216552,
  "MAPE(%)": 3.462214432068987
}