temp,lowp,outp,seed,mode,qt_frac,train_ratio,out_root,model,R2,MAE,RMSE,MAPE(%)
273K,0.01,1,2025,struct_with_input,0.28,0.55,./RUN_FULL_EXP,cat,0.9864282926930816,0.018089836221400892,0.0009404556013216552,3.462214432068987
