Feature,Importance
0.05,83.67715529277531
ASA_m2_g,2.1339745183864007
AV_VF,1.97892088130716
Has_OMS,1.953501001976864
AV_cm3_g,1.793729359217268
cm3_g,1.695804757407802
ASA_m2_cm3,1.6149114159643057
LCD,1.4341774468733948
LFPD,1.319949159810309
PLD,1.1196175435285953
NASA_m2_cm3,0.7374366654214243
NASA_m2_g,0.4357584434650084
NAV_cm3_g,0.10506351386617091
