temp,lowp,outp,seed,mode,qt_frac,train_ratio,out_root,model,R2,MAE,RMSE,MAPE(%)
273K,0.05,1,2029,lowq,0.2,0.5,./RUN_FULL_EXP,cat,0.9845639252391183,0.017166695312793818,0.00136882877621988,3.05023950179444
