{
  "R2": 0.9845639252391183,
  "MAE": 0.017166695312793818,
  "RMSE": 0.00136882877621988,
  "MAPE(%)": 3.05023950179444
}