Feature,Importance
0.01,83.72814108911604
ASA_m2_g,2.4137843112733437
AV_cm3_g,2.118081585739828
ASA_m2_cm3,1.9349800050890318
PLD,1.6863039416122552
Has_OMS,1.558133148346481
AV_VF,1.5508451680578739
cm3_g,1.4724297579280776
LCD,1.3966606576170413
LFPD,1.0820583643711577
NASA_m2_cm3,0.7139570647194536
NASA_m2_g,0.25112094115455497
NAV_cm3_g,0.09350396497488406
