{
  "R2": 0.9043887427561973,
  "MAE": 0.030307225278667402,
  "RMSE": 0.018831529348603313,
  "MAPE(%)": 4.193632344152798
}