Feature,Importance
0.5,53.95885413100487
ASA_m2_g,14.013329553260926
AV_cm3_g,7.609375718419922
ASA_m2_cm3,6.261687120843635
cm3_g,4.319734704649338
AV_VF,4.3107524850363
PLD,2.363471477787436
LCD,2.352865270549248
LFPD,1.967647711738356
Has_OMS,1.3870684259243302
NASA_m2_cm3,0.9631034657023352
NASA_m2_g,0.3815196526012865
NAV_cm3_g,0.11059028248199877
