temp,lowp,outp,seed,mode,qt_frac,train_ratio,out_root,model,R2,MAE,RMSE,MAPE(%)
273K,0.5,15,2029,lowq,0.4,0.5,./RUN_FULL_EXP,cat,0.9563356150008407,0.23264435713348505,0.11610244658754613,6.21980673187132
