{
  "R2": 0.9563356150008407,
  "MAE": 0.23264435713348505,
  "RMSE": 0.11610244658754613,
  "MAPE(%)": 6.21980673187132
}