Feature,Importance
HENRY,57.15293748681777
ASA_m2_g,10.854376904396084
AV_VF,7.380898589415191
AV_cm3_g,5.7720831508325405
ASA_m2_cm3,5.678129890205245
cm3_g,3.2203480276601146
PLD,2.8205904314002845
LFPD,2.400084328306864
LCD,1.6568215785413045
Has_OMS,1.3481167950463873
NASA_m2_g,0.8654230586133019
NASA_m2_cm3,0.7489324231049761
NAV_cm3_g,0.10125733565990751
