{
  "R2": 0.9642297388059989,
  "MAE": 0.16255805210947952,
  "RMSE": 0.05794985541351509,
  "MAPE(%)": 5.324072727606993
}