{
  "R2": 0.28712726239144504,
  "MAE": 0.2056163330977179,
  "RMSE": 0.11913167025102638,
  "MAPE(%)": 57.743475177339434
}