{
  "R2": 0.2629512615459171,
  "MAE": 0.20587472597175605,
  "RMSE": 0.11418360399486568,
  "MAPE(%)": 55.505731692156466
}