temp,lowp,outp,seed,mode,qt_frac,train_ratio,out_root,model,R2,MAE,RMSE,MAPE(%)
273K,0.01,1,2025,struct_with_input,0.25,0.5,./RUN_FULL_EXP,cat,0.9836250659775889,0.018763876508465272,0.001257408716717095,3.4596375297552924
