{
  "R2": 0.9836250659775889,
  "MAE": 0.018763876508465272,
  "RMSE": 0.001257408716717095,
  "MAPE(%)": 3.4596375297552924
}