{
  "R2": 0.9630982039618062,
  "MAE": 0.1042877934412178,
  "RMSE": 0.032503950097493316,
  "MAPE(%)": 5.7278773464861565
}