{
  "R2": 0.9625345985193398,
  "MAE": 0.166412886821642,
  "RMSE": 0.07079442834884014,
  "MAPE(%)": 6.08878844112042
}