{
  "R2": 0.9843761004203585,
  "MAE": 0.017223607868524612,
  "RMSE": 0.0008166542722973339,
  "MAPE(%)": 3.1864109674630616
}