Feature,Importance
PLD,17.778208467793988
Has_OMS,15.265877954801455
cm3_g,12.30723565104527
AV_VF,10.314413809610544
ASA_m2_cm3,9.64298549999342
LFPD,8.040844184061873
LCD,7.920737122690993
ASA_m2_g,7.484699383490478
AV_cm3_g,7.4756563579663755
NASA_m2_cm3,1.8845671377210393
NASA_m2_g,1.4882457888494482
NAV_cm3_g,0.39652864197513515
