{
  "R2": 0.37867761221252905,
  "MAE": 0.12400648807487047,
  "RMSE": 0.045823989508433666,
  "MAPE(%)": 47.76866154463861
}