Feature,Importance
0.5,75.0159753813995
ASA_m2_cm3,5.867324097950164
ASA_m2_g,4.7616401773420165
AV_VF,3.5220188536854966
AV_cm3_g,2.473322597599924
cm3_g,2.0568857635000817
LFPD,1.7035907305094664
LCD,1.564372582043603
PLD,1.246376319652714
Has_OMS,0.9977631373847022
NASA_m2_cm3,0.37459782730092034
NASA_m2_g,0.34764236044223223
NAV_cm3_g,0.06849017118920005
