Feature,Importance
0.1,50.970448393767995
ASA_m2_g,14.215016826495058
ASA_m2_cm3,7.411660560901202
AV_cm3_g,7.354214670296583
AV_VF,4.841861508735155
cm3_g,3.800469414360569
PLD,2.887514927923144
LCD,2.4839943212197704
LFPD,2.2645052229900315
Has_OMS,1.7279780254506156
NASA_m2_cm3,1.047011064512191
NASA_m2_g,0.8656648696283934
NAV_cm3_g,0.12966019371927523
