{
  "R2": 0.9530543135576989,
  "MAE": 0.24038907107354215,
  "RMSE": 0.11851247524755193,
  "MAPE(%)": 6.116828099517924
}