{
  "R2": 0.9922235149240914,
  "MAE": 0.006925046060571625,
  "RMSE": 0.00011146413155822756,
  "MAPE(%)": 1.8393750050927975
}