temp,lowp,outp,seed,mode,qt_frac,train_ratio,out_root,model,R2,MAE,RMSE,MAPE(%)
293K,0.1,1,2027,lowq,0.8,0.5,./RUN_FULL_EXP,cat,0.9922235149240914,0.006925046060571625,0.00011146413155822756,1.8393750050927975
