Feature,Importance
0.1,85.40694840855303
AV_cm3_g,2.1945940220201874
cm3_g,1.8589499281680488
AV_VF,1.6686205895801607
ASA_m2_g,1.5887784529915174
Has_OMS,1.4909985597839581
LFPD,1.2943942695385944
ASA_m2_cm3,1.2764009237782652
LCD,1.2627590990968518
PLD,0.8357068162495412
NASA_m2_cm3,0.7086582962178058
NASA_m2_g,0.29172333474468815
NAV_cm3_g,0.12146729927732916
