{
  "R2": 0.9869441384557681,
  "MAE": 0.016503359708912643,
  "RMSE": 0.0011099799007105793,
  "MAPE(%)": 2.8614620800438466
}