temp,lowp,outp,seed,mode,qt_frac,train_ratio,out_root,model,R2,MAE,RMSE,MAPE(%)
273K,0.1,1,2029,lowq,0.2,0.5,./RUN_FULL_EXP,cat,0.9869441384557681,0.016503359708912643,0.0011099799007105793,2.8614620800438466
