Feature,Importance
0.05,83.66371073365062
AV_cm3_g,2.202374618752881
ASA_m2_g,2.186076950683536
Has_OMS,2.131503671641168
cm3_g,1.7792803024828359
LFPD,1.53358505747851
LCD,1.4058170817733344
PLD,1.329808422562101
NASA_m2_cm3,1.0963958882105547
ASA_m2_cm3,0.9285378613990196
AV_VF,0.8949084896570757
NASA_m2_g,0.7738108425852653
NAV_cm3_g,0.07419007912311026
