{
  "R2": 0.9921555051314234,
  "MAE": 0.008153901866905337,
  "RMSE": 0.00016917681286965916,
  "MAPE(%)": 2.2514341852283697
}