Feature,Importance
0.01,70.5192143590591
AV_VF,4.632420670381664
ASA_m2_g,4.53067199529198
ASA_m2_cm3,3.915638785067699
AV_cm3_g,2.70705558959914
cm3_g,2.63134106094546
LFPD,2.613684761241757
Has_OMS,2.46583387034416
PLD,2.273130654423648
LCD,2.1374544628569208
NASA_m2_g,0.933096350063385
NASA_m2_cm3,0.553700398035747
NAV_cm3_g,0.08675704268933113
