{
  "R2": 0.9074364993339326,
  "MAE": 0.1105544770486229,
  "RMSE": 0.04557641496639213,
  "MAPE(%)": 9.69600290137619
}