Feature,Importance
0.1,66.58474219402001
ASA_m2_cm3,6.25859324882209
AV_VF,5.888819309137917
ASA_m2_g,5.289775027560181
AV_cm3_g,3.4409085113970685
PLD,2.529972781285649
LFPD,2.285048633641271
LCD,2.2240975637046305
cm3_g,2.1762948201992387
Has_OMS,1.7718118828671878
NASA_m2_cm3,0.8399207909071599
NASA_m2_g,0.6222070044063345
NAV_cm3_g,0.08780823205124688
