{
  "R2": 0.9526123745359685,
  "MAE": 0.09811721395861604,
  "RMSE": 0.022116541047050964,
  "MAPE(%)": 4.887488121779522
}