temp,lowp,outp,seed,mode,qt_frac,train_ratio,out_root,model,R2,MAE,RMSE,MAPE(%)
273K,0.1,5,2028,lowq,0.7,0.5,./RUN_FULL_EXP,cat,0.9526123745359685,0.09811721395861604,0.022116541047050964,4.887488121779522
