Feature,Importance
HENRY,60.387422613154094
ASA_m2_g,9.574257845386812
ASA_m2_cm3,6.291746893059821
AV_cm3_g,5.810676381796106
AV_VF,4.979980285924943
cm3_g,3.2965001112781382
PLD,2.3607407572039776
LCD,2.0860600241452474
LFPD,1.807485676424501
Has_OMS,1.577489480296087
NASA_m2_cm3,0.8669484336865254
NASA_m2_g,0.8665939063309765
NAV_cm3_g,0.09409759131276096
