temp,lowp,outp,seed,mode,qt_frac,train_ratio,out_root,model,R2,MAE,RMSE,MAPE(%)
313K,HENRY,15,2027,lowq,0.5,0.5,./RUN_FULL_EXP,cat,0.9702822896988013,0.1122050498331654,0.026782922033519157,4.62941985740854
