{
  "R2": 0.9702822896988013,
  "MAE": 0.1122050498331654,
  "RMSE": 0.026782922033519157,
  "MAPE(%)": 4.62941985740854
}