Feature,Importance
0.01,62.86213691804015
ASA_m2_g,8.498232413703168
ASA_m2_cm3,6.3369961142034885
AV_VF,5.8861737893090105
LCD,2.8705117656178385
PLD,2.742136840664208
AV_cm3_g,2.6873761916584997
LFPD,2.278750299837435
cm3_g,2.1910412806818798
Has_OMS,1.986552453887472
NASA_m2_cm3,0.8758500555838746
NASA_m2_g,0.7272703899005146
NAV_cm3_g,0.05697148691245213
