{
  "R2": 0.9479993530154911,
  "MAE": 0.10004729471621548,
  "RMSE": 0.02246160754511828,
  "MAPE(%)": 4.983374864372997
}