{
  "R2": 0.9941526225037047,
  "MAE": 0.00498142879773531,
  "RMSE": 6.079318201777519e-05,
  "MAPE(%)": 1.9839882825516557
}