Feature,Importance
0.5,54.1498845080859
ASA_m2_g,14.336381268716512
ASA_m2_cm3,6.603828935686804
AV_cm3_g,6.187340822303967
AV_VF,4.3544416825162875
cm3_g,3.894546878040969
LCD,2.4201607184643965
PLD,2.3903573435173957
LFPD,2.1160606671233992
Has_OMS,1.6815027837115573
NASA_m2_cm3,0.9809586160539822
NASA_m2_g,0.7609527356597021
NAV_cm3_g,0.12358304011912108
