temp,lowp,outp,seed,mode,qt_frac,train_ratio,out_root,model,R2,MAE,RMSE,MAPE(%)
273K,0.5,15,2029,lowq,0.45,0.5,./RUN_FULL_EXP,cat,0.9597465657728552,0.2280539496561208,0.10530576920094893,5.910510862210081
