{
  "R2": 0.9597465657728552,
  "MAE": 0.2280539496561208,
  "RMSE": 0.10530576920094893,
  "MAPE(%)": 5.910510862210081
}