{
  "R2": 0.954564686988944,
  "MAE": 0.09924639470261096,
  "RMSE": 0.023665310600322387,
  "MAPE(%)": 4.894649149674855
}