Feature,Importance
0.1,84.51441926529301
AV_cm3_g,2.2705010332214886
ASA_m2_g,2.0603688751769176
ASA_m2_cm3,1.927617881911091
cm3_g,1.47195863376928
AV_VF,1.3379592809119303
Has_OMS,1.247369102928079
LFPD,1.2426367186900822
PLD,1.2307985514676578
LCD,1.1358561400073124
NASA_m2_cm3,0.8883968648111974
NASA_m2_g,0.5912925017596103
NAV_cm3_g,0.0808251500523671
