{
  "R2": 0.9882204025343322,
  "MAE": 0.013181135217778039,
  "RMSE": 0.00044768564280661563,
  "MAPE(%)": 2.4029758496496014
}