{
  "R2": 0.9960781309758553,
  "MAE": 0.010802093675584136,
  "RMSE": 0.000409216841976403,
  "MAPE(%)": 2.0046780482351174
}