temp,lowp,outp,seed,mode,qt_frac,train_ratio,out_root,model,R2,MAE,RMSE,MAPE(%)
273K,0.5,1,2027,lowq,0.15,0.5,./RUN_FULL_EXP,cat,0.9960781309758553,0.010802093675584136,0.000409216841976403,2.0046780482351174
