temp,lowp,outp,seed,mode,qt_frac,train_ratio,out_root,model,R2,MAE,RMSE,MAPE(%)
273K,0.01,5,2025,lowq,0.45,0.5,./RUN_FULL_EXP,cat,0.9578286757938018,0.10471825978971047,0.02516087785682779,5.229167373263017
