{
  "R2": 0.9578286757938018,
  "MAE": 0.10471825978971047,
  "RMSE": 0.02516087785682779,
  "MAPE(%)": 5.229167373263017
}