Feature,Importance
cm3_g,15.342471655417983
AV_VF,15.094555140279772
ASA_m2_g,14.607577484731904
ASA_m2_cm3,11.780498449811349
PLD,10.047009600370972
AV_cm3_g,8.165111130341044
LCD,7.587611917127594
LFPD,7.117817809543775
Has_OMS,6.497730250735541
NASA_m2_cm3,1.7411093576292431
NASA_m2_g,1.4839099447436035
NAV_cm3_g,0.5345972592672033
