{
  "R2": 0.7357354096246425,
  "MAE": 0.501961603568903,
  "RMSE": 0.5045565462233406,
  "MAPE(%)": 20.333773361551742
}