{
  "R2": 0.9215078987980708,
  "MAE": 0.08915797907677178,
  "RMSE": 0.023338411570395057,
  "MAPE(%)": 7.3003132287523425
}