Feature,Importance
0.1,66.41161381041499
ASA_m2_cm3,7.070308043553005
AV_VF,5.208614488254015
ASA_m2_g,5.077915109969358
AV_cm3_g,3.2877410591094605
PLD,2.62832067556639
LFPD,2.2879965466978747
Has_OMS,2.2660066619886274
cm3_g,2.2189331233375036
LCD,1.9569746287501955
NASA_m2_cm3,0.9438205964949573
NASA_m2_g,0.5754914306040523
NAV_cm3_g,0.06626382525959067
