{
  "R2": 0.9514697702495057,
  "MAE": 0.10096156386716025,
  "RMSE": 0.023888855854708218,
  "MAPE(%)": 5.050274575069458
}