{
  "R2": 0.441326748512724,
  "MAE": 0.37031450832191,
  "RMSE": 0.27226324292064846,
  "MAPE(%)": 36.532235664913465
}