{
  "R2": 0.9818876487591649,
  "MAE": 0.03562318250964918,
  "RMSE": 0.003258952481783858,
  "MAPE(%)": 3.2923371595371633
}