Feature,Importance
AV_VF,14.000245442593215
PLD,13.47414975843487
cm3_g,13.268617351102979
ASA_m2_cm3,11.673899385872367
ASA_m2_g,9.912654272879381
Has_OMS,9.792397997306317
LCD,8.995379992436742
LFPD,7.573740707758736
AV_cm3_g,6.8806271531102965
NASA_m2_cm3,1.9710633838548364
NASA_m2_g,1.8233231109993073
NAV_cm3_g,0.6339014436509799
