temp,lowp,outp,seed,mode,qt_frac,train_ratio,out_root,model,R2,MAE,RMSE,MAPE(%)
293K,0.01,5,2028,struct,0.0,0.75,./RUN_FULL_EXP,cat,0.5301642689077808,0.31742794948192127,0.21715488195756663,28.553266658315284
