{
  "R2": 0.5301642689077808,
  "MAE": 0.31742794948192127,
  "RMSE": 0.21715488195756663,
  "MAPE(%)": 28.553266658315284
}