Feature,Importance
0.05,63.871844249711486
ASA_m2_g,9.782034209420084
ASA_m2_cm3,6.063123023368862
AV_VF,5.060606950314633
AV_cm3_g,3.905538729010826
cm3_g,2.9497531047579693
LCD,2.371252691642447
PLD,2.0957293131474226
LFPD,1.3644041453346867
Has_OMS,1.2277053768816555
NASA_m2_g,0.6104550797305807
NASA_m2_cm3,0.5936890842078176
NAV_cm3_g,0.10386404247151872
