{
  "R2": 0.9690547063505599,
  "MAE": 0.11132508246740726,
  "RMSE": 0.02608063886186712,
  "MAPE(%)": 4.473951541736734
}