{
  "R2": 0.9676610950701918,
  "MAE": 0.16316426074760496,
  "RMSE": 0.05938937859050604,
  "MAPE(%)": 5.717061584081161
}