Feature,Importance
HENRY,63.13764753431241
ASA_m2_g,8.706338519057233
ASA_m2_cm3,6.980468602641067
AV_VF,4.509100970091955
AV_cm3_g,2.8974449278925523
PLD,2.765609843891731
cm3_g,2.634760395982081
LCD,2.5873895444185013
LFPD,2.165110430550077
Has_OMS,1.962499061685043
NASA_m2_cm3,0.8844357908537483
NASA_m2_g,0.6908522854236544
NAV_cm3_g,0.07834209319994156
