{
  "R2": 0.954137358983221,
  "MAE": 0.10056297954783061,
  "RMSE": 0.024858145312840665,
  "MAPE(%)": 5.066627599882309
}