Feature,Importance
0.01,77.8366196105881
ASA_m2_cm3,3.853191916184855
Has_OMS,3.0859816612744466
cm3_g,2.5241810811495227
AV_VF,2.4796316978597224
LFPD,1.8068253204334561
PLD,1.7522150179556826
AV_cm3_g,1.7515622901238572
LCD,1.6325630302640295
ASA_m2_g,1.5809813535443724
NASA_m2_g,0.8513182989093794
NASA_m2_cm3,0.7842137694204588
NAV_cm3_g,0.0607149522921534
