{
  "R2": 0.9807550238979471,
  "MAE": 0.02092381510290685,
  "RMSE": 0.0014261594344337817,
  "MAPE(%)": 3.941409713780581
}