{
  "R2": 0.9818287956809356,
  "MAE": 0.0202990014159831,
  "RMSE": 0.001384071403869167,
  "MAPE(%)": 3.8454547282033325
}