temp,lowp,outp,seed,mode,qt_frac,train_ratio,out_root,model,R2,MAE,RMSE,MAPE(%)
273K,0.01,1,2025,struct_with_input,0.25,0.25,./RUN_FULL_EXP,cat,0.9818287956809356,0.0202990014159831,0.001384071403869167,3.8454547282033325
