{
  "R2": 0.9784902039946435,
  "MAE": 0.05388714824916689,
  "RMSE": 0.007840691392189918,
  "MAPE(%)": 3.726605093253082
}