{
  "R2": 0.9904756517692694,
  "MAE": 0.005724652344756064,
  "RMSE": 0.00020183164186226912,
  "MAPE(%)": 2.2074591691101335
}