temp,lowp,outp,seed,mode,qt_frac,train_ratio,out_root,model,R2,MAE,RMSE,MAPE(%)
313K,0.05,1,2029,lowq,0.15,0.5,./RUN_FULL_EXP,cat,0.9904756517692694,0.005724652344756064,0.00020183164186226912,2.2074591691101335
