Feature,Importance
0.01,72.31604769537302
ASA_m2_cm3,5.075906495974074
AV_VF,4.756316543202325
ASA_m2_g,4.400399840914873
AV_cm3_g,2.7850561055947836
PLD,2.0798145788299847
cm3_g,2.065062663556344
LCD,2.029298179412963
LFPD,1.7388835757810732
Has_OMS,1.4667569526501922
NASA_m2_cm3,0.7925404853602304
NASA_m2_g,0.45126566585877026
NAV_cm3_g,0.0426512174913703
