{
  "R2": 0.9680603027588294,
  "MAE": 0.062099731750613965,
  "RMSE": 0.01062459991323654,
  "MAPE(%)": 4.325603208949845
}