Feature,Importance
HENRY,65.09218165183631
ASA_m2_cm3,6.6143643528303695
AV_VF,6.09430423888336
ASA_m2_g,5.5884799585697245
AV_cm3_g,3.4134065389784034
PLD,2.957674723251977
LFPD,2.3648140075287016
LCD,2.352022349136895
Has_OMS,1.9742056135925006
cm3_g,1.9012657246885984
NASA_m2_cm3,0.8912505239567627
NASA_m2_g,0.6683099071194452
NAV_cm3_g,0.08772040962692725
