{
  "R2": 0.950937186391686,
  "MAE": 0.09968014832776659,
  "RMSE": 0.023782567101521847,
  "MAPE(%)": 4.9447679936688385
}