temp,lowp,outp,seed,mode,qt_frac,train_ratio,out_root,model,R2,MAE,RMSE,MAPE(%)
273K,HENRY,5,2028,lowq,0.7,0.5,./RUN_FULL_EXP,cat,0.950937186391686,0.09968014832776659,0.023782567101521847,4.9447679936688385
