Feature,Importance
HENRY,87.56379632036378
cm3_g,1.967750167647737
AV_cm3_g,1.5489085705535925
LCD,1.4928974018451409
AV_VF,1.4259869485347332
Has_OMS,1.1082631057004944
ASA_m2_g,1.0655956903506931
ASA_m2_cm3,0.9109091080799898
PLD,0.8359306574427651
LFPD,0.7901360888732308
NASA_m2_cm3,0.6605251819758052
NASA_m2_g,0.5447679412869222
NAV_cm3_g,0.08453281734510114
