{
  "R2": 0.9961491950481044,
  "MAE": 0.0040885880650364005,
  "RMSE": 4.081035461575434e-05,
  "MAPE(%)": 1.5826207647482333
}