{
  "R2": 0.9619511636860878,
  "MAE": 0.023642206150034605,
  "RMSE": 0.0058375358632161145,
  "MAPE(%)": 3.9474391535893294
}