temp,lowp,outp,seed,mode,qt_frac,train_ratio,out_root,model,R2,MAE,RMSE,MAPE(%)
273K,0.01,1,2028,struct_with_input,0.0,0.55,./RUN_FULL_EXP,cat,0.9619511636860878,0.023642206150034605,0.0058375358632161145,3.9474391535893294
