Feature,Importance
0.5,71.06877170254907
ASA_m2_cm3,5.6775377371563875
ASA_m2_g,5.657355649071439
AV_VF,4.082378827519588
AV_cm3_g,3.0216545433016746
cm3_g,2.241758161356738
LCD,1.9787731765579677
PLD,1.8224722182992548
LFPD,1.6462813758245958
Has_OMS,1.374726649796525
NASA_m2_g,0.7898639033812708
NASA_m2_cm3,0.5488845951737281
NAV_cm3_g,0.08954146001174638
