temp,lowp,outp,seed,mode,qt_frac,train_ratio,out_root,model,R2,MAE,RMSE,MAPE(%)
273K,0.5,5,2026,lowq,0.45,0.5,./RUN_FULL_EXP,cat,0.9665848253781829,0.08788906661357003,0.018203322350861622,4.411148008366743
