{
  "R2": 0.9665848253781829,
  "MAE": 0.08788906661357003,
  "RMSE": 0.018203322350861622,
  "MAPE(%)": 4.411148008366743
}