temp,lowp,outp,seed,mode,qt_frac,train_ratio,out_root,model,R2,MAE,RMSE,MAPE(%)
313K,HENRY,1,2029,lowq,0.8,0.5,./RUN_FULL_EXP,cat,0.9956765808711661,0.003645378182626642,2.8766939403911385e-05,1.3774222589154301
