{
  "R2": 0.9956765808711661,
  "MAE": 0.003645378182626642,
  "RMSE": 2.8766939403911385e-05,
  "MAPE(%)": 1.3774222589154301
}