{
  "R2": 0.9516359675679497,
  "MAE": 0.2404235439321188,
  "RMSE": 0.133537037863088,
  "MAPE(%)": 6.296018200895588
}