{
  "R2": 0.9852972879754616,
  "MAE": 0.014490537912472746,
  "RMSE": 0.0006811426610932869,
  "MAPE(%)": 2.6128828048310413
}