Feature,Importance
HENRY,85.40910153690936
Has_OMS,2.079920391026018
AV_cm3_g,2.0020875058647234
LFPD,1.8288244317804685
cm3_g,1.698806728825878
ASA_m2_g,1.4462746295214515
AV_VF,1.2086869761287087
LCD,1.1218148058350792
ASA_m2_cm3,1.1207408790586073
PLD,1.0233936893537452
NASA_m2_cm3,0.5898843903264224
NASA_m2_g,0.36731922626426533
NAV_cm3_g,0.10314480910531558
