temp,lowp,outp,seed,mode,qt_frac,train_ratio,out_root,model,R2,MAE,RMSE,MAPE(%)
293K,HENRY,1,2029,lowq,0.6,0.5,./RUN_FULL_EXP,cat,0.9922786995991354,0.007277178480818137,0.0001463249651868071,1.9390733361243317
