{
  "R2": 0.9922786995991354,
  "MAE": 0.007277178480818137,
  "RMSE": 0.0001463249651868071,
  "MAPE(%)": 1.9390733361243317
}