Feature,Importance
HENRY,55.08625988984076
ASA_m2_g,12.562969508671916
AV_VF,7.330225792078318
AV_cm3_g,6.022552680534676
ASA_m2_cm3,5.376753494280821
cm3_g,2.9035469301727397
PLD,2.531322815261534
LFPD,2.383248187571815
LCD,2.3770640283029536
Has_OMS,1.6321244429477493
NASA_m2_cm3,1.0026440331883286
NASA_m2_g,0.6325430227108374
NAV_cm3_g,0.15874517443757102
