{
  "R2": 0.96275547974886,
  "MAE": 0.16377759601086142,
  "RMSE": 0.05624564413532422,
  "MAPE(%)": 5.455967443131747
}