{
  "R2": 0.9884935105019058,
  "MAE": 0.013440560308330603,
  "RMSE": 0.0004583115665660402,
  "MAPE(%)": 2.451859373334564
}