temp,lowp,outp,seed,mode,qt_frac,train_ratio,out_root,model,R2,MAE,RMSE,MAPE(%)
273K,HENRY,1,2025,lowq,0.7,0.5,./RUN_FULL_EXP,cat,0.9884935105019058,0.013440560308330603,0.0004583115665660402,2.451859373334564
