Feature,Importance
0.05,83.52840924978878
ASA_m2_g,2.370621800485095
ASA_m2_cm3,2.0443849262987146
AV_VF,2.0236679466643714
cm3_g,1.9960547930602668
PLD,1.5958106251474502
Has_OMS,1.5484933158840224
AV_cm3_g,1.3510854877255372
LFPD,1.2956732275047107
LCD,1.1663098240188094
NASA_m2_cm3,0.6219534531381049
NASA_m2_g,0.4327504779458214
NAV_cm3_g,0.024784872338311885
