{
  "R2": 0.9866265244518267,
  "MAE": 0.01473026871771895,
  "RMSE": 0.0005689119686124536,
  "MAPE(%)": 2.681511635843732
}