{
  "R2": 0.9538448540766099,
  "MAE": 0.24147026915643083,
  "RMSE": 0.12867215949378846,
  "MAPE(%)": 6.337600544055401
}