temp,lowp,outp,seed,mode,qt_frac,train_ratio,out_root,model,R2,MAE,RMSE,MAPE(%)
273K,0.01,15,2029,lowq,0.35,0.5,./RUN_FULL_EXP,cat,0.9538448540766099,0.24147026915643083,0.12867215949378846,6.337600544055401
