Feature,Importance
0.05,83.63552110582941
ASA_m2_cm3,2.2539635666695452
AV_cm3_g,2.174817976977528
AV_VF,2.0394466304476406
Has_OMS,1.7342527309422178
cm3_g,1.6711589173071961
LCD,1.462892092915392
LFPD,1.3711656474396916
PLD,1.367624743786573
ASA_m2_g,1.0919249210992477
NASA_m2_cm3,0.6804964667366795
NASA_m2_g,0.47704511178555103
NAV_cm3_g,0.03969008806334238
