{
  "R2": 0.9816876267351571,
  "MAE": 0.017799932972980766,
  "RMSE": 0.0017224347885337495,
  "MAPE(%)": 3.1582901428761243
}