Feature,Importance
0.1,89.43861383118386
ASA_m2_cm3,1.9500067419743685
AV_cm3_g,1.454301436105612
cm3_g,1.3447189873309588
LCD,0.9865987091087658
AV_VF,0.9514209530379069
LFPD,0.8911277212389255
ASA_m2_g,0.8432499819840822
NASA_m2_cm3,0.732711998517908
PLD,0.5691619137816026
Has_OMS,0.5418537282885114
NASA_m2_g,0.2566207290861666
NAV_cm3_g,0.03961326836133925
