{
  "R2": 0.958689694375292,
  "MAE": 0.10095297288608944,
  "RMSE": 0.027213586968018653,
  "MAPE(%)": 5.115481971105826
}