{
  "R2": 0.9607488575288864,
  "MAE": 0.16797946067846783,
  "RMSE": 0.06698608405605032,
  "MAPE(%)": 5.607570549255785
}