Feature,Importance
0.1,87.93266227505707
AV_cm3_g,1.9545167014318054
Has_OMS,1.6723007988602936
cm3_g,1.4377458703029844
AV_VF,1.2765895092567596
ASA_m2_g,1.2596569733034795
LFPD,0.9857886308879685
LCD,0.9379297668719404
ASA_m2_cm3,0.8495182989676584
NASA_m2_cm3,0.6340980351090089
PLD,0.6216223423847002
NASA_m2_g,0.35239612945262566
NAV_cm3_g,0.08517466811369015
