{
  "R2": 0.9924284942962598,
  "MAE": 0.0072923608913212515,
  "RMSE": 0.0001320393385592867,
  "MAPE(%)": 1.94795710743777
}