Feature,Importance
0.01,86.19362984279417
cm3_g,2.6653955482293896
AV_cm3_g,1.7944466436548838
AV_VF,1.5045197005008557
LCD,1.3988111377656798
PLD,1.248526907270572
ASA_m2_cm3,1.1917241534866048
ASA_m2_g,0.9189055341598876
LFPD,0.8984994965652573
NASA_m2_cm3,0.8258720982488089
Has_OMS,0.7406939302288199
NASA_m2_g,0.5619734007206375
NAV_cm3_g,0.057001606374452
