{
  "R2": 0.965000058974602,
  "MAE": 0.015243947241070335,
  "RMSE": 0.0025973020253682874,
  "MAPE(%)": 3.707094857336675
}