Feature,Importance
0.1,51.02127017318923
ASA_m2_g,13.429382701259271
AV_cm3_g,7.171767524836943
ASA_m2_cm3,6.951748421421692
AV_VF,6.024881230282434
cm3_g,4.7106806311236715
PLD,3.014138896100455
LFPD,2.479022795709046
LCD,1.9913874819469273
Has_OMS,1.5472593866120392
NASA_m2_cm3,0.9023617218305656
NASA_m2_g,0.680078614922262
NAV_cm3_g,0.07602042076543895
