{
  "R2": 0.9585528606910033,
  "MAE": 0.2358742450494384,
  "RMSE": 0.12295066584045954,
  "MAPE(%)": 6.376071653571026
}