temp,lowp,outp,seed,mode,qt_frac,train_ratio,out_root,model,R2,MAE,RMSE,MAPE(%)
273K,0.1,15,2028,lowq,0.15,0.5,./RUN_FULL_EXP,cat,0.9585528606910033,0.2358742450494384,0.12295066584045954,6.376071653571026
