{
  "R2": 0.9802740996527386,
  "MAE": 0.0329570138629976,
  "RMSE": 0.002397848509852154,
  "MAPE(%)": 2.9425593638144645
}