Feature,Importance
0.5,91.52975927440755
Has_OMS,1.4523390294369176
AV_cm3_g,1.4068824651061436
cm3_g,0.8976163370819584
LCD,0.7242217691360282
AV_VF,0.6986894986164673
NASA_m2_cm3,0.6830111393668207
ASA_m2_cm3,0.6819336371482767
ASA_m2_g,0.6772552047067656
PLD,0.5287401282018497
LFPD,0.4568723431298953
NASA_m2_g,0.16276556679340332
NAV_cm3_g,0.0999136068679592
