{
  "R2": 0.995974784599555,
  "MAE": 0.005877029207105225,
  "RMSE": 8.037484134200107e-05,
  "MAPE(%)": 1.5860348613806463
}