{
  "R2": 0.991597827191192,
  "MAE": 0.037535110502022,
  "RMSE": 0.0034228084799472628,
  "MAPE(%)": 2.9661258741531955
}