temp,lowp,outp,seed,mode,qt_frac,train_ratio,out_root,model,R2,MAE,RMSE,MAPE(%)
293K,HENRY,1,2029,lowq,0.4,0.5,./RUN_FULL_EXP,cat,0.9916798980129621,0.007660820208132874,0.00019885420753285748,2.08856574232803
