{
  "R2": 0.9916798980129621,
  "MAE": 0.007660820208132874,
  "RMSE": 0.00019885420753285748,
  "MAPE(%)": 2.08856574232803
}