Feature,Importance
0.05,86.37705442708992
cm3_g,1.7843160892181071
AV_VF,1.758560897512889
AV_cm3_g,1.6683242374754121
Has_OMS,1.4824712703845855
LFPD,1.2953649892712555
PLD,1.2896032676831193
ASA_m2_g,1.2122457337782322
ASA_m2_cm3,1.151134730093624
LCD,1.0008988314890865
NASA_m2_cm3,0.6354297727946066
NASA_m2_g,0.27584971112907875
NAV_cm3_g,0.06874604208010672
