{
  "R2": 0.993420038757887,
  "MAE": 0.007716003254244351,
  "RMSE": 0.00013223287158652973,
  "MAPE(%)": 2.10556067144112
}