Feature,Importance
ASA_m2_g,14.464740921551542
cm3_g,13.397448312895524
AV_VF,13.094413577703362
PLD,11.769924067810734
ASA_m2_cm3,11.031946228511606
AV_cm3_g,10.251819275912082
Has_OMS,7.858379175392548
LFPD,7.642686376064359
LCD,7.450106555292699
NASA_m2_g,1.431792200014952
NASA_m2_cm3,1.4007449990666245
NAV_cm3_g,0.2059983097839639
