{
  "R2": 0.6844407670475497,
  "MAE": 0.5629398909365344,
  "RMSE": 0.6023504262139079,
  "MAPE(%)": 24.07491435142319
}