Feature,Importance
HENRY,77.51885287658843
ASA_m2_cm3,4.234132552478544
ASA_m2_g,3.7194120162214017
AV_cm3_g,3.096837301595576
AV_VF,2.585071927745899
cm3_g,1.846391928303077
Has_OMS,1.5494538252570969
LCD,1.544731735938912
PLD,1.5039302260651888
LFPD,1.2425201131953558
NASA_m2_cm3,0.5546524786911952
NASA_m2_g,0.5193258329030241
NAV_cm3_g,0.08468718501628728
