{
  "R2": 0.9824108498419228,
  "MAE": 0.033532061762096776,
  "RMSE": 0.0026618104949192836,
  "MAPE(%)": 3.1036235184549525
}