Feature,Importance
0.01,80.94359246188823
ASA_m2_cm3,3.023467687930339
Has_OMS,2.5576830104413797
AV_VF,2.298363670565078
ASA_m2_g,2.012042909565296
cm3_g,1.891585073181177
LCD,1.6493266946795455
LFPD,1.554770695389436
AV_cm3_g,1.5210737676059463
PLD,1.4964476922375534
NASA_m2_cm3,0.6023471603069503
NASA_m2_g,0.40863369213863693
NAV_cm3_g,0.04066548407040348
