{
  "R2": 0.9848226970592371,
  "MAE": 0.016676428315885453,
  "RMSE": 0.0006922891188527397,
  "MAPE(%)": 3.0746668663593923
}