{
  "R2": 0.9841937691130792,
  "MAE": 0.017027167113596187,
  "RMSE": 0.0007341182743307147,
  "MAPE(%)": 3.1375035703055296
}