Feature,Importance
Has_OMS,14.37698332665714
PLD,13.494926999439919
cm3_g,13.179111747185187
AV_VF,11.765891609508408
ASA_m2_cm3,11.407562004589686
LCD,8.783954935316741
LFPD,7.906982026944059
ASA_m2_g,7.827836765812846
AV_cm3_g,6.566061862604598
NASA_m2_cm3,2.4239471774114767
NASA_m2_g,1.9499310146315891
NAV_cm3_g,0.316810529898365
