{
  "R2": 0.4532747826089669,
  "MAE": 0.17635340046712084,
  "RMSE": 0.09364568540563721,
  "MAPE(%)": 41.248080343203256
}