{
  "R2": 0.9776397404176419,
  "MAE": 0.040944737880998394,
  "RMSE": 0.0037863311010382914,
  "MAPE(%)": 3.841197623750929
}