{
  "R2": 0.9560280305491459,
  "MAE": 0.024892429681887526,
  "RMSE": 0.006893636693591329,
  "MAPE(%)": 3.844014893378685
}