iter,train,val,sampled,remain,unc_mean,unc_std,sel_unc_mean,unc_zscore,r2,mae,rmse
0,64,7,30,7062,0.014725953,0.004277437,0.035877243,4.944839614242561,0.8518160285343265,0.21394996,0.42689672
1,91,10,30,7032,0.014614054,0.0030621283,0.024252567,3.1476414270802713,0.9358147904761827,0.19163531,0.2782563
2,118,13,30,7002,0.014497723,0.0030118406,0.023216924,2.8949643737298807,0.9322749106032873,0.1953965,0.28456607
3,145,16,30,6972,0.015066655,0.0032126403,0.023731245,2.6970222651584788,0.9367421300909621,0.18954152,0.27449068
4,172,19,30,6942,0.014308174,0.0029744112,0.022949984,2.9053753518946506,0.9434331124935711,0.17635868,0.25846815
