Feature,Importance
0.01,59.18548914683072
ASA_m2_g,11.868617430064052
AV_VF,6.35035017297877
AV_cm3_g,5.68385364189678
ASA_m2_cm3,4.596797543087863
cm3_g,3.3225398766007874
LCD,2.267344295025498
PLD,2.0532169481468165
LFPD,1.7008785448619763
Has_OMS,1.6319146669376459
NASA_m2_g,0.6669810226354996
NASA_m2_cm3,0.5639397780356262
NAV_cm3_g,0.10807693289794318
