temp,lowp,outp,seed,mode,qt_frac,train_ratio,out_root,model,R2,MAE,RMSE,MAPE(%)
313K,0.01,15,2027,lowq,0.2,0.5,./RUN_FULL_EXP,cat,0.9715168830335285,0.12051253034692858,0.030800219584280537,5.053020279962245
