{
  "R2": 0.9715168830335285,
  "MAE": 0.12051253034692858,
  "RMSE": 0.030800219584280537,
  "MAPE(%)": 5.053020279962245
}