Feature,Importance
0.05,72.17478141253338
ASA_m2_cm3,5.313762830073891
ASA_m2_g,4.657885313084706
AV_VF,4.15770587717744
AV_cm3_g,2.6321817567311667
cm3_g,2.3921424774620124
LCD,2.0249903437409658
PLD,1.8641345943148893
LFPD,1.840847937862539
Has_OMS,1.6506908639168074
NASA_m2_cm3,0.6463457626976398
NASA_m2_g,0.5833859347826439
NAV_cm3_g,0.061144895621930165
