{
  "R2": 0.9680048362265696,
  "MAE": 0.05805438502961432,
  "RMSE": 0.007880900543091785,
  "MAPE(%)": 3.919357192545058
}