temp,lowp,outp,seed,mode,qt_frac,train_ratio,out_root,model,R2,MAE,RMSE,MAPE(%)
293K,0.05,5,2025,lowq,0.65,0.5,./RUN_FULL_EXP,cat,0.9680048362265696,0.05805438502961432,0.007880900543091785,3.919357192545058
