Feature,Importance
0.01,61.462137669640946
ASA_m2_g,13.26212138361583
ASA_m2_cm3,5.019584257789142
AV_VF,4.283406983023864
cm3_g,3.6560459684461013
AV_cm3_g,3.603509229156113
LCD,2.2149742361866593
PLD,2.111778253182198
LFPD,2.0977349249671815
Has_OMS,1.161415067681259
NASA_m2_cm3,0.5658187593319369
NASA_m2_g,0.45583834292407965
NAV_cm3_g,0.10563492405469734
