{
  "R2": 0.9627888955839177,
  "MAE": 0.12213715436521982,
  "RMSE": 0.041540324459558166,
  "MAPE(%)": 5.09731660781902
}