temp,lowp,outp,seed,mode,qt_frac,train_ratio,out_root,model,R2,MAE,RMSE,MAPE(%)
313K,0.01,15,2025,lowq,0.2,0.5,./RUN_FULL_EXP,cat,0.9627888955839177,0.12213715436521982,0.041540324459558166,5.09731660781902
