temp,lowp,outp,seed,mode,qt_frac,train_ratio,out_root,model,R2,MAE,RMSE,MAPE(%)
273K,0.01,1,2026,struct_with_input,0.25,0.25,./RUN_FULL_EXP,cat,0.9833205733418146,0.020267632947487957,0.001252307080441731,3.8749829541208967
