Feature,Importance
HENRY,72.09522559763451
ASA_m2_cm3,5.49458815981626
AV_VF,4.508760996086166
ASA_m2_g,4.042658540946414
AV_cm3_g,3.0610903770297715
PLD,2.3217410357724804
Has_OMS,1.9488279285583676
cm3_g,1.8419307844433872
LCD,1.755811723737315
LFPD,1.6866371023073743
NASA_m2_cm3,0.608415569641885
NASA_m2_g,0.5260575387314329
NAV_cm3_g,0.10825464529464557
