{
  "R2": 0.9682040504316411,
  "MAE": 0.05896292127249161,
  "RMSE": 0.009265082581940332,
  "MAPE(%)": 3.998275561092378
}