temp,lowp,outp,seed,mode,qt_frac,train_ratio,out_root,model,R2,MAE,RMSE,MAPE(%)
293K,HENRY,5,2028,lowq,0.5,0.5,./RUN_FULL_EXP,cat,0.9682040504316411,0.05896292127249161,0.009265082581940332,3.998275561092378
