Feature,Importance
0.01,79.46811365714615
cm3_g,4.528317435882189
Has_OMS,2.3563493819264103
AV_VF,2.145982121018713
PLD,1.9959992454688724
NASA_m2_cm3,1.8306003643369988
LCD,1.602915552517118
AV_cm3_g,1.5356766688492567
LFPD,1.254393428986143
ASA_m2_g,1.1430421223283083
NASA_m2_g,1.0539841579947944
ASA_m2_cm3,1.019740631035222
NAV_cm3_g,0.06488523250982997
