Feature,Importance
0.01,77.45282385043282
Has_OMS,3.9093477147898965
ASA_m2_g,3.5030887267354927
ASA_m2_cm3,3.169681537485186
cm3_g,2.3784163697831175
PLD,1.9755162827728205
AV_VF,1.8438075274529964
LFPD,1.675072693713831
LCD,1.6664834558839972
AV_cm3_g,1.0447080867565317
NASA_m2_g,0.6920858539159681
NASA_m2_cm3,0.5030809626914087
NAV_cm3_g,0.18588693758592653
