{
  "R2": 0.9537832579351068,
  "MAE": 0.030065257713355914,
  "RMSE": 0.0061089518916255395,
  "MAPE(%)": 5.732818750687061
}