{
  "R2": 0.9592441750518017,
  "MAE": 0.029213803360391113,
  "RMSE": 0.005502624065173192,
  "MAPE(%)": 5.836382391110592
}