Feature,Importance
0.5,52.42067330568219
ASA_m2_g,15.273482664891546
ASA_m2_cm3,6.80688143287888
AV_VF,6.476160973303572
AV_cm3_g,6.460752321306839
cm3_g,3.186971196903448
LCD,2.311936941658335
PLD,2.258525095882853
LFPD,1.9782203709902046
Has_OMS,1.2707997292858926
NASA_m2_cm3,0.8346830667891102
NASA_m2_g,0.6482170571067211
NAV_cm3_g,0.07269584332042951
