{
  "R2": 0.9514175050109547,
  "MAE": 0.23089873231654284,
  "RMSE": 0.11662113750685912,
  "MAPE(%)": 5.836006287940015
}