Feature,Importance
0.5,56.55141277021652
ASA_m2_g,12.093767742896997
AV_cm3_g,7.962168940843761
AV_VF,6.370343960821795
ASA_m2_cm3,5.530225082793644
cm3_g,2.5041801726218247
PLD,2.359673649828187
LCD,2.1521934624695205
LFPD,1.9686564485661513
Has_OMS,1.3352943255212522
NASA_m2_g,0.5828108723072587
NASA_m2_cm3,0.5192483931152252
NAV_cm3_g,0.07002417799787004
