{
  "R2": 0.9692389030022684,
  "MAE": 0.15635905302207698,
  "RMSE": 0.05774543905911538,
  "MAPE(%)": 5.333647552630027
}