Feature,Importance
0.5,92.8561415288545
AV_cm3_g,1.257469131863277
cm3_g,1.0626252003823309
PLD,0.8370201191484261
ASA_m2_cm3,0.6746427003892848
LCD,0.5525759380404346
Has_OMS,0.5202159717776047
AV_VF,0.5198311931311791
ASA_m2_g,0.47131916031069226
LFPD,0.44866993256692494
NASA_m2_g,0.4186595320003773
NASA_m2_cm3,0.2257698759613996
NAV_cm3_g,0.15505971557357762
