{
  "R2": 0.9960051071776087,
  "MAE": 0.010723553208165381,
  "RMSE": 0.00036480626354695224,
  "MAPE(%)": 1.9683340130025977
}