temp,lowp,outp,seed,mode,qt_frac,train_ratio,out_root,model,R2,MAE,RMSE,MAPE(%)
273K,0.5,1,2026,lowq,0.2,0.5,./RUN_FULL_EXP,cat,0.9960051071776087,0.010723553208165381,0.00036480626354695224,1.9683340130025977
