temp,lowp,outp,seed,mode,qt_frac,train_ratio,out_root,model,R2,MAE,RMSE,MAPE(%)
293K,0.01,15,2029,lowq,0.7,0.5,./RUN_FULL_EXP,cat,0.9592332564976468,0.16996169821130008,0.05695189393280168,5.457883991792823
