{
  "R2": 0.9592332564976468,
  "MAE": 0.16996169821130008,
  "RMSE": 0.05695189393280168,
  "MAPE(%)": 5.457883991792823
}