{
  "R2": 0.9907723143615599,
  "MAE": 0.037956291762055526,
  "RMSE": 0.0037342401391855995,
  "MAPE(%)": 3.030398062977953
}