Feature,Importance
0.1,59.855579269944
ASA_m2_g,10.365391990416452
AV_cm3_g,6.684319998931494
AV_VF,6.19728263582567
ASA_m2_cm3,4.7100750428838625
cm3_g,2.9501301152856354
PLD,2.4399126617375386
LCD,2.13001343569015
LFPD,1.8081271912050043
Has_OMS,1.1284765876944425
NASA_m2_cm3,0.9782922679096929
NASA_m2_g,0.6673966067275768
NAV_cm3_g,0.08500219574847172
