{
  "R2": 0.9687772187175805,
  "MAE": 0.1082911335200474,
  "RMSE": 0.03545830808834325,
  "MAPE(%)": 4.5435997412747176
}