{
  "R2": 0.9608439336977944,
  "MAE": 0.16642552993942242,
  "RMSE": 0.05520705637418913,
  "MAPE(%)": 5.349274140729027
}