{
  "R2": 0.9432317838902968,
  "MAE": 0.24493576465051717,
  "RMSE": 0.13506458456340692,
  "MAPE(%)": 6.0966775255528844
}