Feature,Importance
0.5,89.97409444778609
cm3_g,1.7804235962783606
ASA_m2_g,1.4234190779611446
AV_cm3_g,1.1323368645256933
ASA_m2_cm3,1.0003459567711377
Has_OMS,0.9677551955091296
PLD,0.9431345950392761
LCD,0.6689863379857162
LFPD,0.6433306323662581
NASA_m2_cm3,0.5557396108250781
AV_VF,0.5245884059303559
NASA_m2_g,0.34213024466201125
NAV_cm3_g,0.04371503435974307
