{
  "R2": 0.997132488322639,
  "MAE": 0.0034736413145461777,
  "RMSE": 2.407508482099371e-05,
  "MAPE(%)": 1.342376833622663
}