{
  "R2": 0.9945072307782935,
  "MAE": 0.027846860656683754,
  "RMSE": 0.0018996475150352167,
  "MAPE(%)": 2.3026853878771525
}