{
  "R2": 0.9635056412150018,
  "MAE": 0.1641124384995414,
  "RMSE": 0.0689595511067746,
  "MAPE(%)": 6.065533319305507
}