Feature,Importance
HENRY,87.02125786508809
cm3_g,1.9893920275559975
AV_cm3_g,1.9789165416005416
AV_VF,1.3175334338477307
ASA_m2_g,1.142337700307835
LCD,1.1378856574191867
PLD,1.0757827496297092
LFPD,1.0451674975202088
ASA_m2_cm3,1.0323249417536005
Has_OMS,1.0179237299941473
NASA_m2_cm3,0.6950167518017581
NASA_m2_g,0.5014450464618406
NAV_cm3_g,0.045016057019367374
