temp,lowp,outp,seed,mode,qt_frac,train_ratio,out_root,model,R2,MAE,RMSE,MAPE(%)
293K,HENRY,1,2029,lowq,0.05,0.5,./RUN_FULL_EXP,cat,0.9680934471056545,0.011086107759169182,0.002012920188583845,2.7088334455298493
