{
  "R2": 0.9680934471056545,
  "MAE": 0.011086107759169182,
  "RMSE": 0.002012920188583845,
  "MAPE(%)": 2.7088334455298493
}