Feature,Importance
0.1,71.15680445601168
ASA_m2_g,5.619985799938269
ASA_m2_cm3,4.43382198871825
AV_VF,4.160735469097163
AV_cm3_g,3.2150031411799707
LFPD,2.2145859031742847
Has_OMS,1.9408605783719548
PLD,1.93245121255915
cm3_g,1.826459167659645
LCD,1.6957995993809147
NASA_m2_cm3,0.9422715792645019
NASA_m2_g,0.7597533972697972
NAV_cm3_g,0.10146770737438393
