{
  "R2": 0.9724067256337133,
  "MAE": 0.05604064108846324,
  "RMSE": 0.007612934885405114,
  "MAPE(%)": 3.8418854967039473
}