temp,lowp,outp,seed,mode,qt_frac,train_ratio,out_root,model,R2,MAE,RMSE,MAPE(%)
273K,0.01,1,2028,lowq,0.45,0.5,./RUN_FULL_EXP,cat,0.9852610640582143,0.017376846879192866,0.0008355397170925783,3.1771812644281456
