{
  "R2": 0.9852610640582143,
  "MAE": 0.017376846879192866,
  "RMSE": 0.0008355397170925783,
  "MAPE(%)": 3.1771812644281456
}