{
  "R2": 0.9684793886032056,
  "MAE": 0.05472912937241537,
  "RMSE": 0.006823593465057254,
  "MAPE(%)": 3.6289447530659187
}