{
  "R2": 0.9928754654095917,
  "MAE": 0.028331037999412667,
  "RMSE": 0.001943192494298457,
  "MAPE(%)": 2.2164681766127043
}