{
  "R2": 0.9553733504804073,
  "MAE": 0.24190540479353015,
  "RMSE": 0.13150378918521533,
  "MAPE(%)": 6.564883366205758
}