temp,lowp,outp,seed,mode,qt_frac,train_ratio,out_root,model,R2,MAE,RMSE,MAPE(%)
273K,0.01,15,2027,lowq,0.1,0.5,./RUN_FULL_EXP,cat,0.9553733504804073,0.24190540479353015,0.13150378918521533,6.564883366205758
