Feature,Importance
0.01,82.05866322056023
ASA_m2_cm3,3.78901810024573
AV_VF,2.300873184790294
Has_OMS,2.1113144443212213
ASA_m2_g,1.8538124814798005
AV_cm3_g,1.6825798260190226
PLD,1.4642017458963532
LCD,1.3956135955559785
cm3_g,1.3323372154446937
LFPD,0.9376155955871466
NASA_m2_cm3,0.7843922070620102
NASA_m2_g,0.2567252005343921
NAV_cm3_g,0.032853182503131635
