temp,lowp,outp,seed,mode,qt_frac,train_ratio,out_root,model,R2,MAE,RMSE,MAPE(%)
273K,0.01,1,2029,struct_with_input,0.4,0.8,./RUN_FULL_EXP,cat,0.9860999063400225,0.01681648650553646,0.0007831484430622504,3.2254238738335985
