{
  "R2": 0.9860999063400225,
  "MAE": 0.01681648650553646,
  "RMSE": 0.0007831484430622504,
  "MAPE(%)": 3.2254238738335985
}