{
  "R2": 0.9687847450734155,
  "MAE": 0.05617939933063011,
  "RMSE": 0.007317900078663225,
  "MAPE(%)": 3.737360340177551
}