{
  "R2": 0.9757883107663059,
  "MAE": 0.039102430900214674,
  "RMSE": 0.006861012089841604,
  "MAPE(%)": 3.861067267136611
}