{
  "R2": 0.9706198915763066,
  "MAE": 0.061476483842547176,
  "RMSE": 0.01285170262231054,
  "MAPE(%)": 4.158303412822984
}