{
  "R2": 0.8368039965062894,
  "MAE": 0.13787078237661002,
  "RMSE": 0.0414102491719971,
  "MAPE(%)": 11.993743927452142
}