{
  "R2": 0.9958535618539313,
  "MAE": 0.0038677233679226685,
  "RMSE": 3.3316013902894275e-05,
  "MAPE(%)": 1.479693871457843
}