Feature,Importance
0.1,63.9878964640751
ASA_m2_g,9.942471805122931
ASA_m2_cm3,5.697768158829289
AV_VF,4.597967660329032
AV_cm3_g,4.522825074167331
cm3_g,3.2015715739386748
LCD,2.0102464167673415
PLD,1.9636185424632686
LFPD,1.4611112916628846
Has_OMS,1.0048614698005407
NASA_m2_cm3,0.8016032744546544
NASA_m2_g,0.7367042292077105
NAV_cm3_g,0.07135403918128325
