{
  "R2": 0.9706484320869194,
  "MAE": 0.1092897525230673,
  "RMSE": 0.024019098674875953,
  "MAPE(%)": 4.349443408310297
}