{
  "R2": 0.9894753585949925,
  "MAE": 0.03948365914449514,
  "RMSE": 0.0037842087666575316,
  "MAPE(%)": 3.238800603865543
}