Feature,Importance
0.1,53.73103452197798
ASA_m2_g,15.687291405348873
AV_cm3_g,5.880498326804274
ASA_m2_cm3,5.825366877239079
AV_VF,4.980719215890408
cm3_g,3.938645312199418
PLD,2.618455761838898
LFPD,2.1989323864927712
LCD,1.9566557564244016
Has_OMS,1.5217316195022554
NASA_m2_cm3,0.9805283556881851
NASA_m2_g,0.5663753403589791
NAV_cm3_g,0.1137651202344749
