{
  "R2": 0.9681657550461843,
  "MAE": 0.16142856562440694,
  "RMSE": 0.05838506131375952,
  "MAPE(%)": 5.604361116487247
}