{
  "R2": 0.9817022413591093,
  "MAE": 0.011261696594241201,
  "RMSE": 0.0006938134400178682,
  "MAPE(%)": 3.2594137784238404
}