{
  "R2": 0.9729952411303822,
  "MAE": 0.1543515976433772,
  "RMSE": 0.051206563210394525,
  "MAPE(%)": 5.573076531255786
}