temp,lowp,outp,seed,mode,qt_frac,train_ratio,out_root,model,R2,MAE,RMSE,MAPE(%)
313K,HENRY,5,2025,lowq,0.7,0.5,./RUN_FULL_EXP,cat,0.9799413224607536,0.031695497237459146,0.002443232869974434,2.840124177177767
