{
  "R2": 0.9799413224607536,
  "MAE": 0.031695497237459146,
  "RMSE": 0.002443232869974434,
  "MAPE(%)": 2.840124177177767
}