{
  "R2": 0.9965534803085798,
  "MAE": 0.005371179494368169,
  "RMSE": 6.009267529804913e-05,
  "MAPE(%)": 1.455002986830576
}