temp,lowp,outp,seed,mode,qt_frac,train_ratio,out_root,model,R2,MAE,RMSE,MAPE(%)
293K,0.5,1,2027,lowq,0.65,0.5,./RUN_FULL_EXP,cat,0.9965534803085798,0.005371179494368169,6.009267529804913e-05,1.455002986830576
