{
  "R2": 0.9544879428283769,
  "MAE": 0.1917364694340921,
  "RMSE": 0.08791159859885773,
  "MAPE(%)": 7.046596899607309
}