{
  "R2": 0.9642281137286645,
  "MAE": 0.05934812415137366,
  "RMSE": 0.00858871558362303,
  "MAPE(%)": 4.013653859249731
}