{
  "R2": 0.9582790461686864,
  "MAE": 0.17133715036936073,
  "RMSE": 0.07209600750011494,
  "MAPE(%)": 5.741858641801593
}