Feature,Importance
0.01,54.179025762726305
ASA_m2_g,16.12054068863039
ASA_m2_cm3,5.117423663409378
AV_VF,5.112538883185496
AV_cm3_g,4.954260242069535
cm3_g,4.632485458819052
PLD,2.8881070052018285
LCD,2.13058299229585
LFPD,2.091762622035378
Has_OMS,1.292387425102367
NASA_m2_g,0.7640086556437612
NASA_m2_cm3,0.6399392481431813
NAV_cm3_g,0.07693735273747196
