{
  "R2": 0.9936062544114875,
  "MAE": 0.029734650474778967,
  "RMSE": 0.0022039928232766436,
  "MAPE(%)": 2.397207088246635
}