{
  "R2": 0.9653351929728661,
  "MAE": 0.07221910801961,
  "RMSE": 0.013446261923890314,
  "MAPE(%)": 5.171398866163822
}