Feature,Importance
0.5,59.715416792685055
ASA_m2_g,12.115965854230687
AV_cm3_g,6.168975747179105
ASA_m2_cm3,6.029503531251896
AV_VF,4.5704028923535045
cm3_g,2.497415471481507
LCD,2.2849907532955553
PLD,2.2049623412808943
LFPD,1.7491064685074427
Has_OMS,1.0245043249842698
NASA_m2_g,0.833701997044667
NASA_m2_cm3,0.6904124207857387
NAV_cm3_g,0.11464140491969417
