{
  "R2": 0.9608495850901453,
  "MAE": 0.1585665718554156,
  "RMSE": 0.0647303332531499,
  "MAPE(%)": 5.205086755449273
}