{
  "R2": 0.9715076941008162,
  "MAE": 0.08891131017227585,
  "RMSE": 0.019618063251831824,
  "MAPE(%)": 4.591633057033921
}