{
  "R2": 0.9786318271500187,
  "MAE": 0.03564981050947875,
  "RMSE": 0.004778897779001301,
  "MAPE(%)": 3.245142031690699
}