Feature,Importance
0.05,76.61187399559597
ASA_m2_g,4.096138597396488
AV_VF,3.34383996201033
cm3_g,2.862700643914785
ASA_m2_cm3,2.692890563151747
AV_cm3_g,2.6506628760639526
Has_OMS,2.0148403858386548
LCD,1.8837999083731647
PLD,1.4013379781613107
LFPD,1.340490633632068
NASA_m2_cm3,0.7665807245542577
NASA_m2_g,0.29893081479303385
NAV_cm3_g,0.035912916514217304
