temp,lowp,outp,seed,mode,qt_frac,train_ratio,out_root,model,R2,MAE,RMSE,MAPE(%)
313K,0.05,5,2029,lowq,0.25,0.5,./RUN_FULL_EXP,cat,0.9831302989199222,0.03520729847140063,0.0032068128519960578,3.2996349519868193
