{
  "R2": 0.9831302989199222,
  "MAE": 0.03520729847140063,
  "RMSE": 0.0032068128519960578,
  "MAPE(%)": 3.2996349519868193
}