{
  "R2": 0.9579781262285817,
  "MAE": 0.07148017770288173,
  "RMSE": 0.02139693557765265,
  "MAPE(%)": 4.9405899598800245
}