{
  "R2": 0.9850881219419831,
  "MAE": 0.016596548980318485,
  "RMSE": 0.0006880071010348143,
  "MAPE(%)": 3.1097786295845133
}