{
  "R2": 0.9764989816007974,
  "MAE": 0.054972659162283104,
  "RMSE": 0.010603877595933644,
  "MAPE(%)": 3.697621359554416
}