temp,lowp,outp,seed,mode,qt_frac,train_ratio,out_root,model,R2,MAE,RMSE,MAPE(%)
313K,HENRY,1,2026,lowq,0.25,0.5,./RUN_FULL_EXP,cat,0.9958181646852243,0.0042898344147237425,5.6597965241930763e-05,1.7214908978547911
