{
  "R2": 0.9958181646852243,
  "MAE": 0.0042898344147237425,
  "RMSE": 5.6597965241930763e-05,
  "MAPE(%)": 1.7214908978547911
}