Feature,Importance
0.05,57.545925573957625
ASA_m2_g,12.274611545931153
ASA_m2_cm3,6.993543068082441
AV_VF,5.070130201684389
AV_cm3_g,4.899884800228266
cm3_g,3.422697443253752
PLD,2.392919236328815
LCD,2.141540073719973
LFPD,1.891088905363886
Has_OMS,1.7974359872625774
NASA_m2_cm3,1.0644956145955282
NASA_m2_g,0.4126693043959023
NAV_cm3_g,0.09305824519568692
