{
  "R2": 0.9504211780004544,
  "MAE": 0.1673322530613337,
  "RMSE": 0.06930680961607529,
  "MAPE(%)": 5.200782921943906
}