temp,lowp,outp,seed,mode,qt_frac,train_ratio,out_root,model,R2,MAE,RMSE,MAPE(%)
293K,0.05,15,2029,lowq,0.7,0.5,./RUN_FULL_EXP,cat,0.9504211780004544,0.1673322530613337,0.06930680961607529,5.200782921943906
