{
  "R2": 0.9925167923930849,
  "MAE": 0.03120755869904838,
  "RMSE": 0.0027324032885846805,
  "MAPE(%)": 2.481866998094492
}