temp,lowp,outp,seed,mode,qt_frac,train_ratio,out_root,model,R2,MAE,RMSE,MAPE(%)
273K,0.01,1,2026,struct_with_input,0.23,0.45,./RUN_FULL_EXP,cat,0.986195609992958,0.018221044493840134,0.0010447769265557955,3.4817156092272503
