{
  "R2": 0.9845109005301436,
  "MAE": 0.01872479667711425,
  "RMSE": 0.0011962448617121252,
  "MAPE(%)": 3.481528592883365
}