{
  "R2": 0.986195609992958,
  "MAE": 0.018221044493840134,
  "RMSE": 0.0010447769265557955,
  "MAPE(%)": 3.4817156092272503
}