temp,lowp,outp,seed,mode,qt_frac,train_ratio,out_root,model,R2,MAE,RMSE,MAPE(%)
273K,0.01,1,2027,struct,0.0,0.6,./RUN_FULL_EXP,cat,0.38529795368371234,0.18463084641188038,0.09885401435551988,49.12537957871435
