{
  "R2": 0.38529795368371234,
  "MAE": 0.18463084641188038,
  "RMSE": 0.09885401435551988,
  "MAPE(%)": 49.12537957871435
}