{
  "R2": 0.9761861717154341,
  "MAE": 0.10899357073992309,
  "RMSE": 0.027526035703728538,
  "MAPE(%)": 4.74391588317566
}