Feature,Importance
HENRY,63.94456278455971
ASA_m2_g,7.212342096418887
ASA_m2_cm3,6.570772727812849
AV_VF,5.300174936794124
LCD,2.9840199965307037
cm3_g,2.837090599348103
AV_cm3_g,2.613715990143656
PLD,2.509910614465399
LFPD,2.327803950293075
Has_OMS,2.126934291389869
NASA_m2_cm3,0.9412164189477717
NASA_m2_g,0.5018920481335131
NAV_cm3_g,0.12956354516232052
