{
  "R2": 0.9601144909996117,
  "MAE": 0.10044272112791834,
  "RMSE": 0.025294700809400585,
  "MAPE(%)": 5.125262271962095
}