temp,lowp,outp,seed,mode,qt_frac,train_ratio,out_root,model,R2,MAE,RMSE,MAPE(%)
273K,HENRY,5,2029,lowq,0.35,0.5,./RUN_FULL_EXP,cat,0.9601144909996117,0.10044272112791834,0.025294700809400585,5.125262271962095
