Feature,Importance
0.05,76.82432772006885
ASA_m2_g,4.237415467489082
AV_VF,3.6343567062923245
ASA_m2_cm3,3.5329764056113366
AV_cm3_g,2.2265994593703464
cm3_g,2.1855882382072935
Has_OMS,1.6847052911369098
LFPD,1.6088902688243265
LCD,1.537259917049693
PLD,1.4316316758850665
NASA_m2_g,0.6378389139396617
NASA_m2_cm3,0.42127449316250726
NAV_cm3_g,0.03713544296258018
