temp,lowp,outp,seed,mode,qt_frac,train_ratio,out_root,model,R2,MAE,RMSE,MAPE(%)
313K,0.05,5,2025,lowq,0.15,0.5,./RUN_FULL_EXP,cat,0.9783085419380919,0.03686899238194565,0.00496520838198054,3.418393891606606
