{
  "R2": 0.9783085419380919,
  "MAE": 0.03686899238194565,
  "RMSE": 0.00496520838198054,
  "MAPE(%)": 3.418393891606606
}