Feature,Importance
0.1,57.23465587124573
ASA_m2_g,15.428301613780809
AV_VF,5.415733767770226
ASA_m2_cm3,5.143806625737554
AV_cm3_g,3.9653109233885213
cm3_g,3.2837986591438746
PLD,2.502502618285463
LFPD,2.3745060708795074
LCD,1.890765098208179
Has_OMS,1.7315764983690367
NASA_m2_cm3,0.5078968554248833
NASA_m2_g,0.4808239056940854
NAV_cm3_g,0.04032149207212298
