{
  "R2": 0.9547916274934859,
  "MAE": 0.16782765329691146,
  "RMSE": 0.07124063344387077,
  "MAPE(%)": 5.535484863756264
}