Feature,Importance
0.1,89.45611182689144
LCD,1.7275664248217073
AV_VF,1.529311799084893
cm3_g,1.37348607001683
PLD,1.14947755506968
AV_cm3_g,1.1016738488091176
ASA_m2_g,0.8994387718360789
ASA_m2_cm3,0.7167229234783813
Has_OMS,0.6625253149184868
LFPD,0.5317021669057274
NASA_m2_cm3,0.37707446522333354
NASA_m2_g,0.3533640653032237
NAV_cm3_g,0.12154476764107547
