{
  "R2": 0.9952909110264249,
  "MAE": 0.004704360101169586,
  "RMSE": 5.7086836863191404e-05,
  "MAPE(%)": 1.873846425106083
}