{
  "R2": 0.3976712486784173,
  "MAE": 0.3793779942874398,
  "RMSE": 0.30076556414062466,
  "MAPE(%)": 36.88962531791588
}