{
  "R2": 0.9690890109259441,
  "MAE": 0.014510034969149104,
  "RMSE": 0.0021292872129483934,
  "MAPE(%)": 3.7751357720712737
}