{
  "R2": 0.5122396943446215,
  "MAE": 0.3393804481496673,
  "RMSE": 0.24143660261772085,
  "MAPE(%)": 32.07825181906735
}