Feature,Importance
0.5,49.91437906593005
ASA_m2_g,16.848153037537624
AV_cm3_g,9.112945220056853
ASA_m2_cm3,5.762520861948588
AV_VF,4.247506370514981
cm3_g,3.564115363983946
PLD,2.9403596275137294
LCD,2.5555070159553464
LFPD,2.1261650039944393
Has_OMS,1.528954871207956
NASA_m2_cm3,0.6900291200466415
NASA_m2_g,0.6415309603317506
NAV_cm3_g,0.06783348097809717
