temp,lowp,outp,seed,mode,qt_frac,train_ratio,out_root,model,R2,MAE,RMSE,MAPE(%)
273K,0.5,15,2027,lowq,0.1,0.5,./RUN_FULL_EXP,cat,0.9651925865887442,0.21953598042020608,0.10057138174757731,5.971134806446229
