{
  "R2": 0.9651925865887442,
  "MAE": 0.21953598042020608,
  "RMSE": 0.10057138174757731,
  "MAPE(%)": 5.971134806446229
}