{
  "R2": 0.9871398030083393,
  "MAE": 0.04487917396534204,
  "RMSE": 0.005435036984401314,
  "MAPE(%)": 3.5929475161164506
}