{
  "R2": 0.9544401998511246,
  "MAE": 0.23841101470290152,
  "RMSE": 0.12589068817375695,
  "MAPE(%)": 6.2864922139031245
}