temp,lowp,outp,seed,mode,qt_frac,train_ratio,out_root,model,R2,MAE,RMSE,MAPE(%)
273K,0.01,15,2029,lowq,0.3,0.5,./RUN_FULL_EXP,cat,0.9544401998511246,0.23841101470290152,0.12589068817375695,6.2864922139031245
