{
  "R2": 0.9557643703591059,
  "MAE": 0.22796013469569304,
  "RMSE": 0.10465138607198277,
  "MAPE(%)": 5.771819276070052
}