Feature,Importance
0.1,85.89981849503552
AV_cm3_g,2.2097539822147403
ASA_m2_cm3,2.1857847819073797
AV_VF,1.458893808094165
ASA_m2_g,1.453963349311302
Has_OMS,1.274470071022736
cm3_g,1.2715661071419395
PLD,1.2200003551186371
LCD,1.062063222732417
LFPD,0.9339333455786236
NASA_m2_cm3,0.5834256516996424
NASA_m2_g,0.3832704125459298
NAV_cm3_g,0.06305641759695972
