{
  "R2": 0.4013081827455186,
  "MAE": 0.18858480546647852,
  "RMSE": 0.09544332514122095,
  "MAPE(%)": 51.73537178267473
}