Feature,Importance
0.1,72.94719549701591
ASA_m2_g,4.432192528986174
AV_VF,4.432040398330923
ASA_m2_cm3,4.266920739890957
AV_cm3_g,3.4845784181123864
PLD,1.9434626005943008
Has_OMS,1.8811541219147394
LCD,1.7716891249065456
LFPD,1.6491086929365608
cm3_g,1.6306152672831697
NASA_m2_cm3,0.8571641666237039
NASA_m2_g,0.6101172785362484
NAV_cm3_g,0.09376116486835176
