{
  "R2": 0.9761765401470569,
  "MAE": 0.0574753284413329,
  "RMSE": 0.00904621286715444,
  "MAPE(%)": 3.945277339685782
}