Feature,Importance
0.1,85.94967047390153
AV_cm3_g,1.8606742487860297
AV_VF,1.7664127649044916
ASA_m2_cm3,1.6141997701798165
ASA_m2_g,1.47697467637837
PLD,1.3661788000602861
cm3_g,1.357750935003695
Has_OMS,1.3330300754960573
LCD,1.2635921603859235
NASA_m2_g,0.7728892598277352
LFPD,0.769333306556771
NASA_m2_cm3,0.376887337569813
NAV_cm3_g,0.09240619094946881
