{
  "R2": 0.989668682507277,
  "MAE": 0.014963263975781198,
  "RMSE": 0.0007291032715214842,
  "MAPE(%)": 2.7222122016241586
}