Feature,Importance
0.5,71.24674313685131
ASA_m2_cm3,6.413540502805464
ASA_m2_g,5.808184334606438
AV_VF,4.445906199270456
AV_cm3_g,2.3741835624310292
cm3_g,2.141364291051407
LCD,2.0113731157261405
PLD,1.843431389472776
LFPD,1.3590396338438666
Has_OMS,1.0506237302928467
NASA_m2_g,0.733877033163263
NASA_m2_cm3,0.5046983772075593
NAV_cm3_g,0.06703469327744298
