{
  "R2": 0.9599542029573415,
  "MAE": 0.08731186106244754,
  "RMSE": 0.01708855115246649,
  "MAPE(%)": 4.26266187408128
}