Feature,Importance
0.05,64.03469460148301
ASA_m2_g,7.818907374098698
ASA_m2_cm3,6.804678037858141
AV_VF,4.00093113632815
AV_cm3_g,3.616951556286162
PLD,2.662933527341299
cm3_g,2.5417745152053888
LCD,2.4266063229063093
LFPD,2.207001013428989
Has_OMS,1.9753816498198578
NASA_m2_g,1.2240941987924474
NASA_m2_cm3,0.5888709302308657
NAV_cm3_g,0.0971751362207063
