{
  "R2": 0.9630320782563002,
  "MAE": 0.10171116147023919,
  "RMSE": 0.026614895221901608,
  "MAPE(%)": 5.200240582712197
}