Feature,Importance
0.01,56.828179188844594
ASA_m2_g,13.368166513942235
ASA_m2_cm3,6.369002684300318
AV_cm3_g,6.152326120439206
AV_VF,4.2061433707334
cm3_g,2.509676053428967
PLD,2.438201406977427
LCD,2.2955845214143737
LFPD,2.236553620358745
Has_OMS,1.4548347373615809
NASA_m2_g,1.1507663738504839
NASA_m2_cm3,0.9104325752227269
NAV_cm3_g,0.08013283312595787
