{
  "R2": 0.9584920649418801,
  "MAE": 0.17121555746013312,
  "RMSE": 0.059638037262909754,
  "MAPE(%)": 5.454395005095831
}