Feature,Importance
0.1,70.4987466873149
ASA_m2_cm3,6.21241867139968
ASA_m2_g,6.131879936614714
AV_VF,4.010996645190839
AV_cm3_g,2.3996335542553595
cm3_g,2.065495947929494
LCD,2.0527021416075133
PLD,1.9968621972637448
LFPD,1.7779002434010045
Has_OMS,1.6869605923179865
NASA_m2_g,0.6165436128404852
NASA_m2_cm3,0.5147531061937661
NAV_cm3_g,0.0351066636704877
