{
  "R2": 0.9701445788841926,
  "MAE": 0.05432898692858693,
  "RMSE": 0.006517667530373936,
  "MAPE(%)": 3.647828270630242
}