Feature,Importance
0.01,70.25693691195093
ASA_m2_g,5.112820339386646
AV_VF,5.016939123563653
ASA_m2_cm3,3.950418155941979
AV_cm3_g,3.258809087822519
Has_OMS,2.3353801393381004
cm3_g,2.3088932292354194
LFPD,2.1834051222465893
PLD,2.146825568918452
LCD,1.8375633186453428
NASA_m2_cm3,0.8106965529216765
NASA_m2_g,0.7098480553416985
NAV_cm3_g,0.07146439468696804
