{
  "R2": 0.9705522685660937,
  "MAE": 0.06315911313989307,
  "RMSE": 0.009257266478905074,
  "MAPE(%)": 4.383357026045795
}