temp,lowp,outp,seed,mode,qt_frac,train_ratio,out_root,model,R2,MAE,RMSE,MAPE(%)
293K,0.01,5,2028,lowq,0.4,0.5,./RUN_FULL_EXP,cat,0.9705522685660937,0.06315911313989307,0.009257266478905074,4.383357026045795
