{
  "R2": 0.7360213170476133,
  "MAE": 0.49831596270748635,
  "RMSE": 0.495979574408714,
  "MAPE(%)": 21.86785664635062
}