Feature,Importance
0.01,81.69085402409482
ASA_m2_cm3,2.4749444111112373
AV_VF,2.289846764995065
ASA_m2_g,2.010654621779678
PLD,1.9626082400953693
cm3_g,1.7547122227785512
AV_cm3_g,1.745127539287487
Has_OMS,1.7053425323045208
LCD,1.6046067990509643
LFPD,1.167484980177421
NASA_m2_g,0.8100197061611873
NASA_m2_cm3,0.7046200367549101
NAV_cm3_g,0.07917812140883054
