{
  "R2": 0.9926146390872821,
  "MAE": 0.007193743084952302,
  "RMSE": 0.00013945234577498732,
  "MAPE(%)": 1.9011600298771625
}