temp,lowp,outp,seed,mode,qt_frac,train_ratio,out_root,model,R2,MAE,RMSE,MAPE(%)
293K,HENRY,1,2028,lowq,0.6,0.5,./RUN_FULL_EXP,cat,0.9926146390872821,0.007193743084952302,0.00013945234577498732,1.9011600298771625
