{
  "R2": 0.9639361144052501,
  "MAE": 0.10571439752169394,
  "RMSE": 0.030996412749821397,
  "MAPE(%)": 5.674660948126409
}