temp,lowp,outp,seed,mode,qt_frac,train_ratio,out_root,model,R2,MAE,RMSE,MAPE(%)
313K,HENRY,1,2025,lowq,0.35,0.5,./RUN_FULL_EXP,cat,0.9953403600148376,0.004213312375930549,5.848051256070106e-05,1.6449323935763063
