{
  "R2": 0.9953403600148376,
  "MAE": 0.004213312375930549,
  "RMSE": 5.848051256070106e-05,
  "MAPE(%)": 1.6449323935763063
}