{
  "R2": 0.9658035698374725,
  "MAE": 0.05825832353000055,
  "RMSE": 0.00758519417230361,
  "MAPE(%)": 3.946223142250588
}