{
  "R2": 0.9737673404254713,
  "MAE": 0.011695186300149643,
  "RMSE": 0.001961565771721223,
  "MAPE(%)": 2.8694149196868888
}