Feature,Importance
0.05,84.48878269372725
Has_OMS,2.2373574222390786
ASA_m2_g,1.9675748287021284
AV_cm3_g,1.9638031078950873
cm3_g,1.9201886441344973
LCD,1.9020189812468196
LFPD,1.3359447227533614
AV_VF,1.1961878593038933
ASA_m2_cm3,1.1165270234184803
PLD,0.8220540896630909
NASA_m2_cm3,0.6614472812372905
NASA_m2_g,0.3322022020013057
NAV_cm3_g,0.055911143677705236
