temp,lowp,outp,seed,mode,qt_frac,train_ratio,out_root,model,R2,MAE,RMSE,MAPE(%)
293K,0.05,1,2029,lowq,0.3,0.5,./RUN_FULL_EXP,cat,0.9926479930500351,0.008583757412016836,0.00021569031948109047,2.382501562670435
