{
  "R2": 0.9926479930500351,
  "MAE": 0.008583757412016836,
  "RMSE": 0.00021569031948109047,
  "MAPE(%)": 2.382501562670435
}