temp,lowp,outp,seed,mode,qt_frac,train_ratio,out_root,model,R2,MAE,RMSE,MAPE(%)
273K,0.1,1,2026,lowq,0.65,0.5,./RUN_FULL_EXP,cat,0.9876524923218457,0.013651323329892896,0.00051692552425825,2.4923907952891056
