{
  "R2": 0.9876524923218457,
  "MAE": 0.013651323329892896,
  "RMSE": 0.00051692552425825,
  "MAPE(%)": 2.4923907952891056
}