Feature,Importance
0.1,88.74110016244025
Has_OMS,1.7233329079835609
cm3_g,1.494315050214554
AV_cm3_g,1.3589280766596872
LCD,1.338550866487901
AV_VF,1.0040092443279542
ASA_m2_g,0.9087977645163647
ASA_m2_cm3,0.8464916931850245
PLD,0.7183993302554776
NASA_m2_cm3,0.6752930822063585
LFPD,0.6503728575156849
NASA_m2_g,0.4125048378997215
NAV_cm3_g,0.12790412630744552
