temp,lowp,outp,seed,mode,qt_frac,train_ratio,out_root,model,R2,MAE,RMSE,MAPE(%)
313K,0.1,1,2029,lowq,0.5,0.5,./RUN_FULL_EXP,cat,0.9956010963006321,0.004451640870544449,4.25145241399248e-05,1.7725667494550585
