{
  "R2": 0.9956010963006321,
  "MAE": 0.004451640870544449,
  "RMSE": 4.25145241399248e-05,
  "MAPE(%)": 1.7725667494550585
}