Feature,Importance
0.05,73.45730755140919
ASA_m2_cm3,5.2075611472788585
ASA_m2_g,4.79551976709483
AV_VF,3.657136550166661
AV_cm3_g,2.306337513880533
cm3_g,2.0893571369262625
LCD,1.8960864113444738
PLD,1.8399029272104817
Has_OMS,1.7295654877342757
LFPD,1.4795405798673436
NASA_m2_cm3,0.7579435562291958
NASA_m2_g,0.6828144184247263
NAV_cm3_g,0.10092695243316428
