{
  "R2": 0.9700998422191,
  "MAE": 0.05977049063492704,
  "RMSE": 0.00816750326893444,
  "MAPE(%)": 4.082030369429542
}