Feature,Importance
HENRY,86.78406171390003
LFPD,2.183035586141932
AV_cm3_g,1.9443743005392669
AV_VF,1.5222281309353254
cm3_g,1.4774987364204826
ASA_m2_g,1.2502448010424543
Has_OMS,1.2178522858942598
PLD,1.1968385782822064
LCD,1.0090135256063053
ASA_m2_cm3,0.6268801491107091
NASA_m2_cm3,0.5808192804264094
NASA_m2_g,0.1751409490105422
NAV_cm3_g,0.0320119626900992
