temp,lowp,outp,seed,mode,qt_frac,train_ratio,out_root,model,R2,MAE,RMSE,MAPE(%)
313K,HENRY,1,2028,lowq,0.05,0.5,./RUN_FULL_EXP,cat,0.9727901455634209,0.00676366450537066,0.0009215432161976143,2.222396751616804
