{
  "R2": 0.9727901455634209,
  "MAE": 0.00676366450537066,
  "RMSE": 0.0009215432161976143,
  "MAPE(%)": 2.222396751616804
}