{
  "R2": 0.9885239008850182,
  "MAE": 0.00943041468848604,
  "RMSE": 0.00017917884539403301,
  "MAPE(%)": 2.603550203773761
}