Feature,Importance
0.1,65.82988706926606
ASA_m2_cm3,7.2348470179483595
ASA_m2_g,6.187942304451707
AV_VF,5.039279054360382
AV_cm3_g,2.9219722055570565
cm3_g,2.5982143194042853
PLD,2.402595476536864
LCD,2.33806306476786
LFPD,1.938132135982911
Has_OMS,1.8990090211850863
NASA_m2_cm3,0.7657335160847959
NASA_m2_g,0.7337151092762207
NAV_cm3_g,0.11060970517839286
