{
  "R2": 0.9615101989810972,
  "MAE": 0.10064146656423223,
  "RMSE": 0.02750322245908812,
  "MAPE(%)": 5.086319366077839
}