Feature,Importance
0.1,50.727128374028695
ASA_m2_g,13.706192044942357
ASA_m2_cm3,7.891749118560634
AV_cm3_g,6.196090830406702
cm3_g,5.685359696809264
AV_VF,5.443443653530797
PLD,2.9331222499623717
LFPD,2.3708658966927185
LCD,2.075769289984296
Has_OMS,1.4148692884676952
NASA_m2_g,0.7740412951872063
NASA_m2_cm3,0.7073847414234262
NAV_cm3_g,0.0739835200038395
