{
  "R2": 0.9555708892656541,
  "MAE": 0.2354531953360856,
  "RMSE": 0.1305531890403289,
  "MAPE(%)": 6.3649579414779405
}