Feature,Importance
0.01,61.82050207841237
ASA_m2_g,11.732254628817389
ASA_m2_cm3,5.82013340258647
AV_VF,4.60860279156399
AV_cm3_g,4.241844966446233
cm3_g,3.228574629199209
PLD,2.115024570100096
LCD,2.031965578717173
LFPD,1.6042927727227212
Has_OMS,1.3797309793605352
NASA_m2_cm3,0.8347055102752826
NASA_m2_g,0.5274900440286917
NAV_cm3_g,0.054878047769853236
