temp,lowp,outp,seed,mode,qt_frac,train_ratio,out_root,model,R2,MAE,RMSE,MAPE(%)
313K,0.01,15,2029,lowq,0.7,0.5,./RUN_FULL_EXP,cat,0.9633334108042388,0.1213598779730525,0.029314075636916733,4.823820669183565
