{
  "R2": 0.9633334108042388,
  "MAE": 0.1213598779730525,
  "RMSE": 0.029314075636916733,
  "MAPE(%)": 4.823820669183565
}