Feature,Importance
0.01,71.49803955240189
ASA_m2_cm3,6.094597134279528
ASA_m2_g,5.142501269307202
AV_VF,3.5920843634802324
AV_cm3_g,3.454228960213379
LCD,2.066579642770174
PLD,1.8762166054850802
LFPD,1.7722818365016588
cm3_g,1.5605298232308324
Has_OMS,1.482997796317688
NASA_m2_cm3,0.7438573553748096
NASA_m2_g,0.6158075005597725
NAV_cm3_g,0.10027816007774072
