{
  "R2": 0.9702662242554619,
  "MAE": 0.06250495783259898,
  "RMSE": 0.010072221147373415,
  "MAPE(%)": 4.2814689915708115
}