{
  "R2": 0.9905661230930544,
  "MAE": 0.010089273772230123,
  "RMSE": 0.00021975579837614064,
  "MAPE(%)": 2.8285057202447197
}