Feature,Importance
HENRY,60.05732008201955
ASA_m2_g,12.338058152675192
AV_cm3_g,5.4999528158820965
ASA_m2_cm3,5.482797494742468
AV_VF,4.421623969037353
cm3_g,3.206108233775901
LCD,2.0314895850061414
LFPD,2.00564582485773
PLD,1.9750009179977206
Has_OMS,1.360853786853636
NASA_m2_cm3,1.0501218861108628
NASA_m2_g,0.5159860514021577
NAV_cm3_g,0.055041199639206326
