{
  "R2": 0.9685681759845302,
  "MAE": 0.10926510716493226,
  "RMSE": 0.0245670926966577,
  "MAPE(%)": 4.359137274973101
}