{
  "R2": 0.9525031067914408,
  "MAE": 0.18921027685740985,
  "RMSE": 0.0867137316475998,
  "MAPE(%)": 6.673507820583717
}