Feature,Importance
HENRY,60.51381063204431
ASA_m2_g,10.258932184573027
AV_VF,6.3730465680202055
AV_cm3_g,5.349526410894334
ASA_m2_cm3,5.058634718087448
cm3_g,3.4191576478507284
LCD,2.12796309258593
LFPD,2.0115953114348604
PLD,1.866636259832369
Has_OMS,1.4959830295687322
NASA_m2_cm3,0.7380877562065356
NASA_m2_g,0.6823614859750364
NAV_cm3_g,0.10426490292647886
