{
  "R2": 0.9714116307439398,
  "MAE": 0.1116254669434082,
  "RMSE": 0.027917358106265625,
  "MAPE(%)": 4.563674758631831
}