{
  "R2": 0.9765508333641657,
  "MAE": 0.10492506822894589,
  "RMSE": 0.024083972356771347,
  "MAPE(%)": 4.3454488767649
}