Feature,Importance
0.1,57.16965526222334
ASA_m2_g,12.232658988203239
ASA_m2_cm3,6.642948836172498
AV_cm3_g,5.908873356140744
AV_VF,4.943207344372667
cm3_g,3.072119266457011
LCD,2.4306778584514697
PLD,2.2829112670640006
LFPD,1.9917962608294557
Has_OMS,1.6351341587346382
NASA_m2_cm3,1.0120819905828318
NASA_m2_g,0.5223862249489374
NAV_cm3_g,0.15554918581918226
