{
  "R2": 0.9638176872784292,
  "MAE": 0.16103941317442222,
  "RMSE": 0.05229907701413524,
  "MAPE(%)": 5.241891575035331
}