temp,lowp,outp,seed,mode,qt_frac,train_ratio,out_root,model,R2,MAE,RMSE,MAPE(%)
293K,0.1,15,2029,lowq,0.55,0.5,./RUN_FULL_EXP,cat,0.9638176872784292,0.16103941317442222,0.05229907701413524,5.241891575035331
