Feature,Importance
0.1,84.71184356209771
AV_VF,2.107737700342209
ASA_m2_cm3,1.9475973156556592
cm3_g,1.9259723902618395
AV_cm3_g,1.6128044314932002
Has_OMS,1.6088055863631174
PLD,1.4565183841451836
ASA_m2_g,1.3437836068658533
LFPD,1.1426034216564538
LCD,1.0813056947856985
NASA_m2_g,0.5248807085859545
NASA_m2_cm3,0.4878121734755102
NAV_cm3_g,0.04833502427159131
