temp,lowp,outp,seed,mode,qt_frac,train_ratio,out_root,model,R2,MAE,RMSE,MAPE(%)
273K,0.1,1,2025,lowq,0.4,0.5,./RUN_FULL_EXP,cat,0.9887630431618522,0.015010654720080558,0.0006961926676519697,2.6916445915772824
