{
  "R2": 0.9887630431618522,
  "MAE": 0.015010654720080558,
  "RMSE": 0.0006961926676519697,
  "MAPE(%)": 2.6916445915772824
}