{
  "R2": 0.9856513526519288,
  "MAE": 0.033282847123068386,
  "RMSE": 0.003942134452585544,
  "MAPE(%)": 3.2633640079673865
}