{
  "R2": 0.9456857020746642,
  "MAE": 0.246016047990241,
  "RMSE": 0.134765650200857,
  "MAPE(%)": 6.208275271719069
}