Feature,Importance
0.5,55.03219971642289
ASA_m2_g,10.350070725818002
AV_VF,7.409141976905242
ASA_m2_cm3,7.110186411889466
AV_cm3_g,6.351210170562747
cm3_g,4.188163556959698
PLD,2.7557283913721053
LFPD,2.5181909750654166
LCD,1.8321535345051856
Has_OMS,1.2726207196660198
NASA_m2_cm3,0.5714488860659551
NASA_m2_g,0.4873853858076127
NAV_cm3_g,0.12149954895966918
