{
  "R2": 0.9552450837817756,
  "MAE": 0.22888957041554336,
  "RMSE": 0.12079889117124454,
  "MAPE(%)": 6.109302007413955
}