{
  "R2": 0.8948843775400912,
  "MAE": 0.11164178972655327,
  "RMSE": 0.02945562084313295,
  "MAPE(%)": 9.180834932613323
}