Feature,Importance
0.1,72.05104534858887
ASA_m2_cm3,5.534588536941449
ASA_m2_g,5.092437793265748
AV_VF,4.401271066362262
cm3_g,2.3656254389851834
Has_OMS,2.167142748786536
AV_cm3_g,2.091698636294669
LCD,1.8356952267305917
LFPD,1.7040119691707942
PLD,1.656662647659103
NASA_m2_g,0.5286494161879113
NASA_m2_cm3,0.49287640889815076
NAV_cm3_g,0.07829476212872141
