{
  "R2": 0.9717220038096751,
  "MAE": 0.05620055306894065,
  "RMSE": 0.007520524073430091,
  "MAPE(%)": 3.855248632102403
}