Feature,Importance
0.01,57.1113478491428
ASA_m2_g,12.679793433473458
ASA_m2_cm3,6.5593563447980285
AV_cm3_g,6.100048217625993
AV_VF,4.676861617568032
LCD,2.8018044849248573
cm3_g,2.7648613567224034
PLD,2.453059740367519
LFPD,2.1236165475031017
Has_OMS,1.1638844330648073
NASA_m2_g,0.8464844713545066
NASA_m2_cm3,0.6265077921614514
NAV_cm3_g,0.09237371129304428
