temp,lowp,outp,seed,mode,qt_frac,train_ratio,out_root,model,R2,MAE,RMSE,MAPE(%)
293K,0.01,15,2026,lowq,0.2,0.5,./RUN_FULL_EXP,cat,0.95826612888055,0.17037607769265364,0.07156453869827634,5.6939356654638935
