{
  "R2": 0.95826612888055,
  "MAE": 0.17037607769265364,
  "RMSE": 0.07156453869827634,
  "MAPE(%)": 5.6939356654638935
}