{
  "R2": 0.7201903917217116,
  "MAE": 0.5148844819229866,
  "RMSE": 0.5287267847589939,
  "MAPE(%)": 23.130149538260575
}