Feature,Importance
0.01,80.09698165608442
ASA_m2_cm3,2.6379205433950035
AV_cm3_g,2.3111412943019873
cm3_g,2.2413423568311077
LCD,2.0782410608274344
Has_OMS,2.036518878576223
AV_VF,2.0121479945877256
ASA_m2_g,1.7260616177493584
PLD,1.6827546539399436
LFPD,1.282845272845928
NASA_m2_cm3,1.1404868605593814
NASA_m2_g,0.6395050509700936
NAV_cm3_g,0.11405275933137154
