{
  "R2": 0.9866139170373563,
  "MAE": 0.0175960149536999,
  "RMSE": 0.0009542347519492621,
  "MAPE(%)": 3.2382619171867133
}