Feature,Importance
0.01,56.94380981399734
ASA_m2_g,13.524939280913829
AV_VF,6.321640504002609
ASA_m2_cm3,5.784706863148169
AV_cm3_g,4.147440053567586
cm3_g,3.6658420475430677
PLD,2.550137697746881
LFPD,2.304156723717557
LCD,2.211824722101463
Has_OMS,1.2245630422636167
NASA_m2_cm3,0.7516641582227158
NASA_m2_g,0.4411251571031411
NAV_cm3_g,0.12814993567201793
