{
  "R2": 0.9669632692062461,
  "MAE": 0.06752477776177514,
  "RMSE": 0.011599084916358995,
  "MAPE(%)": 4.705687846436901
}