{
  "R2": 0.9885428445860183,
  "MAE": 0.015110201441095115,
  "RMSE": 0.0007934596423076814,
  "MAPE(%)": 2.746163666924758
}