temp,lowp,outp,seed,mode,qt_frac,train_ratio,out_root,model,R2,MAE,RMSE,MAPE(%)
273K,0.1,1,2029,lowq,0.3,0.5,./RUN_FULL_EXP,cat,0.9885428445860183,0.015110201441095115,0.0007934596423076814,2.746163666924758
