{
  "R2": 0.9909990339046227,
  "MAE": 0.009799109702716694,
  "RMSE": 0.0002093042687038384,
  "MAPE(%)": 2.7717181035176375
}