Feature,Importance
0.1,66.82825180815648
ASA_m2_g,7.323399550947922
AV_VF,5.814265967944007
ASA_m2_cm3,4.46841301988476
AV_cm3_g,2.846860703613279
LCD,2.653846418966663
cm3_g,2.4964367772814646
PLD,2.013776767441957
Has_OMS,1.932815214412973
LFPD,1.8855207212830665
NASA_m2_cm3,1.1921821094027476
NASA_m2_g,0.4606750891580093
NAV_cm3_g,0.08355585150668143
