{
  "R2": 0.9609246845065442,
  "MAE": 0.09770596235369135,
  "RMSE": 0.022534833026173356,
  "MAPE(%)": 4.935396758914383
}