Feature,Importance
0.01,86.5472063697122
AV_cm3_g,2.1385129983886655
cm3_g,1.8525724861887554
LCD,1.5292417156125386
LFPD,1.4319389443334918
ASA_m2_cm3,1.347272327968674
PLD,1.1602092947082074
AV_VF,1.1511706171016685
Has_OMS,1.0840787594107968
ASA_m2_g,0.9409570741089472
NASA_m2_g,0.41349618071141747
NASA_m2_cm3,0.31604444806473697
NAV_cm3_g,0.08729878368987039
