{
  "R2": 0.9901323277726741,
  "MAE": 0.006825530401193359,
  "RMSE": 8.44253105834119e-05,
  "MAPE(%)": 2.6978341187668016
}