{
  "R2": 0.9240608517050066,
  "MAE": 0.2558123438619252,
  "RMSE": 0.14259361680424765,
  "MAPE(%)": 9.817385703366185
}