Feature,Importance
0.01,57.37750622507651
ASA_m2_g,13.57463009293721
ASA_m2_cm3,6.471187159058725
AV_cm3_g,5.410702130468769
AV_VF,4.413536398025221
cm3_g,2.766959386895166
PLD,2.4331843925056065
LCD,2.387339088155303
LFPD,2.2019297666211646
Has_OMS,1.2905490940836921
NASA_m2_g,0.7980658611993795
NASA_m2_cm3,0.7782126001549738
NAV_cm3_g,0.09619780481825967
