{
  "R2": 0.9532080589053636,
  "MAE": 0.1716710699927736,
  "RMSE": 0.0707364902790101,
  "MAPE(%)": 5.526595387098019
}