Feature,Importance
0.01,82.676514808347
AV_VF,2.6138803753715067
ASA_m2_cm3,2.2556830691355163
cm3_g,1.8612448984217418
ASA_m2_g,1.8268554465107685
AV_cm3_g,1.677647396328541
PLD,1.6615863518853076
LCD,1.609305153790864
LFPD,1.329987420004856
Has_OMS,1.2267328162880067
NASA_m2_cm3,0.7780852411933957
NASA_m2_g,0.4316667232783852
NAV_cm3_g,0.050810299444109294
