{
  "R2": 0.9835189871772866,
  "MAE": 0.01589089664823521,
  "RMSE": 0.000611282541390974,
  "MAPE(%)": 2.9427578515775568
}