Feature,Importance
0.01,80.8735326773341
Has_OMS,2.565771958628216
AV_VF,2.259496444106253
ASA_m2_cm3,2.1861567818850314
AV_cm3_g,2.123354327714071
cm3_g,1.8963747183743622
PLD,1.885480974567906
LCD,1.7344802078856862
LFPD,1.4308691224606267
ASA_m2_g,1.3731334183046406
NASA_m2_cm3,0.8983549865134611
NASA_m2_g,0.7126713367884723
NAV_cm3_g,0.06032304543717592
