{
  "R2": 0.9759339638271117,
  "MAE": 0.021949328625900474,
  "RMSE": 0.0023320735554490718,
  "MAPE(%)": 3.945276258542391
}