Feature,Importance
0.5,60.08590257074978
ASA_m2_g,11.115373180303024
AV_VF,6.454130302210757
AV_cm3_g,6.36051540327623
ASA_m2_cm3,4.0869852507224484
cm3_g,3.3316685044621543
PLD,2.4315004890835588
LFPD,1.8768174529913404
LCD,1.8610630346328725
Has_OMS,1.1021435254098704
NASA_m2_g,0.6189382754145115
NASA_m2_cm3,0.5924135110096896
NAV_cm3_g,0.08254849973376102
