{
  "R2": 0.9698531687986823,
  "MAE": 0.15572306652320445,
  "RMSE": 0.05355182411502166,
  "MAPE(%)": 5.397098678398464
}