Feature,Importance
0.01,54.04318536912677
ASA_m2_g,11.361532864396056
AV_cm3_g,7.481068976259976
ASA_m2_cm3,7.132779957819957
AV_VF,6.577625205856809
cm3_g,2.9060391889225974
PLD,2.7922091190258107
LCD,2.275601274228568
LFPD,2.1438013694195135
Has_OMS,1.7067338859745045
NASA_m2_cm3,0.9669249369321297
NASA_m2_g,0.5721429278885243
NAV_cm3_g,0.0403549241488118
