{
  "R2": 0.9552775591225897,
  "MAE": 0.17473713345744815,
  "RMSE": 0.07139176869430379,
  "MAPE(%)": 5.762462606155739
}