{
  "R2": 0.9809668052785174,
  "MAE": 0.03383524717492762,
  "RMSE": 0.0036302570161875465,
  "MAPE(%)": 3.075401021178335
}