{
  "R2": 0.9935460662721259,
  "MAE": 0.026558561291303077,
  "RMSE": 0.0016655224456678167,
  "MAPE(%)": 2.062091189883123
}