{
  "R2": 0.9725242992210376,
  "MAE": 0.058368891533379874,
  "RMSE": 0.009200844269554843,
  "MAPE(%)": 3.97783865986674
}