temp,lowp,outp,seed,mode,qt_frac,train_ratio,out_root,model,R2,MAE,RMSE,MAPE(%)
293K,0.05,5,2028,lowq,0.35,0.5,./RUN_FULL_EXP,cat,0.9725242992210376,0.058368891533379874,0.009200844269554843,3.97783865986674
