Feature,Importance
0.5,81.7555733828828
ASA_m2_g,3.3411835168533797
AV_cm3_g,2.778294194516281
ASA_m2_cm3,2.6892185950042204
AV_VF,2.4115337520966453
cm3_g,1.6755215890079518
LCD,1.1610734307642638
Has_OMS,1.058048937024914
PLD,1.0556648516136127
LFPD,1.0323181125240095
NASA_m2_g,0.4921075842797836
NASA_m2_cm3,0.4425279413901927
NAV_cm3_g,0.10693411204191021
