{
  "R2": 0.9844531617424552,
  "MAE": 0.031060260537231252,
  "RMSE": 0.0022795929805158486,
  "MAPE(%)": 2.8318688960141487
}