temp,lowp,outp,seed,mode,qt_frac,train_ratio,out_root,model,R2,MAE,RMSE,MAPE(%)
313K,0.5,1,2029,lowq,0.35,0.5,./RUN_FULL_EXP,cat,0.9973830682576146,0.0037454289142656444,3.2078407452700133e-05,1.4940447794947636
