{
  "R2": 0.9973830682576146,
  "MAE": 0.0037454289142656444,
  "RMSE": 3.2078407452700133e-05,
  "MAPE(%)": 1.4940447794947636
}