{
  "R2": 0.9810540902190313,
  "MAE": 0.01820042815086308,
  "RMSE": 0.0013385099591086075,
  "MAPE(%)": 3.415025460682201
}