Feature,Importance
PLD,14.0198237677469
Has_OMS,13.759296005754479
cm3_g,13.122440203535223
AV_VF,11.736172702787666
LFPD,9.700884110946108
LCD,9.554314316981689
ASA_m2_cm3,9.08307238026099
AV_cm3_g,8.102848301475335
ASA_m2_g,5.734586013073248
NASA_m2_g,3.023857553606201
NASA_m2_cm3,2.0133454770694197
NAV_cm3_g,0.14935916676275124
