temp,lowp,outp,seed,mode,qt_frac,train_ratio,out_root,model,R2,MAE,RMSE,MAPE(%)
293K,0.01,1,2027,struct,0.0,0.45,./RUN_FULL_EXP,cat,0.40572669226779257,0.12127512856833633,0.04327853133779522,48.65573939961188
