{
  "R2": 0.40572669226779257,
  "MAE": 0.12127512856833633,
  "RMSE": 0.04327853133779522,
  "MAPE(%)": 48.65573939961188
}