Feature,Importance
HENRY,54.09292741142806
ASA_m2_g,15.829252721469054
ASA_m2_cm3,6.068193861477415
AV_VF,5.284260312864925
AV_cm3_g,4.972549628993005
cm3_g,3.049259414241846
PLD,2.7853274684135694
LFPD,2.3944945231312578
LCD,2.33516874044882
Has_OMS,1.6185674294459553
NASA_m2_cm3,0.7800643343641456
NASA_m2_g,0.6431760867561601
NAV_cm3_g,0.14675806696577623
