{
  "R2": 0.9582823327376255,
  "MAE": 0.1673809762711961,
  "RMSE": 0.07208208658146444,
  "MAPE(%)": 5.5202932023377596
}