temp,lowp,outp,seed,mode,qt_frac,train_ratio,out_root,model,R2,MAE,RMSE,MAPE(%)
293K,HENRY,15,2025,lowq,0.3,0.5,./RUN_FULL_EXP,cat,0.9582823327376255,0.1673809762711961,0.07208208658146444,5.5202932023377596
