Feature,Importance
0.5,90.1040867437326
AV_cm3_g,1.5690441909103046
cm3_g,1.5346907928416553
Has_OMS,1.3313051502043534
ASA_m2_g,1.1880504735448885
PLD,0.9255253657498655
LFPD,0.8084363378592687
AV_VF,0.7210019601649917
LCD,0.6013971738092277
ASA_m2_cm3,0.6006961975332937
NASA_m2_cm3,0.3720370387660403
NASA_m2_g,0.15199828115802086
NAV_cm3_g,0.0917302937254797
