temp,lowp,outp,seed,mode,qt_frac,train_ratio,out_root,model,R2,MAE,RMSE,MAPE(%)
293K,0.5,1,2025,lowq,0.3,0.5,./RUN_FULL_EXP,cat,0.9967182063644036,0.006084268980770612,9.732216071689113e-05,1.676335168281639
