{
  "R2": 0.9967182063644036,
  "MAE": 0.006084268980770612,
  "RMSE": 9.732216071689113e-05,
  "MAPE(%)": 1.676335168281639
}