{
  "R2": 0.19849607874729314,
  "MAE": 0.2141097346015711,
  "RMSE": 0.12233753886737701,
  "MAPE(%)": 62.70516664870295
}