temp,lowp,outp,seed,mode,qt_frac,train_ratio,out_root,model,R2,MAE,RMSE,MAPE(%)
273K,0.01,1,2028,struct,0.0,0.1,./RUN_FULL_EXP,cat,0.19849607874729314,0.2141097346015711,0.12233753886737701,62.70516664870295
