{
  "R2": 0.22926611204255953,
  "MAE": 0.21094195264823443,
  "RMSE": 0.12876515925388937,
  "MAPE(%)": 61.577507822701136
}