Feature,Importance
0.01,71.35517865917464
ASA_m2_g,5.068058542275785
AV_VF,4.545157992741539
ASA_m2_cm3,3.4314083497742875
Has_OMS,2.851608990998079
cm3_g,2.645593824527409
AV_cm3_g,2.3780931171389517
LCD,2.0178272507050985
LFPD,1.9721192891831785
PLD,1.7417946521523866
NASA_m2_g,1.1070977669782487
NASA_m2_cm3,0.8035421903292779
NAV_cm3_g,0.08251937402112929
