{
  "R2": 0.969530552135238,
  "MAE": 0.0687549821499855,
  "RMSE": 0.011062940694888395,
  "MAPE(%)": 4.961845574319999
}