temp,lowp,outp,seed,mode,qt_frac,train_ratio,out_root,model,R2,MAE,RMSE,MAPE(%)
313K,0.1,15,2029,lowq,0.35,0.5,./RUN_FULL_EXP,cat,0.9744186442542135,0.10986292893888161,0.025538204727568535,4.571488947319131
