{
  "R2": 0.9744186442542135,
  "MAE": 0.10986292893888161,
  "RMSE": 0.025538204727568535,
  "MAPE(%)": 4.571488947319131
}