Feature,Importance
0.01,83.37659929888478
ASA_m2_cm3,2.9698921254097743
AV_VF,2.245246264730503
LFPD,1.6455298317497822
LCD,1.535523341652665
ASA_m2_g,1.3917995137710417
PLD,1.388144693132739
Has_OMS,1.2947870109652457
AV_cm3_g,1.247728767516561
cm3_g,1.2119717716421536
NASA_m2_cm3,0.9082644846271403
NASA_m2_g,0.7370619222158926
NAV_cm3_g,0.0474509737017013
