{
  "R2": 0.9582689997632875,
  "MAE": 0.025460189049729083,
  "RMSE": 0.006285287972862992,
  "MAPE(%)": 4.549504421218233
}