{
  "R2": 0.9510812472880367,
  "MAE": 0.026695759834352534,
  "RMSE": 0.008160795089674263,
  "MAPE(%)": 4.579097144991325
}