{
  "R2": 0.47469153569223244,
  "MAE": 0.34621513599964865,
  "RMSE": 0.2549779861837102,
  "MAPE(%)": 31.73783072351838
}