{
  "R2": 0.9776905532873968,
  "MAE": 0.01104114002953342,
  "RMSE": 0.0015060731204452691,
  "MAPE(%)": 2.494377863431636
}