{
  "R2": 0.9538899050220364,
  "MAE": 0.2387434935189013,
  "RMSE": 0.1117248827446458,
  "MAPE(%)": 6.020017463584663
}