temp,lowp,outp,seed,mode,qt_frac,train_ratio,out_root,model,R2,MAE,RMSE,MAPE(%)
273K,0.1,15,2026,lowq,0.7,0.5,./RUN_FULL_EXP,cat,0.9538899050220364,0.2387434935189013,0.1117248827446458,6.020017463584663
