Feature,Importance
0.05,77.35420170433773
ASA_m2_g,4.513276056363247
AV_VF,3.251091590529634
ASA_m2_cm3,3.069650711695469
AV_cm3_g,2.795837676920232
cm3_g,1.827038865785471
LCD,1.7444659807175247
PLD,1.6381034099784306
Has_OMS,1.4188321189399964
LFPD,1.3235545313325314
NASA_m2_g,0.6171370830184093
NASA_m2_cm3,0.39681081787766975
NAV_cm3_g,0.049999452503625565
