{
  "R2": 0.9760438680710304,
  "MAE": 0.04009608186659608,
  "RMSE": 0.006385200712918295,
  "MAPE(%)": 3.752136861541998
}