{
  "R2": 0.18725440258674309,
  "MAE": 0.14791707238003413,
  "RMSE": 0.058592562289861705,
  "MAPE(%)": 58.65202291003645
}