{
  "R2": 0.973324474635985,
  "MAE": 0.062445642145918134,
  "RMSE": 0.012375297730433044,
  "MAPE(%)": 4.424376356774564
}