{
  "R2": 0.9635445849504322,
  "MAE": 0.11448538172469236,
  "RMSE": 0.03828283120647921,
  "MAPE(%)": 4.758538404119072
}