temp,lowp,outp,seed,mode,qt_frac,train_ratio,out_root,model,R2,MAE,RMSE,MAPE(%)
293K,0.1,15,2026,lowq,0.2,0.5,./RUN_FULL_EXP,cat,0.9600611651350046,0.16267245927388607,0.06775266176171035,5.530500426545601
