{
  "R2": 0.9600611651350046,
  "MAE": 0.16267245927388607,
  "RMSE": 0.06775266176171035,
  "MAPE(%)": 5.530500426545601
}