{
  "R2": 0.9731514324251305,
  "MAE": 0.06528472303904018,
  "RMSE": 0.011679691815851533,
  "MAPE(%)": 4.535271494629602
}