{
  "R2": 0.9775026110507934,
  "MAE": 0.013056619935178171,
  "RMSE": 0.0014730319663778747,
  "MAPE(%)": 3.360772146232242
}