{
  "R2": 0.9712691348945929,
  "MAE": 0.028347424377582194,
  "RMSE": 0.0032918208043374825,
  "MAPE(%)": 5.644567919304972
}