{
  "R2": 0.9660788565221335,
  "MAE": 0.027654165462001338,
  "RMSE": 0.0037041239100457832,
  "MAPE(%)": 5.501085783743278
}