Feature,Importance
0.01,78.24323385007617
AV_cm3_g,3.020501568477087
cm3_g,2.8565363743251657
Has_OMS,2.7202761062706453
AV_VF,2.6628396974027764
LCD,2.289260290480546
ASA_m2_cm3,1.98575863587869
LFPD,1.9424876640055668
PLD,1.941450656575719
ASA_m2_g,1.0774435185266837
NASA_m2_g,0.6917607803864229
NASA_m2_cm3,0.5160807825054321
NAV_cm3_g,0.05237007508909139
