temp,lowp,outp,seed,mode,qt_frac,train_ratio,out_root,model,R2,MAE,RMSE,MAPE(%)
293K,0.01,15,2029,struct_with_input,0.0,0.75,./RUN_FULL_EXP,cat,0.9677417907258049,0.16606400939368568,0.060763289623005395,5.918187406150766
