Feature,Importance
0.05,88.7124164174946
cm3_g,1.6251131192534825
AV_cm3_g,1.4920483497258676
ASA_m2_cm3,1.348352202769761
AV_VF,1.2811741976144124
LCD,1.2441676078048154
ASA_m2_g,0.8428531049607235
Has_OMS,0.8419010380925734
PLD,0.7893550834178032
LFPD,0.6680915602181391
NASA_m2_cm3,0.6239928874770828
NASA_m2_g,0.41508822694590486
NAV_cm3_g,0.11544620422482227
