{
  "R2": 0.9947649502052806,
  "MAE": 0.004986562583028268,
  "RMSE": 5.1033260313891906e-05,
  "MAPE(%)": 1.967284309776491
}