{
  "R2": 0.9783913688795863,
  "MAE": 0.006517895429620086,
  "RMSE": 0.0005586596140639402,
  "MAPE(%)": 2.360935002528185
}