{
  "R2": 0.7517188642849435,
  "MAE": 0.16118657650910592,
  "RMSE": 0.053034801763627994,
  "MAPE(%)": 12.266586994007831
}