{
  "R2": 0.9936341288353624,
  "MAE": 0.028476253428095483,
  "RMSE": 0.0021202834772744844,
  "MAPE(%)": 2.2560056091439002
}