{
  "R2": 0.3490982104313288,
  "MAE": 0.19468662229806158,
  "RMSE": 0.11052400541469351,
  "MAPE(%)": 56.8747624504902
}