Feature,Importance
0.1,66.16344427991538
ASA_m2_g,7.492308839383171
ASA_m2_cm3,5.5591540924173675
AV_VF,5.185617222309173
AV_cm3_g,3.0475742179067535
LFPD,2.8603323131695806
PLD,2.2917894720703953
LCD,2.2153632938159475
cm3_g,2.030719498466803
Has_OMS,1.5783486634793535
NASA_m2_cm3,0.8683673177665463
NASA_m2_g,0.637494908521864
NAV_cm3_g,0.0694858807776377
