{
  "R2": 0.9647136106601213,
  "MAE": 0.10393893933900532,
  "RMSE": 0.028954466021437187,
  "MAPE(%)": 5.515778014249893
}