temp,lowp,outp,seed,mode,qt_frac,train_ratio,out_root,model,R2,MAE,RMSE,MAPE(%)
273K,0.1,5,2025,lowq,0.05,0.5,./RUN_FULL_EXP,cat,0.9647136106601213,0.10393893933900532,0.028954466021437187,5.515778014249893
