{
  "R2": 0.9900968635947409,
  "MAE": 0.009888218657110197,
  "RMSE": 0.00021207796877505068,
  "MAPE(%)": 2.7563873294569508
}