temp,lowp,outp,seed,mode,qt_frac,train_ratio,out_root,model,R2,MAE,RMSE,MAPE(%)
313K,HENRY,1,2029,lowq,0.4,0.5,./RUN_FULL_EXP,cat,0.9962872130790201,0.0040408275141132965,4.195729804601508e-05,1.5823259627580497
