{
  "R2": 0.9962872130790201,
  "MAE": 0.0040408275141132965,
  "RMSE": 4.195729804601508e-05,
  "MAPE(%)": 1.5823259627580497
}