Feature,Importance
0.01,57.232817152407705
ASA_m2_g,14.076052079218458
ASA_m2_cm3,6.322525292224577
AV_VF,4.690450927485898
AV_cm3_g,4.687402108776262
cm3_g,2.919498776111148
LCD,2.5637292170783863
PLD,2.517764162279589
LFPD,1.7913475809699577
Has_OMS,1.4055716497083661
NASA_m2_cm3,0.9125115333003465
NASA_m2_g,0.8041712307780474
NAV_cm3_g,0.07615828966127915
