temp,lowp,outp,seed,mode,qt_frac,train_ratio,out_root,model,R2,MAE,RMSE,MAPE(%)
293K,0.01,15,2026,lowq,0.65,0.5,./RUN_FULL_EXP,cat,0.9494359376766417,0.17221873324960968,0.07171315068709187,5.450017661671616
