{
  "R2": 0.9494359376766417,
  "MAE": 0.17221873324960968,
  "RMSE": 0.07171315068709187,
  "MAPE(%)": 5.450017661671616
}