{
  "R2": 0.9560476808695586,
  "MAE": 0.24513121213173525,
  "RMSE": 0.12004970011068236,
  "MAPE(%)": 6.503160182494618
}