temp,lowp,outp,seed,mode,qt_frac,train_ratio,out_root,model,R2,MAE,RMSE,MAPE(%)
273K,0.01,15,2025,lowq,0.35,0.5,./RUN_FULL_EXP,cat,0.9560476808695586,0.24513121213173525,0.12004970011068236,6.503160182494618
