{
  "R2": 0.9824859616792303,
  "MAE": 0.005599115206384574,
  "RMSE": 0.00032712660426615503,
  "MAPE(%)": 2.1871480965366468
}