temp,lowp,outp,seed,mode,qt_frac,train_ratio,out_root,model,R2,MAE,RMSE,MAPE(%)
313K,0.05,1,2028,lowq,0.05,0.5,./RUN_FULL_EXP,cat,0.9708317944108321,0.007517616255887381,0.0011010046367286698,2.5900004191837067
