{
  "R2": 0.9708317944108321,
  "MAE": 0.007517616255887381,
  "RMSE": 0.0011010046367286698,
  "MAPE(%)": 2.5900004191837067
}