{
  "R2": 0.9391722411246932,
  "MAE": 0.21680911081648158,
  "RMSE": 0.11194179588808179,
  "MAPE(%)": 7.6449881187725195
}