Feature,Importance
0.05,65.67797348661301
ASA_m2_cm3,7.825288674109449
ASA_m2_g,6.899332187116232
AV_VF,3.7007442700759974
AV_cm3_g,3.216233140185955
LCD,2.723876468512458
cm3_g,2.3941631851124416
PLD,2.260078985461362
Has_OMS,1.978831795151384
LFPD,1.8314475446938987
NASA_m2_g,0.7688202904141861
NASA_m2_cm3,0.6452851237529407
NAV_cm3_g,0.07792484880066303
