{
  "R2": 0.9511164226138558,
  "MAE": 0.1000301455225386,
  "RMSE": 0.022312417869782438,
  "MAPE(%)": 4.985200880743896
}