{
  "R2": 0.44626110056099866,
  "MAE": 0.3576268300348288,
  "RMSE": 0.2731403904299954,
  "MAPE(%)": 34.99507816622524
}