{
  "R2": 0.9345854202167857,
  "MAE": 0.03335982387955491,
  "RMSE": 0.009982879880668568,
  "MAPE(%)": 6.805665625020646
}