Feature,Importance
0.01,46.175398020752695
ASA_m2_g,16.654818235417522
ASA_m2_cm3,7.58165073706667
AV_cm3_g,6.725918139855557
AV_VF,5.680704810977642
cm3_g,5.220615071643647
PLD,3.2992761637566885
LFPD,2.9864156672848945
LCD,2.405199434643796
Has_OMS,1.5772467539471953
NASA_m2_cm3,0.7996334857438631
NASA_m2_g,0.7960184240727699
NAV_cm3_g,0.09710505483706657
