Feature,Importance
HENRY,60.732227423519504
ASA_m2_g,13.534283642552722
AV_cm3_g,5.223406818371515
ASA_m2_cm3,4.766784228492425
AV_VF,4.603856762917871
cm3_g,3.022869253704376
PLD,2.0364222587025593
LCD,2.0336638134288387
LFPD,1.7778289122386508
Has_OMS,0.9786462803791053
NASA_m2_cm3,0.7595220489341914
NASA_m2_g,0.43817352465658976
NAV_cm3_g,0.09231503210168078
