{
  "R2": 0.9635623411930728,
  "MAE": 0.11282753501198907,
  "RMSE": 0.04048716213225871,
  "MAPE(%)": 4.607829796072281
}