Feature,Importance
0.05,60.62822848466438
ASA_m2_g,13.835223894394614
ASA_m2_cm3,5.870186599107824
AV_VF,4.7030206463936555
cm3_g,3.47207695479452
AV_cm3_g,3.0160032247268993
PLD,2.1924322023972103
LCD,2.073858231676882
LFPD,1.7281601890517482
Has_OMS,1.1536336922057016
NASA_m2_g,0.611997886596576
NASA_m2_cm3,0.5922914680141654
NAV_cm3_g,0.12288652597580257
