{
  "R2": 0.9682083684962217,
  "MAE": 0.11039526952342926,
  "RMSE": 0.025657650315788254,
  "MAPE(%)": 4.345194052463299
}