temp,lowp,outp,seed,mode,qt_frac,train_ratio,out_root,model,R2,MAE,RMSE,MAPE(%)
313K,0.05,15,2025,lowq,0.65,0.5,./RUN_FULL_EXP,cat,0.9682083684962217,0.11039526952342926,0.025657650315788254,4.345194052463299
