{
  "R2": 0.9565918401494683,
  "MAE": 0.10119862870178854,
  "RMSE": 0.023509959351160573,
  "MAPE(%)": 5.146267355627719
}