Feature,Importance
0.5,61.20730043705432
ASA_m2_g,7.875854934177124
AV_VF,6.786141377622706
ASA_m2_cm3,6.496305402403077
AV_cm3_g,6.412296322294344
cm3_g,2.795478525935033
PLD,2.0526696650891787
LFPD,1.9031135689013037
LCD,1.8790093002219352
Has_OMS,1.4640933587420535
NASA_m2_cm3,0.5509428142880908
NASA_m2_g,0.5140069238802906
NAV_cm3_g,0.06278736939054798
