temp,lowp,outp,seed,mode,qt_frac,train_ratio,out_root,model,R2,MAE,RMSE,MAPE(%)
293K,0.5,15,2028,lowq,0.55,0.5,./RUN_FULL_EXP,cat,0.955598065350235,0.16240917934849172,0.06513360782916257,5.2027784665217425
