{
  "R2": 0.955598065350235,
  "MAE": 0.16240917934849172,
  "RMSE": 0.06513360782916257,
  "MAPE(%)": 5.2027784665217425
}