Feature,Importance
0.5,59.333079912967946
ASA_m2_g,10.119663730559248
AV_VF,6.863070572153806
AV_cm3_g,5.936841793494793
ASA_m2_cm3,5.753678949071538
cm3_g,3.4020341301735466
PLD,2.160866202215426
LFPD,2.023860449046431
LCD,1.7813040658412933
Has_OMS,1.3147714840245883
NASA_m2_cm3,0.7033349166724744
NASA_m2_g,0.4943692413269498
NAV_cm3_g,0.11312455245195413
