{
  "R2": 0.9528633661180963,
  "MAE": 0.22800276108963363,
  "RMSE": 0.1170004823324652,
  "MAPE(%)": 5.825534995481864
}