Feature,Importance
HENRY,77.42915478300782
AV_VF,3.4803832844840974
ASA_m2_cm3,3.331510653734144
ASA_m2_g,3.315340848111186
AV_cm3_g,3.1952931924851544
Has_OMS,1.7965599404303305
PLD,1.6451450857787147
cm3_g,1.6143669942018708
LCD,1.581287869464055
LFPD,1.4444255684874345
NASA_m2_cm3,0.5874784086671527
NASA_m2_g,0.5025050087774714
NAV_cm3_g,0.07654836237057562
