{
  "R2": 0.9813551066276012,
  "MAE": 0.033903461300960086,
  "RMSE": 0.0029768988945020713,
  "MAPE(%)": 3.091718212867524
}