temp,lowp,outp,seed,mode,qt_frac,train_ratio,out_root,model,R2,MAE,RMSE,MAPE(%)
313K,HENRY,5,2028,lowq,0.45,0.5,./RUN_FULL_EXP,cat,0.9813551066276012,0.033903461300960086,0.0029768988945020713,3.091718212867524
