Feature,Importance
0.01,57.941471472098065
ASA_m2_g,13.04978228512537
AV_VF,6.181385942776264
AV_cm3_g,5.368451221350611
ASA_m2_cm3,5.120887062151458
PLD,2.7194348956349708
cm3_g,2.706782224603174
LFPD,2.3180265111526475
LCD,1.812642697694935
Has_OMS,1.2904682661627407
NASA_m2_cm3,0.7961827741877048
NASA_m2_g,0.6612786987667121
NAV_cm3_g,0.03320594829536059
