{
  "R2": 0.96541376152559,
  "MAE": 0.021376640351200935,
  "RMSE": 0.0032748815669246386,
  "MAPE(%)": 3.7971103947330707
}