{
  "R2": 0.9769944572897891,
  "MAE": 0.021373208467759315,
  "RMSE": 0.002158616874896722,
  "MAPE(%)": 4.002023944416446
}