{
  "R2": 0.9507680695988736,
  "MAE": 0.09885430235820213,
  "RMSE": 0.022616673670054443,
  "MAPE(%)": 4.991973694427078
}