temp,lowp,outp,seed,mode,qt_frac,train_ratio,out_root,model,R2,MAE,RMSE,MAPE(%)
273K,0.1,5,2027,lowq,0.75,0.5,./RUN_FULL_EXP,cat,0.9507680695988736,0.09885430235820213,0.022616673670054443,4.991973694427078
