{
  "R2": 0.9869616559433902,
  "MAE": 0.0152412544059509,
  "RMSE": 0.0006896081124770066,
  "MAPE(%)": 2.791500473002676
}