temp,lowp,outp,seed,mode,qt_frac,train_ratio,out_root,model,R2,MAE,RMSE,MAPE(%)
273K,HENRY,1,2029,lowq,0.5,0.5,./RUN_FULL_EXP,cat,0.9869616559433902,0.0152412544059509,0.0006896081124770066,2.791500473002676
