temp,lowp,outp,seed,mode,qt_frac,train_ratio,out_root,model,R2,MAE,RMSE,MAPE(%)
293K,HENRY,5,2028,lowq,0.6,0.5,./RUN_FULL_EXP,cat,0.966690041988433,0.05658048970810564,0.008655985545342375,3.7850942433435493
