{
  "R2": 0.966690041988433,
  "MAE": 0.05658048970810564,
  "RMSE": 0.008655985545342375,
  "MAPE(%)": 3.7850942433435493
}