{
  "R2": 0.9730657664725886,
  "MAE": 0.10842035400736712,
  "RMSE": 0.024314465719253886,
  "MAPE(%)": 4.434137156927495
}