{
  "R2": 0.981705807389745,
  "MAE": 0.048750116845447514,
  "RMSE": 0.008670196909145536,
  "MAPE(%)": 3.221453724928568
}