Feature,Importance
0.05,47.95842928652065
ASA_m2_g,17.052351794425824
ASA_m2_cm3,6.648885105955022
AV_cm3_g,6.227017916146475
AV_VF,6.03899138778259
cm3_g,4.40576938829432
PLD,3.4880081093400914
LFPD,2.677232710498797
LCD,2.2373837776673002
Has_OMS,1.5884374391587828
NASA_m2_cm3,0.9907002691640328
NASA_m2_g,0.589249693199491
NAV_cm3_g,0.0975431218465814
