temp,lowp,outp,seed,mode,qt_frac,train_ratio,out_root,model,R2,MAE,RMSE,MAPE(%)
273K,0.05,15,2025,lowq,0.05,0.5,./RUN_FULL_EXP,cat,0.95971532542776,0.2291932566544955,0.12208505673651697,6.300076387784857
