{
  "R2": 0.95971532542776,
  "MAE": 0.2291932566544955,
  "RMSE": 0.12208505673651697,
  "MAPE(%)": 6.300076387784857
}