Feature,Importance
0.01,70.9461376287797
ASA_m2_g,5.8372913460384215
AV_VF,4.110979266919458
ASA_m2_cm3,3.832022898701757
cm3_g,3.137790875775437
AV_cm3_g,2.3306906332443598
Has_OMS,2.2706298232508573
LCD,2.2059605387136423
LFPD,1.7810714171175503
PLD,1.636955753756818
NASA_m2_cm3,1.3076530918069071
NASA_m2_g,0.43553294767364586
NAV_cm3_g,0.16728377822147703
