{
  "R2": 0.951671382131747,
  "MAE": 0.08279414142337789,
  "RMSE": 0.024232218790757473,
  "MAPE(%)": 6.381311827631182
}