Feature,Importance
0.01,63.88836183215601
ASA_m2_g,8.097526113259535
ASA_m2_cm3,6.146515975554667
AV_VF,4.540274569016514
AV_cm3_g,4.028194528526907
PLD,2.491716285773832
LCD,2.470056981533773
LFPD,2.3779975714250217
cm3_g,2.144380736509326
Has_OMS,1.843429123353444
NASA_m2_cm3,1.2113374353200237
NASA_m2_g,0.6296723196949461
NAV_cm3_g,0.13053652787601203
