{
  "R2": 0.9587923067456613,
  "MAE": 0.10665026159384837,
  "RMSE": 0.028637058716167087,
  "MAPE(%)": 5.46165614990611
}