temp,lowp,outp,seed,mode,qt_frac,train_ratio,out_root,model,R2,MAE,RMSE,MAPE(%)
273K,0.01,5,2027,lowq,0.25,0.5,./RUN_FULL_EXP,cat,0.9587923067456613,0.10665026159384837,0.028637058716167087,5.46165614990611
