Feature,Importance
0.05,50.43283595097474
ASA_m2_g,15.141944372600497
ASA_m2_cm3,7.6640698539616885
cm3_g,5.735791815470126
AV_cm3_g,4.775879329527434
AV_VF,4.71403771138516
LCD,3.0512137416607237
PLD,2.9896670491867003
LFPD,1.9932815911057291
Has_OMS,1.5224389058342465
NASA_m2_g,1.0485451448891403
NASA_m2_cm3,0.7880162212248768
NAV_cm3_g,0.1422783121789591
