temp,lowp,outp,seed,mode,qt_frac,train_ratio,out_root,model,R2,MAE,RMSE,MAPE(%)
273K,0.05,15,2026,lowq,0.2,0.5,./RUN_FULL_EXP,cat,0.9560581886847404,0.2367215470559376,0.1260706601152263,6.354865446178458
