{
  "R2": 0.9560581886847404,
  "MAE": 0.2367215470559376,
  "RMSE": 0.1260706601152263,
  "MAPE(%)": 6.354865446178458
}