{
  "R2": 0.7398789785669676,
  "MAE": 0.4960219579103114,
  "RMSE": 0.4831314519449506,
  "MAPE(%)": 20.702010383393503
}