Feature,Importance
0.1,72.94189551571088
AV_VF,4.86204792502579
ASA_m2_cm3,4.473357107772943
ASA_m2_g,3.679508498203881
AV_cm3_g,3.0510428191671175
cm3_g,2.256245927761763
PLD,1.9451427413300426
LFPD,1.938504622387556
LCD,1.6348840993521816
Has_OMS,1.612387907206085
NASA_m2_cm3,0.8914570950869286
NASA_m2_g,0.6685792076492862
NAV_cm3_g,0.04494653334557412
