{
  "R2": 0.9680625752298272,
  "MAE": 0.055541653611921045,
  "RMSE": 0.0069129777044694045,
  "MAPE(%)": 3.7471627434952866
}