Feature,Importance
0.05,78.09245814640515
AV_VF,4.040077977790882
ASA_m2_g,3.472040328213647
cm3_g,2.6861681224546343
AV_cm3_g,2.5493586909740027
ASA_m2_cm3,2.3716912106779717
Has_OMS,1.8500614649947844
LCD,1.5590848748784683
LFPD,1.3225748046651202
PLD,1.0374652065721832
NASA_m2_cm3,0.7146164130668017
NASA_m2_g,0.25587755237804344
NAV_cm3_g,0.04852520692832181
