{
  "R2": 0.9814624460998749,
  "MAE": 0.035825047850524795,
  "RMSE": 0.003963221216717987,
  "MAPE(%)": 3.3490936035211285
}