Feature,Importance
0.1,78.95310636860603
AV_VF,3.683290468764942
ASA_m2_g,3.6353184760313977
AV_cm3_g,2.7031584085966798
ASA_m2_cm3,2.643703112804334
Has_OMS,1.5824982571673891
cm3_g,1.5278675988499604
PLD,1.4084563565343546
LFPD,1.3893970406328138
LCD,1.225171555674857
NASA_m2_cm3,0.6438065411421935
NASA_m2_g,0.5055398684486777
NAV_cm3_g,0.09868594674639157
