temp,lowp,outp,seed,mode,qt_frac,train_ratio,out_root,model,R2,MAE,RMSE,MAPE(%)
313K,0.1,5,2028,lowq,0.65,0.5,./RUN_FULL_EXP,cat,0.980596203123279,0.03307422056874239,0.002493413311962949,2.957487736211727
