{
  "R2": 0.980596203123279,
  "MAE": 0.03307422056874239,
  "RMSE": 0.002493413311962949,
  "MAPE(%)": 2.957487736211727
}