Feature,Importance
0.5,62.831447963810696
ASA_m2_g,13.710309732303054
ASA_m2_cm3,4.634974491090668
AV_VF,4.020062486925861
AV_cm3_g,3.932494094524708
cm3_g,3.689138973455875
LCD,2.116483679392006
PLD,1.640373586219826
LFPD,1.2636233023950274
Has_OMS,0.8188868781985705
NASA_m2_g,0.634212948495871
NASA_m2_cm3,0.6198872161689563
NAV_cm3_g,0.08810464701888998
