temp,lowp,outp,seed,mode,qt_frac,train_ratio,out_root,model,R2,MAE,RMSE,MAPE(%)
293K,0.01,1,2027,lowq,0.3,0.5,./RUN_FULL_EXP,cat,0.9900380388783778,0.010262709880764762,0.00028615608238357043,2.924925481746962
