{
  "R2": 0.9900380388783778,
  "MAE": 0.010262709880764762,
  "RMSE": 0.00028615608238357043,
  "MAPE(%)": 2.924925481746962
}