Feature,Importance
HENRY,71.11358665611394
ASA_m2_g,7.197126969756308
AV_VF,4.829328967527797
ASA_m2_cm3,4.004373102789046
cm3_g,2.329451286670212
LCD,2.3096089878305075
AV_cm3_g,2.0326909608819377
LFPD,2.0278211621384648
Has_OMS,1.4723588226888071
PLD,1.4510104529621675
NASA_m2_cm3,0.7255724188393443
NASA_m2_g,0.434979926036394
NAV_cm3_g,0.0720902857650895
