{
  "R2": 0.9687553316786717,
  "MAE": 0.06291255029970777,
  "RMSE": 0.014455837655928014,
  "MAPE(%)": 4.4153504204673775
}