temp,lowp,outp,seed,mode,qt_frac,train_ratio,out_root,model,R2,MAE,RMSE,MAPE(%)
293K,HENRY,5,2029,lowq,0.05,0.5,./RUN_FULL_EXP,cat,0.9687553316786717,0.06291255029970777,0.014455837655928014,4.4153504204673775
