{
  "R2": 0.9677417907258049,
  "MAE": 0.16606400939368568,
  "RMSE": 0.060763289623005395,
  "MAPE(%)": 5.918187406150766
}