{
  "R2": 0.38368469967760044,
  "MAE": 0.18628835526457319,
  "RMSE": 0.09629188586637753,
  "MAPE(%)": 49.17656096621103
}