Feature,Importance
0.5,52.50515533087238
ASA_m2_g,15.228271016131849
ASA_m2_cm3,6.950349277895281
AV_cm3_g,6.19166903009986
AV_VF,5.339679442649289
cm3_g,3.984227345783665
PLD,3.069784391449262
LCD,2.4852386414588237
LFPD,2.0935504572308403
Has_OMS,1.1963398606815379
NASA_m2_cm3,0.5049657209613367
NASA_m2_g,0.36854974496653675
NAV_cm3_g,0.0822197398193487
