{
  "R2": 0.9647007752824092,
  "MAE": 0.21948007746152082,
  "RMSE": 0.10023653243001539,
  "MAPE(%)": 5.850352030126224
}