Feature,Importance
0.5,91.91632400820541
AV_cm3_g,1.566707337656266
cm3_g,1.282358937164654
Has_OMS,0.9981782279323763
PLD,0.8604080133673949
AV_VF,0.6578106983347999
ASA_m2_g,0.5942487798736064
LFPD,0.5537557826179776
ASA_m2_cm3,0.5054393456803379
LCD,0.49277110468593666
NASA_m2_cm3,0.4196217155953208
NASA_m2_g,0.12436877058006271
NAV_cm3_g,0.028007278305880894
