temp,lowp,outp,seed,mode,qt_frac,train_ratio,out_root,model,R2,MAE,RMSE,MAPE(%)
293K,0.5,1,2028,lowq,0.15,0.5,./RUN_FULL_EXP,cat,0.9942959367220305,0.006950542339717852,0.0002866977385454448,1.8761253286999586
