{
  "R2": 0.9942959367220305,
  "MAE": 0.006950542339717852,
  "RMSE": 0.0002866977385454448,
  "MAPE(%)": 1.8761253286999586
}