Feature,Importance
0.5,89.33292343348478
ASA_m2_g,1.5982482206749034
AV_cm3_g,1.5702329375390323
cm3_g,1.3756065364464387
LCD,1.2231445416964652
PLD,1.0906673417016732
Has_OMS,1.0324851329626845
LFPD,0.7265511286181711
ASA_m2_cm3,0.6518700042327847
NASA_m2_g,0.5136797880403875
AV_VF,0.49148684974792234
NASA_m2_cm3,0.32976192164393825
NAV_cm3_g,0.06334216321080292
