{
  "R2": 0.9967573173036047,
  "MAE": 0.0037996605035814286,
  "RMSE": 4.518848218922738e-05,
  "MAPE(%)": 1.568677635483682
}