Feature,Importance
Has_OMS,14.830595532438986
PLD,14.1391945308962
cm3_g,13.330124911478782
AV_VF,11.692562879484854
ASA_m2_cm3,10.60181376097545
LFPD,8.93658708673494
LCD,8.60649644286382
AV_cm3_g,6.905263609738041
ASA_m2_g,6.4682697624085685
NASA_m2_g,2.5003937896638
NASA_m2_cm3,1.727480632040437
NAV_cm3_g,0.2612170612761203
