{
  "R2": 0.39897048335431984,
  "MAE": 0.1832230282868673,
  "RMSE": 0.08816059760041385,
  "MAPE(%)": 49.55282437252142
}