{
  "R2": 0.9763360197629899,
  "MAE": 0.013023320836202697,
  "RMSE": 0.003093389147268942,
  "MAPE(%)": 2.171271616610189
}