temp,lowp,outp,seed,mode,qt_frac,train_ratio,out_root,model,R2,MAE,RMSE,MAPE(%)
273K,0.5,1,2028,lowq,0.1,0.5,./RUN_FULL_EXP,cat,0.9763360197629899,0.013023320836202697,0.003093389147268942,2.171271616610189
