{
  "R2": 0.9307644658549329,
  "MAE": 0.24561014922698626,
  "RMSE": 0.12873365463612021,
  "MAPE(%)": 8.943389257420534
}