Feature,Importance
0.05,61.08368018194623
ASA_m2_g,13.93102232049473
AV_VF,4.895337693039786
AV_cm3_g,4.420369129101158
ASA_m2_cm3,4.374526225356313
cm3_g,2.9202566373454633
PLD,2.1712667727087287
LCD,1.9740063657907063
LFPD,1.9549129891409196
Has_OMS,1.0757025844395904
NASA_m2_cm3,0.5641382646789872
NASA_m2_g,0.5639242921456372
NAV_cm3_g,0.07085654381175509
