{
  "R2": 0.9634621639914822,
  "MAE": 0.1158652158657044,
  "RMSE": 0.043824138044210585,
  "MAPE(%)": 4.985099676178186
}