{
  "R2": 0.9663281098286309,
  "MAE": 0.1622239802447777,
  "RMSE": 0.057616003394422306,
  "MAPE(%)": 5.49326249908879
}