temp,lowp,outp,seed,mode,qt_frac,train_ratio,out_root,model,R2,MAE,RMSE,MAPE(%)
293K,0.05,15,2025,lowq,0.15,0.5,./RUN_FULL_EXP,cat,0.9663281098286309,0.1622239802447777,0.057616003394422306,5.49326249908879
