Feature,Importance
0.05,87.49347985853473
cm3_g,1.7742693516652603
AV_cm3_g,1.488658851342727
AV_VF,1.4271327142069676
ASA_m2_cm3,1.3073765199369813
LFPD,1.1842036937874068
LCD,1.1536530604337962
Has_OMS,1.1512295065191074
PLD,1.0997357843528544
ASA_m2_g,1.094549943611819
NASA_m2_cm3,0.43807256616539564
NASA_m2_g,0.3529662105810949
NAV_cm3_g,0.03467193886184473
