{
  "R2": 0.9893993687126496,
  "MAE": 0.007740004111229556,
  "RMSE": 0.00015173800203290502,
  "MAPE(%)": 2.0411952468990657
}