{
  "R2": 0.38246446266895306,
  "MAE": 0.11960860090598954,
  "RMSE": 0.04283225679096017,
  "MAPE(%)": 46.70280756476347
}