Feature,Importance
HENRY,81.63888221962559
AV_VF,2.6665221700729487
ASA_m2_cm3,2.3597095567917017
AV_cm3_g,2.2122234704382886
LCD,2.1026226967134902
Has_OMS,1.819866513517228
PLD,1.6147612132753095
cm3_g,1.5719401626257619
ASA_m2_g,1.4495563759701915
LFPD,0.983213138801331
NASA_m2_cm3,0.7672225756862318
NASA_m2_g,0.7130040867426259
NAV_cm3_g,0.1004758197393022
