{
  "R2": 0.9855698216297084,
  "MAE": 0.015617425459739074,
  "RMSE": 0.0008471041830340881,
  "MAPE(%)": 2.8383861763173175
}