temp,lowp,outp,seed,mode,qt_frac,train_ratio,out_root,model,R2,MAE,RMSE,MAPE(%)
273K,HENRY,1,2026,lowq,0.4,0.5,./RUN_FULL_EXP,cat,0.9855698216297084,0.015617425459739074,0.0008471041830340881,2.8383861763173175
