{
  "R2": 0.9790573746820888,
  "MAE": 0.03473706682164072,
  "RMSE": 0.003506980445414989,
  "MAPE(%)": 3.161688880018667
}