Feature,Importance
0.01,86.68291003411214
AV_cm3_g,2.110741478921484
cm3_g,1.641901561293984
ASA_m2_cm3,1.5791561909198584
LCD,1.5060034383590988
AV_VF,1.3059678561860428
PLD,1.010850764560979
Has_OMS,1.005681432984129
LFPD,0.9989560844428402
ASA_m2_g,0.8513541932852288
NASA_m2_g,0.6657514800697023
NASA_m2_cm3,0.5646255801117663
NAV_cm3_g,0.07609990475270925
