{
  "R2": 0.9891380759481418,
  "MAE": 0.009585699889902786,
  "RMSE": 0.0002006277619918762,
  "MAPE(%)": 2.685807958394819
}