{
  "R2": 0.9594020906707008,
  "MAE": 0.16980720789585133,
  "RMSE": 0.05920560876929457,
  "MAPE(%)": 5.455611159134081
}