Feature,Importance
0.01,64.57777011149471
ASA_m2_g,7.219620623315893
ASA_m2_cm3,6.808984959452695
AV_VF,4.804025541972083
AV_cm3_g,3.0153312363164475
LCD,2.526123224539629
PLD,2.5043628015253905
LFPD,2.4996743741666876
cm3_g,2.2038145610521025
Has_OMS,1.8930525002328433
NASA_m2_g,1.0544945506793486
NASA_m2_cm3,0.841765157832623
NAV_cm3_g,0.050980357419539775
