{
  "R2": 0.9520745196475331,
  "MAE": 0.10074290586946509,
  "RMSE": 0.021720217298357745,
  "MAPE(%)": 5.077487089443042
}