temp,lowp,outp,seed,mode,qt_frac,train_ratio,out_root,model,R2,MAE,RMSE,MAPE(%)
273K,0.01,5,2026,lowq,0.75,0.5,./RUN_FULL_EXP,cat,0.9520745196475331,0.10074290586946509,0.021720217298357745,5.077487089443042
