{
  "R2": 0.9683738335471778,
  "MAE": 0.10941947499703024,
  "RMSE": 0.024878344531853256,
  "MAPE(%)": 4.393477843120285
}