Feature,Importance
0.5,93.0993132933557
cm3_g,1.2081824233078864
AV_cm3_g,1.0164105439472777
LCD,0.800192645428121
AV_VF,0.7200033284625491
Has_OMS,0.5440559330878391
ASA_m2_cm3,0.4992623694936948
NASA_m2_g,0.43008577125384717
PLD,0.42839784134643466
NASA_m2_cm3,0.39463845945203174
ASA_m2_g,0.37730972907640575
LFPD,0.3341123692669271
NAV_cm3_g,0.14803529252127465
