{
  "R2": 0.9966444624338047,
  "MAE": 0.005841068115029477,
  "RMSE": 8.448700438769205e-05,
  "MAPE(%)": 1.5899289434117998
}