temp,lowp,outp,seed,mode,qt_frac,train_ratio,out_root,model,R2,MAE,RMSE,MAPE(%)
293K,0.5,1,2026,lowq,0.4,0.5,./RUN_FULL_EXP,cat,0.9966444624338047,0.005841068115029477,8.448700438769205e-05,1.5899289434117998
