Feature,Importance
0.01,83.07964619384646
Has_OMS,2.49194176539154
cm3_g,2.3813713952846576
AV_cm3_g,2.2976586709360975
LFPD,1.7603324807247736
LCD,1.6718158071825853
ASA_m2_g,1.5371263203161096
AV_VF,1.4261071162211132
ASA_m2_cm3,1.0521612068794701
PLD,1.0359679731905627
NASA_m2_cm3,0.7078287576181336
NASA_m2_g,0.47072010681998955
NAV_cm3_g,0.08732220558851378
