{
  "R2": 0.9899593956647936,
  "MAE": 0.01035418927944077,
  "RMSE": 0.0002492985467659216,
  "MAPE(%)": 2.9221431353946827
}