Feature,Importance
0.1,56.3348728949782
ASA_m2_g,12.580843612972227
ASA_m2_cm3,6.353254371782593
AV_VF,5.490310572453242
AV_cm3_g,4.891730420504002
cm3_g,3.666948020680492
LCD,2.406085156780303
PLD,2.3573573321148045
LFPD,2.2498893106841886
Has_OMS,2.0968876085815875
NASA_m2_cm3,1.0466269136715545
NASA_m2_g,0.4752196082479598
NAV_cm3_g,0.049974176548835306
