{
  "R2": 0.9569589652200264,
  "MAE": 0.16636361408656167,
  "RMSE": 0.06983491042128855,
  "MAPE(%)": 5.450925576014175
}