Feature,Importance
HENRY,78.97036799992365
ASA_m2_cm3,2.7852951408427122
AV_VF,2.54197337401404
AV_cm3_g,2.209855821957022
ASA_m2_g,2.1355191381323104
LFPD,1.906106084116391
cm3_g,1.9015126107500926
Has_OMS,1.8169461123064783
LCD,1.7644495995768503
PLD,1.697932431626767
NASA_m2_g,1.1410048807574014
NASA_m2_cm3,1.052866603474271
NAV_cm3_g,0.07617020252199393
