{
  "R2": 0.9873159192624962,
  "MAE": 0.016469730349385828,
  "RMSE": 0.0011979739219387532,
  "MAPE(%)": 2.9203117121650255
}