{
  "R2": 0.9752855271708755,
  "MAE": 0.02031896989006906,
  "RMSE": 0.003425523492047331,
  "MAPE(%)": 3.5484471785402816
}