Feature,Importance
0.5,91.33720747248177
cm3_g,1.5169096789254028
ASA_m2_g,1.083771512433516
AV_cm3_g,0.9912302033611995
PLD,0.9810276331450708
Has_OMS,0.7679330745164732
AV_VF,0.7594939584198382
LFPD,0.7400073694497948
NASA_m2_g,0.5519851853593822
ASA_m2_cm3,0.5351591789019318
NASA_m2_cm3,0.3609992426247713
LCD,0.24172884577914533
NAV_cm3_g,0.13254664460171428
