{
  "R2": 0.9972449714597069,
  "MAE": 0.0036796664659936988,
  "RMSE": 3.115422154358452e-05,
  "MAPE(%)": 1.4783845971550549
}