{
  "R2": 0.9911622061507687,
  "MAE": 0.006936313766800433,
  "RMSE": 8.68940082882571e-05,
  "MAPE(%)": 2.784012882101413
}