{
  "R2": 0.9617616003091238,
  "MAE": 0.16289396568674894,
  "RMSE": 0.053519721154286236,
  "MAPE(%)": 5.24268286195745
}