Feature,Importance
0.5,81.22973352666993
ASA_m2_g,3.5344746354683547
AV_VF,3.2043711533305816
AV_cm3_g,2.9774689834356143
ASA_m2_cm3,2.0530261240161383
cm3_g,1.5075018704677237
Has_OMS,1.3975969801329857
LCD,1.1093649046040883
LFPD,1.0824609262964136
PLD,0.9692291213004398
NASA_m2_cm3,0.4869430989209886
NASA_m2_g,0.33380341244032335
NAV_cm3_g,0.11402526291644251
