{
  "R2": 0.9855107162644823,
  "MAE": 0.033141488208856,
  "RMSE": 0.0033223037889280175,
  "MAPE(%)": 3.0503345475107833
}