{
  "R2": 0.9661728486624119,
  "MAE": 0.21738404195395838,
  "RMSE": 0.09973663192631954,
  "MAPE(%)": 5.9232670165819155
}