{
  "R2": 0.9626110701277488,
  "MAE": 0.02268187995582433,
  "RMSE": 0.005011517620661631,
  "MAPE(%)": 3.546798625768476
}