Feature,Importance
0.01,72.14750683424931
ASA_m2_g,5.548257781512551
ASA_m2_cm3,4.222984105914398
AV_VF,3.6056047025449183
AV_cm3_g,3.190111160525271
LCD,2.5189116714029307
cm3_g,2.1861410217059394
Has_OMS,1.8450766404076666
PLD,1.8182930147445702
LFPD,1.3854423522210115
NASA_m2_g,0.9017019606596128
NASA_m2_cm3,0.5640864338140518
NAV_cm3_g,0.0658823202977949
