{
  "R2": 0.967329830061051,
  "MAE": 0.06965979082500678,
  "RMSE": 0.013525933469353709,
  "MAPE(%)": 4.940974056545367
}