Feature,Importance
0.01,79.82422863548312
Has_OMS,3.979704951111874
cm3_g,3.0636254043554683
ASA_m2_cm3,2.3132636429963034
PLD,2.192985463822792
ASA_m2_g,1.786186800604901
NASA_m2_g,1.412773812930225
AV_VF,1.3812794462927689
NASA_m2_cm3,1.0650612512865731
AV_cm3_g,1.0616747842480938
LCD,1.0556746710089668
LFPD,0.7737400756323758
NAV_cm3_g,0.0898010602265579
