temp,lowp,outp,seed,mode,qt_frac,train_ratio,out_root,model,R2,MAE,RMSE,MAPE(%)
273K,0.01,1,2027,struct_with_input,0.05,0.1,./RUN_FULL_EXP,cat,0.9537832579351068,0.030065257713355914,0.0061089518916255395,5.732818750687061
