{
  "R2": 0.9959440229770333,
  "MAE": 0.009974040034561562,
  "RMSE": 0.00026582691939520064,
  "MAPE(%)": 1.847365050220235
}