temp,lowp,outp,seed,mode,qt_frac,train_ratio,out_root,model,R2,MAE,RMSE,MAPE(%)
273K,0.05,15,2028,lowq,0.05,0.5,./RUN_FULL_EXP,cat,0.9598877506094073,0.23946687789030835,0.12214207261601023,6.535313544452433
