{
  "R2": 0.9598877506094073,
  "MAE": 0.23946687789030835,
  "RMSE": 0.12214207261601023,
  "MAPE(%)": 6.535313544452433
}