Feature,Importance
HENRY,49.28898539373843
ASA_m2_g,17.882071504140367
ASA_m2_cm3,6.3274278342467545
AV_cm3_g,5.505551622784279
AV_VF,5.498538552481031
cm3_g,3.6554945525175344
PLD,3.3784065642151164
LCD,2.6236286102964446
LFPD,2.5739998529524106
Has_OMS,1.4540999431164792
NASA_m2_cm3,0.910500076017249
NASA_m2_g,0.8424928889649377
NAV_cm3_g,0.05880260452896307
