{
  "R2": 0.9502730463009341,
  "MAE": 0.23443290182032755,
  "RMSE": 0.12110944661244535,
  "MAPE(%)": 5.99427604291123
}