Feature,Importance
0.01,65.70654379904565
ASA_m2_g,7.122854527151159
ASA_m2_cm3,6.784202699335294
AV_VF,4.144882484144287
cm3_g,2.6279418095312628
AV_cm3_g,2.5217485880104915
LCD,2.489569665098191
LFPD,2.327212091514593
PLD,2.2956317342569634
Has_OMS,2.0340011514058736
NASA_m2_cm3,1.1687201417570547
NASA_m2_g,0.6948567559606422
NAV_cm3_g,0.08183455278852803
