{
  "R2": 0.9526772958209412,
  "MAE": 0.10878643009551127,
  "RMSE": 0.026880519137734035,
  "MAPE(%)": 5.499921746409209
}