{
  "R2": 0.9797756846457125,
  "MAE": 0.054649709277496565,
  "RMSE": 0.009082525254879863,
  "MAPE(%)": 3.853767811920814
}