Feature,Importance
0.05,83.18459477259998
AV_cm3_g,2.2361476983543636
ASA_m2_g,1.935350955364964
ASA_m2_cm3,1.8796969434243476
Has_OMS,1.8630548979406898
LCD,1.7585992641945634
AV_VF,1.719169850691542
cm3_g,1.65542683289263
LFPD,1.2731135190589034
PLD,1.1926410509237682
NASA_m2_cm3,0.7891343143086983
NASA_m2_g,0.46530780334523925
NAV_cm3_g,0.04776209690031023
