{
  "R2": 0.9881373842901502,
  "MAE": 0.015179381179656108,
  "RMSE": 0.0007658749252035782,
  "MAPE(%)": 2.792351582966801
}