{
  "R2": 0.9749275496598517,
  "MAE": 0.04305719874916408,
  "RMSE": 0.005604262741624322,
  "MAPE(%)": 4.012941724599595
}