Feature,Importance
0.5,74.65281544483928
ASA_m2_g,6.253804159861229
AV_VF,3.5659734580370386
ASA_m2_cm3,3.2088206153243286
AV_cm3_g,2.8689407469947787
PLD,1.7497339574725326
LCD,1.6740039600438639
cm3_g,1.5857254207532816
LFPD,1.585328725566027
Has_OMS,1.428395595249267
NASA_m2_cm3,0.660548097045595
NASA_m2_g,0.6380063419978156
NAV_cm3_g,0.1279034768149675
