temp,lowp,outp,seed,mode,qt_frac,train_ratio,out_root,model,R2,MAE,RMSE,MAPE(%)
293K,0.5,5,2027,lowq,0.05,0.5,./RUN_FULL_EXP,cat,0.9806657291198256,0.054966707577858716,0.00897619170264784,3.861966773866439
