{
  "R2": 0.9806657291198256,
  "MAE": 0.054966707577858716,
  "RMSE": 0.00897619170264784,
  "MAPE(%)": 3.861966773866439
}