{
  "R2": 0.9920166196100703,
  "MAE": 0.006733674992572838,
  "RMSE": 0.00013116419948362576,
  "MAPE(%)": 1.7778711681168249
}