temp,lowp,outp,seed,mode,qt_frac,train_ratio,out_root,model,R2,MAE,RMSE,MAPE(%)
313K,0.01,5,2026,lowq,0.25,0.5,./RUN_FULL_EXP,cat,0.9814971073969605,0.04037144624115684,0.003627109491671475,3.8223199393961833
