{
  "R2": 0.9814971073969605,
  "MAE": 0.04037144624115684,
  "RMSE": 0.003627109491671475,
  "MAPE(%)": 3.8223199393961833
}