temp,lowp,outp,seed,mode,qt_frac,train_ratio,out_root,model,R2,MAE,RMSE,MAPE(%)
313K,0.01,15,2026,lowq,0.35,0.5,./RUN_FULL_EXP,cat,0.9627141020072036,0.11977327448128422,0.03816775876371964,4.940022748686714
