{
  "R2": 0.9627141020072036,
  "MAE": 0.11977327448128422,
  "RMSE": 0.03816775876371964,
  "MAPE(%)": 4.940022748686714
}