{
  "R2": 0.9724124157135681,
  "MAE": 0.06265120771961227,
  "RMSE": 0.009426295607614293,
  "MAPE(%)": 4.405537398206568
}