Feature,Importance
0.01,83.78260087267046
cm3_g,2.252419399460036
LFPD,1.9554776982154498
ASA_m2_cm3,1.8885516812097844
LCD,1.87808987169574
ASA_m2_g,1.6868921807268984
AV_VF,1.5635592738874098
AV_cm3_g,1.3637128316719707
PLD,1.0222305713936184
Has_OMS,1.0165852815100218
NASA_m2_g,0.8943026975535401
NASA_m2_cm3,0.6879621293241563
NAV_cm3_g,0.007615510680934105
