{
  "R2": 0.91823425962517,
  "MAE": 0.028969409413016067,
  "RMSE": 0.013804997976512336,
  "MAPE(%)": 4.470073598577658
}