{
  "R2": 0.39249123877819103,
  "MAE": 0.12136641641482938,
  "RMSE": 0.0439610026710423,
  "MAPE(%)": 45.63668245973096
}