{
  "R2": 0.9463680209236014,
  "MAE": 0.20240002696230372,
  "RMSE": 0.09593697812650055,
  "MAPE(%)": 6.794460678339832
}