Feature,Importance
0.01,70.94186423459541
ASA_m2_cm3,5.337843719947381
ASA_m2_g,4.9028238161042434
AV_VF,4.338622094270504
cm3_g,2.5935901275788544
LCD,2.3560527099517947
AV_cm3_g,2.300527136083247
Has_OMS,2.0517180457190243
LFPD,1.9076446525532835
PLD,1.895388909761145
NASA_m2_g,0.6273426936001578
NASA_m2_cm3,0.6269903123809574
NAV_cm3_g,0.11959154745397427
