{
  "R2": 0.9694314011361151,
  "MAE": 0.06606373742589035,
  "RMSE": 0.011782768704374339,
  "MAPE(%)": 4.649034994837878
}