{
  "R2": 0.979848231307599,
  "MAE": 0.011788636417254614,
  "RMSE": 0.0015068628323541766,
  "MAPE(%)": 3.0366012241848357
}