Feature,Importance
0.5,91.95877127893608
cm3_g,1.1752850076170762
PLD,0.9505434554720914
LCD,0.8605588696522514
AV_VF,0.844860002154257
LFPD,0.8260732023319114
AV_cm3_g,0.8171183305665138
ASA_m2_g,0.6574555045735655
Has_OMS,0.6479426123815282
ASA_m2_cm3,0.6038015616986122
NASA_m2_cm3,0.3355377624868343
NASA_m2_g,0.2604495153810892
NAV_cm3_g,0.06160289674817852
