{
  "R2": 0.9961259912311524,
  "MAE": 0.005540832862983149,
  "RMSE": 6.256091250449397e-05,
  "MAPE(%)": 1.4758477652718471
}