temp,lowp,outp,seed,mode,qt_frac,train_ratio,out_root,model,R2,MAE,RMSE,MAPE(%)
273K,0.5,5,2025,lowr,0.25,0.5,./RUN_FULL_EXP,cat,0.9721478631105573,0.09258405534362475,0.023652953037730854,5.226972159419989
