Feature,Importance
0.01,55.836692740012516
ASA_m2_g,12.168546007582192
AV_cm3_g,6.836694292277981
AV_VF,6.144635302815415
ASA_m2_cm3,5.7657673160656575
cm3_g,3.3051428815224684
PLD,2.7803297056110123
LFPD,2.3911884365372496
LCD,1.9700315894654485
Has_OMS,1.3870614105440744
NASA_m2_g,0.7285682850748957
NASA_m2_cm3,0.6252258440926092
NAV_cm3_g,0.06011618839849082
