{
  "R2": 0.9191504799208968,
  "MAE": 0.09947148213927504,
  "RMSE": 0.025412708863655674,
  "MAPE(%)": 8.444949788698064
}