{
  "R2": 0.9608897191045181,
  "MAE": 0.10493716396761604,
  "RMSE": 0.031604862759599305,
  "MAPE(%)": 5.43630627638361
}