temp,lowp,outp,seed,mode,qt_frac,train_ratio,out_root,model,R2,MAE,RMSE,MAPE(%)
273K,0.05,5,2029,lowq,0.1,0.5,./RUN_FULL_EXP,cat,0.9608897191045181,0.10493716396761604,0.031604862759599305,5.43630627638361
