{
  "R2": 0.9903494218944293,
  "MAE": 0.010374405122365237,
  "RMSE": 0.0002914288856159184,
  "MAPE(%)": 2.96972757899505
}