{
  "R2": 0.992946442806389,
  "MAE": 0.00746700940995023,
  "RMSE": 0.0001413244236617781,
  "MAPE(%)": 2.0267230927437954
}