Feature,Importance
0.1,49.00398026669159
ASA_m2_g,15.528971073098328
ASA_m2_cm3,7.27578007248033
AV_cm3_g,6.3455035122320265
AV_VF,5.762723681080562
cm3_g,5.242967057220931
PLD,2.9563462147219366
LCD,2.6605630697778198
LFPD,2.4323659982759422
Has_OMS,1.1638040147215942
NASA_m2_cm3,0.9079076672283792
NASA_m2_g,0.6791188187619102
NAV_cm3_g,0.03996855370862267
