temp,lowp,outp,seed,mode,qt_frac,train_ratio,out_root,model,R2,MAE,RMSE,MAPE(%)
273K,0.1,15,2027,lowq,0.15,0.5,./RUN_FULL_EXP,cat,0.9554027328656983,0.23672030063192595,0.12961359450195295,6.463235612180824
