{
  "R2": 0.9554027328656983,
  "MAE": 0.23672030063192595,
  "RMSE": 0.12961359450195295,
  "MAPE(%)": 6.463235612180824
}