Feature,Importance
0.5,61.73257866656596
ASA_m2_g,10.91394054627571
AV_VF,6.512192928669139
AV_cm3_g,5.274470243813183
ASA_m2_cm3,4.372132910930549
cm3_g,3.1063594908356587
PLD,1.923269955585555
LFPD,1.806408695248328
LCD,1.5799554623578635
Has_OMS,1.284800642097676
NASA_m2_cm3,0.7081815775777389
NASA_m2_g,0.6892702315178074
NAV_cm3_g,0.09643864852481349
