temp,lowp,outp,seed,mode,qt_frac,train_ratio,out_root,model,R2,MAE,RMSE,MAPE(%)
313K,0.5,15,2027,lowq,0.35,0.5,./RUN_FULL_EXP,cat,0.9745107791959736,0.10811727980708512,0.02499983741985643,4.420577900016576
