{
  "R2": 0.9745107791959736,
  "MAE": 0.10811727980708512,
  "RMSE": 0.02499983741985643,
  "MAPE(%)": 4.420577900016576
}