Feature,Importance
0.5,93.74762687019023
ASA_m2_cm3,0.9388703056171679
cm3_g,0.8834572187676762
AV_cm3_g,0.6837059454051327
AV_VF,0.6165673979749
PLD,0.6069148359741156
LCD,0.5643689598290142
ASA_m2_g,0.48354289172730636
LFPD,0.36781310327950584
NASA_m2_g,0.36670570477927844
Has_OMS,0.36070894038364787
NASA_m2_cm3,0.25176840398990047
NAV_cm3_g,0.12794942208214746
