{
  "R2": 0.9945034428352804,
  "MAE": 0.009389485244999208,
  "RMSE": 0.000200870164276757,
  "MAPE(%)": 1.6957625637993647
}