temp,lowp,outp,seed,mode,qt_frac,train_ratio,out_root,model,R2,MAE,RMSE,MAPE(%)
273K,0.5,1,2026,lowq,0.75,0.5,./RUN_FULL_EXP,cat,0.9945034428352804,0.009389485244999208,0.000200870164276757,1.6957625637993647
