Feature,Importance
0.05,72.3779186104812
ASA_m2_g,7.094151639446132
ASA_m2_cm3,3.908301671097471
AV_VF,3.8674919674470716
AV_cm3_g,2.606541154621211
LCD,1.8665967338099307
PLD,1.8400725586354785
cm3_g,1.8178974294766768
LFPD,1.8082286749473988
Has_OMS,1.7809186113200102
NASA_m2_g,0.5560739041283687
NASA_m2_cm3,0.37549421334472
NAV_cm3_g,0.10031283124433979
