{
  "R2": 0.9709649882761507,
  "MAE": 0.05876485158754388,
  "RMSE": 0.00953837196308404,
  "MAPE(%)": 4.033105211222473
}