{
  "R2": 0.48765662634349516,
  "MAE": 0.35151872121109107,
  "RMSE": 0.24914005135462614,
  "MAPE(%)": 34.039401790254985
}