Feature,Importance
0.01,69.77417956854461
AV_VF,4.732315413919193
ASA_m2_g,4.157242408964601
Has_OMS,3.9006038305825275
ASA_m2_cm3,3.869965311491102
AV_cm3_g,2.8438174060655985
cm3_g,2.739457004400647
LCD,2.5130669844993254
LFPD,1.7215756278249417
PLD,1.7133772848383848
NASA_m2_cm3,1.1372345570034617
NASA_m2_g,0.8378215175745954
NAV_cm3_g,0.059343084290989154
