{
  "R2": 0.9520882772721929,
  "MAE": 0.08690943097874106,
  "RMSE": 0.022542981480828395,
  "MAPE(%)": 6.787219540718736
}