{
  "R2": 0.982869284511468,
  "MAE": 0.03380668937573623,
  "RMSE": 0.003005865811574829,
  "MAPE(%)": 3.0978274445517884
}