temp,lowp,outp,seed,mode,qt_frac,train_ratio,out_root,model,R2,MAE,RMSE,MAPE(%)
313K,HENRY,5,2027,lowq,0.35,0.5,./RUN_FULL_EXP,cat,0.982869284511468,0.03380668937573623,0.003005865811574829,3.0978274445517884
