{
  "R2": 0.9699095400231513,
  "MAE": 0.00663329437577687,
  "RMSE": 0.001029400479767829,
  "MAPE(%)": 2.316906849243046
}