{
  "R2": 0.9890067511624848,
  "MAE": 0.009796226153166573,
  "RMSE": 0.00019456498134323594,
  "MAPE(%)": 2.6940204545024624
}