Feature,Importance
0.05,72.73725636939588
ASA_m2_cm3,4.810751716863058
ASA_m2_g,4.764506761748827
AV_VF,3.9409634447728923
cm3_g,2.467709688358548
AV_cm3_g,2.420821930142054
Has_OMS,2.196750132868957
LCD,2.0342714917688993
PLD,1.6670646670465856
LFPD,1.6506829013844302
NASA_m2_cm3,0.7343315660351802
NASA_m2_g,0.4833088182735729
NAV_cm3_g,0.09158051134110161
