temp,lowp,outp,seed,mode,qt_frac,train_ratio,out_root,model,R2,MAE,RMSE,MAPE(%)
293K,0.05,5,2029,lowq,0.5,0.5,./RUN_FULL_EXP,cat,0.9710250484950196,0.05888689891833516,0.008304172318962324,4.070672527793364
