{
  "R2": 0.9710250484950196,
  "MAE": 0.05888689891833516,
  "RMSE": 0.008304172318962324,
  "MAPE(%)": 4.070672527793364
}