Feature,Importance
0.01,76.79086980652612
ASA_m2_g,4.58248550085883
AV_VF,3.470381633628911
cm3_g,2.5400163465485543
ASA_m2_cm3,2.5006100782411123
AV_cm3_g,2.4817747218837196
Has_OMS,1.6134668116155721
LCD,1.5704812462743425
PLD,1.5633321911320086
LFPD,1.5024576951971718
NASA_m2_cm3,0.9220366955795349
NASA_m2_g,0.381223464023992
NAV_cm3_g,0.08086380849010481
