temp,lowp,outp,seed,mode,qt_frac,train_ratio,out_root,model,R2,MAE,RMSE,MAPE(%)
313K,0.01,5,2029,lowq,0.05,0.5,./RUN_FULL_EXP,cat,0.9765450415257619,0.04327089974724494,0.006283605351865586,4.16029644470853
