{
  "R2": 0.9765450415257619,
  "MAE": 0.04327089974724494,
  "RMSE": 0.006283605351865586,
  "MAPE(%)": 4.16029644470853
}