Feature,Importance
HENRY,76.32640444744546
ASA_m2_g,3.888312113440837
AV_VF,3.6543533677644606
cm3_g,3.3044794084201627
ASA_m2_cm3,2.6065129645331737
AV_cm3_g,2.559981471063651
Has_OMS,2.032758870257921
LCD,1.7878906898458478
PLD,1.433965407788615
LFPD,1.269693304801511
NASA_m2_cm3,0.6958018718194801
NASA_m2_g,0.3820606315314165
NAV_cm3_g,0.05778545128746176
