{
  "R2": 0.9834770231907288,
  "MAE": 0.03476391499207061,
  "RMSE": 0.0037399788577694984,
  "MAPE(%)": 3.337779253545545
}