{
  "R2": 0.9764407742093956,
  "MAE": 0.04455460810475203,
  "RMSE": 0.006836849652984123,
  "MAPE(%)": 4.42748624353513
}