temp,lowp,outp,seed,mode,qt_frac,train_ratio,out_root,model,R2,MAE,RMSE,MAPE(%)
273K,0.01,1,2026,struct,0.0,0.25,./RUN_FULL_EXP,cat,0.32422222394709543,0.19429285003854685,0.10423371811627108,55.34412892802805
