{
  "R2": 0.9447702724378092,
  "MAE": 0.1689803656746475,
  "RMSE": 0.08688953187064494,
  "MAPE(%)": 5.3899115870411345
}