{
  "R2": 0.9563663053479281,
  "MAE": 0.022264753337416343,
  "RMSE": 0.0067327868781171946,
  "MAPE(%)": 3.630198706563905
}