{
  "R2": 0.9749820124396252,
  "MAE": 0.04100132491028167,
  "RMSE": 0.003632974058578009,
  "MAPE(%)": 3.726293462604858
}