Feature,Importance
0.1,53.2498639549054
ASA_m2_g,11.491740495579172
AV_cm3_g,6.77369874401003
AV_VF,6.752017989040159
ASA_m2_cm3,6.656048464919609
cm3_g,4.461088333812586
PLD,2.907061907128895
LCD,2.2979359063616975
LFPD,2.146199802945281
Has_OMS,1.503747872783277
NASA_m2_cm3,0.8654097424766599
NASA_m2_g,0.8384814340651213
NAV_cm3_g,0.056705351972113544
