temp,lowp,outp,seed,mode,qt_frac,train_ratio,out_root,model,R2,MAE,RMSE,MAPE(%)
273K,0.1,15,2028,lowq,0.7,0.5,./RUN_FULL_EXP,cat,0.9497568802097086,0.23898995970751338,0.12328110534277714,5.994627038022589
