{
  "R2": 0.9497568802097086,
  "MAE": 0.23898995970751338,
  "RMSE": 0.12328110534277714,
  "MAPE(%)": 5.994627038022589
}