Feature,Importance
0.01,82.63653081898318
ASA_m2_g,2.4186737051128024
AV_VF,2.0660726024237355
cm3_g,1.8563070531502668
Has_OMS,1.7426152638668402
AV_cm3_g,1.7334041468557506
ASA_m2_cm3,1.694624300397157
LFPD,1.6605742605575031
LCD,1.4283381240909465
PLD,1.3974622053268402
NASA_m2_cm3,0.7985554225415412
NASA_m2_g,0.4550086410599685
NAV_cm3_g,0.11183345563344284
