{
  "R2": 0.9807066161293134,
  "MAE": 0.020262586415223362,
  "RMSE": 0.0019462766149068993,
  "MAPE(%)": 3.6723787341722263
}