temp,lowp,outp,seed,mode,qt_frac,train_ratio,out_root,model,R2,MAE,RMSE,MAPE(%)
273K,0.01,1,2029,lowq,0.15,0.5,./RUN_FULL_EXP,cat,0.9807066161293134,0.020262586415223362,0.0019462766149068993,3.6723787341722263
