Feature,Importance
0.01,57.78191646671638
ASA_m2_g,10.399772715371679
ASA_m2_cm3,6.277653192503908
AV_cm3_g,5.612637875764197
AV_VF,5.305372165317612
cm3_g,3.8079590220819326
LCD,2.5920833926767655
PLD,2.5773298312329853
LFPD,2.120829706707926
Has_OMS,1.9423297085493498
NASA_m2_cm3,0.7997290913613841
NASA_m2_g,0.6143979468312226
NAV_cm3_g,0.16798888488464853
