{
  "R2": 0.9539974101082873,
  "MAE": 0.18102495507737165,
  "RMSE": 0.07773431197567425,
  "MAPE(%)": 6.021215292767868
}