{
  "R2": 0.6667404957399774,
  "MAE": 0.5686772119098814,
  "RMSE": 0.6389450562505564,
  "MAPE(%)": 24.322764917805628
}