temp,lowp,outp,seed,mode,qt_frac,train_ratio,out_root,model,R2,MAE,RMSE,MAPE(%)
313K,HENRY,15,2025,lowq,0.25,0.5,./RUN_FULL_EXP,cat,0.9739640065801553,0.1100172842601754,0.027873432064172112,4.633011132167279
