{
  "R2": 0.9739640065801553,
  "MAE": 0.1100172842601754,
  "RMSE": 0.027873432064172112,
  "MAPE(%)": 4.633011132167279
}