Feature,Importance
HENRY,88.39394817629056
cm3_g,1.5126949827243168
LCD,1.511697519457242
Has_OMS,1.402370701345671
AV_cm3_g,1.2798069048546379
AV_VF,1.2036459532553028
ASA_m2_cm3,0.9875937484657493
ASA_m2_g,0.9578746674737557
LFPD,0.954896902117143
PLD,0.7826263994026802
NASA_m2_cm3,0.5543409048621202
NASA_m2_g,0.41154428257436443
NAV_cm3_g,0.046958857176488365
