{
  "R2": 0.9947495280390075,
  "MAE": 0.003967347922689747,
  "RMSE": 3.9385495384182226e-05,
  "MAPE(%)": 1.5055634370962923
}