{
  "R2": 0.9779951374195444,
  "MAE": 0.05267545976459957,
  "RMSE": 0.007110231531518322,
  "MAPE(%)": 3.61217007197696
}