{
  "R2": 0.9920682449923303,
  "MAE": 0.03350012211830012,
  "RMSE": 0.002986115659817535,
  "MAPE(%)": 2.6622945023136753
}