temp,lowp,outp,seed,mode,qt_frac,train_ratio,out_root,model,R2,MAE,RMSE,MAPE(%)
313K,0.05,1,2025,lowq,0.2,0.5,./RUN_FULL_EXP,cat,0.9931543254406152,0.005327844178838385,0.00010867344031490987,2.096273041711782
