{
  "R2": 0.9931543254406152,
  "MAE": 0.005327844178838385,
  "RMSE": 0.00010867344031490987,
  "MAPE(%)": 2.096273041711782
}