Feature,Importance
0.01,63.19392449149924
ASA_m2_g,7.899771618129025
AV_VF,6.847833523517148
AV_cm3_g,5.308413037334471
ASA_m2_cm3,5.082003075251649
cm3_g,2.83197874704977
PLD,2.1526214410786246
LCD,2.1138896287737525
LFPD,1.8149229718809772
Has_OMS,1.595605390846022
NASA_m2_cm3,0.6050031435375004
NASA_m2_g,0.4136842736266903
NAV_cm3_g,0.1403486574750866
