{
  "R2": 0.9588520474001597,
  "MAE": 0.12390961029752591,
  "RMSE": 0.041241006313627544,
  "MAPE(%)": 5.071255421382555
}