temp,lowp,outp,seed,mode,qt_frac,train_ratio,out_root,model,R2,MAE,RMSE,MAPE(%)
313K,0.01,15,2028,lowq,0.35,0.5,./RUN_FULL_EXP,cat,0.9588520474001597,0.12390961029752591,0.041241006313627544,5.071255421382555
