Feature,Importance
0.01,81.94737183467848
AV_cm3_g,2.264630383763162
AV_VF,2.191720338607025
ASA_m2_cm3,2.1823092754814564
ASA_m2_g,2.0944118567236814
LCD,1.7765753701709055
cm3_g,1.7219840086498803
PLD,1.6098381559405497
Has_OMS,1.4634101529420904
LFPD,1.2443389924378976
NASA_m2_cm3,0.9405631214759772
NASA_m2_g,0.470258778055229
NAV_cm3_g,0.09258773107364825
