{
  "R2": 0.9860069979731705,
  "MAE": 0.017527056016936868,
  "RMSE": 0.0010028245248813947,
  "MAPE(%)": 3.2927563072771595
}