{
  "R2": 0.995350235449857,
  "MAE": 0.010875246210708739,
  "RMSE": 0.00031088114544485006,
  "MAPE(%)": 1.9764024909650197
}