temp,lowp,outp,seed,mode,qt_frac,train_ratio,out_root,model,R2,MAE,RMSE,MAPE(%)
273K,0.5,1,2028,lowq,0.35,0.5,./RUN_FULL_EXP,cat,0.995350235449857,0.010875246210708739,0.00031088114544485006,1.9764024909650197
