{
  "R2": 0.9779270304763731,
  "MAE": 0.022634332191283458,
  "RMSE": 0.001799287505892428,
  "MAPE(%)": 4.353899792199751
}