{
  "R2": 0.4213099348131176,
  "MAE": 0.18005395032242322,
  "RMSE": 0.09092607474129354,
  "MAPE(%)": 46.84775838542644
}