{
  "R2": 0.4549391795716805,
  "MAE": 0.17648654763065755,
  "RMSE": 0.09158772952682878,
  "MAPE(%)": 50.11475864320277
}