temp,lowp,outp,seed,mode,qt_frac,train_ratio,out_root,model,R2,MAE,RMSE,MAPE(%)
273K,0.01,1,2028,struct,0.0,0.7,./RUN_FULL_EXP,cat,0.4213099348131176,0.18005395032242322,0.09092607474129354,46.84775838542644
