Feature,Importance
0.1,62.24438784076187
ASA_m2_g,10.73885078149669
ASA_m2_cm3,6.108719721257938
AV_VF,5.2344323983000764
AV_cm3_g,3.771419011261992
cm3_g,3.5531254921640123
LCD,2.15569166372261
PLD,2.006460759965565
LFPD,1.5289505686011102
Has_OMS,1.1626188547685172
NASA_m2_cm3,0.9534040003124736
NASA_m2_g,0.4961928127273599
NAV_cm3_g,0.045746094659773716
