{
  "R2": 0.9712862928308558,
  "MAE": 0.10763515406305003,
  "RMSE": 0.023021922042112352,
  "MAPE(%)": 4.3211262593486675
}