{
  "R2": 0.9594105513768898,
  "MAE": 0.09990469144098331,
  "RMSE": 0.02447176919929206,
  "MAPE(%)": 5.0167938230867
}