{
  "R2": 0.9756846282858131,
  "MAE": 0.05553159749897602,
  "RMSE": 0.011349157687432287,
  "MAPE(%)": 3.6061897906789264
}