Feature,Importance
0.01,79.36311946915193
cm3_g,2.5083383126827696
Has_OMS,2.4119408820318573
AV_VF,2.382779992495074
AV_cm3_g,2.2461918403622327
ASA_m2_g,2.175532284088436
PLD,2.0952645265730196
LCD,1.9070397331845739
LFPD,1.7854555803590868
ASA_m2_cm3,1.5599770077905821
NASA_m2_cm3,0.781987356515817
NASA_m2_g,0.6301932880731035
NAV_cm3_g,0.1521797266915291
