{
  "R2": 0.9727623701593643,
  "MAE": 0.023856666172080817,
  "RMSE": 0.003249916884281334,
  "MAPE(%)": 4.388013595205826
}