Feature,Importance
0.1,63.062767302918516
ASA_m2_g,12.768676276600624
ASA_m2_cm3,5.304295809458288
AV_VF,4.543242485987868
AV_cm3_g,3.5776312162972728
cm3_g,2.7820126955938114
PLD,1.898515178739423
LCD,1.8837278644823312
LFPD,1.6691160107797813
Has_OMS,1.301267834901126
NASA_m2_g,0.5896457936740396
NASA_m2_cm3,0.5151200567030835
NAV_cm3_g,0.10398147386386497
