{
  "R2": 0.972633255446254,
  "MAE": 0.1122313257036792,
  "RMSE": 0.027561945421567088,
  "MAPE(%)": 4.585825464374536
}