temp,lowp,outp,seed,mode,qt_frac,train_ratio,out_root,model,R2,MAE,RMSE,MAPE(%)
293K,0.05,15,2028,lowq,0.35,0.5,./RUN_FULL_EXP,cat,0.9582632090517131,0.16323572573356115,0.06815054694149594,5.294777505290451
