{
  "R2": 0.9582632090517131,
  "MAE": 0.16323572573356115,
  "RMSE": 0.06815054694149594,
  "MAPE(%)": 5.294777505290451
}