{
  "R2": 0.45715609197678886,
  "MAE": 0.1790475665353596,
  "RMSE": 0.08694726095437608,
  "MAPE(%)": 46.681896471998776
}