Feature,Importance
0.01,82.21967113051663
ASA_m2_cm3,2.7179900361773983
AV_VF,2.3076493763822308
cm3_g,1.9079833105232358
PLD,1.8822481891330363
AV_cm3_g,1.8132975764039083
LCD,1.6488117276429892
ASA_m2_g,1.4812012890838382
Has_OMS,1.3110100737155679
LFPD,1.2332192533900694
NASA_m2_g,0.7376017080623583
NASA_m2_cm3,0.630800005432368
NAV_cm3_g,0.10851632353635852
