{
  "R2": 0.9543867527575425,
  "MAE": 0.10688161353054317,
  "RMSE": 0.026237459775050462,
  "MAPE(%)": 5.365582224847918
}