{
  "R2": 0.6898340532907745,
  "MAE": 0.5517725624124026,
  "RMSE": 0.5852754604770202,
  "MAPE(%)": 23.465849273281968
}