Feature,Importance
0.05,64.93616118361321
ASA_m2_g,7.753444432963605
ASA_m2_cm3,6.162724298499432
AV_cm3_g,4.478837126457671
AV_VF,4.161792750649045
LCD,2.6857847162468387
PLD,2.436865173473653
LFPD,2.182093111458844
Has_OMS,1.8727362520285598
cm3_g,1.577707929614291
NASA_m2_cm3,0.8673536233847983
NASA_m2_g,0.8017666462987438
NAV_cm3_g,0.08273275531133051
