{
  "R2": 0.9627080107270715,
  "MAE": 0.09867182847580232,
  "RMSE": 0.023732191485082148,
  "MAPE(%)": 5.053249863982253
}