{
  "R2": 0.9592237628080642,
  "MAE": 0.023330799217571394,
  "RMSE": 0.005771686047990547,
  "MAPE(%)": 3.939737859270704
}