{
  "R2": 0.5268352688583201,
  "MAE": 0.250955180841329,
  "RMSE": 0.1373116483819449,
  "MAPE(%)": 31.83050887896521
}