{
  "R2": 0.9864155005362553,
  "MAE": 0.01750781071442418,
  "RMSE": 0.0009463145912307494,
  "MAPE(%)": 3.2483126997438787
}