{
  "R2": 0.9847412131626853,
  "MAE": 0.017977227640295666,
  "RMSE": 0.0010803899455316076,
  "MAPE(%)": 3.264020186295945
}