Feature,Importance
0.05,47.11057165148705
ASA_m2_g,17.642284726470095
AV_cm3_g,6.5745914438614035
AV_VF,6.321125363416321
ASA_m2_cm3,6.138805903063206
cm3_g,4.243818548073221
PLD,3.465921839614467
LFPD,3.0587359434055004
LCD,2.5014934193795386
Has_OMS,1.6239006679980694
NASA_m2_cm3,0.613070447830517
NASA_m2_g,0.5891841254756359
NAV_cm3_g,0.11649591992498559
