Feature,Importance
0.5,81.54854523630017
ASA_m2_g,4.042358249586536
AV_VF,2.890669139953601
AV_cm3_g,2.1023622487847575
ASA_m2_cm3,2.0533646107329253
cm3_g,1.4842932916617226
Has_OMS,1.332210921500417
PLD,1.3313784507546012
LFPD,1.1389391997754996
LCD,1.0386000621836506
NASA_m2_cm3,0.5453735550180762
NASA_m2_g,0.3680633820402077
NAV_cm3_g,0.12384165170781956
