{
  "R2": 0.9851502714842698,
  "MAE": 0.030398887510025646,
  "RMSE": 0.002104343548194757,
  "MAPE(%)": 2.745166365171215
}