Feature,Importance
0.05,54.1926458469408
ASA_m2_g,12.37921781725038
AV_cm3_g,6.181630517317771
AV_VF,5.9656553588106345
ASA_m2_cm3,5.780330350160935
cm3_g,5.133728779070612
PLD,2.5174148542676695
LCD,2.5075007246199035
LFPD,2.173084746120761
Has_OMS,1.6818328731150594
NASA_m2_cm3,0.8923691222405584
NASA_m2_g,0.5176670816572969
NAV_cm3_g,0.07692192842761296
