{
  "R2": 0.9629493594601279,
  "MAE": 0.1646369229127674,
  "RMSE": 0.0683546380888916,
  "MAPE(%)": 5.732663900153936
}