Feature,Importance
0.01,86.74542355089012
cm3_g,1.6369446446774865
ASA_m2_g,1.5283437061739489
AV_VF,1.4946128270741594
LCD,1.3819443876163777
ASA_m2_cm3,1.347568831316663
Has_OMS,1.3398470646930365
PLD,1.2562434752292524
LFPD,1.2433819735779645
AV_cm3_g,1.2294191884465508
NASA_m2_cm3,0.39804105976509946
NASA_m2_g,0.35404862985529595
NAV_cm3_g,0.044180660684063136
