{
  "R2": 0.9881984786696052,
  "MAE": 0.009448157155462645,
  "RMSE": 0.00018276962032252755,
  "MAPE(%)": 2.5915451472040885
}