{
  "R2": 0.513415091428342,
  "MAE": 0.33560431945847946,
  "RMSE": 0.2416667135519292,
  "MAPE(%)": 31.785190494620043
}