temp,lowp,outp,seed,mode,qt_frac,train_ratio,out_root,model,R2,MAE,RMSE,MAPE(%)
293K,0.01,5,2029,struct,0.0,0.35,./RUN_FULL_EXP,cat,0.513415091428342,0.33560431945847946,0.2416667135519292,31.785190494620043
