Feature,Importance
0.05,78.3400976864355
AV_VF,3.5713346526351955
ASA_m2_g,3.395997276206695
ASA_m2_cm3,3.038144767927982
AV_cm3_g,2.600527260551628
cm3_g,2.1922848840302414
LFPD,1.4519283329806365
Has_OMS,1.4309474557536468
PLD,1.37638419144674
LCD,1.2082063155177787
NASA_m2_cm3,0.7805900247490898
NASA_m2_g,0.5222343059615302
NAV_cm3_g,0.09132284580336225
