{
  "R2": 0.9781870173119546,
  "MAE": 0.03863890797887189,
  "RMSE": 0.005815684737839251,
  "MAPE(%)": 3.646818776993855
}