Feature,Importance
0.5,76.49921235525656
ASA_m2_g,5.69531083560495
ASA_m2_cm3,3.4372540951339103
AV_VF,2.8767675525085816
AV_cm3_g,2.807905529167312
cm3_g,2.06194368544587
LCD,1.8363834579791216
Has_OMS,1.453579298747758
PLD,1.335708184629538
LFPD,1.0674998337015793
NASA_m2_cm3,0.6436479238873097
NASA_m2_g,0.216570265681054
NAV_cm3_g,0.0682169822564738
