{
  "R2": 0.9723583794869918,
  "MAE": 0.05020253219364679,
  "RMSE": 0.00580655094594719,
  "MAPE(%)": 3.3495492153573996
}