{
  "R2": 0.9696056607201643,
  "MAE": 0.06369974793991516,
  "RMSE": 0.01476319945405606,
  "MAPE(%)": 4.766838433524344
}