Feature,Importance
0.05,84.14721847969254
AV_VF,2.5057526739285527
ASA_m2_cm3,1.7861004758351389
AV_cm3_g,1.6864479576117377
PLD,1.6311940744072542
ASA_m2_g,1.587503391553297
Has_OMS,1.4494461071733706
cm3_g,1.4266396149201401
LFPD,1.359630833032039
LCD,1.034454955618294
NASA_m2_cm3,0.7427295117329836
NASA_m2_g,0.5740569519988923
NAV_cm3_g,0.06882497249578758
