temp,lowp,outp,seed,mode,qt_frac,train_ratio,out_root,model,R2,MAE,RMSE,MAPE(%)
273K,0.05,1,2025,lowq,0.05,0.5,./RUN_FULL_EXP,cat,0.9760954848397057,0.019828475425948167,0.0032595751548162885,3.3679236630541536
