{
  "R2": 0.9760954848397057,
  "MAE": 0.019828475425948167,
  "RMSE": 0.0032595751548162885,
  "MAPE(%)": 3.3679236630541536
}