temp,lowp,outp,seed,mode,qt_frac,train_ratio,out_root,model,R2,MAE,RMSE,MAPE(%)
293K,0.1,5,2025,lowq,0.15,0.5,./RUN_FULL_EXP,cat,0.974720416186898,0.0574810027488114,0.010190491050631903,4.03805019466985
