{
  "R2": 0.974720416186898,
  "MAE": 0.0574810027488114,
  "RMSE": 0.010190491050631903,
  "MAPE(%)": 4.03805019466985
}