{
  "R2": 0.966222713801657,
  "MAE": 0.0882509988216093,
  "RMSE": 0.017287633759738918,
  "MAPE(%)": 4.45432307315873
}