temp,lowp,outp,seed,mode,qt_frac,train_ratio,out_root,model,R2,MAE,RMSE,MAPE(%)
273K,0.5,5,2029,lowq,0.55,0.5,./RUN_FULL_EXP,cat,0.966222713801657,0.0882509988216093,0.017287633759738918,4.45432307315873
