{
  "R2": 0.9465568349580051,
  "MAE": 0.21041043035929594,
  "RMSE": 0.10023752077841697,
  "MAPE(%)": 7.707838632953876
}