Feature,Importance
HENRY,80.9735515684077
AV_VF,2.439505272601525
AV_cm3_g,2.161110280332447
Has_OMS,2.109974118141869
ASA_m2_g,1.9679993852518924
ASA_m2_cm3,1.8816381373435023
cm3_g,1.8504286918170691
LCD,1.8185763617207404
PLD,1.654603961109501
LFPD,1.5506072228479237
NASA_m2_cm3,0.9292244080695284
NASA_m2_g,0.6201890079078874
NAV_cm3_g,0.0425915844484057
