temp,lowp,outp,seed,mode,qt_frac,train_ratio,out_root,model,R2,MAE,RMSE,MAPE(%)
273K,HENRY,1,2029,lowq,0.65,0.5,./RUN_FULL_EXP,cat,0.9876247084051109,0.01405157105057946,0.0005314606126518124,2.556772967362049
