{
  "R2": 0.9876247084051109,
  "MAE": 0.01405157105057946,
  "RMSE": 0.0005314606126518124,
  "MAPE(%)": 2.556772967362049
}