Feature,Importance
0.1,51.60117729020862
ASA_m2_g,15.0278819137327
AV_VF,7.211958897329936
AV_cm3_g,6.817168345010547
ASA_m2_cm3,5.03934316610733
cm3_g,3.7153703116284573
PLD,2.881997635902037
LCD,2.3522354526008415
LFPD,2.1803850802123406
Has_OMS,1.388758631022217
NASA_m2_cm3,0.8452687763776395
NASA_m2_g,0.7190252441349663
NAV_cm3_g,0.21942925573237673
