{
  "R2": 0.9631377202198981,
  "MAE": 0.16092847763629686,
  "RMSE": 0.06828012415249862,
  "MAPE(%)": 5.552194039327726
}