Feature,Importance
0.01,83.95732317578687
PLD,2.1165950169788585
cm3_g,1.9539619824974246
LFPD,1.9409667776128294
Has_OMS,1.9296390925503615
LCD,1.5125074152249982
AV_cm3_g,1.310259839677726
ASA_m2_cm3,1.254992438902179
ASA_m2_g,1.2405723265761683
AV_VF,1.134659475454921
NASA_m2_g,0.9691278228273513
NASA_m2_cm3,0.6069947391030326
NAV_cm3_g,0.07239989680726963
