{
  "R2": 0.9419559959794302,
  "MAE": 0.018413150916081818,
  "RMSE": 0.004124202110925738,
  "MAPE(%)": 5.520495542110495
}