{
  "R2": 0.9596577729786189,
  "MAE": 0.1850427653972145,
  "RMSE": 0.07707353752818859,
  "MAPE(%)": 6.649941309276879
}