{
  "R2": 0.9632352203697404,
  "MAE": 0.05974355641146297,
  "RMSE": 0.0076338522455463315,
  "MAPE(%)": 4.008157809671628
}