{
  "R2": 0.9520222373645867,
  "MAE": 0.027071870165361594,
  "RMSE": 0.007062459905091238,
  "MAPE(%)": 4.755538980683135
}