{
  "R2": 0.9924194660091057,
  "MAE": 0.00730922350172174,
  "RMSE": 0.00012435998766523995,
  "MAPE(%)": 1.972472285739816
}