Feature,Importance
HENRY,63.97797143148848
AV_VF,6.952173278211567
ASA_m2_g,6.589214707175568
ASA_m2_cm3,6.160411007283048
AV_cm3_g,5.373421709348282
cm3_g,2.562425383597231
PLD,2.0914668137104906
LFPD,1.776237508973567
LCD,1.7475078794542158
Has_OMS,1.3601879797776015
NASA_m2_g,0.7314700657116653
NASA_m2_cm3,0.5793790849463433
NAV_cm3_g,0.09813315032192836
