{
  "R2": 0.9707657622072626,
  "MAE": 0.11009450006923369,
  "RMSE": 0.025869832114848394,
  "MAPE(%)": 4.484390495122632
}