temp,lowp,outp,seed,mode,qt_frac,train_ratio,out_root,model,R2,MAE,RMSE,MAPE(%)
313K,HENRY,15,2028,lowq,0.55,0.5,./RUN_FULL_EXP,cat,0.9707657622072626,0.11009450006923369,0.025869832114848394,4.484390495122632
