{
  "R2": 0.3543931520037037,
  "MAE": 0.1276547748539302,
  "RMSE": 0.046822117606857956,
  "MAPE(%)": 52.27963914619824
}