{
  "R2": 0.9598946897881856,
  "MAE": 0.10015427171823481,
  "RMSE": 0.025874517513636886,
  "MAPE(%)": 5.153616709888886
}