Feature,Importance
0.01,53.24839557994643
ASA_m2_g,9.992435304384015
ASA_m2_cm3,6.837324642363173
cm3_g,6.360758762734075
AV_VF,5.456549915918685
Has_OMS,4.024492661071606
AV_cm3_g,3.6151722076898274
LCD,3.274310660002705
PLD,2.997092960258341
LFPD,2.7686638161578094
NASA_m2_cm3,0.9638576186640005
NASA_m2_g,0.43948014701208954
NAV_cm3_g,0.021465723797240637
