Feature,Importance
0.01,85.47652209019542
cm3_g,1.9915227704696394
AV_VF,1.9143051109795475
AV_cm3_g,1.896392812048522
PLD,1.5661557067946656
LCD,1.3937302670543987
Has_OMS,1.2806835457102281
ASA_m2_cm3,1.1768744553374182
LFPD,1.1707853958752232
ASA_m2_g,1.0819042670749501
NASA_m2_cm3,0.5990859073624663
NASA_m2_g,0.28969676785946735
NAV_cm3_g,0.16234090323807057
