temp,lowp,outp,seed,mode,qt_frac,train_ratio,out_root,model,R2,MAE,RMSE,MAPE(%)
313K,0.01,1,2028,lowq,0.4,0.5,./RUN_FULL_EXP,cat,0.9919470230686469,0.006996741897443276,9.426113794684055e-05,2.841799115691852
