{
  "R2": 0.9919470230686469,
  "MAE": 0.006996741897443276,
  "RMSE": 9.426113794684055e-05,
  "MAPE(%)": 2.841799115691852
}