{
  "R2": 0.4537180872897143,
  "MAE": 0.18211522239773156,
  "RMSE": 0.09562586472063836,
  "MAPE(%)": 42.899635126267064
}