Feature,Importance
0.5,81.28715725288394
AV_cm3_g,2.9484587919676906
ASA_m2_g,2.7702492503518923
ASA_m2_cm3,2.6680003433670576
AV_VF,2.561524090212705
cm3_g,1.916923902343835
LCD,1.5057385214017518
Has_OMS,1.4469615915079466
LFPD,1.046608242541128
PLD,0.9672150141836522
NASA_m2_cm3,0.5403038578918589
NASA_m2_g,0.2634608179234656
NAV_cm3_g,0.07739832342309792
