{
  "R2": 0.9833745809468846,
  "MAE": 0.02984791058483384,
  "RMSE": 0.0019703589178032823,
  "MAPE(%)": 2.68845460086943
}