temp,lowp,outp,seed,mode,qt_frac,train_ratio,out_root,model,R2,MAE,RMSE,MAPE(%)
313K,0.5,5,2029,lowq,0.7,0.5,./RUN_FULL_EXP,cat,0.9833745809468846,0.02984791058483384,0.0019703589178032823,2.68845460086943
