{
  "R2": 0.9922141582816697,
  "MAE": 0.008172561971749802,
  "RMSE": 0.0002678943242625314,
  "MAPE(%)": 2.1926138995750364
}