Feature,Importance
0.05,48.70193096649777
ASA_m2_g,18.437872453214382
ASA_m2_cm3,6.996662441053015
AV_cm3_g,5.405367244858164
AV_VF,4.968024173426467
cm3_g,4.330831090772755
PLD,3.0934660075377742
LCD,2.679821472671387
LFPD,2.4752647398038254
Has_OMS,1.4681478155769032
NASA_m2_cm3,0.7545761428918252
NASA_m2_g,0.6279343511073076
NAV_cm3_g,0.06010110058843582
