{
  "R2": 0.9439444952552948,
  "MAE": 0.24151836234612217,
  "RMSE": 0.1356788281152472,
  "MAPE(%)": 6.099208558898479
}