Feature,Importance
0.01,83.14213657002693
AV_VF,3.197110737939618
ASA_m2_g,2.385352392216626
AV_cm3_g,2.0361984844406296
Has_OMS,1.9795738117607902
ASA_m2_cm3,1.6074762469079331
PLD,1.4728833287616376
LCD,1.2552059060811944
LFPD,0.9278546740669322
cm3_g,0.9236635984121806
NASA_m2_cm3,0.6050143429774684
NASA_m2_g,0.46027324487076204
NAV_cm3_g,0.0072566615372888195
