{
  "R2": 0.9928298988489248,
  "MAE": 0.0080020004510004,
  "RMSE": 0.00021481124207390747,
  "MAPE(%)": 2.192048335440823
}