Feature,Importance
0.01,58.42415548685949
ASA_m2_g,9.42941521116392
AV_cm3_g,6.5952242523086735
ASA_m2_cm3,5.639122369984237
AV_VF,5.310546854860893
cm3_g,3.764883799857317
LCD,2.6161846624797107
PLD,2.4809965599792716
LFPD,2.2566690712854447
Has_OMS,2.129242761964316
NASA_m2_g,0.7101780315529008
NASA_m2_cm3,0.6288841505120806
NAV_cm3_g,0.014496787191743812
