{
  "R2": 0.9485183354919562,
  "MAE": 0.19933249371394357,
  "RMSE": 0.09606661433788177,
  "MAPE(%)": 6.903016217476809
}