Feature,Importance
0.01,70.53071606533248
ASA_m2_g,5.991073419864479
ASA_m2_cm3,5.2817660620603295
AV_VF,3.4160706682878583
AV_cm3_g,3.1599479654075897
cm3_g,2.343076128090372
PLD,2.0151330154702958
Has_OMS,1.9312001199487538
LFPD,1.9306497054803986
LCD,1.7858399390007171
NASA_m2_cm3,0.8508544079760828
NASA_m2_g,0.7043331208729684
NAV_cm3_g,0.05933938220769019
