{
  "R2": 0.9702928337789195,
  "MAE": 0.06445452322057489,
  "RMSE": 0.009591194285578877,
  "MAPE(%)": 4.531122169419015
}