Feature,Importance
0.01,70.21179143143777
ASA_m2_cm3,5.56496133610707
ASA_m2_g,5.2135656144172255
AV_VF,4.677726048587795
AV_cm3_g,3.4632867256230844
LCD,2.1892546739766487
cm3_g,1.9577217227808683
PLD,1.9393394994282627
LFPD,1.8533010431330075
Has_OMS,1.5997502566089494
NASA_m2_g,0.6641442312475939
NASA_m2_cm3,0.6253146227868891
NAV_cm3_g,0.03984279386482309
