{
  "R2": 0.9681304930702989,
  "MAE": 0.05972349238949333,
  "RMSE": 0.007839899534079375,
  "MAPE(%)": 4.0563981777377665
}