temp,lowp,outp,seed,mode,qt_frac,train_ratio,out_root,model,R2,MAE,RMSE,MAPE(%)
293K,0.01,5,2025,struct_with_input,0.65,0.65,./RUN_FULL_EXP,cat,0.9681304930702989,0.05972349238949333,0.007839899534079375,4.0563981777377665
