temp,lowp,outp,seed,mode,qt_frac,train_ratio,out_root,model,R2,MAE,RMSE,MAPE(%)
293K,0.01,1,2028,lowq,0.15,0.5,./RUN_FULL_EXP,cat,0.9798785549525779,0.011449708886897246,0.0009112778967615798,3.0175480179776346
