{
  "R2": 0.9798785549525779,
  "MAE": 0.011449708886897246,
  "RMSE": 0.0009112778967615798,
  "MAPE(%)": 3.0175480179776346
}