{
  "R2": 0.9672301723334426,
  "MAE": 0.11145565551956041,
  "RMSE": 0.03908974820224767,
  "MAPE(%)": 4.858325897573565
}