Feature,Importance
0.05,61.37409980836508
ASA_m2_g,9.729880946839206
ASA_m2_cm3,6.484225647803452
AV_cm3_g,5.188988268833634
AV_VF,4.98547848716854
cm3_g,2.979946771495929
PLD,2.2980590511502648
LCD,1.893608556227002
LFPD,1.7264358444968957
Has_OMS,1.5127950959498668
NASA_m2_g,0.9092007892612782
NASA_m2_cm3,0.7855010195493448
NAV_cm3_g,0.13177971285948606
