{
  "R2": 0.9701702349699336,
  "MAE": 0.11113320114660026,
  "RMSE": 0.025986873477794444,
  "MAPE(%)": 4.454239810018397
}