temp,lowp,outp,seed,mode,qt_frac,train_ratio,out_root,model,R2,MAE,RMSE,MAPE(%)
313K,0.05,15,2027,lowq,0.55,0.5,./RUN_FULL_EXP,cat,0.9701702349699336,0.11113320114660026,0.025986873477794444,4.454239810018397
