Feature,Importance
HENRY,49.32276897851884
ASA_m2_g,17.636342528445564
ASA_m2_cm3,6.844903028836161
AV_cm3_g,5.910047415768153
AV_VF,4.538120695521928
cm3_g,4.204746503985288
PLD,3.0152486049989955
LCD,2.5168129302148134
LFPD,2.287069325026761
Has_OMS,1.7151627907554194
NASA_m2_cm3,1.2912252059293379
NASA_m2_g,0.6575605424826645
NAV_cm3_g,0.05999144951607611
