{
  "R2": 0.9494566783684577,
  "MAE": 0.24566693827457056,
  "RMSE": 0.123297165637037,
  "MAPE(%)": 6.278395437935101
}