{
  "R2": 0.9362573378606345,
  "MAE": 0.09040008508373353,
  "RMSE": 0.019757389224275914,
  "MAPE(%)": 7.645035640767572
}