{
  "R2": 0.3501952405493809,
  "MAE": 0.1924073918223954,
  "RMSE": 0.11238917817984219,
  "MAPE(%)": 49.9177263127615
}