{
  "R2": 0.9662131866991386,
  "MAE": 0.10203983211870252,
  "RMSE": 0.029039300488661574,
  "MAPE(%)": 5.506306114001807
}