{
  "R2": 0.9026036993371458,
  "MAE": 0.11242875913628103,
  "RMSE": 0.04843834866749362,
  "MAPE(%)": 8.834659528026673
}