Feature,Importance
HENRY,61.87127617002375
ASA_m2_g,9.19961285566722
ASA_m2_cm3,7.052915851218104
AV_VF,5.0320029731066045
AV_cm3_g,4.062049980091377
cm3_g,3.812085758842746
LCD,2.3743073641661887
PLD,2.026892121905067
LFPD,1.9747564040622199
Has_OMS,1.1832523107013357
NASA_m2_g,0.7811234453224344
NASA_m2_cm3,0.5809379706567259
NAV_cm3_g,0.04878679423623531
