{
  "R2": 0.9746005003482628,
  "MAE": 0.11035688442715715,
  "RMSE": 0.029686582817937596,
  "MAPE(%)": 5.006238596192005
}