temp,lowp,outp,seed,mode,qt_frac,train_ratio,out_root,model,R2,MAE,RMSE,MAPE(%)
313K,HENRY,15,2026,lowq,0.05,0.5,./RUN_FULL_EXP,cat,0.9746005003482628,0.11035688442715715,0.029686582817937596,5.006238596192005
