Feature,Importance
HENRY,62.08143298923669
ASA_m2_g,11.55518425879737
ASA_m2_cm3,5.951884207771714
AV_cm3_g,4.8080632510733885
AV_VF,4.040226754959332
cm3_g,3.443986294569327
LCD,2.0873755494339825
PLD,1.984196974432174
LFPD,1.5244440034958757
Has_OMS,0.9842590780520212
NASA_m2_g,0.7887392918255733
NASA_m2_cm3,0.6740969262963058
NAV_cm3_g,0.07611042005624698
