temp,lowp,outp,seed,mode,qt_frac,train_ratio,out_root,model,R2,MAE,RMSE,MAPE(%)
313K,HENRY,15,2026,lowq,0.25,0.5,./RUN_FULL_EXP,cat,0.963895580283918,0.10951911812709426,0.038530909148482846,4.528996750475558
