{
  "R2": 0.963895580283918,
  "MAE": 0.10951911812709426,
  "RMSE": 0.038530909148482846,
  "MAPE(%)": 4.528996750475558
}