Feature,Importance
0.5,91.77766513407987
AV_cm3_g,1.3446581452837527
Has_OMS,1.2983117362465753
LCD,1.0543888686284322
cm3_g,1.0142491254652857
AV_VF,0.7788552211399563
LFPD,0.6622127429560315
ASA_m2_cm3,0.5833244421131374
PLD,0.4586016219631621
ASA_m2_g,0.43331854349846827
NASA_m2_cm3,0.3150886312283153
NASA_m2_g,0.22926720039746953
NAV_cm3_g,0.050058586999518116
