{
  "R2": 0.997201933390133,
  "MAE": 0.0039012411219903373,
  "RMSE": 5.059956142155763e-05,
  "MAPE(%)": 1.5597762655783733
}