{
  "R2": 0.9876633138850557,
  "MAE": 0.016568157328890373,
  "RMSE": 0.0007835605636175557,
  "MAPE(%)": 3.0493504288496336
}