{
  "R2": 0.9821633067112344,
  "MAE": 0.011866572835816479,
  "RMSE": 0.0011068795965216475,
  "MAPE(%)": 3.2482787891684723
}