{
  "R2": 0.773073427423889,
  "MAE": 0.5879019968555866,
  "RMSE": 0.682462756078456,
  "MAPE(%)": 19.91062946151434
}