Feature,Importance
ASA_m2_g,16.038441972744806
AV_VF,14.660106709601207
cm3_g,13.918293371455407
ASA_m2_cm3,12.02510146356503
PLD,10.896255305224294
AV_cm3_g,8.915352729854352
LCD,7.7726281595147775
Has_OMS,6.841173436812151
LFPD,5.973511538796454
NASA_m2_g,1.3467128019176366
NASA_m2_cm3,1.027661103085421
NAV_cm3_g,0.5847614074284581
