{
  "R2": 0.7199244341821608,
  "MAE": 0.5170945940549675,
  "RMSE": 0.5314220937963607,
  "MAPE(%)": 21.893873315018926
}