temp,lowp,outp,seed,mode,qt_frac,train_ratio,out_root,model,R2,MAE,RMSE,MAPE(%)
293K,0.01,15,2026,struct,0.0,0.3,./RUN_FULL_EXP,cat,0.7199244341821608,0.5170945940549675,0.5314220937963607,21.893873315018926
