Feature,Importance
0.05,65.87355837091607
ASA_m2_g,9.885234519502527
ASA_m2_cm3,4.828277936935223
AV_VF,4.571170713396178
AV_cm3_g,3.5812855852124716
cm3_g,3.1308535281699617
LCD,2.215237624184118
PLD,2.088721116325851
LFPD,1.2889560754746106
Has_OMS,1.00874874083327
NASA_m2_g,0.8436370018988125
NASA_m2_cm3,0.6289437870040655
NAV_cm3_g,0.055375000146830555
