{
  "R2": 0.968648665562945,
  "MAE": 0.11261192251810279,
  "RMSE": 0.02645617235041283,
  "MAPE(%)": 4.463258770966702
}