Feature,Importance
HENRY,81.18276190934574
Has_OMS,2.3766597710448116
AV_VF,2.352223444633863
ASA_m2_cm3,2.2778846814058906
cm3_g,2.180637864496199
ASA_m2_g,1.9285798694986853
PLD,1.8773386834799823
LFPD,1.6407872155162115
LCD,1.5615249355632905
AV_cm3_g,1.272577786423744
NASA_m2_cm3,0.7051299446899817
NASA_m2_g,0.5496714881267917
NAV_cm3_g,0.09422240577483391
