{
  "R2": 0.9815656308544947,
  "MAE": 0.0178478722964703,
  "RMSE": 0.001802417389511872,
  "MAPE(%)": 2.995747264520758
}