temp,lowp,outp,seed,mode,qt_frac,train_ratio,out_root,model,R2,MAE,RMSE,MAPE(%)
273K,HENRY,1,2025,lowq,0.15,0.5,./RUN_FULL_EXP,cat,0.9815656308544947,0.0178478722964703,0.001802417389511872,2.995747264520758
