Feature,Importance
0.01,79.65426649218486
AV_VF,3.196011181850012
Has_OMS,2.4274045640547555
AV_cm3_g,2.3671805893070217
cm3_g,2.1165571864450916
PLD,1.9447359324845688
ASA_m2_g,1.8996698905103226
LCD,1.8613295741004183
ASA_m2_cm3,1.5466686507694183
LFPD,1.536245371997962
NASA_m2_cm3,0.7371761686872677
NASA_m2_g,0.6637312813979912
NAV_cm3_g,0.04902311621031957
