Feature,Importance
0.1,88.53509782900646
cm3_g,1.5487746082865324
LCD,1.3479968742821535
Has_OMS,1.3396707321012122
AV_VF,1.306020120626015
AV_cm3_g,1.2481493038365594
ASA_m2_g,1.2078527479350911
ASA_m2_cm3,0.9878230942832523
PLD,0.9538736985705403
LFPD,0.6721725884436649
NASA_m2_cm3,0.5185175236172017
NASA_m2_g,0.18901722475509525
NAV_cm3_g,0.14503365425622114
