{
  "R2": 0.9952145546816183,
  "MAE": 0.004680603350954911,
  "RMSE": 5.793895488225586e-05,
  "MAPE(%)": 1.8750102564685303
}