{
  "R2": 0.9842573535415802,
  "MAE": 0.02928182888636587,
  "RMSE": 0.0018936212889572308,
  "MAPE(%)": 2.6254112464054904
}