Feature,Importance
0.5,65.08183279139314
ASA_m2_g,6.8281646280321535
AV_VF,6.529185780140911
AV_cm3_g,6.118727358611404
ASA_m2_cm3,5.983614366353755
cm3_g,2.132321171438993
PLD,1.917918807900683
LFPD,1.75616211017567
Has_OMS,1.2324850338872724
LCD,1.0970044657612938
NASA_m2_cm3,0.7859661816653978
NASA_m2_g,0.438917492600157
NAV_cm3_g,0.09769981203917871
