{
  "R2": 0.9747074827690745,
  "MAE": 0.10529978798156212,
  "RMSE": 0.024181525275326896,
  "MAPE(%)": 4.2635129934004246
}