Feature,Importance
0.1,77.26139340025183
ASA_m2_g,4.251996139240365
AV_VF,3.321607460675995
AV_cm3_g,3.0289895307611685
ASA_m2_cm3,2.645792909565846
cm3_g,2.2504049244548656
Has_OMS,1.8395395138086348
LCD,1.6034644397003575
LFPD,1.2845762421074196
PLD,1.2322496608217681
NASA_m2_cm3,0.8227822307761358
NASA_m2_g,0.4029807209760665
NAV_cm3_g,0.05422282685952597
