{
  "R2": 0.9835313447413359,
  "MAE": 0.03318881330432981,
  "RMSE": 0.0026340668621761304,
  "MAPE(%)": 3.028303988407562
}