Feature,Importance
0.1,89.34753856113753
cm3_g,1.6686451202052115
AV_cm3_g,1.46585561007514
LCD,1.2576113810673888
AV_VF,1.1302304363012485
ASA_m2_cm3,1.0084465557707236
PLD,0.9743598681199848
Has_OMS,0.9411790512707715
ASA_m2_g,0.8582369737912706
LFPD,0.6721434877509896
NASA_m2_cm3,0.3585777764074712
NASA_m2_g,0.20199997381997076
NAV_cm3_g,0.1151752042822694
