{
  "R2": 0.9946879353060252,
  "MAE": 0.004300241499161602,
  "RMSE": 3.768070542564764e-05,
  "MAPE(%)": 1.6215817073440564
}