Feature,Importance
0.01,56.633125195337755
ASA_m2_g,11.735084508555772
ASA_m2_cm3,7.6262398341948
AV_cm3_g,5.12440623308322
AV_VF,4.565307081966697
cm3_g,3.971120550412657
PLD,2.775901623632551
LCD,2.3401290007053444
LFPD,1.975295135416533
Has_OMS,1.5306637973109833
NASA_m2_cm3,1.007834042234741
NASA_m2_g,0.6619346585852786
NAV_cm3_g,0.05295833856366432
