{
  "R2": 0.9584540163782044,
  "MAE": 0.16868558566452205,
  "RMSE": 0.05547910029055905,
  "MAPE(%)": 5.265564483359602
}