{
  "R2": 0.3816299446169107,
  "MAE": 0.1203849223588062,
  "RMSE": 0.04313415517930451,
  "MAPE(%)": 42.61989816719222
}