Feature,Importance
HENRY,56.49163505550114
ASA_m2_g,13.39072210197278
ASA_m2_cm3,6.332867861412916
AV_VF,5.5766247996761935
AV_cm3_g,5.332913364934704
cm3_g,3.263005359935208
PLD,2.3659726339657783
LCD,2.347858554815071
LFPD,1.7818601785809498
Has_OMS,1.6663413099894804
NASA_m2_cm3,0.8478690136054424
NASA_m2_g,0.5518557104661801
NAV_cm3_g,0.050474055144160694
