temp,lowp,outp,seed,mode,qt_frac,train_ratio,out_root,model,R2,MAE,RMSE,MAPE(%)
293K,HENRY,15,2029,lowq,0.75,0.5,./RUN_FULL_EXP,cat,0.9600669606614861,0.16234737740530897,0.053939919818936456,5.118641873027691
