{
  "R2": 0.9600669606614861,
  "MAE": 0.16234737740530897,
  "RMSE": 0.053939919818936456,
  "MAPE(%)": 5.118641873027691
}