Feature,Importance
HENRY,51.016638307852084
ASA_m2_g,16.80684334624126
AV_cm3_g,6.309419574944431
ASA_m2_cm3,5.772489438839377
AV_VF,5.054352961083831
cm3_g,3.439100572929756
PLD,3.077347565505531
LCD,2.8524294071019924
LFPD,2.461964351015906
Has_OMS,1.4509076492541508
NASA_m2_g,0.843542112018065
NASA_m2_cm3,0.803801202850467
NAV_cm3_g,0.11116351036314062
