temp,lowp,outp,seed,mode,qt_frac,train_ratio,out_root,model,R2,MAE,RMSE,MAPE(%)
273K,HENRY,15,2026,lowq,0.15,0.5,./RUN_FULL_EXP,cat,0.9545380334962201,0.23566280833347675,0.13230862196711843,6.3678489124844155
