{
  "R2": 0.9545380334962201,
  "MAE": 0.23566280833347675,
  "RMSE": 0.13230862196711843,
  "MAPE(%)": 6.3678489124844155
}