Feature,Importance
0.05,88.37824212010757
cm3_g,1.7316700207064428
AV_cm3_g,1.5825239470172219
AV_VF,1.3127635379631786
Has_OMS,1.2680746306232646
LCD,1.2149967007912514
LFPD,1.0015171419275561
ASA_m2_g,0.9393553368373758
PLD,0.8261889874396998
ASA_m2_cm3,0.6885500081697782
NASA_m2_cm3,0.5199557641077684
NASA_m2_g,0.43827605809762327
NAV_cm3_g,0.09788574621125427
