{
  "R2": 0.9947748153467987,
  "MAE": 0.004560669300922426,
  "RMSE": 3.933502185524703e-05,
  "MAPE(%)": 1.7668082827354719
}