Feature,Importance
0.1,48.785784997331
ASA_m2_g,15.301331694076007
ASA_m2_cm3,7.86548174136331
AV_VF,6.275034067758731
AV_cm3_g,5.728152215286697
cm3_g,4.6389396985006055
PLD,3.088030252268362
LCD,2.5666886090490797
LFPD,2.1571594572132384
Has_OMS,1.6627216774211568
NASA_m2_g,0.9407819675636606
NASA_m2_cm3,0.9039144681197352
NAV_cm3_g,0.08597915404841502
