{
  "R2": 0.9473357153374765,
  "MAE": 0.2429582464313276,
  "RMSE": 0.1305946302953005,
  "MAPE(%)": 6.147113436887111
}