{
  "R2": 0.9650203342016065,
  "MAE": 0.10585741332191746,
  "RMSE": 0.029473848238038045,
  "MAPE(%)": 5.739096778412727
}