{
  "R2": 0.971151870422643,
  "MAE": 0.1536482467731023,
  "RMSE": 0.053580593570722715,
  "MAPE(%)": 5.407762226858284
}