Feature,Importance
0.5,79.71119564551483
ASA_m2_g,5.035389210073313
AV_VF,2.955729534424073
AV_cm3_g,2.431590765523682
ASA_m2_cm3,2.2519537482145915
cm3_g,1.7993545262576587
LCD,1.3812096954346955
Has_OMS,1.254777247911058
LFPD,1.2506480611086186
PLD,1.0368220395807966
NASA_m2_cm3,0.498380969127661
NASA_m2_g,0.33394355713810325
NAV_cm3_g,0.059004999690901706
