{
  "R2": 0.984555999169193,
  "MAE": 0.029567384600118447,
  "RMSE": 0.0019699759417599336,
  "MAPE(%)": 2.651063936166088
}