{
  "R2": 0.9927569332767994,
  "MAE": 0.007697417346580838,
  "RMSE": 0.00019267147199148976,
  "MAPE(%)": 2.063898523312016
}