{
  "R2": 0.9548079854413865,
  "MAE": 0.09577190724861437,
  "RMSE": 0.020473709049572814,
  "MAPE(%)": 4.735554104841054
}