Feature,Importance
0.05,57.81055920768931
ASA_m2_g,11.312630256200782
ASA_m2_cm3,6.118215620738612
AV_cm3_g,6.05402756380234
AV_VF,5.869032336830325
PLD,3.039534425609413
cm3_g,2.4906518654606526
LFPD,2.133115574082234
LCD,1.9347279035558003
Has_OMS,1.6911453567817971
NASA_m2_cm3,0.7368001460813349
NASA_m2_g,0.7024719683355698
NAV_cm3_g,0.10708777483182351
