{
  "R2": 0.9616632262754699,
  "MAE": 0.16597500787692426,
  "RMSE": 0.056602907199986986,
  "MAPE(%)": 5.325712830370036
}