Feature,Importance
HENRY,62.56728440685627
ASA_m2_g,7.829728189175244
ASA_m2_cm3,7.090230559029775
AV_VF,4.759072694834507
AV_cm3_g,3.8885558146225185
LCD,2.7695269785534884
LFPD,2.482592732542631
PLD,2.393627224204169
Has_OMS,2.1468999449593036
cm3_g,1.9497315049868822
NASA_m2_cm3,1.191502223463668
NASA_m2_g,0.7978095597691832
NAV_cm3_g,0.1334381670023632
