{
  "R2": 0.9539478436885026,
  "MAE": 0.10406029201072865,
  "RMSE": 0.02726418753948868,
  "MAPE(%)": 5.161467067279182
}