{
  "R2": 0.9761227806974674,
  "MAE": 0.06124356464411524,
  "RMSE": 0.011373317747813931,
  "MAPE(%)": 4.4374269912081346
}