Feature,Importance
0.5,71.42720292835615
ASA_m2_g,5.992168179096105
ASA_m2_cm3,5.883684542389451
AV_VF,4.4955926234088786
AV_cm3_g,2.807766265762009
cm3_g,1.97852809379731
PLD,1.7693050465204831
LCD,1.7616334225982777
LFPD,1.6565642875273763
Has_OMS,1.3063234914253856
NASA_m2_cm3,0.47797900369400487
NASA_m2_g,0.3935167695430592
NAV_cm3_g,0.049735345881523306
