{
  "R2": 0.960336971632842,
  "MAE": 0.08995341787718263,
  "RMSE": 0.018285094688331196,
  "MAPE(%)": 4.391571799257657
}