{
  "R2": 0.9892176955120064,
  "MAE": 0.00793530428207975,
  "RMSE": 0.0007038003440371316,
  "MAPE(%)": 2.2939020103065504
}