{
  "R2": 0.9705793296386753,
  "MAE": 0.06600475779523636,
  "RMSE": 0.01174413805935372,
  "MAPE(%)": 4.641810184694914
}