Feature,Importance
0.05,72.63574036465066
AV_VF,4.907538929096139
ASA_m2_g,4.6488084179069125
ASA_m2_cm3,3.9879680795262655
AV_cm3_g,3.1217301138842677
LFPD,2.0412594719923667
cm3_g,1.9623916675034974
Has_OMS,1.8964009356374698
PLD,1.8000197818217076
LCD,1.6542129013371993
NASA_m2_cm3,0.7513100104492083
NASA_m2_g,0.5709129580440729
NAV_cm3_g,0.021706368150247967
