{
  "R2": 0.9749474385258706,
  "MAE": 0.058396808919980954,
  "RMSE": 0.00917331665979645,
  "MAPE(%)": 3.968701763906319
}