{
  "R2": 0.9757285854637264,
  "MAE": 0.06116390211625368,
  "RMSE": 0.011613928179397751,
  "MAPE(%)": 4.3080603907005734
}