Feature,Importance
0.1,89.36767421610006
cm3_g,2.605864978435928
AV_cm3_g,1.3817709667355773
AV_VF,1.1302491735401334
ASA_m2_cm3,1.0816143265929317
LCD,1.0621962102408793
PLD,1.0033435716256864
Has_OMS,0.6918586393274012
LFPD,0.5646497396239285
ASA_m2_g,0.44643962283168326
NASA_m2_cm3,0.30991527196941066
NASA_m2_g,0.2388602103076311
NAV_cm3_g,0.11556307266871972
