{
  "R2": 0.9838777067164654,
  "MAE": 0.006129571056314926,
  "RMSE": 0.0005005275230975941,
  "MAPE(%)": 2.2615741131723617
}