temp,lowp,outp,seed,mode,qt_frac,train_ratio,out_root,model,R2,MAE,RMSE,MAPE(%)
313K,0.1,1,2026,lowq,0.05,0.5,./RUN_FULL_EXP,cat,0.9838777067164654,0.006129571056314926,0.0005005275230975941,2.2615741131723617
