temp,lowp,outp,seed,mode,qt_frac,train_ratio,out_root,model,R2,MAE,RMSE,MAPE(%)
293K,0.5,1,2027,lowq,0.35,0.5,./RUN_FULL_EXP,cat,0.9969149395827956,0.005903170936312541,8.214168320037454e-05,1.641230024008195
