{
  "R2": 0.9969149395827956,
  "MAE": 0.005903170936312541,
  "RMSE": 8.214168320037454e-05,
  "MAPE(%)": 1.641230024008195
}