Feature,Importance
0.05,85.89332971664362
cm3_g,2.1025299302213702
AV_cm3_g,1.9307813879570088
LFPD,1.501607875747487
Has_OMS,1.4867118661081944
ASA_m2_g,1.4775655071673721
LCD,1.437464228632231
ASA_m2_cm3,1.1875976550223408
AV_VF,1.0663542847387382
PLD,1.0643088361322783
NASA_m2_cm3,0.4219337314727944
NASA_m2_g,0.37243130222497234
NAV_cm3_g,0.05738367793160366
