{
  "R2": 0.9911136683221736,
  "MAE": 0.008132419746821686,
  "RMSE": 0.0001752933206209445,
  "MAPE(%)": 2.169925209332016
}