Feature,Importance
0.1,58.4342765640556
ASA_m2_g,14.114546975722401
ASA_m2_cm3,5.493008882374182
AV_VF,5.254938689355019
cm3_g,3.643505972836483
AV_cm3_g,3.573771853710198
LFPD,2.4137873832642356
PLD,2.3666394616939948
LCD,2.1788671969026323
Has_OMS,1.2804087183903308
NASA_m2_cm3,0.64500563713461
NASA_m2_g,0.5259756996575226
NAV_cm3_g,0.0752669649027803
