{
  "R2": 0.9561369157503599,
  "MAE": 0.16448097865519593,
  "RMSE": 0.06694646819399504,
  "MAPE(%)": 5.289520211604671
}