Feature,Importance
0.01,75.92491893962281
ASA_m2_g,3.9970470540073464
ASA_m2_cm3,3.51815569225694
AV_VF,3.00359936698334
cm3_g,2.9273234930151117
AV_cm3_g,2.919594595922048
Has_OMS,1.7950716911861395
LCD,1.7074253046240921
PLD,1.5912957325560877
LFPD,1.2897146319311745
NASA_m2_cm3,0.7512230460908312
NASA_m2_g,0.4452146513533668
NAV_cm3_g,0.12941580045072762
