{
  "R2": 0.9778182266330212,
  "MAE": 0.04141410758654498,
  "RMSE": 0.004897898965206623,
  "MAPE(%)": 3.9385959281789265
}