{
  "R2": 0.9714854140487942,
  "MAE": 0.057490340205549245,
  "RMSE": 0.008530226599282915,
  "MAPE(%)": 3.874723512131495
}