Feature,Importance
0.1,86.7958894272875
AV_cm3_g,2.0392265870190456
ASA_m2_g,1.6387166570242935
Has_OMS,1.5884010668015582
cm3_g,1.5658010038988122
LCD,1.3700872135585407
ASA_m2_cm3,1.1382890898323057
PLD,0.9765489991341875
AV_VF,0.7757973119343313
LFPD,0.7171982574070099
NASA_m2_cm3,0.6612370564474609
NASA_m2_g,0.6607939539982364
NAV_cm3_g,0.0720133756567061
