{
  "R2": 0.995095735316005,
  "MAE": 0.00459297242689247,
  "RMSE": 6.048580708854673e-05,
  "MAPE(%)": 1.8259843277578558
}