Feature,Importance
0.01,53.34874339188641
AV_cm3_g,9.894748852444994
ASA_m2_g,8.015555353273141
ASA_m2_cm3,6.625400879897414
AV_VF,5.126769396573314
cm3_g,4.867537231065492
PLD,3.597471665224878
Has_OMS,2.602688755629611
LCD,2.3636146890632825
LFPD,2.08308361872455
NASA_m2_g,0.6158081968229998
NASA_m2_cm3,0.5802883971778426
NAV_cm3_g,0.2782895722160718
