{
  "R2": 0.970210590946461,
  "MAE": 0.1124882969023385,
  "RMSE": 0.026005233002910796,
  "MAPE(%)": 4.499180653615593
}