{
  "R2": 0.9754391947266151,
  "MAE": 0.05366096083975948,
  "RMSE": 0.011483574598078347,
  "MAPE(%)": 3.4437913710719923
}