Feature,Importance
0.01,82.20805494622161
ASA_m2_cm3,2.985138659612757
AV_VF,2.1799558482297132
cm3_g,1.9966956568964704
PLD,1.857126044062919
AV_cm3_g,1.7982274855200888
Has_OMS,1.6845891095003072
LCD,1.5361428923736509
LFPD,1.3926822550689952
ASA_m2_g,1.224162096485174
NASA_m2_cm3,0.6415931892071064
NASA_m2_g,0.4398849726330953
NAV_cm3_g,0.05574684418813152
