temp,lowp,outp,seed,mode,qt_frac,train_ratio,out_root,model,R2,MAE,RMSE,MAPE(%)
273K,0.01,1,2025,lowq,0.75,0.5,./RUN_FULL_EXP,cat,0.9834101871241673,0.016606047077677075,0.0006235131686082178,3.096612555296416
