{
  "R2": 0.9834101871241673,
  "MAE": 0.016606047077677075,
  "RMSE": 0.0006235131686082178,
  "MAPE(%)": 3.096612555296416
}