Feature,Importance
0.1,59.698540279838085
ASA_m2_g,9.9779552682459
AV_VF,6.300624545919679
ASA_m2_cm3,6.012545470957459
AV_cm3_g,5.778076481849303
cm3_g,3.2196668634048544
PLD,2.2311068736249466
LCD,2.1457552043143746
LFPD,1.653319240893813
Has_OMS,1.4673622027357136
NASA_m2_cm3,0.7410008861224585
NASA_m2_g,0.7269492756146227
NAV_cm3_g,0.0470974064788132
