{
  "R2": 0.9756099233723975,
  "MAE": 0.10900163348768743,
  "RMSE": 0.025988446197807685,
  "MAPE(%)": 4.620685877472655
}