temp,lowp,outp,seed,mode,qt_frac,train_ratio,out_root,model,R2,MAE,RMSE,MAPE(%)
313K,0.1,15,2027,lowq,0.25,0.5,./RUN_FULL_EXP,cat,0.9756099233723975,0.10900163348768743,0.025988446197807685,4.620685877472655
