Feature,Importance
0.5,76.03868864163759
ASA_m2_g,5.255293245647152
AV_VF,3.261848353164897
ASA_m2_cm3,3.176752654896698
AV_cm3_g,2.753842176146051
cm3_g,2.2669730453730597
LCD,1.8791450516990986
Has_OMS,1.658878437387464
PLD,1.3635902672534734
LFPD,1.286272124744173
NASA_m2_cm3,0.7598406766913995
NASA_m2_g,0.23185180052297227
NAV_cm3_g,0.0670235248359616
