{
  "R2": 0.9734019652208898,
  "MAE": 0.05197133993393455,
  "RMSE": 0.0067932144785513016,
  "MAPE(%)": 3.480432754212014
}