Feature,Importance
0.01,59.8607564483915
ASA_m2_g,14.527380763559055
ASA_m2_cm3,6.0469452203570135
AV_VF,4.8035486995923655
AV_cm3_g,3.4289379064237044
cm3_g,2.6268787846252284
PLD,2.17990824599134
LCD,2.15762012154555
LFPD,1.7761817883205135
Has_OMS,1.2687528696282306
NASA_m2_cm3,0.6639369845743636
NASA_m2_g,0.5089591697685523
NAV_cm3_g,0.15019299722257934
