temp,lowp,outp,seed,mode,qt_frac,train_ratio,out_root,model,R2,MAE,RMSE,MAPE(%)
313K,0.01,15,2025,lowq,0.4,0.5,./RUN_FULL_EXP,cat,0.961993570271888,0.12208853100694304,0.03834670699271215,4.904784973091306
