{
  "R2": 0.961993570271888,
  "MAE": 0.12208853100694304,
  "RMSE": 0.03834670699271215,
  "MAPE(%)": 4.904784973091306
}