{
  "R2": 0.9931177984429195,
  "MAE": 0.03046224413907386,
  "RMSE": 0.0020444528380964447,
  "MAPE(%)": 2.3851502358954995
}