Feature,Importance
0.05,72.5304865661407
ASA_m2_g,5.7098220472246615
ASA_m2_cm3,5.147456528024055
AV_VF,3.448808792576335
AV_cm3_g,2.7311490175439648
LCD,1.958953277231593
cm3_g,1.9267685654522877
Has_OMS,1.830296670360787
PLD,1.6910419020582572
LFPD,1.6423675804457054
NASA_m2_g,0.7975517586522818
NASA_m2_cm3,0.47136993245855063
NAV_cm3_g,0.11392736183087125
