{
  "R2": 0.9747276443586094,
  "MAE": 0.06284690732253434,
  "RMSE": 0.012092880820961459,
  "MAPE(%)": 4.4583069300266915
}