{
  "R2": 0.9712861837167345,
  "MAE": 0.023294634598394048,
  "RMSE": 0.004289940896082085,
  "MAPE(%)": 3.9284245732554117
}