{
  "R2": 0.9678307572596732,
  "MAE": 0.0689606142921112,
  "RMSE": 0.013131201490258697,
  "MAPE(%)": 4.991154087545214
}