Feature,Importance
0.01,69.9368167222782
ASA_m2_g,6.699069019660856
ASA_m2_cm3,5.180654072377712
AV_VF,4.297582797098575
AV_cm3_g,2.474627518363221
cm3_g,2.2092088569364035
LCD,2.131625793132874
Has_OMS,2.0295994713343055
PLD,1.9436641291392533
LFPD,1.882796540769064
NASA_m2_g,0.6961480583873444
NASA_m2_cm3,0.42356087766526473
NAV_cm3_g,0.0946461428569437
