{
  "R2": 0.9700229005361982,
  "MAE": 0.06529335130652707,
  "RMSE": 0.010758712304893009,
  "MAPE(%)": 4.578281236200834
}