Feature,Importance
0.5,92.57628822156326
AV_cm3_g,1.1965823484817784
cm3_g,1.1717817941731046
AV_VF,0.7163486441671799
ASA_m2_cm3,0.7086399146711357
PLD,0.6351845426343676
LCD,0.568666170530464
ASA_m2_g,0.5244918674467512
NASA_m2_g,0.5167740430704357
NASA_m2_cm3,0.4448478991203676
LFPD,0.44030086962555715
Has_OMS,0.3713145882713589
NAV_cm3_g,0.12877909624418407
