{
  "R2": 0.9954452005690324,
  "MAE": 0.010750637927723787,
  "RMSE": 0.0003171040294115473,
  "MAPE(%)": 1.995176583136009
}