Feature,Importance
0.01,85.90664035191523
cm3_g,2.3264096950076416
AV_VF,1.6454039916571213
LCD,1.49912112665325
PLD,1.4446237139094387
Has_OMS,1.3870657537646571
ASA_m2_cm3,1.2749522875483177
LFPD,1.2665545274035386
AV_cm3_g,1.260722059596821
ASA_m2_g,1.1732918524843874
NASA_m2_cm3,0.3824943916690633
NASA_m2_g,0.3637838618031643
NAV_cm3_g,0.06893638658739655
