{
  "R2": 0.9909348700545088,
  "MAE": 0.009823902202166904,
  "RMSE": 0.00022999569738272254,
  "MAPE(%)": 2.750895757113682
}