{
  "R2": 0.9962171807667206,
  "MAE": 0.005803517177695015,
  "RMSE": 7.585323224515783e-05,
  "MAPE(%)": 1.5881963701042987
}