Feature,Importance
0.1,66.36259991974956
ASA_m2_g,7.7811173121563
ASA_m2_cm3,6.5140174805303195
AV_VF,4.221405796853204
AV_cm3_g,2.9482869029511085
LFPD,2.322976998918858
LCD,2.2443264865317847
Has_OMS,2.1092586069508474
PLD,2.068787646893107
cm3_g,1.8215584880875175
NASA_m2_cm3,0.9627753394001364
NASA_m2_g,0.5446979961077035
NAV_cm3_g,0.0981910248695474
