{
  "R2": 0.9625547755024131,
  "MAE": 0.10078386748582434,
  "RMSE": 0.024355193778559686,
  "MAPE(%)": 5.2589976464834844
}