temp,lowp,outp,seed,mode,qt_frac,train_ratio,out_root,model,R2,MAE,RMSE,MAPE(%)
273K,0.1,5,2029,lowq,0.25,0.5,./RUN_FULL_EXP,cat,0.9625547755024131,0.10078386748582434,0.024355193778559686,5.2589976464834844
