Feature,Importance
0.05,77.44695032815903
AV_VF,4.231329746452045
ASA_m2_g,3.4626415297668367
AV_cm3_g,3.198188047915619
ASA_m2_cm3,2.966905713900962
cm3_g,2.2163948125447632
PLD,1.5076637337111893
LFPD,1.4992999079598481
Has_OMS,1.0812340455091791
LCD,1.0291210897557144
NASA_m2_cm3,0.7015615943099662
NASA_m2_g,0.5764325779067812
NAV_cm3_g,0.08227687210808089
