{
  "R2": 0.9784615657948493,
  "MAE": 0.03810774330593542,
  "RMSE": 0.005329783061546648,
  "MAPE(%)": 3.514384116239829
}