{
  "R2": 0.9563647157493572,
  "MAE": 0.15985999476653212,
  "RMSE": 0.06225322821827267,
  "MAPE(%)": 5.095890059043015
}