{
  "R2": 0.878771618009417,
  "MAE": 0.11871560696418346,
  "RMSE": 0.03609246787182258,
  "MAPE(%)": 10.121154057281622
}