{
  "R2": 0.915263910932872,
  "MAE": 0.0923076668743552,
  "RMSE": 0.025818637146368707,
  "MAPE(%)": 7.674074790977327
}