temp,lowp,outp,seed,mode,qt_frac,train_ratio,out_root,model,R2,MAE,RMSE,MAPE(%)
313K,0.1,1,2027,lowq,0.2,0.5,./RUN_FULL_EXP,cat,0.9954781389485641,0.00466964256984718,6.977722954415363e-05,1.9125977038078161
