{
  "R2": 0.9954781389485641,
  "MAE": 0.00466964256984718,
  "RMSE": 6.977722954415363e-05,
  "MAPE(%)": 1.9125977038078161
}