{
  "R2": 0.9619894633848317,
  "MAE": 0.16614185933164355,
  "RMSE": 0.0700388525626798,
  "MAPE(%)": 5.8709901340195145
}