Feature,Importance
0.5,92.27323540878882
AV_cm3_g,0.9974934009519942
Has_OMS,0.8993757698135697
ASA_m2_g,0.8459381218786065
AV_VF,0.8410634680972342
PLD,0.7454193313433816
cm3_g,0.7291451750685354
LFPD,0.6261872686215664
ASA_m2_cm3,0.6063666019301728
LCD,0.47249129545531
NASA_m2_cm3,0.3993712341609214
NASA_m2_g,0.3457841235214221
NAV_cm3_g,0.2181288003684434
