{
  "R2": 0.9952596162362649,
  "MAE": 0.009963886315392025,
  "RMSE": 0.00021072702281126518,
  "MAPE(%)": 1.8211498975750373
}