temp,lowp,outp,seed,mode,qt_frac,train_ratio,out_root,model,R2,MAE,RMSE,MAPE(%)
273K,0.5,1,2028,lowq,0.6,0.5,./RUN_FULL_EXP,cat,0.9952596162362649,0.009963886315392025,0.00021072702281126518,1.8211498975750373
