Feature,Importance
ASA_m2_g,15.435937679767713
AV_VF,15.350036190634814
cm3_g,13.965474476611341
ASA_m2_cm3,11.727425733999999
PLD,10.23027002854651
LCD,8.515425044692408
AV_cm3_g,7.828014437813205
Has_OMS,7.684222464032773
LFPD,5.654494454917257
NASA_m2_cm3,1.5496560895129363
NASA_m2_g,1.4634905627164312
NAV_cm3_g,0.5955528367546151
