{
  "R2": 0.7611121151086544,
  "MAE": 0.48496219980603067,
  "RMSE": 0.45381207439980675,
  "MAPE(%)": 20.796484932906402
}