{
  "R2": 0.981219455577164,
  "MAE": 0.053106131950967764,
  "RMSE": 0.007798780290970137,
  "MAPE(%)": 3.701998018979147
}