{
  "R2": 0.9606715494321095,
  "MAE": 0.12592592435521593,
  "RMSE": 0.048474591543165774,
  "MAPE(%)": 5.393994946962955
}