Feature,Importance
HENRY,80.85992955778556
AV_VF,2.409836499791492
ASA_m2_cm3,2.3462414561399583
Has_OMS,2.164782084241859
AV_cm3_g,2.0686479646285543
PLD,1.9516883799791787
cm3_g,1.8933711650918021
ASA_m2_g,1.790015018435747
LFPD,1.5538461389175335
LCD,1.439513152705642
NASA_m2_cm3,0.8196103200319519
NASA_m2_g,0.5591199983771095
NAV_cm3_g,0.1433982638736291
