{
  "R2": 0.986443164933202,
  "MAE": 0.015617811742356952,
  "RMSE": 0.0007630283795464021,
  "MAPE(%)": 2.825320755060089
}