Feature,Importance
HENRY,64.0214894684467
ASA_m2_cm3,7.050871888761595
ASA_m2_g,7.03922932943755
AV_VF,5.5092705907103525
LCD,2.785585715819342
PLD,2.621309660920221
cm3_g,2.546905235108371
AV_cm3_g,2.517725043777608
LFPD,2.2484379491563606
Has_OMS,1.9071953524522451
NASA_m2_cm3,1.037985644580841
NASA_m2_g,0.6222818873174537
NAV_cm3_g,0.0917122335113513
