{
  "R2": 0.9534567164668217,
  "MAE": 0.098633942171681,
  "RMSE": 0.02209953897078022,
  "MAPE(%)": 4.928788524867281
}