Feature,Importance
0.05,57.18627499003406
ASA_m2_g,10.876662806615878
AV_cm3_g,7.876929776229771
AV_VF,5.903609385852816
ASA_m2_cm3,5.8586611940726945
cm3_g,2.9293277790537626
PLD,2.5405341081165393
LCD,2.179590625447932
LFPD,1.7030535726541607
Has_OMS,1.4295912276295837
NASA_m2_cm3,0.7411709385912523
NASA_m2_g,0.6606027014256242
NAV_cm3_g,0.11399089427592884
