temp,lowp,outp,seed,mode,qt_frac,train_ratio,out_root,model,R2,MAE,RMSE,MAPE(%)
313K,0.05,15,2027,lowq,0.1,0.5,./RUN_FULL_EXP,cat,0.973172671699826,0.11520090226065786,0.030812613486172948,4.817711685199379
