{
  "R2": 0.973172671699826,
  "MAE": 0.11520090226065786,
  "RMSE": 0.030812613486172948,
  "MAPE(%)": 4.817711685199379
}