{
  "R2": 0.9951703688279566,
  "MAE": 0.003855999262999595,
  "RMSE": 3.396125468524578e-05,
  "MAPE(%)": 1.4224143897064394
}