{
  "R2": 0.9947376251314897,
  "MAE": 0.025107697943778304,
  "RMSE": 0.0016395157253830785,
  "MAPE(%)": 1.964263136015753
}