{
  "R2": 0.9562731218743954,
  "MAE": 0.23397985707613253,
  "RMSE": 0.1265607641449082,
  "MAPE(%)": 6.403661847371881
}