temp,lowp,outp,seed,mode,qt_frac,train_ratio,out_root,model,R2,MAE,RMSE,MAPE(%)
273K,HENRY,15,2025,lowq,0.15,0.5,./RUN_FULL_EXP,cat,0.9562731218743954,0.23397985707613253,0.1265607641449082,6.403661847371881
