{
  "R2": 0.9513703264762138,
  "MAE": 0.09841097696941181,
  "RMSE": 0.02186311503655763,
  "MAPE(%)": 4.924550413695063
}