{
  "R2": 0.9842676071819301,
  "MAE": 0.032737261306898253,
  "RMSE": 0.0026852728434620388,
  "MAPE(%)": 2.999120084612478
}