Feature,Importance
0.5,52.874064411912315
ASA_m2_g,15.295920375219595
AV_cm3_g,7.032324743640107
ASA_m2_cm3,6.713812003231196
AV_VF,4.260791334339471
cm3_g,4.123482274290729
LCD,2.48996998384163
PLD,2.352674211975582
LFPD,2.1119056396733207
Has_OMS,1.3447855423486645
NASA_m2_cm3,0.7428852948273021
NASA_m2_g,0.5611795135530473
NAV_cm3_g,0.09620467114706822
