{
  "R2": 0.9567107898949053,
  "MAE": 0.2273850626850121,
  "RMSE": 0.11509753325143143,
  "MAPE(%)": 5.914758449217159
}