{
  "R2": 0.9867717984280887,
  "MAE": 0.015526329386325043,
  "RMSE": 0.0006908278502870353,
  "MAPE(%)": 2.826634640871245
}