{
  "R2": 0.9620374256647135,
  "MAE": 0.10500382053318025,
  "RMSE": 0.03230530728358725,
  "MAPE(%)": 5.357967561530233
}