{
  "R2": 0.9517302825789524,
  "MAE": 0.09999038860121924,
  "RMSE": 0.025165651042520203,
  "MAPE(%)": 4.976662271594062
}