{
  "R2": 0.9618235439511925,
  "MAE": 0.15997910124466858,
  "RMSE": 0.05260353566378779,
  "MAPE(%)": 5.151044355163268
}