{
  "R2": 0.9872173740373311,
  "MAE": 0.04063284779921672,
  "RMSE": 0.0059465385740008515,
  "MAPE(%)": 2.7912935383093895
}