{
  "R2": 0.9873846781783573,
  "MAE": 0.04571292401095896,
  "RMSE": 0.005462283749211352,
  "MAPE(%)": 3.6826301538785944
}