{
  "R2": 0.9740342813444989,
  "MAE": 0.051502288665144384,
  "RMSE": 0.0065098455131863435,
  "MAPE(%)": 3.483100496059703
}