{
  "R2": 0.9935675346986448,
  "MAE": 0.008100622510560195,
  "RMSE": 0.00020109865816592652,
  "MAPE(%)": 2.214287979807808
}