temp,lowp,outp,seed,mode,qt_frac,train_ratio,out_root,model,R2,MAE,RMSE,MAPE(%)
293K,0.1,1,2028,lowq,0.25,0.5,./RUN_FULL_EXP,cat,0.9935675346986448,0.008100622510560195,0.00020109865816592652,2.214287979807808
