{
  "R2": 0.9973534094798848,
  "MAE": 0.0033390324666226294,
  "RMSE": 2.0915399286177834e-05,
  "MAPE(%)": 1.2775631133873129
}