temp,lowp,outp,seed,mode,qt_frac,train_ratio,out_root,model,R2,MAE,RMSE,MAPE(%)
313K,0.5,1,2027,lowq,0.65,0.5,./RUN_FULL_EXP,cat,0.9973534094798848,0.0033390324666226294,2.0915399286177834e-05,1.2775631133873129
