{
  "R2": 0.9298188969117448,
  "MAE": 0.08522137089162116,
  "RMSE": 0.020250009592260254,
  "MAPE(%)": 28.92139786871416
}