{
  "R2": 0.34680775128479235,
  "MAE": 0.1843068135220969,
  "RMSE": 0.10078917763221742,
  "MAPE(%)": 49.41247866889721
}