{
  "R2": 0.9593485711692373,
  "MAE": 0.17660897650103033,
  "RMSE": 0.07843836216320117,
  "MAPE(%)": 6.246202152032622
}