Feature,Importance
0.01,83.34059682613126
ASA_m2_cm3,2.865941098893619
AV_VF,2.6108947796695574
PLD,2.0368059235781715
ASA_m2_g,1.4561909971646554
LFPD,1.4146006317691493
cm3_g,1.4075205668700557
AV_cm3_g,1.256695841476682
LCD,1.0661016678390347
NASA_m2_cm3,0.9277378788449869
Has_OMS,0.9209374521887304
NASA_m2_g,0.6061107219366023
NAV_cm3_g,0.08986561363746579
