{
  "R2": 0.9377905082387212,
  "MAE": 0.028868289931511543,
  "RMSE": 0.010606114280300161,
  "MAPE(%)": 4.826311632257071
}