{
  "R2": 0.9071918454894533,
  "MAE": 0.10327029531718966,
  "RMSE": 0.027949459305284616,
  "MAPE(%)": 8.698484500562882
}