Feature,Importance
0.01,63.135741121954936
ASA_m2_g,8.323059343187643
ASA_m2_cm3,6.4389549733873395
AV_VF,5.879196007255086
PLD,2.8377777398242907
LCD,2.7515715665846034
LFPD,2.6474240726140916
AV_cm3_g,2.6371425138228286
cm3_g,2.089811442001504
Has_OMS,1.463144802949967
NASA_m2_cm3,0.9999879815424327
NASA_m2_g,0.7197751530462869
NAV_cm3_g,0.07641328182898777
