{
  "R2": 0.9588302373074045,
  "MAE": 0.10562022399978964,
  "RMSE": 0.02649467260735615,
  "MAPE(%)": 5.424878171014882
}