Feature,Importance
0.5,92.13416516848015
cm3_g,1.3005894220359981
AV_cm3_g,1.221697054791794
ASA_m2_cm3,0.8523812209847493
AV_VF,0.8339965761705777
ASA_m2_g,0.8247525149907924
LFPD,0.6551113199157393
PLD,0.6418371604403138
Has_OMS,0.5778201395289873
LCD,0.33354919653221593
NASA_m2_g,0.3040836321797359
NASA_m2_cm3,0.20094885116413727
NAV_cm3_g,0.11906774278477851
