{
  "R2": 0.9971685656501061,
  "MAE": 0.0035200641458334645,
  "RMSE": 2.3795219389025916e-05,
  "MAPE(%)": 1.3663792467336187
}