Feature,Importance
0.01,85.28363095643343
AV_cm3_g,2.5095187565592174
Has_OMS,1.8630871201377015
AV_VF,1.5670915972430168
LFPD,1.5278566809279697
cm3_g,1.5131123213928734
ASA_m2_g,1.3048360638818173
ASA_m2_cm3,1.2504758875885702
LCD,1.2432041499107498
PLD,0.9663989435521051
NASA_m2_cm3,0.6776785416567929
NASA_m2_g,0.22348431414064002
NAV_cm3_g,0.06962466657510638
