{
  "R2": 0.9904420329734989,
  "MAE": 0.009935261826360712,
  "RMSE": 0.000269515822443876,
  "MAPE(%)": 2.777421628227595
}