Feature,Importance
0.1,58.02993712119458
ASA_m2_g,13.848677672000717
ASA_m2_cm3,6.62680195193655
AV_VF,4.7071139445818035
AV_cm3_g,4.543533846694504
cm3_g,2.6873267127084315
PLD,2.475084263890992
LCD,2.227313677152819
LFPD,1.950283859039721
Has_OMS,1.3718929572557927
NASA_m2_g,0.7941902612211403
NASA_m2_cm3,0.6460049810839155
NAV_cm3_g,0.09183875123903569
