{
  "R2": 0.9542380034427282,
  "MAE": 0.1642315003146245,
  "RMSE": 0.0671580628967737,
  "MAPE(%)": 5.184089064834317
}