{
  "R2": 0.3309525740439344,
  "MAE": 0.19013095364820184,
  "RMSE": 0.10027571154624045,
  "MAPE(%)": 52.402685115029925
}