{
  "R2": 0.3834158656224489,
  "MAE": 0.19050206579203288,
  "RMSE": 0.10088354928597792,
  "MAPE(%)": 47.93870352911779
}