{
  "R2": 0.9201123472168045,
  "MAE": 0.25904413257733444,
  "RMSE": 0.14940388796604323,
  "MAPE(%)": 9.756222265304887
}