{
  "R2": 0.9673832973425958,
  "MAE": 0.16061952392779608,
  "RMSE": 0.058580781975217766,
  "MAPE(%)": 5.590967586255276
}