Feature,Importance
PLD,14.943617776675625
Has_OMS,14.521061208604237
cm3_g,13.384095349680717
ASA_m2_cm3,11.24394612466228
AV_VF,10.401162910474493
LCD,9.045883932980638
LFPD,8.878629752249537
AV_cm3_g,6.709802716803907
ASA_m2_g,6.0729220864400295
NASA_m2_g,2.7009213733467576
NASA_m2_cm3,1.9279121169924915
NAV_cm3_g,0.17004465108930225
