{
  "R2": 0.3958314713943121,
  "MAE": 0.1866345145446401,
  "RMSE": 0.09515513854313677,
  "MAPE(%)": 51.86877699489918
}