{
  "R2": 0.38306256396500304,
  "MAE": 0.18520938360800132,
  "RMSE": 0.09552793451717273,
  "MAPE(%)": 48.727100069369136
}