temp,lowp,outp,seed,mode,qt_frac,train_ratio,out_root,model,R2,MAE,RMSE,MAPE(%)
313K,0.1,1,2025,lowq,0.75,0.5,./RUN_FULL_EXP,cat,0.9944980820427269,0.004200755786004122,3.8436206297533814e-05,1.5746524777996251
