{
  "R2": 0.9944980820427269,
  "MAE": 0.004200755786004122,
  "RMSE": 3.8436206297533814e-05,
  "MAPE(%)": 1.5746524777996251
}