Feature,Importance
0.5,67.33784825016596
ASA_m2_g,8.319861710112438
ASA_m2_cm3,4.914389602370332
AV_VF,4.375141854664504
AV_cm3_g,3.4156073603917845
LFPD,2.3860834826067987
LCD,2.331814472741225
cm3_g,2.029877168707407
PLD,1.994316047508835
Has_OMS,1.2512832301723316
NASA_m2_g,0.7495619087816509
NASA_m2_cm3,0.7382008325938155
NAV_cm3_g,0.1560140791829223
