temp,lowp,outp,seed,mode,qt_frac,train_ratio,out_root,model,R2,MAE,RMSE,MAPE(%)
273K,HENRY,5,2026,lowq,0.65,0.5,./RUN_FULL_EXP,cat,0.9522209692641601,0.09912205736907137,0.023435386097968552,4.933321470453017
