{
  "R2": 0.9522209692641601,
  "MAE": 0.09912205736907137,
  "RMSE": 0.023435386097968552,
  "MAPE(%)": 4.933321470453017
}