temp,lowp,outp,seed,mode,qt_frac,train_ratio,out_root,model,R2,MAE,RMSE,MAPE(%)
273K,0.01,1,2026,lowq,0.4,0.5,./RUN_FULL_EXP,cat,0.9855445166757764,0.01774179720934596,0.0009122322235129536,3.232441132697105
