{
  "R2": 0.9855445166757764,
  "MAE": 0.01774179720934596,
  "RMSE": 0.0009122322235129536,
  "MAPE(%)": 3.232441132697105
}