Feature,Importance
0.01,70.19750848209331
ASA_m2_g,7.012070236973655
ASA_m2_cm3,5.239667643017682
AV_VF,3.6789667793620633
AV_cm3_g,2.5985021132045976
LCD,2.354169224346665
cm3_g,2.1108167547865775
PLD,1.8612299639518697
Has_OMS,1.6691785035382944
LFPD,1.5717473381449218
NASA_m2_cm3,0.8296694891663069
NASA_m2_g,0.7932004419708777
NAV_cm3_g,0.08327302944317812
