{
  "R2": 0.9752285718535015,
  "MAE": 0.06144879963895754,
  "RMSE": 0.008636483530410383,
  "MAPE(%)": 4.2075305195116295
}