Feature,Importance
0.05,77.99792399530396
ASA_m2_g,4.1832348428721895
ASA_m2_cm3,3.304460454351987
AV_cm3_g,2.9951476990975237
AV_VF,2.6227738660491076
cm3_g,1.775279533401872
LCD,1.6868238148526482
LFPD,1.458101650056911
PLD,1.4386603577061983
Has_OMS,1.1874808594945194
NASA_m2_cm3,0.7800496777114295
NASA_m2_g,0.5026882431166345
NAV_cm3_g,0.06737500598499004
