{
  "R2": 0.9795897507253635,
  "MAE": 0.03442207669800583,
  "RMSE": 0.002622103203846158,
  "MAPE(%)": 3.1550326304297363
}