{
  "R2": 0.9952867313240866,
  "MAE": 0.003919420327899287,
  "RMSE": 3.7740306212247664e-05,
  "MAPE(%)": 1.4950664708694812
}