Feature,Importance
0.5,92.55065903424355
cm3_g,1.0732066524132704
AV_cm3_g,1.0546563862555924
AV_VF,0.9425169494738118
ASA_m2_cm3,0.8352683403656062
PLD,0.6231066710245681
ASA_m2_g,0.572986189784213
LCD,0.5681058933417084
LFPD,0.46073437668022543
Has_OMS,0.45413399979380886
NASA_m2_g,0.4521485866090497
NASA_m2_cm3,0.2851895646575847
NAV_cm3_g,0.12728735535702254
