{
  "R2": 0.9951554607847634,
  "MAE": 0.01020306907440406,
  "RMSE": 0.0002321558299004925,
  "MAPE(%)": 1.886118102254006
}