Feature,Importance
0.5,53.37179428492424
ASA_m2_g,15.268224655586804
ASA_m2_cm3,6.451011070872698
AV_cm3_g,6.11279973282219
cm3_g,4.633713734805657
AV_VF,4.038166808282945
LCD,2.674987546697035
LFPD,2.2497430800909775
PLD,2.1696274325498233
Has_OMS,1.588542000370194
NASA_m2_cm3,0.8773308268196448
NASA_m2_g,0.5228579678568166
NAV_cm3_g,0.04120085832096754
