{
  "R2": 0.9577572219748558,
  "MAE": 0.229668069125402,
  "RMSE": 0.10493568980403417,
  "MAPE(%)": 5.971842109624538
}