{
  "R2": 0.958101470630335,
  "MAE": 0.023323724956540642,
  "RMSE": 0.006291793079002634,
  "MAPE(%)": 3.9164247196846356
}