Feature,Importance
0.01,83.69195951789246
cm3_g,2.1834931073412074
AV_cm3_g,2.003119966377626
Has_OMS,1.852742035915331
ASA_m2_g,1.8445999724319786
LCD,1.8414784224130756
PLD,1.2405318206714049
LFPD,1.1982079545506659
ASA_m2_cm3,1.1931360271909248
AV_VF,1.0729531826017729
NASA_m2_cm3,0.9127588454760766
NASA_m2_g,0.8793705309014254
NAV_cm3_g,0.08564861623604773
