{
  "R2": 0.9910649407562327,
  "MAE": 0.009890038053702307,
  "RMSE": 0.00022631447968363515,
  "MAPE(%)": 2.8314326143556134
}