temp,lowp,outp,seed,mode,qt_frac,train_ratio,out_root,model,R2,MAE,RMSE,MAPE(%)
293K,0.01,1,2027,lowq,0.4,0.5,./RUN_FULL_EXP,cat,0.9910649407562327,0.009890038053702307,0.00022631447968363515,2.8314326143556134
