temp,lowp,outp,seed,mode,qt_frac,train_ratio,out_root,model,R2,MAE,RMSE,MAPE(%)
313K,0.05,5,2027,lowq,0.2,0.5,./RUN_FULL_EXP,cat,0.9791311179752894,0.03639865323370194,0.004467260674087373,3.3549916770698687
