{
  "R2": 0.9791311179752894,
  "MAE": 0.03639865323370194,
  "RMSE": 0.004467260674087373,
  "MAPE(%)": 3.3549916770698687
}