Feature,Importance
0.1,84.0545058943517
ASA_m2_g,2.198261335687254
ASA_m2_cm3,2.0064271362545063
AV_cm3_g,1.7059937931936642
AV_VF,1.6962574392236525
cm3_g,1.6657649348796497
PLD,1.3657659453543103
LFPD,1.3397936736057872
Has_OMS,1.2018026689416852
LCD,1.1521199632831687
NASA_m2_cm3,0.9652556136968148
NASA_m2_g,0.5707308266912161
NAV_cm3_g,0.07732077483659328
