{
  "R2": 0.9890459230707898,
  "MAE": 0.01442395216791199,
  "RMSE": 0.0005314707591129262,
  "MAPE(%)": 2.634373794822916
}