{
  "R2": 0.9592603454696265,
  "MAE": 0.17419287217372614,
  "RMSE": 0.07601546339607324,
  "MAPE(%)": 6.145792470216344
}