Feature,Importance
0.01,72.62360757218356
AV_VF,4.53942320409145
ASA_m2_cm3,4.512775415184716
ASA_m2_g,4.477182891333782
AV_cm3_g,2.862194452781035
cm3_g,2.8067653847871106
LCD,1.9108606018227692
PLD,1.7849149416231866
Has_OMS,1.7473717032490559
LFPD,1.3848640982986864
NASA_m2_cm3,0.7967028526532302
NASA_m2_g,0.46147071555222374
NAV_cm3_g,0.09186616643920249
