{
  "R2": 0.9636145323908906,
  "MAE": 0.07372832254277348,
  "RMSE": 0.016177570340078773,
  "MAPE(%)": 5.3762207145947825
}