{
  "R2": 0.9586665219633128,
  "MAE": 0.024686820889739933,
  "RMSE": 0.0067484219292544495,
  "MAPE(%)": 4.01128584594913
}