{
  "R2": 0.960167894894095,
  "MAE": 0.07593242040429714,
  "RMSE": 0.01948311495774681,
  "MAPE(%)": 5.945996076535706
}