{
  "R2": 0.9883948306526877,
  "MAE": 0.013201428556015159,
  "RMSE": 0.00041754688656451053,
  "MAPE(%)": 2.4141820115595385
}