temp,lowp,outp,seed,mode,qt_frac,train_ratio,out_root,model,R2,MAE,RMSE,MAPE(%)
273K,HENRY,1,2028,lowq,0.8,0.5,./RUN_FULL_EXP,cat,0.9883948306526877,0.013201428556015159,0.00041754688656451053,2.4141820115595385
