{
  "R2": 0.9951637761765116,
  "MAE": 0.024030317522940138,
  "RMSE": 0.001456933771992202,
  "MAPE(%)": 1.988057415013254
}