temp,lowp,outp,seed,mode,qt_frac,train_ratio,out_root,model,R2,MAE,RMSE,MAPE(%)
273K,0.05,1,2029,lowq,0.8,0.5,./RUN_FULL_EXP,cat,0.9857533479137809,0.013908127584160527,0.0004971346139850548,2.573941444780583
