{
  "R2": 0.9857533479137809,
  "MAE": 0.013908127584160527,
  "RMSE": 0.0004971346139850548,
  "MAPE(%)": 2.573941444780583
}