{
  "R2": 0.9469382921783728,
  "MAE": 0.267538785287112,
  "RMSE": 0.162519110289172,
  "MAPE(%)": 8.01391369966631
}