{
  "R2": 0.5093089423563332,
  "MAE": 0.33526891418520227,
  "RMSE": 0.2418607280850526,
  "MAPE(%)": 32.28805411538941
}