temp,lowp,outp,seed,mode,qt_frac,train_ratio,out_root,model,R2,MAE,RMSE,MAPE(%)
293K,0.01,1,2028,struct_with_input,0.05,0.05,./RUN_FULL_EXP,cat,0.9379813768731875,0.02396541986915496,0.004102263002800346,7.417707085677355
