{
  "R2": 0.9379813768731875,
  "MAE": 0.02396541986915496,
  "RMSE": 0.004102263002800346,
  "MAPE(%)": 7.417707085677355
}