Feature,Importance
HENRY,49.104462907389525
ASA_m2_g,18.762580024725654
AV_VF,6.978837182017539
ASA_m2_cm3,6.2268910442314285
AV_cm3_g,4.103342334414053
cm3_g,3.6644742439279
PLD,3.1565458607789116
LCD,2.381618711355289
LFPD,2.3533685940849116
Has_OMS,1.4619876700858572
NASA_m2_cm3,1.097023301640685
NASA_m2_g,0.5972277068644822
NAV_cm3_g,0.11164041848376359
