{
  "R2": 0.9517614684077584,
  "MAE": 0.24377295340762173,
  "RMSE": 0.12086832510905168,
  "MAPE(%)": 6.306329619736804
}