temp,lowp,outp,seed,mode,qt_frac,train_ratio,out_root,model,R2,MAE,RMSE,MAPE(%)
273K,HENRY,15,2025,lowq,0.55,0.5,./RUN_FULL_EXP,cat,0.9517614684077584,0.24377295340762173,0.12086832510905168,6.306329619736804
