{
  "R2": 0.976016591949767,
  "MAE": 0.052505947860577766,
  "RMSE": 0.010999874175980407,
  "MAPE(%)": 3.4500778303153763
}