Feature,Importance
HENRY,86.67665782330002
LCD,1.9697762279963396
AV_cm3_g,1.7180194356137286
AV_VF,1.466328281710699
cm3_g,1.4432271101341885
ASA_m2_cm3,1.3604454595631594
ASA_m2_g,1.276143196114744
Has_OMS,1.0364550340520964
PLD,0.9554080606770384
LFPD,0.719408287017748
NASA_m2_cm3,0.6821295814970003
NASA_m2_g,0.6057890477787095
NAV_cm3_g,0.09021245454455633
