temp,lowp,outp,seed,mode,qt_frac,train_ratio,out_root,model,R2,MAE,RMSE,MAPE(%)
293K,HENRY,1,2026,lowq,0.8,0.5,./RUN_FULL_EXP,cat,0.9926176692679698,0.006613141796971127,0.00010622653283160032,1.7260114555422597
