{
  "R2": 0.9926176692679698,
  "MAE": 0.006613141796971127,
  "RMSE": 0.00010622653283160032,
  "MAPE(%)": 1.7260114555422597
}