Feature,Importance
0.01,84.42191144296176
AV_cm3_g,2.2690907919763186
Has_OMS,2.1926942780545944
LCD,1.9592943167198582
ASA_m2_g,1.6188085256253306
cm3_g,1.595393836290986
AV_VF,1.444811070693439
LFPD,1.2295708352906305
ASA_m2_cm3,1.036474578770911
PLD,0.9330658181974895
NASA_m2_cm3,0.7799564973140588
NASA_m2_g,0.4354620175856167
NAV_cm3_g,0.08346599051900556
