{
  "R2": 0.9895456368735904,
  "MAE": 0.010138988944983569,
  "RMSE": 0.0002386964286763999,
  "MAPE(%)": 2.844937077642952
}