temp,lowp,outp,seed,mode,qt_frac,train_ratio,out_root,model,R2,MAE,RMSE,MAPE(%)
293K,0.01,1,2029,lowq,0.45,0.5,./RUN_FULL_EXP,cat,0.9895456368735904,0.010138988944983569,0.0002386964286763999,2.844937077642952
