{
  "R2": 0.9737057419657387,
  "MAE": 0.0889752727759775,
  "RMSE": 0.02011047842547033,
  "MAPE(%)": 4.617092122631625
}