{
  "R2": 0.9868458036806151,
  "MAE": 0.015897777725692532,
  "RMSE": 0.0009007477965153517,
  "MAPE(%)": 2.8404270900699915
}