{
  "R2": 0.936129041397332,
  "MAE": 0.09362182977159259,
  "RMSE": 0.031112416171150233,
  "MAPE(%)": 7.216971707241091
}