Feature,Importance
0.1,57.22775991253789
ASA_m2_g,12.601875509794606
ASA_m2_cm3,6.98216423685742
AV_VF,4.867241432042623
AV_cm3_g,4.652315344968369
cm3_g,4.369058902166632
LCD,2.2626266575271594
PLD,2.0999456259663276
LFPD,1.8224921833500147
Has_OMS,1.6262768075364422
NASA_m2_cm3,0.9395135310006342
NASA_m2_g,0.44435570221557824
NAV_cm3_g,0.10437415403629521
