{
  "R2": 0.9553198297192134,
  "MAE": 0.1687761500381528,
  "RMSE": 0.07158233944700804,
  "MAPE(%)": 5.456412525199615
}