temp,lowp,outp,seed,mode,qt_frac,train_ratio,out_root,model,R2,MAE,RMSE,MAPE(%)
293K,0.1,15,2029,lowq,0.4,0.5,./RUN_FULL_EXP,cat,0.9553198297192134,0.1687761500381528,0.07158233944700804,5.456412525199615
