{
  "R2": 0.7252474058248857,
  "MAE": 0.517247146069469,
  "RMSE": 0.5202218033350645,
  "MAPE(%)": 21.91258861686385
}