{
  "R2": 0.9507907285372831,
  "MAE": 0.015526110937208687,
  "RMSE": 0.003638326742850355,
  "MAPE(%)": 3.590605803003608
}