temp,lowp,outp,seed,mode,qt_frac,train_ratio,out_root,model,R2,MAE,RMSE,MAPE(%)
313K,0.1,1,2026,lowq,0.6,0.5,./RUN_FULL_EXP,cat,0.995466568753385,0.004328872440154121,3.810064263179593e-05,1.666899356501046
