{
  "R2": 0.995466568753385,
  "MAE": 0.004328872440154121,
  "RMSE": 3.810064263179593e-05,
  "MAPE(%)": 1.666899356501046
}