{
  "R2": 0.9561457732671499,
  "MAE": 0.10169524904681647,
  "RMSE": 0.02308329511745303,
  "MAPE(%)": 5.106995958464714
}