temp,lowp,outp,seed,mode,qt_frac,train_ratio,out_root,model,R2,MAE,RMSE,MAPE(%)
273K,0.01,5,2029,lowq,0.6,0.5,./RUN_FULL_EXP,cat,0.9561457732671499,0.10169524904681647,0.02308329511745303,5.106995958464714
