Feature,Importance
0.5,61.99877794677437
ASA_m2_g,11.478297847049838
ASA_m2_cm3,5.769938514190013
AV_VF,4.7907038352566955
AV_cm3_g,4.541026810733154
cm3_g,3.504220662805392
PLD,1.7883732471139988
LCD,1.7787799960801844
LFPD,1.5856203182818147
Has_OMS,1.4097775029471475
NASA_m2_cm3,0.8032457477415293
NASA_m2_g,0.4370067925646596
NAV_cm3_g,0.11423077846120855
