{
  "R2": 0.9788322536498383,
  "MAE": 0.10238692636022283,
  "RMSE": 0.022637715307378417,
  "MAPE(%)": 4.28019461296319
}