temp,lowp,outp,seed,mode,qt_frac,train_ratio,out_root,model,R2,MAE,RMSE,MAPE(%)
313K,0.5,15,2029,lowq,0.25,0.5,./RUN_FULL_EXP,cat,0.9788322536498383,0.10238692636022283,0.022637715307378417,4.28019461296319
