{
  "R2": 0.7392254489319176,
  "MAE": 0.4938451771281685,
  "RMSE": 0.492894289567614,
  "MAPE(%)": 21.353551603634802
}