{
  "R2": 0.9725427087701086,
  "MAE": 0.06725078595888448,
  "RMSE": 0.011083124759606848,
  "MAPE(%)": 4.6817945779061905
}