Feature,Importance
0.5,62.844848680017584
ASA_m2_g,11.847399290845543
ASA_m2_cm3,5.258203184688346
AV_cm3_g,5.03871547573388
AV_VF,3.9618717820829716
cm3_g,3.025689784983146
LCD,2.143511345737086
PLD,1.764424120601169
LFPD,1.7315832217076899
Has_OMS,0.8818304625666369
NASA_m2_g,0.8087459470138711
NASA_m2_cm3,0.6152401500678185
NAV_cm3_g,0.07793655395425683
