{
  "R2": 0.9701023848564091,
  "MAE": 0.10497419898191823,
  "RMSE": 0.032364604446232036,
  "MAPE(%)": 4.3964120861768405
}