temp,lowp,outp,seed,mode,qt_frac,train_ratio,out_root,model,R2,MAE,RMSE,MAPE(%)
313K,0.5,15,2026,lowq,0.2,0.5,./RUN_FULL_EXP,cat,0.9701023848564091,0.10497419898191823,0.032364604446232036,4.3964120861768405
