Feature,Importance
0.5,90.82091776160522
cm3_g,1.3943572966875657
Has_OMS,1.2140495435055318
ASA_m2_g,1.1236164313995516
AV_cm3_g,0.9704369130184322
LFPD,0.867775874099975
PLD,0.7744563331127868
LCD,0.5951714589627862
ASA_m2_cm3,0.5587695168355571
NASA_m2_g,0.5528994157139542
AV_VF,0.5083869293804796
NASA_m2_cm3,0.48165851112835584
NAV_cm3_g,0.13750401454982017
