{
  "R2": 0.9964582010035968,
  "MAE": 0.005990089796507961,
  "RMSE": 7.757806059500188e-05,
  "MAPE(%)": 1.6495309742274995
}