Feature,Importance
0.1,56.95330783418917
ASA_m2_g,12.608689350226074
ASA_m2_cm3,7.489845770369946
AV_cm3_g,5.313261778875926
AV_VF,4.707524728229591
cm3_g,3.238007268829051
LCD,2.4697128883378885
PLD,2.4583706098655282
LFPD,1.8543116754872262
Has_OMS,1.1630608477185098
NASA_m2_g,0.8635391813815037
NASA_m2_cm3,0.8181663940164794
NAV_cm3_g,0.06220167247312993
