temp,lowp,outp,seed,mode,qt_frac,train_ratio,out_root,model,R2,MAE,RMSE,MAPE(%)
293K,0.1,15,2026,lowq,0.7,0.5,./RUN_FULL_EXP,cat,0.9620283989511232,0.15815969330811977,0.051316881643040914,4.9651308019564935
