{
  "R2": 0.9620283989511232,
  "MAE": 0.15815969330811977,
  "RMSE": 0.051316881643040914,
  "MAPE(%)": 4.9651308019564935
}