{
  "R2": 0.9672715536680255,
  "MAE": 0.161862976951563,
  "RMSE": 0.05834596248185094,
  "MAPE(%)": 5.561042672723696
}