{
  "R2": 0.9925960083457548,
  "MAE": 0.007721371689226118,
  "RMSE": 0.00016139614039112324,
  "MAPE(%)": 2.108973346590529
}