{
  "R2": 0.8932243413387088,
  "MAE": 0.1106475287951927,
  "RMSE": 0.03103303632535813,
  "MAPE(%)": 9.231724540333893
}