{
  "R2": 0.9791424821050949,
  "MAE": 0.032401857393905546,
  "RMSE": 0.002503031058450891,
  "MAPE(%)": 2.8900849515450675
}