{
  "R2": 0.9662439963562055,
  "MAE": 0.1604216502614152,
  "RMSE": 0.058301824433178884,
  "MAPE(%)": 5.416461104236929
}