{
  "R2": 0.9787148547011264,
  "MAE": 0.05411203232472421,
  "RMSE": 0.009934630867263346,
  "MAPE(%)": 3.582706525276686
}