{
  "R2": 0.9907715710046799,
  "MAE": 0.00934623944710268,
  "RMSE": 0.0001799804330498076,
  "MAPE(%)": 2.6382371769496644
}