{
  "R2": 0.979876770941288,
  "MAE": 0.05299796530247024,
  "RMSE": 0.0081205468343819,
  "MAPE(%)": 3.70622105869964
}