{
  "R2": 0.9972198577502888,
  "MAE": 0.0036545107841871897,
  "RMSE": 2.7325382431154995e-05,
  "MAPE(%)": 1.4239981512315643
}