Feature,Importance
0.05,78.21711032198077
AV_VF,4.099416060254123
AV_cm3_g,3.3153255460218145
ASA_m2_cm3,2.6982901957321803
ASA_m2_g,2.5311689435414997
cm3_g,1.9011398171156535
Has_OMS,1.676155801258533
LFPD,1.5082991075891456
LCD,1.4168595965876163
PLD,1.2656672398076838
NASA_m2_cm3,0.7840450230548441
NASA_m2_g,0.4920641662312929
NAV_cm3_g,0.09445818082484349
