{
  "R2": 0.9818594225341818,
  "MAE": 0.03622776328771565,
  "RMSE": 0.003499444484951116,
  "MAPE(%)": 3.3022119863985533
}