Feature,Importance
0.01,59.41498408091387
ASA_m2_g,12.139246849793356
ASA_m2_cm3,5.922118154343153
AV_VF,5.146503985781628
AV_cm3_g,4.804150700485629
cm3_g,2.8806199454707633
PLD,2.4925720898888377
LCD,2.215255623769089
LFPD,2.066915952198449
Has_OMS,1.2291913125628149
NASA_m2_g,0.9435201612459787
NASA_m2_cm3,0.6606350197021206
NAV_cm3_g,0.08428612384432028
