{
  "R2": 0.9517163437889259,
  "MAE": 0.17560882352030124,
  "RMSE": 0.07261824197511135,
  "MAPE(%)": 5.6721633185452385
}