Feature,Importance
0.01,77.02176026849727
cm3_g,5.525790709315629
ASA_m2_cm3,3.632518172306929
AV_cm3_g,2.534880391052347
PLD,2.515543776129716
LCD,1.850832734176392
ASA_m2_g,1.8138530298486313
AV_VF,1.7812646653222022
Has_OMS,1.256952479316418
LFPD,0.9577564296966516
NASA_m2_cm3,0.7273137452029257
NASA_m2_g,0.3079587233382257
NAV_cm3_g,0.07357487579664393
