{
  "R2": 0.9050392547581353,
  "MAE": 0.02675365638005706,
  "RMSE": 0.006786020127360598,
  "MAPE(%)": 10.138223702075253
}