Feature,Importance
0.01,72.05857808685191
ASA_m2_cm3,5.5903773783952735
ASA_m2_g,4.854937439290136
AV_VF,4.324745546286711
AV_cm3_g,3.1064636650178588
PLD,1.921223799380529
LCD,1.9126075946610372
cm3_g,1.7182627521837048
Has_OMS,1.5697921219124276
LFPD,1.52721143817828
NASA_m2_cm3,0.7866742673073087
NASA_m2_g,0.5792478227973271
NAV_cm3_g,0.04987808773750464
