{
  "R2": 0.9721293482586781,
  "MAE": 0.0679380697893741,
  "RMSE": 0.013518085880684852,
  "MAPE(%)": 4.916646080482448
}