{
  "R2": 0.9605677728488986,
  "MAE": 0.025525120219952527,
  "RMSE": 0.006091476990066255,
  "MAPE(%)": 4.238445130231499
}