{
  "R2": 0.9323710494425532,
  "MAE": 0.02861113010749359,
  "RMSE": 0.011697919750751537,
  "MAPE(%)": 4.347050120162123
}