Feature,Importance
0.1,89.18854777591957
AV_cm3_g,1.5940375674230443
AV_VF,1.3866008580662224
cm3_g,1.374922741348383
LCD,1.333705974820946
Has_OMS,1.2405771436135893
ASA_m2_g,0.7940497730936267
PLD,0.7673534789648099
ASA_m2_cm3,0.7659752105732932
LFPD,0.6600433430408332
NASA_m2_cm3,0.6150961450304138
NASA_m2_g,0.19979616370859232
NAV_cm3_g,0.07929382439670156
