{
  "R2": 0.9946391147245062,
  "MAE": 0.0044122253432255,
  "RMSE": 4.252840325595394e-05,
  "MAPE(%)": 1.6750778421344452
}