Feature,Importance
HENRY,84.44189421009266
cm3_g,2.1745252123335623
Has_OMS,2.071466171429802
ASA_m2_cm3,1.7763312041174737
LFPD,1.5972421491054887
AV_VF,1.592215958691092
PLD,1.4102957602620563
AV_cm3_g,1.3933483799303585
LCD,1.3700939378192662
ASA_m2_g,1.1419484673927969
NASA_m2_g,0.5395867161713596
NASA_m2_cm3,0.4172152601425102
NAV_cm3_g,0.07383657251158457
