temp,lowp,outp,seed,mode,qt_frac,train_ratio,out_root,model,R2,MAE,RMSE,MAPE(%)
293K,HENRY,1,2025,lowq,0.5,0.5,./RUN_FULL_EXP,cat,0.9904945946995304,0.007865665825033315,0.00020459778299618213,2.113715767710942
