{
  "R2": 0.9904945946995304,
  "MAE": 0.007865665825033315,
  "RMSE": 0.00020459778299618213,
  "MAPE(%)": 2.113715767710942
}