{
  "R2": 0.9870674367280726,
  "MAE": 0.04924414841531666,
  "RMSE": 0.005317471530972189,
  "MAPE(%)": 4.1899248992790605
}