{
  "R2": 0.3216536349732473,
  "MAE": 0.1947991631386974,
  "RMSE": 0.09953095760401942,
  "MAPE(%)": 53.27842653098843
}