Feature,Importance
0.05,78.15726596066065
ASA_m2_g,4.376038964502295
AV_VF,3.413571028415752
ASA_m2_cm3,2.6766757817896534
cm3_g,2.432349661191016
AV_cm3_g,2.087279571257542
LCD,1.6550789987292698
Has_OMS,1.5753306216688847
LFPD,1.1769007195799097
PLD,1.1542843824055828
NASA_m2_cm3,0.7682946424940041
NASA_m2_g,0.4884883321838617
NAV_cm3_g,0.03844133512157901
