{
  "R2": 0.9808049308395378,
  "MAE": 0.03554031071367738,
  "RMSE": 0.00305180285065082,
  "MAPE(%)": 3.2864015131037503
}