temp,lowp,outp,seed,mode,qt_frac,train_ratio,out_root,model,R2,MAE,RMSE,MAPE(%)
313K,0.05,5,2029,lowq,0.45,0.5,./RUN_FULL_EXP,cat,0.9808049308395378,0.03554031071367738,0.00305180285065082,3.2864015131037503
