Feature,Importance
HENRY,85.53478929405905
ASA_m2_g,1.8678986206597983
cm3_g,1.6588294477982948
Has_OMS,1.5909680612164423
AV_cm3_g,1.5687895679687802
LCD,1.519687397625414
AV_VF,1.2669928641627703
LFPD,1.1807113852095492
PLD,1.10560326151828
ASA_m2_cm3,1.1055339727031361
NASA_m2_g,0.9526437392708605
NASA_m2_cm3,0.5766832358126558
NAV_cm3_g,0.07086915199496496
