{
  "R2": 0.9903586513607407,
  "MAE": 0.0070648954299809665,
  "RMSE": 0.00013974280232908985,
  "MAPE(%)": 1.8660305100019652
}