Feature,Importance
0.5,79.32759552202053
ASA_m2_g,4.883814843034931
AV_VF,3.1222116893563907
ASA_m2_cm3,2.4370796931549066
AV_cm3_g,2.419370416427216
cm3_g,1.767530077850247
LCD,1.4611137460555388
LFPD,1.3668636394109608
Has_OMS,1.2564900742324943
PLD,1.0874458205287445
NASA_m2_cm3,0.5042031394133998
NASA_m2_g,0.3079124289079825
NAV_cm3_g,0.058368909606655445
