{
  "R2": 0.9826800026810748,
  "MAE": 0.029259638649485695,
  "RMSE": 0.0019451271087891435,
  "MAPE(%)": 2.6019598412121203
}