Feature,Importance
0.01,80.84013398587051
cm3_g,3.6895213594164753
AV_cm3_g,2.816582274508482
Has_OMS,1.842232976576518
PLD,1.7575983209759594
LCD,1.587246585093943
ASA_m2_g,1.5720356743943413
AV_VF,1.3040400333648379
LFPD,1.2996338179798699
ASA_m2_cm3,1.2826971608689768
NASA_m2_g,1.0906849563006848
NASA_m2_cm3,0.7893303471299338
NAV_cm3_g,0.12826250751947094
