{
  "R2": 0.9690278550957152,
  "MAE": 0.016563880117556412,
  "RMSE": 0.0016071228105993915,
  "MAPE(%)": 5.177851725882139
}