{
  "R2": 0.9865651540334702,
  "MAE": 0.016821601737518246,
  "RMSE": 0.0008116966615803041,
  "MAPE(%)": 3.1008230752927552
}