Feature,Importance
0.5,65.32758134286355
ASA_m2_g,8.251624028865708
AV_cm3_g,6.338440482874838
AV_VF,5.72528241322297
ASA_m2_cm3,4.354259966759664
cm3_g,2.800091404801501
PLD,2.0461312709151627
LFPD,1.725212170182273
Has_OMS,1.417755707803589
LCD,1.1592371989971926
NASA_m2_g,0.42294154468301665
NASA_m2_cm3,0.3722057114558032
NAV_cm3_g,0.05923675657474046
