temp,lowp,outp,seed,mode,qt_frac,train_ratio,out_root,model,R2,MAE,RMSE,MAPE(%)
313K,0.5,15,2028,lowq,0.25,0.5,./RUN_FULL_EXP,cat,0.9758434157192434,0.10616076368465481,0.02553255636677824,4.447335477664331
