{
  "R2": 0.9758434157192434,
  "MAE": 0.10616076368465481,
  "RMSE": 0.02553255636677824,
  "MAPE(%)": 4.447335477664331
}