Feature,Importance
0.05,65.56438655393829
ASA_m2_cm3,6.444003789037805
ASA_m2_g,6.137323655472813
AV_VF,6.106658613250531
AV_cm3_g,2.6800409232134195
cm3_g,2.517536994134981
PLD,2.405456765120255
LCD,2.279150474204243
LFPD,2.21878520166347
Has_OMS,2.199867822273685
NASA_m2_cm3,0.7448178809781663
NASA_m2_g,0.6268010242473402
NAV_cm3_g,0.07517030246498102
