{
  "R2": 0.957025117892663,
  "MAE": 0.10091816779190405,
  "RMSE": 0.022941382122609936,
  "MAPE(%)": 5.097537137094045
}