Feature,Importance
0.05,72.12646806657915
ASA_m2_g,5.169047081918528
ASA_m2_cm3,5.125958751307734
AV_VF,3.6815994361576907
cm3_g,2.8759311615583742
AV_cm3_g,2.494114243637711
Has_OMS,1.8956870502613437
LCD,1.8568082274792628
PLD,1.8283074029886084
LFPD,1.6494895106775218
NASA_m2_cm3,0.8269961559180335
NASA_m2_g,0.3226086436229656
NAV_cm3_g,0.14698426789305225
