{
  "R2": 0.9727721038104925,
  "MAE": 0.059006949086589815,
  "RMSE": 0.009107084469725253,
  "MAPE(%)": 4.055845935510898
}