temp,lowp,outp,seed,mode,qt_frac,train_ratio,out_root,model,R2,MAE,RMSE,MAPE(%)
293K,0.05,5,2029,lowq,0.35,0.5,./RUN_FULL_EXP,cat,0.9727721038104925,0.059006949086589815,0.009107084469725253,4.055845935510898
