Feature,Importance
0.01,84.25859426411985
cm3_g,2.118668097211737
AV_VF,2.064124662515218
AV_cm3_g,2.055740841399627
Has_OMS,1.6274174670109227
LFPD,1.3806179408080381
ASA_m2_cm3,1.2941882822522295
PLD,1.2821487782069803
ASA_m2_g,1.275143859798714
LCD,1.2411814488453503
NASA_m2_g,0.6754788370449926
NASA_m2_cm3,0.6750825390693808
NAV_cm3_g,0.05161298171696174
