{
  "R2": 0.9907684545814917,
  "MAE": 0.010679776403119099,
  "RMSE": 0.0003011023060953109,
  "MAPE(%)": 2.9942329876846205
}