temp,lowp,outp,seed,mode,qt_frac,train_ratio,out_root,model,R2,MAE,RMSE,MAPE(%)
293K,0.01,1,2028,struct_with_input,0.23,0.45,./RUN_FULL_EXP,cat,0.9907684545814917,0.010679776403119099,0.0003011023060953109,2.9942329876846205
