Feature,Importance
0.01,82.6738825591424
cm3_g,2.435467820461464
Has_OMS,2.3227271029252634
ASA_m2_cm3,2.005810821165184
ASA_m2_g,1.9454523221396092
AV_VF,1.8806347148525628
PLD,1.7985992588750415
LFPD,1.7880249554146987
LCD,1.2728948023335729
AV_cm3_g,0.9033923416527745
NASA_m2_cm3,0.47480739236091135
NASA_m2_g,0.3642013104866121
NAV_cm3_g,0.13410459818990175
