{
  "R2": 0.9318988383422728,
  "MAE": 0.036839904216513106,
  "RMSE": 0.010281210839609426,
  "MAPE(%)": 7.764965590639841
}