Feature,Importance
0.01,71.45212153535228
ASA_m2_g,5.151641083928283
AV_VF,4.857114151689025
ASA_m2_cm3,4.477680184104431
AV_cm3_g,3.1250454474106197
PLD,2.191319607162104
Has_OMS,2.122390627443868
LCD,1.8440168452456953
LFPD,1.577539180887706
cm3_g,1.5507168947847512
NASA_m2_cm3,0.8319599847819515
NASA_m2_g,0.7205560598891572
NAV_cm3_g,0.09789839732013648
