{
  "R2": 0.9664754815925766,
  "MAE": 0.06507971534913003,
  "RMSE": 0.009645283478805233,
  "MAPE(%)": 4.511215180925262
}