Feature,Importance
0.01,83.67323328208606
ASA_m2_cm3,2.590258353964573
AV_cm3_g,2.052510177810087
AV_VF,1.992742410117876
PLD,1.931565533982043
LCD,1.4369836882141485
cm3_g,1.4191766150112421
Has_OMS,1.3814321844783544
ASA_m2_g,1.1782071766236393
LFPD,1.0886703159706468
NASA_m2_cm3,0.6520226338104075
NASA_m2_g,0.5593688091929939
NAV_cm3_g,0.04382881873790072
