{
  "R2": 0.9857803165266757,
  "MAE": 0.017462576418817613,
  "RMSE": 0.0009426586841866404,
  "MAPE(%)": 3.2039578744542627
}