Feature,Importance
0.5,69.04083759441971
ASA_m2_g,6.8197015003869215
ASA_m2_cm3,5.1965054652331455
AV_VF,4.877097750002116
AV_cm3_g,3.7841157782280628
LFPD,1.9950157990588941
LCD,1.878295708010705
cm3_g,1.8615391323041341
PLD,1.7515264667379147
Has_OMS,1.3242795496582658
NASA_m2_cm3,0.730687253291626
NASA_m2_g,0.6579770921046835
NAV_cm3_g,0.08242091056383324
