{
  "R2": 0.9615517796773057,
  "MAE": 0.08792656166575988,
  "RMSE": 0.017455460316373423,
  "MAPE(%)": 4.355261216236475
}