{
  "R2": 0.9613875964133957,
  "MAE": 0.1597586920671847,
  "RMSE": 0.06728696302626065,
  "MAPE(%)": 5.374666322848828
}