{
  "R2": 0.970867886575596,
  "MAE": 0.0637404135774687,
  "RMSE": 0.010465496007463347,
  "MAPE(%)": 4.4361149740352674
}