Feature,Importance
0.01,87.11344780689704
ASA_m2_g,1.954768294145192
LCD,1.6918920444535182
cm3_g,1.50543496525144
LFPD,1.4029784168304733
AV_VF,1.2593379281924348
AV_cm3_g,1.2291695386429444
ASA_m2_cm3,0.9857332920282406
Has_OMS,0.7802824170906332
PLD,0.7654504144011965
NASA_m2_g,0.6746498793389373
NASA_m2_cm3,0.591883501822435
NAV_cm3_g,0.044971500905527234
