{
  "R2": 0.9528380800899667,
  "MAE": 0.0154682978238657,
  "RMSE": 0.004008000491546399,
  "MAPE(%)": 3.525620273046538
}