{
  "R2": 0.9566900771877871,
  "MAE": 0.09368886895293851,
  "RMSE": 0.019721011054003992,
  "MAPE(%)": 4.764687749389069
}