Feature,Importance
0.5,91.43497033375252
cm3_g,1.1082314625500118
Has_OMS,1.0672497156482081
AV_cm3_g,1.0392492243511287
LCD,0.9432122228119356
ASA_m2_g,0.8604754677823451
AV_VF,0.8269876364456028
ASA_m2_cm3,0.7536111653043196
PLD,0.6540497598776559
LFPD,0.5135065207060261
NASA_m2_cm3,0.3982678889518394
NAV_cm3_g,0.22273068876591962
NASA_m2_g,0.17745791305249448
