{
  "R2": 0.9965813724123879,
  "MAE": 0.003752232907321301,
  "RMSE": 4.4982353055182614e-05,
  "MAPE(%)": 1.4776183069122573
}