temp,lowp,outp,seed,mode,qt_frac,train_ratio,out_root,model,R2,MAE,RMSE,MAPE(%)
313K,HENRY,15,2029,lowq,0.65,0.5,./RUN_FULL_EXP,cat,0.969840528314102,0.11032510208767914,0.025210359618703212,4.412019420881311
