{
  "R2": 0.969840528314102,
  "MAE": 0.11032510208767914,
  "RMSE": 0.025210359618703212,
  "MAPE(%)": 4.412019420881311
}