Feature,Importance
0.01,81.04020411623078
AV_VF,2.496224404046821
AV_cm3_g,2.3180664253400063
ASA_m2_cm3,2.30480917363386
PLD,2.174568115232157
ASA_m2_g,2.0698490126962295
LFPD,1.7565720421239956
cm3_g,1.517674853735726
LCD,1.2803605564118063
Has_OMS,1.2786519752267338
NASA_m2_cm3,0.9513271575609449
NASA_m2_g,0.7448869682154328
NAV_cm3_g,0.06680519954553012
