{
  "R2": 0.9854700237623507,
  "MAE": 0.016875311307379175,
  "RMSE": 0.000716219602580393,
  "MAPE(%)": 3.1361952753122986
}