{
  "R2": 0.992457611605354,
  "MAE": 0.03182493113146206,
  "RMSE": 0.002751203559610703,
  "MAPE(%)": 2.622136149802698
}