Feature,Importance
0.01,77.6420988626495
AV_VF,4.1321110610023855
ASA_m2_g,3.808629641309699
ASA_m2_cm3,3.025703271456586
AV_cm3_g,2.325070270448796
cm3_g,1.6530777411323752
Has_OMS,1.6058942911081182
LCD,1.5333403925727915
PLD,1.4875678550742015
LFPD,1.4173267417801527
NASA_m2_cm3,0.7767082063411606
NASA_m2_g,0.5035590435765799
NAV_cm3_g,0.08891262154765107
