{
  "R2": 0.9745768531363256,
  "MAE": 0.040573729390439996,
  "RMSE": 0.0034787237125232322,
  "MAPE(%)": 3.7136887865399615
}