temp,lowp,outp,seed,mode,qt_frac,train_ratio,out_root,model,R2,MAE,RMSE,MAPE(%)
313K,0.01,5,2028,lowq,0.6,0.5,./RUN_FULL_EXP,cat,0.9745768531363256,0.040573729390439996,0.0034787237125232322,3.7136887865399615
