{
  "R2": 0.9689447094272067,
  "MAE": 0.09180401285488764,
  "RMSE": 0.019254479426468605,
  "MAPE(%)": 4.6838870964579495
}