temp,lowp,outp,seed,mode,qt_frac,train_ratio,out_root,model,R2,MAE,RMSE,MAPE(%)
313K,0.05,15,2026,lowq,0.1,0.5,./RUN_FULL_EXP,cat,0.9639006077511683,0.11518576803426861,0.04284438439335748,4.885037110370963
