{
  "R2": 0.9639006077511683,
  "MAE": 0.11518576803426861,
  "RMSE": 0.04284438439335748,
  "MAPE(%)": 4.885037110370963
}