{
  "R2": 0.9428721766291118,
  "MAE": 0.27470487576116315,
  "RMSE": 0.17556287543753574,
  "MAPE(%)": 7.98137226223176
}