Feature,Importance
0.01,78.93619231855439
Has_OMS,4.262683532437459
cm3_g,3.7734808400406146
PLD,2.1749505239267095
AV_cm3_g,2.097010187414844
ASA_m2_g,1.961560922980709
LCD,1.777477779848356
AV_VF,1.4953226457757542
LFPD,1.0302852478504887
NASA_m2_cm3,0.822920582024593
NASA_m2_g,0.7693549367467596
ASA_m2_cm3,0.7001323816548667
NAV_cm3_g,0.19862810074443704
