{
  "R2": 0.9368422144122024,
  "MAE": 0.03990560516670016,
  "RMSE": 0.00843250129538654,
  "MAPE(%)": 9.022564528810111
}