{
  "R2": 0.9579338746970338,
  "MAE": 0.17322920527522856,
  "RMSE": 0.07294064925347561,
  "MAPE(%)": 5.8067076256960535
}