{
  "R2": 0.9613810342450001,
  "MAE": 0.12018845833639032,
  "RMSE": 0.04950218131612624,
  "MAPE(%)": 5.093540504668294
}