{
  "R2": 0.9638340131236715,
  "MAE": 0.11520009288166824,
  "RMSE": 0.044852805140397745,
  "MAPE(%)": 4.965223602007168
}