Feature,Importance
0.01,57.81345265391438
ASA_m2_g,11.80335901155729
AV_VF,6.233833197605197
ASA_m2_cm3,5.250945547548706
cm3_g,4.1600569159796095
AV_cm3_g,3.984228689198165
LFPD,2.7831666941918445
LCD,2.382896338461052
PLD,2.3000570795609807
Has_OMS,2.258979131208714
NASA_m2_g,0.5565785134567831
NASA_m2_cm3,0.35659372200261436
NAV_cm3_g,0.11585250531467854
