Feature,Importance
0.05,83.9706752225356
AV_VF,2.261762982229179
cm3_g,2.0460907414494325
ASA_m2_g,1.871206416898441
Has_OMS,1.8547888366361704
ASA_m2_cm3,1.7004325850458835
PLD,1.588509812568006
AV_cm3_g,1.4705365117739675
LFPD,1.0788443443870452
LCD,0.8697559692005763
NASA_m2_cm3,0.6733682800763575
NASA_m2_g,0.5591323727744076
NAV_cm3_g,0.054895924424921576
