{
  "R2": 0.9867651899594576,
  "MAE": 0.016849252019013817,
  "RMSE": 0.0011650727268026203,
  "MAPE(%)": 3.006450866355785
}