Feature,Importance
0.05,70.27522011775062
ASA_m2_g,6.248600101082168
ASA_m2_cm3,5.064790633022413
AV_VF,3.9463993941150903
AV_cm3_g,2.9110870996569784
LFPD,2.2261707352767792
LCD,2.1272286928683393
cm3_g,1.8669552008093948
PLD,1.8504527412133696
Has_OMS,1.7003315616701746
NASA_m2_cm3,0.9121903069621052
NASA_m2_g,0.8046547214181899
NAV_cm3_g,0.06591869415441388
