{
  "R2": 0.9753389473847849,
  "MAE": 0.05695043183923504,
  "RMSE": 0.008485652283770165,
  "MAPE(%)": 3.969352274506736
}