{
  "R2": 0.9671183324650752,
  "MAE": 0.0664736849220384,
  "RMSE": 0.010931546701556218,
  "MAPE(%)": 4.68038858275149
}