{
  "R2": 0.9893275391265406,
  "MAE": 0.01112954745664866,
  "RMSE": 0.00036876010176377675,
  "MAPE(%)": 3.1452815702357153
}