Feature,Importance
0.01,85.15857885450359
cm3_g,2.1149783867662384
AV_cm3_g,1.8040006333703578
AV_VF,1.7271583034634905
PLD,1.5845460978839325
LCD,1.4417560561296605
ASA_m2_g,1.3518192040058488
ASA_m2_cm3,1.29034901141221
Has_OMS,1.1596182475306198
LFPD,1.050610384783878
NASA_m2_cm3,0.701793523987664
NASA_m2_g,0.5227158190386354
NAV_cm3_g,0.09207547712385315
