temp,lowp,outp,seed,mode,qt_frac,train_ratio,out_root,model,R2,MAE,RMSE,MAPE(%)
293K,0.01,1,2026,lowq,0.2,0.5,./RUN_FULL_EXP,cat,0.9896716279427288,0.010825671350667697,0.0003722990887605255,3.0479891557815235
