{
  "R2": 0.9896716279427288,
  "MAE": 0.010825671350667697,
  "RMSE": 0.0003722990887605255,
  "MAPE(%)": 3.0479891557815235
}