{
  "R2": 0.9533620108975727,
  "MAE": 0.23224553841894735,
  "RMSE": 0.11154818848565218,
  "MAPE(%)": 5.736204932140931
}