Feature,Importance
HENRY,70.86556138603275
ASA_m2_g,7.014101748143916
ASA_m2_cm3,4.689378037683571
AV_VF,4.184110994608175
AV_cm3_g,2.665282394326342
LCD,2.087993778473735
LFPD,1.9610853821388667
PLD,1.8960392025749828
Has_OMS,1.6492860613115161
cm3_g,1.610998884329159
NASA_m2_cm3,0.6772171999668919
NASA_m2_g,0.6284907550307411
NAV_cm3_g,0.07045417537932534
