{
  "R2": 0.9696891074058602,
  "MAE": 0.05654288309045312,
  "RMSE": 0.007534459098223219,
  "MAPE(%)": 3.803569277409392
}