temp,lowp,outp,seed,mode,qt_frac,train_ratio,out_root,model,R2,MAE,RMSE,MAPE(%)
293K,HENRY,5,2025,lowq,0.65,0.5,./RUN_FULL_EXP,cat,0.9696891074058602,0.05654288309045312,0.007534459098223219,3.803569277409392
