{
  "R2": 0.9558433531078341,
  "MAE": 0.1782599010134756,
  "RMSE": 0.07677357646852136,
  "MAPE(%)": 5.9548727100772805
}