Feature,Importance
0.1,86.84029535167245
cm3_g,1.7704290229344506
AV_VF,1.6347919144848737
AV_cm3_g,1.6344768761953623
Has_OMS,1.566829427094439
ASA_m2_g,1.28180990375304
LFPD,1.273175406263059
PLD,1.1724594701350322
ASA_m2_cm3,0.9454353239097146
NASA_m2_cm3,0.7588132864415545
LCD,0.7426876758576626
NASA_m2_g,0.29228888819954296
NAV_cm3_g,0.08650745305881019
