{
  "R2": 0.9932979138472882,
  "MAE": 0.007745721391229029,
  "RMSE": 0.0001704018349343746,
  "MAPE(%)": 2.0743096676397212
}