{
  "R2": 0.9861638323806413,
  "MAE": 0.009397573825869445,
  "RMSE": 0.00019686078764342702,
  "MAPE(%)": 2.572328235883788
}