{
  "R2": 0.9759771462311496,
  "MAE": 0.01812396319980442,
  "RMSE": 0.002930386047998846,
  "MAPE(%)": 3.0688339478875553
}