Feature,Importance
HENRY,61.38599845218376
ASA_m2_g,10.476756738815906
ASA_m2_cm3,5.9360552645931275
AV_cm3_g,5.716668075196432
AV_VF,4.821980079752039
cm3_g,2.6444241628205347
LCD,2.337826629034122
PLD,2.1882235723359003
LFPD,1.7957167010309827
Has_OMS,1.193798636378341
NASA_m2_cm3,0.791991144966948
NASA_m2_g,0.6092504167620169
NAV_cm3_g,0.10131012612990176
