{
  "R2": 0.9696846422836423,
  "MAE": 0.10763871489990376,
  "RMSE": 0.02311801416225523,
  "MAPE(%)": 4.242065795016589
}