{
  "R2": 0.9842083350653215,
  "MAE": 0.04664879947887133,
  "RMSE": 0.0077119794232634814,
  "MAPE(%)": 3.1485195679270084
}