Feature,Importance
0.1,85.0617236726959
ASA_m2_cm3,2.465959836622447
AV_VF,1.9692528482809293
cm3_g,1.9644888305481285
AV_cm3_g,1.3920191416328809
Has_OMS,1.3312016228987757
ASA_m2_g,1.298397654671651
PLD,1.2649451087953296
LCD,1.239312195651396
LFPD,0.9925068584148299
NASA_m2_cm3,0.4940069778277982
NASA_m2_g,0.47117980790302094
NAV_cm3_g,0.055005444056909436
