{
  "R2": 0.9895307447802094,
  "MAE": 0.013875703604873673,
  "RMSE": 0.0004800028894946737,
  "MAPE(%)": 2.5265482447168655
}