{
  "R2": 0.9789574735278731,
  "MAE": 0.01427754131893574,
  "RMSE": 0.0034355649182335286,
  "MAPE(%)": 2.537709106110754
}