temp,lowp,outp,seed,mode,qt_frac,train_ratio,out_root,model,R2,MAE,RMSE,MAPE(%)
293K,0.01,1,2026,lowq,0.5,0.5,./RUN_FULL_EXP,cat,0.9902286000753148,0.010062929701078268,0.00020971624200959065,2.8182962302929786
