{
  "R2": 0.9902286000753148,
  "MAE": 0.010062929701078268,
  "RMSE": 0.00020971624200959065,
  "MAPE(%)": 2.8182962302929786
}