temp,lowp,outp,seed,mode,qt_frac,train_ratio,out_root,model,R2,MAE,RMSE,MAPE(%)
293K,0.01,1,2026,struct_with_input,0.4,0.4,./RUN_FULL_EXP,cat,0.9900510393791749,0.010317709720867714,0.0002450325087421663,2.9224678275130667
