{
  "R2": 0.9900510393791749,
  "MAE": 0.010317709720867714,
  "RMSE": 0.0002450325087421663,
  "MAPE(%)": 2.9224678275130667
}