Feature,Importance
0.1,51.388483115976584
ASA_m2_g,13.968354146230078
ASA_m2_cm3,6.926245937658379
AV_cm3_g,6.871624657385829
AV_VF,6.151854392286918
cm3_g,3.9530442891771425
PLD,2.8827253816866345
LFPD,2.548136187908777
LCD,2.1282405190601006
Has_OMS,1.6323977228823148
NASA_m2_cm3,0.8340597855073603
NASA_m2_g,0.6102128386162258
NAV_cm3_g,0.10462102562365962
