temp,lowp,outp,seed,mode,qt_frac,train_ratio,out_root,model,R2,MAE,RMSE,MAPE(%)
273K,0.1,15,2028,lowq,0.25,0.5,./RUN_FULL_EXP,cat,0.9590302321768225,0.23173895872157754,0.11460445583032813,6.264335736514588
