{
  "R2": 0.9590302321768225,
  "MAE": 0.23173895872157754,
  "RMSE": 0.11460445583032813,
  "MAPE(%)": 6.264335736514588
}