{
  "R2": 0.9823661848711429,
  "MAE": 0.03016570565047362,
  "RMSE": 0.002088180930384818,
  "MAPE(%)": 2.65940225506739
}