{
  "R2": 0.9966463414163538,
  "MAE": 0.00615144786608307,
  "RMSE": 0.00010791075657783809,
  "MAPE(%)": 1.6950922450262453
}