Feature,Importance
0.01,70.63974517260486
ASA_m2_cm3,5.00031495802455
ASA_m2_g,4.812344046115846
AV_VF,3.423028858349937
AV_cm3_g,3.0848984427428623
cm3_g,2.440499958177009
LFPD,2.401744027163304
PLD,2.232195417413467
Has_OMS,2.1995628505947162
LCD,2.1554413079104453
NASA_m2_cm3,1.0543545031640744
NASA_m2_g,0.4951864930496747
NAV_cm3_g,0.060683964689246736
