{
  "R2": 0.9626791462046236,
  "MAE": 0.0744772993510243,
  "RMSE": 0.016463541769513958,
  "MAPE(%)": 5.319940959614739
}