{
  "R2": 0.9963783853452692,
  "MAE": 0.023555208848592787,
  "RMSE": 0.0010801175509693383,
  "MAPE(%)": 1.8309381160128777
}