Feature,Importance
0.05,52.411293815813195
ASA_m2_g,15.920306476167724
ASA_m2_cm3,6.446578784521744
AV_cm3_g,5.551367208280959
AV_VF,4.8992919247533155
cm3_g,3.940900334429896
PLD,2.7201222019822575
LCD,2.649443756499001
LFPD,2.214490108372899
Has_OMS,1.8165410708066496
NASA_m2_cm3,0.782663298759208
NASA_m2_g,0.485152898880356
NAV_cm3_g,0.16184812073279153
