{
  "R2": 0.9567381154537644,
  "MAE": 0.2351157686875027,
  "RMSE": 0.1171262862986574,
  "MAPE(%)": 6.272759953193143
}