Feature,Importance
Has_OMS,17.276086227354412
ASA_m2_cm3,13.635339962713672
cm3_g,12.887882721390493
PLD,12.21079535042821
AV_VF,11.530527648767071
LCD,9.272080921057865
LFPD,8.645057786583774
ASA_m2_g,6.770785799586631
AV_cm3_g,5.458069277749459
NASA_m2_g,1.0794914879907493
NASA_m2_cm3,0.983174515298021
NAV_cm3_g,0.25070830107966147
