{
  "R2": 0.3204324789716205,
  "MAE": 0.19815155049666178,
  "RMSE": 0.11392597595821177,
  "MAPE(%)": 53.070738913131024
}