{
  "R2": 0.95758195187417,
  "MAE": 0.24075243458821752,
  "RMSE": 0.1275687448269777,
  "MAPE(%)": 6.829797681837976
}