Feature,Importance
0.01,86.13979636877977
AV_cm3_g,2.1016929879254316
cm3_g,1.8627899786967985
ASA_m2_cm3,1.4666620084567992
PLD,1.4473769920545343
AV_VF,1.411074089850477
LFPD,1.3601917427883707
Has_OMS,1.1506407514326027
LCD,1.1095312541003448
ASA_m2_g,0.8382511683288646
NASA_m2_cm3,0.529355158286216
NASA_m2_g,0.5164579380358475
NAV_cm3_g,0.06617956126391973
