temp,lowp,outp,seed,mode,qt_frac,train_ratio,out_root,model,R2,MAE,RMSE,MAPE(%)
313K,0.01,1,2028,lowq,0.45,0.5,./RUN_FULL_EXP,cat,0.9899934570268473,0.007092978394040603,0.00010723474360076728,2.851736991536875
