{
  "R2": 0.9899934570268473,
  "MAE": 0.007092978394040603,
  "RMSE": 0.00010723474360076728,
  "MAPE(%)": 2.851736991536875
}