{
  "R2": 0.40021306805859247,
  "MAE": 0.18129733774296727,
  "RMSE": 0.10063749342084928,
  "MAPE(%)": 46.202617933608146
}