temp,lowp,outp,seed,mode,qt_frac,train_ratio,out_root,model,R2,MAE,RMSE,MAPE(%)
273K,0.05,15,2027,lowq,0.55,0.5,./RUN_FULL_EXP,cat,0.9472123013823083,0.2466024674988415,0.13506930867938788,6.300967954204642
