{
  "R2": 0.9472123013823083,
  "MAE": 0.2466024674988415,
  "RMSE": 0.13506930867938788,
  "MAPE(%)": 6.300967954204642
}