Feature,Importance
0.01,84.48082116296845
AV_cm3_g,2.009244911192907
cm3_g,1.9374634238947177
Has_OMS,1.8970853712155744
ASA_m2_g,1.5228509216216848
AV_VF,1.5135153426020889
LCD,1.4610190268648
LFPD,1.3173427794006198
PLD,1.2501522897339084
ASA_m2_cm3,1.1279824689070341
NASA_m2_cm3,0.9238186205163688
NASA_m2_g,0.467745133669332
NAV_cm3_g,0.09095854741254353
