{
  "R2": 0.9898817191059838,
  "MAE": 0.009914958917421552,
  "RMSE": 0.0002161975582048391,
  "MAPE(%)": 2.7927951999520864
}