temp,lowp,outp,seed,mode,qt_frac,train_ratio,out_root,model,R2,MAE,RMSE,MAPE(%)
293K,0.01,1,2029,lowq,0.5,0.5,./RUN_FULL_EXP,cat,0.9898817191059838,0.009914958917421552,0.0002161975582048391,2.7927951999520864
