Feature,Importance
0.05,70.94552905539648
ASA_m2_g,7.139474134040262
ASA_m2_cm3,4.348273361168864
AV_VF,4.140437537441057
AV_cm3_g,2.424789301417441
PLD,2.004219300495397
Has_OMS,1.9499141753666425
cm3_g,1.926038129197699
LCD,1.904451951911702
LFPD,1.8937503353339842
NASA_m2_cm3,0.6649237207600422
NASA_m2_g,0.5636187210398079
NAV_cm3_g,0.09458027643057074
