{
  "R2": 0.971632623344873,
  "MAE": 0.05685441918180644,
  "RMSE": 0.0072917564223941595,
  "MAPE(%)": 3.843748802799813
}