temp,lowp,outp,seed,mode,qt_frac,train_ratio,out_root,model,R2,MAE,RMSE,MAPE(%)
293K,0.05,5,2025,lowq,0.6,0.5,./RUN_FULL_EXP,cat,0.971632623344873,0.05685441918180644,0.0072917564223941595,3.843748802799813
