Feature,Importance
HENRY,87.83512789758115
cm3_g,2.2736346251712454
AV_cm3_g,1.918707901667603
Has_OMS,1.3172107429383535
LCD,1.0653494795279785
ASA_m2_g,1.0309339322538265
LFPD,1.018980822635425
ASA_m2_cm3,0.9954003724196692
AV_VF,0.9307420258120552
PLD,0.7514673184661806
NASA_m2_cm3,0.4517681890883163
NASA_m2_g,0.3484905728581374
NAV_cm3_g,0.062186119580091494
