temp,lowp,outp,seed,mode,qt_frac,train_ratio,out_root,model,R2,MAE,RMSE,MAPE(%)
313K,HENRY,1,2029,lowq,0.05,0.5,./RUN_FULL_EXP,cat,0.9765852638999951,0.006193426916311965,0.0007708459249355485,2.1655843125938743
