{
  "R2": 0.9765852638999951,
  "MAE": 0.006193426916311965,
  "RMSE": 0.0007708459249355485,
  "MAPE(%)": 2.1655843125938743
}