{
  "R2": 0.35904084762140265,
  "MAE": 0.12322966141971575,
  "RMSE": 0.04564448101844904,
  "MAPE(%)": 48.891087845879056
}