Feature,Importance
0.05,83.47010604775565
cm3_g,2.155917715620057
AV_VF,2.1403096297030295
ASA_m2_cm3,2.0536466123852466
AV_cm3_g,1.9388211722832687
ASA_m2_g,1.8571235479491939
LCD,1.3963429195898718
PLD,1.3852971353503885
Has_OMS,1.2503565274574984
LFPD,1.0209634279831261
NASA_m2_g,0.706782726547999
NASA_m2_cm3,0.5481395190249809
NAV_cm3_g,0.07619301834971766
