{
  "R2": 0.9876498241436098,
  "MAE": 0.015311481004133317,
  "RMSE": 0.0007443761667137934,
  "MAPE(%)": 2.73863863282048
}