{
  "R2": 0.9862624870963681,
  "MAE": 0.007475995415706212,
  "RMSE": 0.00026250174667220773,
  "MAPE(%)": 3.016436749839861
}