temp,lowp,outp,seed,mode,qt_frac,train_ratio,out_root,model,R2,MAE,RMSE,MAPE(%)
313K,0.01,1,2026,lowq,0.15,0.5,./RUN_FULL_EXP,cat,0.9862624870963681,0.007475995415706212,0.00026250174667220773,3.016436749839861
