{
  "R2": 0.9580953315107068,
  "MAE": 0.025883241584827812,
  "RMSE": 0.005315118309680905,
  "MAPE(%)": 4.695112689554566
}