temp,lowp,outp,seed,mode,qt_frac,train_ratio,out_root,model,R2,MAE,RMSE,MAPE(%)
293K,0.01,15,2029,lowq,0.8,0.5,./RUN_FULL_EXP,cat,0.9550662022871024,0.17403818403544688,0.058907231622643,5.503305016981449
