{
  "R2": 0.9550662022871024,
  "MAE": 0.17403818403544688,
  "RMSE": 0.058907231622643,
  "MAPE(%)": 5.503305016981449
}