{
  "R2": 0.8835508009331421,
  "MAE": 0.04149093644959508,
  "RMSE": 0.01791082567447835,
  "MAPE(%)": 8.226071449890208
}