{
  "R2": 0.8389168142354245,
  "MAE": 0.04685259041569685,
  "RMSE": 0.026869007523121363,
  "MAPE(%)": 9.928159396421753
}