Feature,Importance
0.5,62.631321113004255
ASA_m2_g,13.231095048322828
AV_VF,5.288898201049109
AV_cm3_g,4.152419458621555
ASA_m2_cm3,3.7224704329316887
cm3_g,2.862421583803601
LCD,2.125350146430351
PLD,2.0013735697284214
LFPD,1.9229078906123205
Has_OMS,1.0244610866638848
NASA_m2_g,0.5050889081583415
NASA_m2_cm3,0.4369405813268239
NAV_cm3_g,0.09525197934681787
