temp,lowp,outp,seed,mode,qt_frac,train_ratio,out_root,model,R2,MAE,RMSE,MAPE(%)
313K,0.5,15,2025,lowq,0.25,0.5,./RUN_FULL_EXP,cat,0.9766529757639144,0.10659156450824146,0.02418906556505787,4.497549239956207
