{
  "R2": 0.9766529757639144,
  "MAE": 0.10659156450824146,
  "RMSE": 0.02418906556505787,
  "MAPE(%)": 4.497549239956207
}