{
  "R2": 0.9444243028049271,
  "MAE": 0.21427253956301898,
  "RMSE": 0.10410534698484974,
  "MAPE(%)": 7.716700557024707
}