Feature,Importance
0.01,84.07707149086306
AV_cm3_g,2.161983362585554
Has_OMS,1.8915102979568197
cm3_g,1.844938217957959
AV_VF,1.606491080296256
LCD,1.53053132593454
ASA_m2_cm3,1.4561903080623206
PLD,1.4029845433803207
LFPD,1.3439128880124773
ASA_m2_g,1.0380315601151178
NASA_m2_g,0.7742044826024828
NASA_m2_cm3,0.7661075277700762
NAV_cm3_g,0.1060429144629978
