temp,lowp,outp,seed,mode,qt_frac,train_ratio,out_root,model,R2,MAE,RMSE,MAPE(%)
293K,0.01,1,2028,lowq,0.5,0.5,./RUN_FULL_EXP,cat,0.988809281419095,0.010215949444620084,0.00024112752445836223,2.8621642235337292
