{
  "R2": 0.988809281419095,
  "MAE": 0.010215949444620084,
  "RMSE": 0.00024112752445836223,
  "MAPE(%)": 2.8621642235337292
}