{
  "R2": 0.9911209219116488,
  "MAE": 0.010224505429036114,
  "RMSE": 0.00025451363363779376,
  "MAPE(%)": 2.872349622519174
}