temp,lowp,outp,seed,mode,qt_frac,train_ratio,out_root,model,R2,MAE,RMSE,MAPE(%)
293K,0.01,1,2028,lowq,0.3,0.5,./RUN_FULL_EXP,cat,0.9911209219116488,0.010224505429036114,0.00025451363363779376,2.872349622519174
