{
  "R2": 0.4828235514705832,
  "MAE": 0.3435037387979678,
  "RMSE": 0.2550997619135124,
  "MAPE(%)": 32.19030933491867
}