{
  "R2": 0.9789176888847798,
  "MAE": 0.02125340018285797,
  "RMSE": 0.00308334273668656,
  "MAPE(%)": 3.72030699404087
}