temp,lowp,outp,seed,mode,qt_frac,train_ratio,out_root,model,R2,MAE,RMSE,MAPE(%)
273K,0.01,1,2028,struct,0.0,0.4,./RUN_FULL_EXP,cat,0.38306256396500304,0.18520938360800132,0.09552793451717273,48.727100069369136
