Feature,Importance
HENRY,69.57618273774055
ASA_m2_g,6.2904455403182
ASA_m2_cm3,5.821008912830869
AV_VF,5.1682111068790055
AV_cm3_g,2.4191985444791517
LCD,2.160295702110116
cm3_g,1.9736098586275845
LFPD,1.872517838487416
PLD,1.7645625464940318
Has_OMS,1.3570509000281357
NASA_m2_g,0.9840937900757573
NASA_m2_cm3,0.5345607400957956
NAV_cm3_g,0.07826178183339576
