{
  "R2": 0.9735911108503909,
  "MAE": 0.06094777045743056,
  "RMSE": 0.012402552944666329,
  "MAPE(%)": 4.380466483409587
}