{
  "R2": 0.9533811698487242,
  "MAE": 0.1622404408168191,
  "RMSE": 0.06431562254615938,
  "MAPE(%)": 5.215445478183101
}