temp,lowp,outp,seed,mode,qt_frac,train_ratio,out_root,model,R2,MAE,RMSE,MAPE(%)
293K,0.05,15,2027,lowq,0.65,0.5,./RUN_FULL_EXP,cat,0.9533811698487242,0.1622404408168191,0.06431562254615938,5.215445478183101
