Feature,Importance
0.1,66.67206969070494
AV_VF,6.755206603192609
ASA_m2_cm3,6.286978982051193
ASA_m2_g,4.7817121753358895
AV_cm3_g,3.120207353765191
PLD,2.545982316375412
cm3_g,2.4636981271001
LFPD,2.4422116027561613
LCD,2.0393185755395455
Has_OMS,1.705466222334416
NASA_m2_cm3,0.599589957238269
NASA_m2_g,0.4873227213000101
NAV_cm3_g,0.1002356723062571
