{
  "R2": 0.9603427656579291,
  "MAE": 0.10442236305673169,
  "RMSE": 0.031645595634653544,
  "MAPE(%)": 5.251818876830651
}