{
  "R2": 0.9746560519839181,
  "MAE": 0.05851590998989568,
  "RMSE": 0.008580394894617167,
  "MAPE(%)": 4.008671645214961
}