{
  "R2": 0.9736829302487703,
  "MAE": 0.057026620750436054,
  "RMSE": 0.008475714305717105,
  "MAPE(%)": 3.8752279038036757
}