temp,lowp,outp,seed,mode,qt_frac,train_ratio,out_root,model,R2,MAE,RMSE,MAPE(%)
293K,HENRY,5,2025,lowq,0.4,0.5,./RUN_FULL_EXP,cat,0.9736829302487703,0.057026620750436054,0.008475714305717105,3.8752279038036757
