{
  "R2": 0.9766499025040848,
  "MAE": 0.053954132665018854,
  "RMSE": 0.00720622117417649,
  "MAPE(%)": 3.6546321465428426
}