temp,lowp,outp,seed,mode,qt_frac,train_ratio,out_root,model,R2,MAE,RMSE,MAPE(%)
273K,0.05,15,2025,lowq,0.6,0.5,./RUN_FULL_EXP,cat,0.9531748535971967,0.24074705706557384,0.11847868369472203,6.1771822739054025
