{
  "R2": 0.9531748535971967,
  "MAE": 0.24074705706557384,
  "RMSE": 0.11847868369472203,
  "MAPE(%)": 6.1771822739054025
}