{
  "R2": 0.9522251529923651,
  "MAE": 0.19097126882819956,
  "RMSE": 0.08377963295482313,
  "MAPE(%)": 6.508625702324881
}