Feature,Importance
0.1,78.34574316608033
ASA_m2_g,3.791813109801138
AV_VF,3.74020137644127
ASA_m2_cm3,2.973632342805219
AV_cm3_g,2.3226099842951093
cm3_g,2.101654915648581
Has_OMS,1.4186550266822968
PLD,1.3953722302935596
LFPD,1.3915181759673994
LCD,1.218175239987445
NASA_m2_cm3,0.6787007056745274
NASA_m2_g,0.5615753317916878
NAV_cm3_g,0.06034839453144042
