temp,lowp,outp,seed,mode,qt_frac,train_ratio,out_root,model,R2,MAE,RMSE,MAPE(%)
313K,0.1,5,2028,lowq,0.8,0.5,./RUN_FULL_EXP,cat,0.9783533458672105,0.03245609501577453,0.002360910570791147,2.88542486699928
