{
  "R2": 0.9783533458672105,
  "MAE": 0.03245609501577453,
  "RMSE": 0.002360910570791147,
  "MAPE(%)": 2.88542486699928
}