temp,lowp,outp,seed,mode,qt_frac,train_ratio,out_root,model,R2,MAE,RMSE,MAPE(%)
293K,0.01,1,2027,struct_with_input,0.07,0.15,./RUN_FULL_EXP,cat,0.9746711582356754,0.01461354517528839,0.0013556382403362237,4.322309372718671
