{
  "R2": 0.9746711582356754,
  "MAE": 0.01461354517528839,
  "RMSE": 0.0013556382403362237,
  "MAPE(%)": 4.322309372718671
}