{
  "R2": 0.9642590533625749,
  "MAE": 0.1045278813755534,
  "RMSE": 0.0314814472644541,
  "MAPE(%)": 5.76755043060727
}