{
  "R2": 0.9968012095273087,
  "MAE": 0.005927158290009928,
  "RMSE": 9.131958618553979e-05,
  "MAPE(%)": 1.6945614537566822
}