{
  "R2": 0.9580466120554215,
  "MAE": 0.22997520876343747,
  "RMSE": 0.12669299758331928,
  "MAPE(%)": 6.456270830762442
}