temp,lowp,outp,seed,mode,qt_frac,train_ratio,out_root,model,R2,MAE,RMSE,MAPE(%)
273K,HENRY,15,2027,lowq,0.05,0.5,./RUN_FULL_EXP,cat,0.9580466120554215,0.22997520876343747,0.12669299758331928,6.456270830762442
