Feature,Importance
0.05,74.92219495751235
ASA_m2_g,5.299623991496489
ASA_m2_cm3,3.927481344928777
AV_cm3_g,3.7085712569763776
AV_VF,2.2522259892996663
cm3_g,1.756333334020407
Has_OMS,1.7490970192018194
PLD,1.6413022178696484
LCD,1.5414085637845596
LFPD,1.499503301055695
NASA_m2_cm3,0.9974412679849016
NASA_m2_g,0.6172737475067682
NAV_cm3_g,0.08754300836255086
