{
  "R2": 0.9774574200340383,
  "MAE": 0.03620407323615948,
  "RMSE": 0.003453042867027605,
  "MAPE(%)": 3.310524571062841
}