{
  "R2": 0.9949798169518373,
  "MAE": 0.025494182682511815,
  "RMSE": 0.0016150230345099322,
  "MAPE(%)": 2.1205952296007577
}