temp,lowp,outp,seed,mode,qt_frac,train_ratio,out_root,model,R2,MAE,RMSE,MAPE(%)
273K,0.01,1,2026,struct_with_input,0.35,0.35,./RUN_FULL_EXP,cat,0.9814144556426849,0.019023752489170077,0.0012224789449745638,3.5203238770034924
