{
  "R2": 0.9814144556426849,
  "MAE": 0.019023752489170077,
  "RMSE": 0.0012224789449745638,
  "MAPE(%)": 3.5203238770034924
}