temp,lowp,outp,seed,mode,qt_frac,train_ratio,out_root,model,R2,MAE,RMSE,MAPE(%)
293K,0.05,1,2028,lowq,0.25,0.5,./RUN_FULL_EXP,cat,0.9918358923484548,0.008635534326478506,0.00024902410691014847,2.3308264989847465
