{
  "R2": 0.9918358923484548,
  "MAE": 0.008635534326478506,
  "RMSE": 0.00024902410691014847,
  "MAPE(%)": 2.3308264989847465
}