{
  "R2": 0.9707856602648982,
  "MAE": 0.05463470823297494,
  "RMSE": 0.006693583427000162,
  "MAPE(%)": 3.7156914850491765
}