Feature,Importance
0.5,91.82212512175265
AV_cm3_g,1.322593482551791
cm3_g,1.0644735086589472
LCD,1.0228322409413169
ASA_m2_cm3,0.9993414686764748
PLD,0.8925428657849497
AV_VF,0.7805222778677546
Has_OMS,0.5429638876948638
LFPD,0.5362738298730539
ASA_m2_g,0.4009590960462885
NASA_m2_g,0.27893514467242475
NASA_m2_cm3,0.24932836086787155
NAV_cm3_g,0.08710871461161547
