{
  "R2": 0.9961146528854451,
  "MAE": 0.004172675544134202,
  "RMSE": 8.469318829760977e-05,
  "MAPE(%)": 1.6291880317788898
}