{
  "R2": 0.9557811552049904,
  "MAE": 0.1782852263116489,
  "RMSE": 0.07121312511828791,
  "MAPE(%)": 5.895983174702473
}