Feature,Importance
0.5,92.24230951717915
cm3_g,1.036102301101996
LCD,0.9688752038046916
LFPD,0.9358378435975986
PLD,0.8883438355550419
ASA_m2_g,0.8574253498766599
Has_OMS,0.6892439959300427
AV_VF,0.6688320476713537
AV_cm3_g,0.6234844689309462
ASA_m2_cm3,0.559630052074847
NASA_m2_cm3,0.2955047664455638
NASA_m2_g,0.19174080130530272
NAV_cm3_g,0.0426698165268013
