{
  "R2": 0.9966477380907505,
  "MAE": 0.0033866006162204688,
  "RMSE": 2.1422409142372267e-05,
  "MAPE(%)": 1.259349767852945
}