Feature,Importance
0.5,65.30729015680336
AV_VF,6.4107302468316645
ASA_m2_g,6.4104699785186465
AV_cm3_g,5.748244123371715
ASA_m2_cm3,5.6936199879645
cm3_g,2.4551064453914866
LFPD,1.7952366597185214
PLD,1.7626441278036165
LCD,1.7223537015260915
Has_OMS,1.388718999637979
NASA_m2_cm3,0.7267265940490307
NASA_m2_g,0.5135214756230451
NAV_cm3_g,0.06533750276034594
