{
  "R2": 0.9763861059974714,
  "MAE": 0.1047893023340865,
  "RMSE": 0.024198793294546057,
  "MAPE(%)": 4.354767026029865
}