temp,lowp,outp,seed,mode,qt_frac,train_ratio,out_root,model,R2,MAE,RMSE,MAPE(%)
313K,0.5,15,2028,lowq,0.3,0.5,./RUN_FULL_EXP,cat,0.9763861059974714,0.1047893023340865,0.024198793294546057,4.354767026029865
