{
  "R2": 0.9941084790077704,
  "MAE": 0.025813441181017062,
  "RMSE": 0.0018062897399306267,
  "MAPE(%)": 2.015342085223571
}