Feature,Importance
HENRY,55.37204403927577
ASA_m2_g,13.134278248462694
ASA_m2_cm3,7.371832736803767
AV_cm3_g,5.71119055345921
AV_VF,4.749744764382808
cm3_g,3.8482488925084626
PLD,2.5052455897961274
LCD,2.3560065553747647
LFPD,1.7176889592436015
Has_OMS,1.4325728987435784
NASA_m2_cm3,0.941060902564406
NASA_m2_g,0.7437233970605138
NAV_cm3_g,0.11636246232430562
