temp,lowp,outp,seed,mode,qt_frac,train_ratio,out_root,model,R2,MAE,RMSE,MAPE(%)
273K,HENRY,15,2026,lowq,0.5,0.5,./RUN_FULL_EXP,cat,0.9520897735106906,0.24680058644805164,0.12360078423316101,6.4003428512076255
