{
  "R2": 0.9520897735106906,
  "MAE": 0.24680058644805164,
  "RMSE": 0.12360078423316101,
  "MAPE(%)": 6.4003428512076255
}