Feature,Importance
0.1,78.4404020965146
ASA_m2_g,3.6255578712831134
AV_VF,3.5694722012853854
AV_cm3_g,2.9770951902683382
ASA_m2_cm3,2.6490962563113865
cm3_g,1.5968012595705547
Has_OMS,1.5829508593204273
LFPD,1.5077154435380915
PLD,1.4790149620540134
LCD,1.3018364319378766
NASA_m2_g,0.5901194178432811
NASA_m2_cm3,0.5866658127515513
NAV_cm3_g,0.09327219732138234
