{
  "R2": 0.9809735416385053,
  "MAE": 0.033887600153833984,
  "RMSE": 0.0025768375492959106,
  "MAPE(%)": 3.0206276589747176
}