Feature,Importance
HENRY,76.3028838636327
ASA_m2_g,5.056713634303766
AV_VF,3.4896786994348092
ASA_m2_cm3,2.979304482747917
AV_cm3_g,2.6713037931799186
cm3_g,1.9784792380348608
LCD,1.7979012150671474
LFPD,1.5419635903862714
Has_OMS,1.4941613237245144
PLD,1.3761315312603932
NASA_m2_cm3,0.6743413524166233
NASA_m2_g,0.5631941696028812
NAV_cm3_g,0.07394310620821787
