temp,lowp,outp,seed,mode,qt_frac,train_ratio,out_root,model,R2,MAE,RMSE,MAPE(%)
313K,HENRY,5,2025,lowq,0.25,0.5,./RUN_FULL_EXP,cat,0.9840372160060928,0.033915915887185934,0.0031713021126047276,3.1653177480915633
