{
  "R2": 0.9840372160060928,
  "MAE": 0.033915915887185934,
  "RMSE": 0.0031713021126047276,
  "MAPE(%)": 3.1653177480915633
}