{
  "R2": 0.9661430810838888,
  "MAE": 0.00621164556397151,
  "RMSE": 0.0009666321155128143,
  "MAPE(%)": 2.3112787472712615
}