{
  "R2": 0.9882156473530616,
  "MAE": 0.04553369392130968,
  "RMSE": 0.005084896205937131,
  "MAPE(%)": 3.734090493361697
}