Feature,Importance
0.05,48.53349553160644
ASA_m2_g,16.069257496440965
ASA_m2_cm3,6.930139188970205
AV_cm3_g,6.662312192176402
AV_VF,5.6247990165452055
cm3_g,4.039696226744031
PLD,3.0385839919823456
LCD,2.6906274205797596
LFPD,2.418110624094885
Has_OMS,1.7528867409494189
NASA_m2_cm3,1.1534726876963806
NASA_m2_g,0.9857454942001848
NAV_cm3_g,0.10087338801378538
