{
  "R2": 0.951551322412895,
  "MAE": 0.24270421314201127,
  "RMSE": 0.13006014630337595,
  "MAPE(%)": 6.323942579656348
}