{
  "R2": 0.991894547128622,
  "MAE": 0.03514380782215432,
  "RMSE": 0.0031411499849318993,
  "MAPE(%)": 2.7711178140927846
}