{
  "R2": 0.9569506632460432,
  "MAE": 0.16914390028340967,
  "RMSE": 0.05638611733750747,
  "MAPE(%)": 5.292059018270877
}