Feature,Importance
0.05,86.35053988365361
cm3_g,1.781063926897376
AV_VF,1.759870768661511
AV_cm3_g,1.7260562635429595
LCD,1.3184545749191783
Has_OMS,1.2926417322439654
ASA_m2_g,1.2798429256866077
LFPD,1.2430650015305116
PLD,1.1063804503468675
ASA_m2_cm3,0.8308034104658821
NASA_m2_cm3,0.7077272605664437
NASA_m2_g,0.5530074891971619
NAV_cm3_g,0.05054631228790977
