{
  "R2": 0.9922518157409865,
  "MAE": 0.007220458767096357,
  "RMSE": 0.00011168928372437691,
  "MAPE(%)": 1.9336211642995915
}