{
  "R2": 0.9762956662935379,
  "MAE": 0.10587993951952268,
  "RMSE": 0.025746241964357687,
  "MAPE(%)": 4.5786855320823925
}