{
  "R2": 0.9507340289989998,
  "MAE": 0.02723695047576329,
  "RMSE": 0.007731945076394436,
  "MAPE(%)": 4.915848177845665
}