{
  "R2": 0.9783535893726737,
  "MAE": 0.048193902171943255,
  "RMSE": 0.01019032464431103,
  "MAPE(%)": 3.0958758195192395
}