{
  "R2": 0.6075804632984183,
  "MAE": 0.6384829844187415,
  "RMSE": 0.7467275103568013,
  "MAPE(%)": 29.07804308540225
}