Feature,Importance
0.05,84.20247002088698
ASA_m2_cm3,2.1488537364562417
cm3_g,1.9538081810741874
AV_cm3_g,1.824832724094262
AV_VF,1.7575770587342556
ASA_m2_g,1.5249978169124343
PLD,1.4143646199536057
Has_OMS,1.226577896847072
LCD,1.224708379550064
LFPD,1.1101600989712688
NASA_m2_cm3,0.7176560544945003
NASA_m2_g,0.7086681138055421
NAV_cm3_g,0.1853252982196045
