{
  "R2": 0.9862085439788125,
  "MAE": 0.015290256882049968,
  "RMSE": 0.000662941660327526,
  "MAPE(%)": 2.8099203507248327
}