Feature,Importance
HENRY,71.15435120608676
ASA_m2_g,5.834392955140881
ASA_m2_cm3,4.693327763534075
AV_cm3_g,3.9563438474717993
AV_VF,3.6623225875359426
PLD,1.9146123525602623
LCD,1.9109258819576571
LFPD,1.8761199796708352
Has_OMS,1.7324941942915757
cm3_g,1.6539122049023935
NASA_m2_cm3,0.9257525651006776
NASA_m2_g,0.6047760279331633
NAV_cm3_g,0.08066843381396359
