{
  "R2": 0.9701111401445789,
  "MAE": 0.05888918008935245,
  "RMSE": 0.0092663153072447,
  "MAPE(%)": 4.075955819693064
}