{
  "R2": 0.7081554264899023,
  "MAE": 0.5264479233661886,
  "RMSE": 0.5536055600477663,
  "MAPE(%)": 21.464073734080312
}