{
  "R2": 0.96975614577931,
  "MAE": 0.05454982364174245,
  "RMSE": 0.007081890972174756,
  "MAPE(%)": 3.6012630119282107
}