Feature,Importance
0.05,71.26654537294661
ASA_m2_g,6.979993641126395
AV_VF,4.774878790125986
ASA_m2_cm3,4.752681682099028
cm3_g,2.474699703797246
AV_cm3_g,2.4080357930666567
LCD,1.9522953046001026
PLD,1.7953067914664986
LFPD,1.4382038959529522
Has_OMS,1.0578060174928539
NASA_m2_cm3,0.6822975678311305
NASA_m2_g,0.3153076775336006
NAV_cm3_g,0.10194776196092652
