{
  "R2": 0.967322962915316,
  "MAE": 0.06591533111714139,
  "RMSE": 0.015231202478206841,
  "MAPE(%)": 4.5068717906519975
}