temp,lowp,outp,seed,mode,qt_frac,train_ratio,out_root,model,R2,MAE,RMSE,MAPE(%)
293K,0.05,5,2029,lowq,0.1,0.5,./RUN_FULL_EXP,cat,0.967322962915316,0.06591533111714139,0.015231202478206841,4.5068717906519975
