{
  "R2": 0.9819345431690072,
  "MAE": 0.03703930340441965,
  "RMSE": 0.004963287343230077,
  "MAPE(%)": 3.621864950734826
}