Feature,Importance
ASA_m2_g,15.949688156372027
AV_VF,14.56039790536101
cm3_g,12.911758304270577
ASA_m2_cm3,12.527041652312274
PLD,10.40399122123088
AV_cm3_g,8.743901044904815
LCD,8.286960046756338
Has_OMS,6.738610428311461
LFPD,5.983261174889354
NASA_m2_cm3,1.775246429301935
NASA_m2_g,1.4972421021719593
NAV_cm3_g,0.6219015341173574
