{
  "R2": 0.7392898156308612,
  "MAE": 0.47751143102362775,
  "RMSE": 0.4503362501444598,
  "MAPE(%)": 19.317262707278875
}