temp,lowp,outp,seed,mode,qt_frac,train_ratio,out_root,model,R2,MAE,RMSE,MAPE(%)
273K,0.1,1,2027,lowq,0.35,0.5,./RUN_FULL_EXP,cat,0.9898500681471009,0.014538630192759656,0.0006497737783242165,2.646329851610639
