{
  "R2": 0.9898500681471009,
  "MAE": 0.014538630192759656,
  "RMSE": 0.0006497737783242165,
  "MAPE(%)": 2.646329851610639
}