temp,lowp,outp,seed,mode,qt_frac,train_ratio,out_root,model,R2,MAE,RMSE,MAPE(%)
273K,0.01,15,2026,lowq,0.7,0.5,./RUN_FULL_EXP,cat,0.9490765042353468,0.24090232773513084,0.12362055306123229,6.104857095595817
