{
  "R2": 0.9490765042353468,
  "MAE": 0.24090232773513084,
  "RMSE": 0.12362055306123229,
  "MAPE(%)": 6.104857095595817
}