{
  "R2": 0.9905368051180107,
  "MAE": 0.00785130186715034,
  "RMSE": 0.0006383615008564124,
  "MAPE(%)": 2.206566611815947
}