temp,lowp,outp,seed,mode,qt_frac,train_ratio,out_root,model,R2,MAE,RMSE,MAPE(%)
273K,0.01,1,2025,struct_with_input,0.65,0.65,./RUN_FULL_EXP,cat,0.9860906338369202,0.01591763478834866,0.0005839790918260424,2.991937217454232
