{
  "R2": 0.9869563180653478,
  "MAE": 0.015998226645434606,
  "RMSE": 0.0005749893564405553,
  "MAPE(%)": 2.9935264065558127
}