{
  "R2": 0.9570409872214155,
  "MAE": 0.10172698163551327,
  "RMSE": 0.024705233116073578,
  "MAPE(%)": 5.10378051135355
}