{
  "R2": 0.9598065088345923,
  "MAE": 0.2319908193089497,
  "RMSE": 0.11182672987521688,
  "MAPE(%)": 6.278982923506601
}