{
  "R2": 0.9560601767757367,
  "MAE": 0.24045150280833147,
  "RMSE": 0.11421947710825324,
  "MAPE(%)": 6.24308739868327
}