Feature,Importance
0.1,77.50284519352667
ASA_m2_g,4.656526657797295
ASA_m2_cm3,3.602263816976322
AV_VF,3.3168283535190404
AV_cm3_g,2.469545809791541
cm3_g,1.8845760530592033
Has_OMS,1.6102539008719152
LCD,1.4791628343632242
PLD,1.2608654907114039
LFPD,1.199327606250308
NASA_m2_cm3,0.5441970063566071
NASA_m2_g,0.4283010816188081
NAV_cm3_g,0.0453061951576671
