temp,lowp,outp,seed,mode,qt_frac,train_ratio,out_root,model,R2,MAE,RMSE,MAPE(%)
313K,0.1,5,2025,lowq,0.8,0.5,./RUN_FULL_EXP,cat,0.9793613597026163,0.03272095431735602,0.0022183409097760454,2.88643969855249
