{
  "R2": 0.9793613597026163,
  "MAE": 0.03272095431735602,
  "RMSE": 0.0022183409097760454,
  "MAPE(%)": 2.88643969855249
}