{
  "R2": 0.9687834102218515,
  "MAE": 0.058799395910941084,
  "RMSE": 0.008958608454284978,
  "MAPE(%)": 3.9687153581611256
}