temp,lowp,outp,seed,mode,qt_frac,train_ratio,out_root,model,R2,MAE,RMSE,MAPE(%)
293K,0.1,5,2025,lowq,0.5,0.5,./RUN_FULL_EXP,cat,0.9687834102218515,0.058799395910941084,0.008958608454284978,3.9687153581611256
