Feature,Importance
0.1,66.04109943354162
ASA_m2_g,7.173677635427051
ASA_m2_cm3,5.633787388062539
AV_VF,5.40767634166799
AV_cm3_g,3.6893236203434094
LCD,2.272437127634997
Has_OMS,2.185592283001312
PLD,2.1386529778874346
cm3_g,1.9317701142500656
LFPD,1.927145753450077
NASA_m2_cm3,0.9345564575414721
NASA_m2_g,0.5560960953333527
NAV_cm3_g,0.10818477185865655
