temp,lowp,outp,seed,mode,qt_frac,train_ratio,out_root,model,R2,MAE,RMSE,MAPE(%)
273K,0.1,5,2027,lowq,0.5,0.5,./RUN_FULL_EXP,cat,0.9557820808639863,0.1018239461135259,0.024321931885157043,5.112916942141302
