{
  "R2": 0.9557820808639863,
  "MAE": 0.1018239461135259,
  "RMSE": 0.024321931885157043,
  "MAPE(%)": 5.112916942141302
}