Feature,Importance
ASA_m2_g,16.971221679067952
AV_VF,14.84744227819886
cm3_g,14.32692960779326
ASA_m2_cm3,10.913212908337297
PLD,10.407926523512016
LCD,8.770212350919593
AV_cm3_g,8.47875799187597
Has_OMS,6.66557423252523
LFPD,5.571749919905944
NASA_m2_cm3,1.456004451513816
NASA_m2_g,1.0979149467011315
NAV_cm3_g,0.4930531096489196
