{
  "R2": 0.7340588838348414,
  "MAE": 0.5008617684940153,
  "RMSE": 0.5047341008607933,
  "MAPE(%)": 21.565819206843123
}