{
  "R2": 0.20165180483461864,
  "MAE": 0.13957449387815815,
  "RMSE": 0.059032830273496636,
  "MAPE(%)": 53.33077557415405
}