temp,lowp,outp,seed,mode,qt_frac,train_ratio,out_root,model,R2,MAE,RMSE,MAPE(%)
293K,0.5,1,2025,lowq,0.15,0.5,./RUN_FULL_EXP,cat,0.9962316299715224,0.0065199815852989215,0.00015903797554568474,1.7895236947659847
