{
  "R2": 0.9962316299715224,
  "MAE": 0.0065199815852989215,
  "RMSE": 0.00015903797554568474,
  "MAPE(%)": 1.7895236947659847
}