Feature,Importance
0.5,56.458134583229494
ASA_m2_g,11.167355456113654
AV_cm3_g,8.170277973165167
ASA_m2_cm3,6.577728132838274
AV_VF,5.824215725422537
cm3_g,3.2694804835980507
PLD,2.2064144288701577
LCD,1.8803690289492228
LFPD,1.8497358533311454
Has_OMS,1.1719287791702635
NASA_m2_g,0.734010720489529
NASA_m2_cm3,0.6452699970825978
NAV_cm3_g,0.045078837739897834
