{
  "R2": 0.9619385707862068,
  "MAE": 0.15777723112419786,
  "RMSE": 0.04932578291431467,
  "MAPE(%)": 4.89939778560847
}