{
  "R2": 0.9721866206869629,
  "MAE": 0.06248385200541141,
  "RMSE": 0.011965795215686565,
  "MAPE(%)": 4.2013427005628605
}