temp,lowp,outp,seed,mode,qt_frac,train_ratio,out_root,model,R2,MAE,RMSE,MAPE(%)
313K,HENRY,5,2026,lowq,0.45,0.5,./RUN_FULL_EXP,cat,0.9830302721940558,0.0332816394020392,0.0027557696164643886,3.044070203326614
