{
  "R2": 0.9830302721940558,
  "MAE": 0.0332816394020392,
  "RMSE": 0.0027557696164643886,
  "MAPE(%)": 3.044070203326614
}