Feature,Importance
0.1,73.26018720742944
ASA_m2_cm3,5.626273179229758
ASA_m2_g,4.325882547510957
AV_VF,3.873630240253005
cm3_g,2.6152194170747407
AV_cm3_g,2.185704807580792
PLD,1.9108864702886712
Has_OMS,1.8283103117454396
LFPD,1.6646386519360639
LCD,1.565103712205747
NASA_m2_g,0.6005243795179452
NASA_m2_cm3,0.47371930160488485
NAV_cm3_g,0.0699197736225385
