{
  "R2": 0.9736270763663681,
  "MAE": 0.05938248770511553,
  "RMSE": 0.00910433045030671,
  "MAPE(%)": 4.050175311269545
}