{
  "R2": 0.968491129150252,
  "MAE": 0.06371586744165396,
  "RMSE": 0.013319239524525132,
  "MAPE(%)": 4.3961550585401765
}