{
  "R2": 0.9580712214854362,
  "MAE": 0.1730715631982478,
  "RMSE": 0.07368490212781177,
  "MAPE(%)": 5.7580935051826785
}