Feature,Importance
0.01,66.77580523553692
ASA_m2_cm3,6.620228302745333
ASA_m2_g,5.812552426072142
AV_VF,5.291422823319586
AV_cm3_g,2.8476742918441995
PLD,2.7420720328520516
LCD,2.292186471972689
LFPD,2.1002607151487607
cm3_g,2.0089440354462913
Has_OMS,1.9202493208627942
NASA_m2_cm3,0.8758610149551853
NASA_m2_g,0.6427930589492805
NAV_cm3_g,0.06995027029477736
