{
  "R2": 0.9498258631181323,
  "MAE": 0.10120026780550322,
  "RMSE": 0.022380003596755873,
  "MAPE(%)": 5.091935621255739
}