temp,lowp,outp,seed,mode,qt_frac,train_ratio,out_root,model,R2,MAE,RMSE,MAPE(%)
273K,0.01,5,2028,lowq,0.75,0.5,./RUN_FULL_EXP,cat,0.9498258631181323,0.10120026780550322,0.022380003596755873,5.091935621255739
