Feature,Importance
0.01,69.8757542221058
AV_VF,5.278896465007
ASA_m2_cm3,4.700101261192109
ASA_m2_g,3.77891721974269
cm3_g,3.620487567336448
AV_cm3_g,2.8235679271120064
Has_OMS,2.3726599670778357
LCD,2.1384445423365754
PLD,2.03399930764327
LFPD,1.7223012360976446
NASA_m2_g,0.834111285565713
NASA_m2_cm3,0.7279013513874931
NAV_cm3_g,0.09285764739540896
