{
  "R2": 0.9643754702342429,
  "MAE": 0.07309634006359231,
  "RMSE": 0.013843370526241823,
  "MAPE(%)": 5.177852155931461
}