Feature,Importance
0.01,80.94310036529117
ASA_m2_cm3,2.981365843672721
Has_OMS,2.5172000329379687
ASA_m2_g,2.440375195522564
AV_VF,2.410150378415101
LCD,1.6983319411488491
cm3_g,1.5486246866736832
AV_cm3_g,1.4006833073633163
PLD,1.281075680160838
LFPD,1.2185984360875997
NASA_m2_cm3,0.9792060484673761
NASA_m2_g,0.5507822706181984
NAV_cm3_g,0.030505813640619016
