{
  "R2": 0.9855369851727612,
  "MAE": 0.015924652802115087,
  "RMSE": 0.0005992329728628441,
  "MAPE(%)": 2.9278425254490044
}