Feature,Importance
0.5,72.6874798202041
ASA_m2_g,6.140118899504144
ASA_m2_cm3,5.271822781866608
AV_VF,4.094966680890861
AV_cm3_g,2.622721385803353
LCD,1.9085912616963892
cm3_g,1.7778297124457847
PLD,1.6990595936782147
LFPD,1.430155925378576
Has_OMS,1.0924696171340342
NASA_m2_g,0.7018724347735302
NASA_m2_cm3,0.45941166962686425
NAV_cm3_g,0.11350021699752495
