{
  "R2": 0.9723099677072247,
  "MAE": 0.08831717337287691,
  "RMSE": 0.018354720846453423,
  "MAPE(%)": 4.5380512714131145
}