Feature,Importance
0.01,53.276137281697586
ASA_m2_g,15.99568174493137
AV_VF,6.946478093739658
ASA_m2_cm3,5.53923656997253
AV_cm3_g,5.168357993533238
cm3_g,2.9981796806228638
PLD,2.613656520791422
LCD,2.070213310784037
LFPD,1.9475403746664859
Has_OMS,1.5296827683875447
NASA_m2_cm3,0.924774799328703
NASA_m2_g,0.8816511902617932
NAV_cm3_g,0.10840967128276935
