{
  "R2": 0.9586119483760077,
  "MAE": 0.1747549822830808,
  "RMSE": 0.07370417937581854,
  "MAPE(%)": 5.910263237828133
}