Feature,Importance
0.01,70.45806957441873
ASA_m2_cm3,5.804832224928647
ASA_m2_g,4.558089038404022
AV_VF,4.393513370974693
AV_cm3_g,3.0604856901823267
cm3_g,2.4070414086982224
LCD,2.3154957007422787
PLD,1.9004313341460628
LFPD,1.8770222765033153
Has_OMS,1.798177218370645
NASA_m2_g,0.7054993403283979
NASA_m2_cm3,0.6261244728382507
NAV_cm3_g,0.09521834946440601
