temp,lowp,outp,seed,mode,qt_frac,train_ratio,out_root,model,R2,MAE,RMSE,MAPE(%)
293K,0.01,5,2025,lowq,0.75,0.5,./RUN_FULL_EXP,cat,0.967754288815438,0.06000944213949329,0.007319692297001615,4.125430326727892
