{
  "R2": 0.967754288815438,
  "MAE": 0.06000944213949329,
  "RMSE": 0.007319692297001615,
  "MAPE(%)": 4.125430326727892
}