temp,lowp,outp,seed,mode,qt_frac,train_ratio,out_root,model,R2,MAE,RMSE,MAPE(%)
293K,0.05,5,2026,lowq,0.65,0.5,./RUN_FULL_EXP,cat,0.9708743719613574,0.05612484067405528,0.007237907014008515,3.8147726642806323
