{
  "R2": 0.9708743719613574,
  "MAE": 0.05612484067405528,
  "RMSE": 0.007237907014008515,
  "MAPE(%)": 3.8147726642806323
}