temp,lowp,outp,seed,mode,qt_frac,train_ratio,out_root,model,R2,MAE,RMSE,MAPE(%)
293K,0.1,1,2025,lowq,0.6,0.5,./RUN_FULL_EXP,cat,0.992840430183293,0.007464299597795567,0.00013379356376302858,1.9993442559845718
