{
  "R2": 0.992840430183293,
  "MAE": 0.007464299597795567,
  "RMSE": 0.00013379356376302858,
  "MAPE(%)": 1.9993442559845718
}