{
  "R2": 0.968738710805501,
  "MAE": 0.059659289678516456,
  "RMSE": 0.009018401029615547,
  "MAPE(%)": 4.078714700126278
}