{
  "R2": 0.9482063681366621,
  "MAE": 0.24667078652215307,
  "RMSE": 0.13619943413965785,
  "MAPE(%)": 6.417210620627611
}