{
  "R2": 0.9821187032379498,
  "MAE": 0.03985512855653673,
  "RMSE": 0.0033640608399446085,
  "MAPE(%)": 3.7221292828398056
}