Feature,Importance
0.01,84.53081532719406
cm3_g,2.4199186178121193
PLD,2.009175446310633
LFPD,1.8257648732707716
Has_OMS,1.6796765365870792
LCD,1.5176757100264495
AV_VF,1.4374231984382806
ASA_m2_g,1.4187401183331214
AV_cm3_g,1.236703338413038
ASA_m2_cm3,1.0287293020030306
NASA_m2_g,0.4266432193156734
NASA_m2_cm3,0.3849271214580096
NAV_cm3_g,0.08380719083774701
