temp,lowp,outp,seed,mode,qt_frac,train_ratio,out_root,model,R2,MAE,RMSE,MAPE(%)
313K,0.01,1,2025,lowq,0.35,0.5,./RUN_FULL_EXP,cat,0.9917995522515684,0.007058460352953488,0.00010041087889419376,2.8585684933226863
