{
  "R2": 0.9917995522515684,
  "MAE": 0.007058460352953488,
  "RMSE": 0.00010041087889419376,
  "MAPE(%)": 2.8585684933226863
}