{
  "R2": 0.9478047857281796,
  "MAE": 0.2387123080392148,
  "RMSE": 0.1295240496411786,
  "MAPE(%)": 6.025948278949175
}