Feature,Importance
HENRY,85.97890389769105
cm3_g,2.057360031211931
Has_OMS,1.6427366116732098
AV_cm3_g,1.4660395483794566
ASA_m2_g,1.3818559644396937
LFPD,1.3673642980214982
LCD,1.2845034601056522
AV_VF,1.2048372535366847
PLD,1.1694967377635261
ASA_m2_cm3,0.941475310179002
NASA_m2_cm3,0.7432874105894003
NASA_m2_g,0.6597692392153035
NAV_cm3_g,0.10237023719358698
