{
  "R2": 0.9949660487728145,
  "MAE": 0.0038530791283590657,
  "RMSE": 3.7894058644788075e-05,
  "MAPE(%)": 1.4472848361972026
}