Feature,Importance
0.05,56.16228403037466
ASA_m2_g,13.385903858483761
ASA_m2_cm3,6.8906134123219225
AV_VF,5.3555533959123345
AV_cm3_g,4.213842831817148
cm3_g,3.8891116851914203
PLD,2.4733718828145332
LCD,2.2799684559019195
LFPD,2.0582286687887152
Has_OMS,1.7512555216468166
NASA_m2_cm3,0.8633938248914357
NASA_m2_g,0.5864522603876374
NAV_cm3_g,0.09002017146768829
