{
  "R2": 0.9578955122331352,
  "MAE": 0.17078955433171886,
  "RMSE": 0.059932219898594236,
  "MAPE(%)": 5.418692685994745
}