temp,lowp,outp,seed,mode,qt_frac,train_ratio,out_root,model,R2,MAE,RMSE,MAPE(%)
293K,0.05,15,2029,lowq,0.6,0.5,./RUN_FULL_EXP,cat,0.9578955122331352,0.17078955433171886,0.059932219898594236,5.418692685994745
