{
  "R2": 0.9636827913377037,
  "MAE": 0.1063050585273532,
  "RMSE": 0.03060086116062438,
  "MAPE(%)": 5.783659845740106
}