temp,lowp,outp,seed,mode,qt_frac,train_ratio,out_root,model,R2,MAE,RMSE,MAPE(%)
273K,HENRY,15,2025,lowq,0.5,0.5,./RUN_FULL_EXP,cat,0.9553395625038068,0.23942531302069373,0.11627331308147772,6.254407054265257
