{
  "R2": 0.9553395625038068,
  "MAE": 0.23942531302069373,
  "RMSE": 0.11627331308147772,
  "MAPE(%)": 6.254407054265257
}