temp,lowp,outp,seed,mode,qt_frac,train_ratio,out_root,model,R2,MAE,RMSE,MAPE(%)
273K,0.01,1,2027,struct_with_input,0.2,0.4,./RUN_FULL_EXP,cat,0.9794923036866494,0.01976349125441672,0.0017194457241926097,3.5479873585068677
