{
  "R2": 0.9822533220801883,
  "MAE": 0.019471206643455984,
  "RMSE": 0.0014175022317158914,
  "MAPE(%)": 3.621478837295563
}