Feature,Importance
0.1,61.767761667257844
ASA_m2_g,12.932195995803363
ASA_m2_cm3,5.604499860684059
AV_VF,4.828541724746549
AV_cm3_g,4.076376362640974
cm3_g,2.891224792790267
LCD,1.988996644865628
LFPD,1.933856271672012
PLD,1.6459545729397518
Has_OMS,1.2060584307799647
NASA_m2_cm3,0.58195260848505
NASA_m2_g,0.4575719178773658
NAV_cm3_g,0.08500914945715296
