{
  "R2": 0.9723417042985558,
  "MAE": 0.11128714534014068,
  "RMSE": 0.02838546325200382,
  "MAPE(%)": 4.579328090076448
}