Feature,Importance
0.01,72.98202502735703
ASA_m2_cm3,4.6773725398097525
AV_VF,4.293756636267244
AV_cm3_g,4.0537153705168825
ASA_m2_g,3.5643642794574686
Has_OMS,1.9514529642245166
LFPD,1.8881783790707602
LCD,1.824594761829583
PLD,1.8131094376950967
cm3_g,1.7760579485815082
NASA_m2_cm3,0.5814762518601154
NASA_m2_g,0.5481538093366465
NAV_cm3_g,0.045742593993400804
