{
  "R2": 0.9729248419088828,
  "MAE": 0.06350635434500361,
  "RMSE": 0.010493843248294676,
  "MAPE(%)": 4.549462907029532
}