{
  "R2": 0.9740890899099404,
  "MAE": 0.06025107326281157,
  "RMSE": 0.011231685423480828,
  "MAPE(%)": 4.190656313022048
}