Feature,Importance
0.1,85.60591763099731
cm3_g,2.1577502921688927
Has_OMS,2.1213339397559934
AV_cm3_g,1.684321339586767
ASA_m2_g,1.347795613134353
LFPD,1.2501936099084938
AV_VF,1.2229254970714063
PLD,1.0990180543223191
LCD,1.082712544676191
ASA_m2_cm3,1.037770754936964
NASA_m2_g,0.6658170254750866
NASA_m2_cm3,0.6538948588412213
NAV_cm3_g,0.07054883912500051
