temp,lowp,outp,seed,mode,qt_frac,train_ratio,out_root,model,R2,MAE,RMSE,MAPE(%)
293K,0.1,1,2027,lowq,0.15,0.5,./RUN_FULL_EXP,cat,0.9909772298060404,0.008818153773743696,0.0003690098821223232,2.256457563638366
