{
  "R2": 0.9909772298060404,
  "MAE": 0.008818153773743696,
  "RMSE": 0.0003690098821223232,
  "MAPE(%)": 2.256457563638366
}