temp,lowp,outp,seed,mode,qt_frac,train_ratio,out_root,model,R2,MAE,RMSE,MAPE(%)
313K,0.01,5,2026,lowq,0.5,0.5,./RUN_FULL_EXP,cat,0.977331564505212,0.04047421088044057,0.003435293968144684,3.742498598904765
