{
  "R2": 0.977331564505212,
  "MAE": 0.04047421088044057,
  "RMSE": 0.003435293968144684,
  "MAPE(%)": 3.742498598904765
}