Feature,Importance
HENRY,64.07240092540489
ASA_m2_g,10.239667569953369
ASA_m2_cm3,5.812823529183048
AV_VF,4.86939009105687
AV_cm3_g,3.9164329285401025
cm3_g,2.8384588467066063
LCD,2.184514047098252
PLD,1.9197522062027321
LFPD,1.5277214923132612
Has_OMS,1.105986282506368
NASA_m2_g,0.7528260280882898
NASA_m2_cm3,0.6658944700841553
NAV_cm3_g,0.09413158286204246
