{
  "R2": 0.9677667133677516,
  "MAE": 0.1100180049043712,
  "RMSE": 0.02532826534918889,
  "MAPE(%)": 4.366076003625763
}