{
  "R2": 0.9713848565935543,
  "MAE": 0.05908115665493546,
  "RMSE": 0.00903953315299146,
  "MAPE(%)": 4.094782636921465
}