{
  "R2": 0.4318849320830357,
  "MAE": 0.11745832074208239,
  "RMSE": 0.03786809010337594,
  "MAPE(%)": 46.76885541355398
}