temp,lowp,outp,seed,mode,qt_frac,train_ratio,out_root,model,R2,MAE,RMSE,MAPE(%)
293K,0.01,1,2027,struct,0.0,0.65,./RUN_FULL_EXP,cat,0.4318849320830357,0.11745832074208239,0.03786809010337594,46.76885541355398
