Feature,Importance
0.01,82.86357913038029
Has_OMS,2.4171887811832438
ASA_m2_g,2.2028941506393203
LCD,2.1782795961075068
AV_cm3_g,1.8798391557123668
cm3_g,1.6372752951216296
AV_VF,1.6128295513229858
LFPD,1.5260106505039697
PLD,1.1579069598307303
ASA_m2_cm3,1.0424175595686027
NASA_m2_cm3,0.9083420446356745
NASA_m2_g,0.500728266751841
NAV_cm3_g,0.07270885824184581
