{
  "R2": 0.9909177202883682,
  "MAE": 0.010297236584998395,
  "RMSE": 0.0002806550064264833,
  "MAPE(%)": 2.9785641160341125
}