Feature,Importance
0.5,90.89511537502993
cm3_g,1.4834370151776768
Has_OMS,1.1405718465449448
PLD,1.0475691650797518
LFPD,0.9440594130716672
AV_cm3_g,0.9380506410932254
ASA_m2_cm3,0.7821732219424844
LCD,0.7661996584869426
AV_VF,0.7395804961805109
ASA_m2_g,0.6910745545599042
NASA_m2_g,0.29144928949186455
NASA_m2_cm3,0.23142254368925
NAV_cm3_g,0.049296779651851697
