{
  "R2": 0.9976451186113986,
  "MAE": 0.003677738101956103,
  "RMSE": 2.722957822847785e-05,
  "MAPE(%)": 1.4722697028554383
}