Feature,Importance
0.1,87.73608924210929
cm3_g,2.042804983543587
AV_cm3_g,1.4993583150294698
LCD,1.464939660309455
AV_VF,1.4605955191419218
Has_OMS,1.1448149007359134
ASA_m2_g,1.0574564044665626
ASA_m2_cm3,0.9538331478588989
PLD,0.854583591955476
LFPD,0.614468828483875
NASA_m2_g,0.5369530446609717
NASA_m2_cm3,0.5297561245602477
NAV_cm3_g,0.10434623714438478
