{
  "R2": 0.9939293049336999,
  "MAE": 0.00777816775846823,
  "RMSE": 0.00016069031965617507,
  "MAPE(%)": 2.1154201712416265
}