Feature,Importance
0.01,78.04877088892702
ASA_m2_cm3,3.6847141779199024
ASA_m2_g,3.061863135901424
Has_OMS,2.650231537327513
LCD,2.017732869816985
AV_VF,2.0026462660780187
AV_cm3_g,1.8085284130935426
cm3_g,1.7346252357144933
PLD,1.659643219078051
LFPD,1.1985052639157852
NASA_m2_g,1.1758656263510685
NASA_m2_cm3,0.8355416347479984
NAV_cm3_g,0.12133173112820558
