{
  "R2": 0.9822523698524026,
  "MAE": 0.020031305951980095,
  "RMSE": 0.0014394162554625658,
  "MAPE(%)": 3.645196077307141
}