Feature,Importance
0.01,83.8325413177842
AV_VF,2.603873043941015
ASA_m2_g,2.3428574157999327
PLD,2.0897725733364045
ASA_m2_cm3,1.6899504555608018
LCD,1.665601708445061
LFPD,1.2845952635052043
AV_cm3_g,1.212232271257052
Has_OMS,1.1840213276222822
cm3_g,1.0179931180908965
NASA_m2_cm3,0.627605569849986
NASA_m2_g,0.39233961993316235
NAV_cm3_g,0.05661631487399775
