{
  "R2": 0.9585139679500526,
  "MAE": 0.024285571244633854,
  "RMSE": 0.006320250027932094,
  "MAPE(%)": 3.787048721757999
}