Feature,Importance
0.1,59.71650231338465
ASA_m2_g,12.568194585683107
ASA_m2_cm3,5.971286762144634
AV_cm3_g,5.678379483439742
AV_VF,4.362832126408652
cm3_g,2.9659298555834126
PLD,2.1495770530850025
LCD,2.112550235616199
LFPD,1.969535859121717
Has_OMS,1.1776795605053674
NASA_m2_cm3,0.7486995609468619
NASA_m2_g,0.4660760250196571
NAV_cm3_g,0.11275657906097822
