{
  "R2": 0.9641899026869123,
  "MAE": 0.11177975321248522,
  "RMSE": 0.04135478961151766,
  "MAPE(%)": 4.721253057625155
}