Feature,Importance
0.01,86.2095324352516
cm3_g,1.8777690238764255
AV_cm3_g,1.7961565202409173
LFPD,1.602415935378483
LCD,1.57104267378576
AV_VF,1.4143727341890437
ASA_m2_cm3,1.2980918806667072
Has_OMS,1.1628094609961497
PLD,1.1233153857791196
ASA_m2_g,1.080704985389948
NASA_m2_cm3,0.47417286609429954
NASA_m2_g,0.37441450877464844
NAV_cm3_g,0.015201589576901178
