{
  "R2": 0.9880538537544564,
  "MAE": 0.009208882532757342,
  "RMSE": 0.00017988428804000743,
  "MAPE(%)": 2.544329963426233
}