Feature,Importance
0.1,60.208312760358304
ASA_m2_g,13.028549901385746
ASA_m2_cm3,5.10838961486292
AV_cm3_g,4.856239623864617
cm3_g,4.518065064928986
AV_VF,4.484908492585253
LCD,1.7947600656097897
PLD,1.7810494165934865
LFPD,1.6415728646004606
Has_OMS,1.2263988574986242
NASA_m2_cm3,0.8559857194960947
NASA_m2_g,0.4381655548741019
NAV_cm3_g,0.05760206334165421
