{
  "R2": 0.9756640276241165,
  "MAE": 0.10975224056419787,
  "RMSE": 0.028433426914529866,
  "MAPE(%)": 4.657334125125063
}