Feature,Importance
PLD,14.274693422180984
cm3_g,13.99501316509018
ASA_m2_cm3,12.767749429565376
AV_VF,11.934890789305461
AV_cm3_g,9.604330435156795
LFPD,9.464274169673589
LCD,9.365988409063384
ASA_m2_g,9.199527630410604
Has_OMS,7.294627782927538
NASA_m2_g,1.144813002845932
NASA_m2_cm3,0.8620967891571973
NAV_cm3_g,0.0919949746229747
