{
  "R2": 0.3297401261767612,
  "MAE": 0.4161719302286442,
  "RMSE": 0.33112004566406483,
  "MAPE(%)": 42.687208650320876
}