Feature,Importance
0.5,75.48246634283944
ASA_m2_g,5.313983730047503
ASA_m2_cm3,4.7508495801153625
AV_VF,3.6407717224275387
AV_cm3_g,2.417705350554534
LFPD,1.502777479701114
LCD,1.4835807141241497
cm3_g,1.4678698448794132
Has_OMS,1.4462473387430619
PLD,1.4063588860613259
NASA_m2_cm3,0.5363164646069586
NASA_m2_g,0.4973261198311117
NAV_cm3_g,0.053746426068453125
