temp,lowp,outp,seed,mode,qt_frac,train_ratio,out_root,model,R2,MAE,RMSE,MAPE(%)
293K,0.5,5,2025,lowq,0.65,0.5,./RUN_FULL_EXP,cat,0.9765775982831117,0.04992327548377799,0.005611299141911633,3.3767471766503223
