{
  "R2": 0.9765775982831117,
  "MAE": 0.04992327548377799,
  "RMSE": 0.005611299141911633,
  "MAPE(%)": 3.3767471766503223
}