{
  "R2": 0.9899858316125608,
  "MAE": 0.01002066918517949,
  "RMSE": 0.00023364220776006002,
  "MAPE(%)": 2.8159343480787538
}