Feature,Importance
0.5,76.35334155462621
ASA_m2_g,5.337976535613006
ASA_m2_cm3,4.820956649583797
AV_cm3_g,2.913183751031627
AV_VF,2.1733419715804185
LCD,1.8585478667064317
cm3_g,1.6808812049480117
PLD,1.5526531927117981
Has_OMS,1.1986872620633886
LFPD,1.0494063800790712
NASA_m2_g,0.6085948138231099
NASA_m2_cm3,0.3703772317765939
NAV_cm3_g,0.08205158545652266
