{
  "R2": 0.9796300718015223,
  "MAE": 0.05137682829513667,
  "RMSE": 0.0063262306739382285,
  "MAPE(%)": 3.5408884998133017
}