{
  "R2": 0.9585190524383541,
  "MAE": 0.2344460751995586,
  "RMSE": 0.11578741258730645,
  "MAPE(%)": 6.306532940081184
}