temp,lowp,outp,seed,mode,qt_frac,train_ratio,out_root,model,R2,MAE,RMSE,MAPE(%)
273K,HENRY,15,2026,lowq,0.25,0.5,./RUN_FULL_EXP,cat,0.9585190524383541,0.2344460751995586,0.11578741258730645,6.306532940081184
