Feature,Importance
0.01,82.64139644351668
ASA_m2_g,2.3132006948817745
AV_cm3_g,2.125592717946428
AV_VF,1.9222751321216347
cm3_g,1.8796154802424423
ASA_m2_cm3,1.7534448058377545
LCD,1.6414112531071112
PLD,1.6284060479677205
Has_OMS,1.4063853015027927
LFPD,1.1223286550232836
NASA_m2_g,0.9416368443909616
NASA_m2_cm3,0.5502062956216023
NAV_cm3_g,0.07410032783977206
