temp,lowp,outp,seed,mode,qt_frac,train_ratio,out_root,model,R2,MAE,RMSE,MAPE(%)
273K,0.01,1,2026,struct_with_input,0.38,0.75,./RUN_FULL_EXP,cat,0.9868979036193457,0.016892888307363033,0.0008029699007180224,3.124619135617256
