{
  "R2": 0.9866678777103672,
  "MAE": 0.01642448276916492,
  "RMSE": 0.0008045216231323291,
  "MAPE(%)": 3.057786846751295
}