{
  "R2": 0.9868979036193457,
  "MAE": 0.016892888307363033,
  "RMSE": 0.0008029699007180224,
  "MAPE(%)": 3.124619135617256
}