{
  "R2": 0.7801636640792847,
  "MAE": 0.16324601446539103,
  "RMSE": 0.05345680109886938,
  "MAPE(%)": 12.643013054884564
}