Feature,Importance
0.1,72.00452946634981
AV_VF,5.113035393689227
ASA_m2_cm3,4.554092428454798
ASA_m2_g,4.4034709413914
AV_cm3_g,2.84485234122271
LFPD,2.1624864420213123
PLD,2.103456027687059
cm3_g,1.9014291244761314
Has_OMS,1.75984540908185
LCD,1.613311031691819
NASA_m2_cm3,0.8733550590369356
NASA_m2_g,0.6182284479729837
NAV_cm3_g,0.04790788692399492
