{
  "R2": 0.9718849084552575,
  "MAE": 0.05716003987200612,
  "RMSE": 0.008431633617346323,
  "MAPE(%)": 3.894854041660473
}