temp,lowp,outp,seed,mode,qt_frac,train_ratio,out_root,model,R2,MAE,RMSE,MAPE(%)
313K,0.05,1,2026,lowq,0.25,0.5,./RUN_FULL_EXP,cat,0.9932398359946907,0.005273171649208436,9.800599109579022e-05,2.104918878440824
