{
  "R2": 0.9932398359946907,
  "MAE": 0.005273171649208436,
  "RMSE": 9.800599109579022e-05,
  "MAPE(%)": 2.104918878440824
}