Feature,Importance
0.01,72.61757860668898
ASA_m2_cm3,5.259148753918791
AV_VF,4.649441244249257
ASA_m2_g,4.61455648132063
cm3_g,2.4909793537041898
AV_cm3_g,2.4908808215050917
LCD,1.8801733604181188
LFPD,1.7966228972023035
Has_OMS,1.679290951202009
PLD,1.485832361076078
NASA_m2_g,0.519334799138179
NASA_m2_cm3,0.39027907492864183
NAV_cm3_g,0.12588129464772513
