{
  "R2": 0.9676234431811643,
  "MAE": 0.06842051551106075,
  "RMSE": 0.013715289543874467,
  "MAPE(%)": 4.828109589272838
}