Feature,Importance
0.01,77.51785466608641
ASA_m2_g,4.422629886854802
ASA_m2_cm3,3.4859197035934266
AV_cm3_g,3.3729045149698433
cm3_g,2.2657524013549457
AV_VF,1.979921982537376
LCD,1.6344608711964266
LFPD,1.3880932088519882
PLD,1.3344669914834864
Has_OMS,1.0893375203203466
NASA_m2_g,0.8698048384641296
NASA_m2_cm3,0.5546403629915978
NAV_cm3_g,0.08421305129523962
