{
  "R2": 0.9809813567391532,
  "MAE": 0.04070982795760676,
  "RMSE": 0.004047776802936775,
  "MAPE(%)": 3.8177476387468907
}