Feature,Importance
0.5,75.60646295178833
ASA_m2_g,4.766578946342868
ASA_m2_cm3,4.517756071177313
AV_cm3_g,3.1779767620186337
AV_VF,2.712302613099662
cm3_g,2.0120965014549204
LCD,1.550218874239009
LFPD,1.4215617425631892
PLD,1.401461607170801
Has_OMS,1.2860490124499304
NASA_m2_cm3,0.9330485776752705
NASA_m2_g,0.5472954900091693
NAV_cm3_g,0.06719085001090354
