{
  "R2": 0.9787080437353526,
  "MAE": 0.051483036791808524,
  "RMSE": 0.0063173637006695114,
  "MAPE(%)": 3.4777115650851007
}