temp,lowp,outp,seed,mode,qt_frac,train_ratio,out_root,model,R2,MAE,RMSE,MAPE(%)
293K,0.5,5,2027,lowq,0.45,0.5,./RUN_FULL_EXP,cat,0.9787080437353526,0.051483036791808524,0.0063173637006695114,3.4777115650851007
