Feature,Importance
0.5,74.75638963692327
ASA_m2_cm3,5.581534143546871
ASA_m2_g,5.10559694160181
AV_cm3_g,3.2340701736330666
AV_VF,3.002032552091431
LCD,1.6939315580529954
LFPD,1.531926906635116
cm3_g,1.423723521066436
PLD,1.3755199580525446
Has_OMS,1.140013689659635
NASA_m2_cm3,0.6010763446624794
NASA_m2_g,0.46496542758163373
NAV_cm3_g,0.08921914649267519
