{
  "R2": 0.9793445396076186,
  "MAE": 0.05343618996736161,
  "RMSE": 0.007999990037663569,
  "MAPE(%)": 3.747777551196224
}