{
  "R2": 0.4663223631249104,
  "MAE": 0.11628290646282766,
  "RMSE": 0.03972855754638772,
  "MAPE(%)": 48.607801431390634
}