{
  "R2": -47.960196604840064,
  "MAE": 0.12992794423421888,
  "RMSE": 7.233331212889474,
  "MAPE(%)": 33.55123105886827
}