{
  "R2": 0.9501641221922426,
  "MAE": 0.02534321620117278,
  "RMSE": 0.007839926207630682,
  "MAPE(%)": 4.245788045546976
}