Feature,Importance
HENRY,81.33190064428696
ASA_m2_g,2.9696972500997436
AV_VF,2.108963046630577
cm3_g,1.8599862688047624
LCD,1.7875565336763428
LFPD,1.7838470998627558
ASA_m2_cm3,1.7617658145812618
PLD,1.6697405962568552
AV_cm3_g,1.5594541719613826
Has_OMS,1.4766549446495154
NASA_m2_cm3,0.8428525043956014
NASA_m2_g,0.7552437322774771
NAV_cm3_g,0.0923373925167436
