{
  "R2": 0.9808201226010529,
  "MAE": 0.01796892027843024,
  "RMSE": 0.0019741303076359633,
  "MAPE(%)": 3.299219699296267
}