Feature,Importance
0.5,62.96047389771185
ASA_m2_g,10.43437046083767
ASA_m2_cm3,5.750820576644211
AV_cm3_g,5.737316103308209
AV_VF,4.924077670610373
cm3_g,2.8200986884869996
PLD,1.847326573572047
LFPD,1.6862039255549832
LCD,1.6461028363262054
Has_OMS,1.1497131382161565
NASA_m2_g,0.5047648521169233
NASA_m2_cm3,0.4516920558065222
NAV_cm3_g,0.08703922080787259
