temp,lowp,outp,seed,mode,qt_frac,train_ratio,out_root,model,R2,MAE,RMSE,MAPE(%)
313K,0.5,15,2026,lowq,0.05,0.5,./RUN_FULL_EXP,cat,0.9776288415715582,0.10609263168002339,0.026984795405958453,4.585511235811796
