{
  "R2": 0.9776288415715582,
  "MAE": 0.10609263168002339,
  "RMSE": 0.026984795405958453,
  "MAPE(%)": 4.585511235811796
}