{
  "R2": 0.43389945740599123,
  "MAE": 0.11915350784937807,
  "RMSE": 0.04437697117528519,
  "MAPE(%)": 42.01664478618055
}