{
  "R2": 0.9742287518299302,
  "MAE": 0.02263340861386693,
  "RMSE": 0.003557897972516925,
  "MAPE(%)": 4.126968693765659
}