{
  "R2": 0.9700992393463899,
  "MAE": 0.11946459691019622,
  "RMSE": 0.02909779082403341,
  "MAPE(%)": 4.933755348885305
}