{
  "R2": 0.9782901182422299,
  "MAE": 0.05122407333079207,
  "RMSE": 0.006933245106730625,
  "MAPE(%)": 3.5110707392655907
}