Feature,Importance
Has_OMS,15.820206650107119
PLD,15.543804603171193
cm3_g,12.977106641674359
AV_VF,10.660884469341061
LCD,10.02875422009809
ASA_m2_cm3,9.128735227173225
AV_cm3_g,8.890853881584738
LFPD,8.005422961341742
ASA_m2_g,6.122050791254443
NASA_m2_cm3,1.3683331554510154
NASA_m2_g,1.2399343399517528
NAV_cm3_g,0.21391305885125156
