{
  "R2": 0.4022163529502869,
  "MAE": 0.12306310365755245,
  "RMSE": 0.04285136314079354,
  "MAPE(%)": 47.182531233708694
}