{
  "R2": 0.9902031042285809,
  "MAE": 0.01043553736902212,
  "RMSE": 0.00028265590785626476,
  "MAPE(%)": 2.923226159234725
}