temp,lowp,outp,seed,mode,qt_frac,train_ratio,out_root,model,R2,MAE,RMSE,MAPE(%)
293K,0.01,1,2029,lowq,0.3,0.5,./RUN_FULL_EXP,cat,0.9902031042285809,0.01043553736902212,0.00028265590785626476,2.923226159234725
