{
  "R2": 0.9533174978934353,
  "MAE": 0.23031686686756847,
  "RMSE": 0.10741948227381481,
  "MAPE(%)": 5.6047996834932645
}