Feature,Importance
0.5,81.19997586394597
ASA_m2_g,3.515962396539088
AV_VF,2.7490711380626656
AV_cm3_g,2.7229718501556883
Has_OMS,1.8869916869183447
ASA_m2_cm3,1.723895095509592
cm3_g,1.5236536565167231
LFPD,1.332865033557453
LCD,1.2996594412976752
PLD,1.0425403260083554
NASA_m2_cm3,0.6661141250403788
NASA_m2_g,0.22907199521284424
NAV_cm3_g,0.10722739123524361
