temp,lowp,outp,seed,mode,qt_frac,train_ratio,out_root,model,R2,MAE,RMSE,MAPE(%)
313K,0.5,5,2029,lowq,0.55,0.5,./RUN_FULL_EXP,cat,0.9852178256504256,0.030506740543905533,0.002076808940282873,2.780634551408684
