{
  "R2": 0.9852178256504256,
  "MAE": 0.030506740543905533,
  "RMSE": 0.002076808940282873,
  "MAPE(%)": 2.780634551408684
}