temp,lowp,outp,seed,mode,qt_frac,train_ratio,out_root,model,R2,MAE,RMSE,MAPE(%)
313K,0.01,5,2027,lowq,0.25,0.5,./RUN_FULL_EXP,cat,0.9792023466609729,0.04029320411435196,0.004187389817622787,3.798393879402062
