{
  "R2": 0.9792023466609729,
  "MAE": 0.04029320411435196,
  "RMSE": 0.004187389817622787,
  "MAPE(%)": 3.798393879402062
}