{
  "R2": 0.9735556916229303,
  "MAE": 0.09043392479346311,
  "RMSE": 0.020336357426187942,
  "MAPE(%)": 4.646342699927201
}