temp,lowp,outp,seed,mode,qt_frac,train_ratio,out_root,model,R2,MAE,RMSE,MAPE(%)
273K,0.5,5,2027,lowq,0.1,0.5,./RUN_FULL_EXP,cat,0.9735556916229303,0.09043392479346311,0.020336357426187942,4.646342699927201
