Feature,Importance
0.05,57.51202764792943
ASA_m2_g,12.104126802350654
AV_VF,7.375646619394155
ASA_m2_cm3,5.540256880671789
AV_cm3_g,5.3908289367850175
PLD,2.616615741394895
cm3_g,2.3312390988726532
LFPD,2.247334209474428
LCD,2.123178959128924
Has_OMS,1.2811952513410008
NASA_m2_cm3,0.8844471355067723
NASA_m2_g,0.5241258594586979
NAV_cm3_g,0.06897685769157165
