{
  "R2": 0.9515809553081659,
  "MAE": 0.16447596730930286,
  "RMSE": 0.0680142338829798,
  "MAPE(%)": 5.05396309329273
}