Feature,Importance
0.5,81.20017855334116
AV_VF,3.0963615747119837
AV_cm3_g,2.96213004243586
ASA_m2_g,2.893393513115615
ASA_m2_cm3,2.473496118810081
cm3_g,1.6482625046225505
Has_OMS,1.2188617335399938
PLD,1.1528564646375317
LFPD,1.073578603196728
LCD,1.0724815429415917
NASA_m2_g,0.5967991154388851
NASA_m2_cm3,0.48286085737497825
NAV_cm3_g,0.12873937583303247
