{
  "R2": 0.9846380746297397,
  "MAE": 0.0322243489587383,
  "RMSE": 0.0032323524369128995,
  "MAPE(%)": 2.97348887067523
}