Feature,Importance
0.1,83.76808866799865
AV_cm3_g,2.557996352852988
cm3_g,1.9295383767030974
ASA_m2_cm3,1.8746753808916514
Has_OMS,1.7280437238966975
ASA_m2_g,1.669215430759279
LFPD,1.3757329836354817
AV_VF,1.3559788218046822
LCD,1.147549066122988
PLD,1.0557583986053902
NASA_m2_cm3,0.8224557160537375
NASA_m2_g,0.6103558237722085
NAV_cm3_g,0.10461125690312228
