{
  "R2": 0.9850093934669956,
  "MAE": 0.01601833789378768,
  "RMSE": 0.001151662426040261,
  "MAPE(%)": 2.7953035417340426
}