temp,lowp,outp,seed,mode,qt_frac,train_ratio,out_root,model,R2,MAE,RMSE,MAPE(%)
273K,0.1,1,2029,lowq,0.25,0.5,./RUN_FULL_EXP,cat,0.9850093934669956,0.01601833789378768,0.001151662426040261,2.7953035417340426
