temp,lowp,outp,seed,mode,qt_frac,train_ratio,out_root,model,R2,MAE,RMSE,MAPE(%)
273K,0.01,1,2025,struct_with_input,0.2,0.4,./RUN_FULL_EXP,cat,0.9848971577242188,0.019254366569481617,0.001230807198421648,3.5703582482110163
