Feature,Importance
PLD,18.693423101659707
Has_OMS,14.375609635295863
cm3_g,13.209778939296836
AV_VF,9.803177190956555
ASA_m2_cm3,8.979040741967285
AV_cm3_g,8.500558110439925
LFPD,8.231325432619412
ASA_m2_g,7.7985715944392755
LCD,7.120107317311327
NASA_m2_cm3,1.7473782699134586
NASA_m2_g,1.092384701077489
NAV_cm3_g,0.4486449650228519
