{
  "R2": 0.3324345955871183,
  "MAE": 0.4131342835837176,
  "RMSE": 0.3271755078444333,
  "MAPE(%)": 42.79144879896796
}