temp,lowp,outp,seed,mode,qt_frac,train_ratio,out_root,model,R2,MAE,RMSE,MAPE(%)
293K,0.01,5,2028,struct,0.0,0.05,./RUN_FULL_EXP,cat,0.3324345955871183,0.4131342835837176,0.3271755078444333,42.79144879896796
