Feature,Importance
0.5,91.57809949177532
AV_cm3_g,1.1370116762132716
cm3_g,1.0899774925441887
PLD,1.0202782062459794
Has_OMS,0.9665131424232457
ASA_m2_g,0.8585723404685682
ASA_m2_cm3,0.7338235040407586
LCD,0.6782760001603446
AV_VF,0.5804254664902889
LFPD,0.5490352222239607
NASA_m2_g,0.47609163984268793
NASA_m2_cm3,0.2489131251909902
NAV_cm3_g,0.08298269238040255
