{
  "R2": 0.9960405731995408,
  "MAE": 0.004080628859500231,
  "RMSE": 8.258207785916985e-05,
  "MAPE(%)": 1.58591736264807
}