temp,lowp,outp,seed,mode,qt_frac,train_ratio,out_root,model,R2,MAE,RMSE,MAPE(%)
313K,0.5,1,2027,lowq,0.15,0.5,./RUN_FULL_EXP,cat,0.9960405731995408,0.004080628859500231,8.258207785916985e-05,1.58591736264807
