Feature,Importance
0.05,57.041034554492036
ASA_m2_g,12.657314642373468
ASA_m2_cm3,6.160908328919949
AV_VF,5.803261462774446
cm3_g,4.556076899368409
AV_cm3_g,4.319520012993807
PLD,2.4843916874099974
LFPD,2.2164340284886714
LCD,2.1843919433519856
Has_OMS,1.3156119011700194
NASA_m2_cm3,0.6858628269226544
NASA_m2_g,0.49120135621128835
NAV_cm3_g,0.08399035552326252
