{
  "R2": 0.9594212914603794,
  "MAE": 0.16583436506054486,
  "RMSE": 0.06606694358103579,
  "MAPE(%)": 5.524995155821667
}