Feature,Importance
0.5,66.52664467163545
ASA_m2_g,7.1071724011972375
AV_cm3_g,6.14886731255635
AV_VF,5.952397983804329
ASA_m2_cm3,5.250360436413038
PLD,1.9739097029042145
cm3_g,1.9710168781556083
LCD,1.5588360280901796
LFPD,1.5164346283239367
Has_OMS,1.065201362356375
NASA_m2_cm3,0.4859043050724422
NASA_m2_g,0.3845991297000695
NAV_cm3_g,0.05865515979077594
