temp,lowp,outp,seed,mode,qt_frac,train_ratio,out_root,model,R2,MAE,RMSE,MAPE(%)
313K,0.5,15,2028,lowq,0.7,0.5,./RUN_FULL_EXP,cat,0.970172079426203,0.10663607874527256,0.023123232810712487,4.242234549275004
