{
  "R2": 0.970172079426203,
  "MAE": 0.10663607874527256,
  "RMSE": 0.023123232810712487,
  "MAPE(%)": 4.242234549275004
}