Feature,Importance
0.1,52.36965792829677
ASA_m2_g,12.41311900678861
AV_VF,7.569560757921483
AV_cm3_g,7.503779857211627
ASA_m2_cm3,6.274830284263507
cm3_g,3.335267873673325
PLD,3.0578305658583584
LFPD,2.180796249194977
LCD,1.9472940470944868
Has_OMS,1.6607417701474414
NASA_m2_g,0.9163253039936602
NASA_m2_cm3,0.6649518459737436
NAV_cm3_g,0.10584450958202221
