{
  "R2": 0.9554018767405632,
  "MAE": 0.23811092159757735,
  "RMSE": 0.11540622969578553,
  "MAPE(%)": 6.187418176592099
}