temp,lowp,outp,seed,mode,qt_frac,train_ratio,out_root,model,R2,MAE,RMSE,MAPE(%)
273K,0.1,15,2028,lowq,0.45,0.5,./RUN_FULL_EXP,cat,0.9554018767405632,0.23811092159757735,0.11540622969578553,6.187418176592099
