Feature,Importance
ASA_m2_g,15.615874986986055
cm3_g,14.896932095169952
AV_VF,14.432987113159063
ASA_m2_cm3,12.365332212398814
PLD,10.414861907603607
LCD,8.207263188847147
Has_OMS,7.329885790482953
AV_cm3_g,7.098334905381597
LFPD,6.569673011561888
NASA_m2_g,1.359907974261097
NASA_m2_cm3,1.3056912091957191
NAV_cm3_g,0.4032556049521216
