{
  "R2": 0.7390767435867382,
  "MAE": 0.4949348174674886,
  "RMSE": 0.5118471683489849,
  "MAPE(%)": 20.710359626935375
}