temp,lowp,outp,seed,mode,qt_frac,train_ratio,out_root,model,R2,MAE,RMSE,MAPE(%)
313K,0.1,1,2026,lowq,0.75,0.5,./RUN_FULL_EXP,cat,0.9949401702664478,0.004218406781501113,3.584390961170608e-05,1.5876840157065464
