{
  "R2": 0.9949401702664478,
  "MAE": 0.004218406781501113,
  "RMSE": 3.584390961170608e-05,
  "MAPE(%)": 1.5876840157065464
}