Feature,Importance
0.1,64.05791275126656
ASA_m2_g,11.521129905934696
ASA_m2_cm3,5.855654747345974
AV_cm3_g,4.956499574603221
AV_VF,3.292416545939973
cm3_g,2.7459898895240222
LCD,1.950118866988595
PLD,1.822432461278045
LFPD,1.2758013641924428
Has_OMS,1.0151971324774411
NASA_m2_g,0.8922598448178454
NASA_m2_cm3,0.49546874284999554
NAV_cm3_g,0.11911817278119738
