{
  "R2": 0.9730060345484498,
  "MAE": 0.11030638121978786,
  "RMSE": 0.02689277358486183,
  "MAPE(%)": 4.529012677397378
}