Feature,Importance
0.01,81.30205454202589
ASA_m2_cm3,2.738260088794426
ASA_m2_g,2.732284979084149
PLD,2.0698573260256516
Has_OMS,1.9869070463235576
AV_VF,1.9302807713951446
AV_cm3_g,1.6986686164895144
LCD,1.600992706814306
LFPD,1.4769553262893345
cm3_g,0.9352709670777388
NASA_m2_cm3,0.7372818875138901
NASA_m2_g,0.6961883045261363
NAV_cm3_g,0.0949974376402757
