Feature,Importance
0.05,83.81716853100437
AV_cm3_g,2.130887096984999
ASA_m2_cm3,1.972025960955072
ASA_m2_g,1.816810588359425
cm3_g,1.7341804045888332
Has_OMS,1.5326224230932572
LCD,1.5202949525439284
AV_VF,1.4850569188069487
PLD,1.375356730292367
LFPD,1.2029608032294332
NASA_m2_cm3,0.812844327664972
NASA_m2_g,0.5616380052403697
NAV_cm3_g,0.038153257236007175
