{
  "R2": 0.9879747545375619,
  "MAE": 0.015401620914364362,
  "RMSE": 0.0007457798184822992,
  "MAPE(%)": 2.8776623464177584
}