{
  "R2": 0.9770552091568744,
  "MAE": 0.048830384601723516,
  "RMSE": 0.005072535581681049,
  "MAPE(%)": 3.274945882912069
}