Feature,Importance
0.05,61.19485944290634
ASA_m2_g,12.090843633693089
AV_cm3_g,5.260108497649346
AV_VF,4.948342081486098
ASA_m2_cm3,4.749115780265961
cm3_g,3.449156585365198
LCD,2.2948177161227017
PLD,1.9859336617460928
LFPD,1.8354716092503809
Has_OMS,0.9111331745503113
NASA_m2_g,0.6835621182504735
NASA_m2_cm3,0.5083294483055775
NAV_cm3_g,0.08832625040845993
