{
  "R2": 0.9652745589253006,
  "MAE": 0.11461639526812308,
  "RMSE": 0.041626092397451776,
  "MAPE(%)": 5.0480404767318925
}