temp,lowp,outp,seed,mode,qt_frac,train_ratio,out_root,model,R2,MAE,RMSE,MAPE(%)
313K,0.05,15,2026,lowq,0.05,0.5,./RUN_FULL_EXP,cat,0.9652745589253006,0.11461639526812308,0.041626092397451776,5.0480404767318925
