Feature,Importance
0.01,65.43735631970786
AV_VF,7.069447582407107
ASA_m2_cm3,5.951105044430347
ASA_m2_g,5.34729126464722
PLD,2.778563173914333
AV_cm3_g,2.6095769641543267
cm3_g,2.552108364002578
LFPD,2.457078544264606
LCD,2.0546295920209428
Has_OMS,2.0138427597577073
NASA_m2_cm3,0.9952940198274969
NASA_m2_g,0.6404034578242483
NAV_cm3_g,0.09330291304122344
