temp,lowp,outp,seed,mode,qt_frac,train_ratio,out_root,model,R2,MAE,RMSE,MAPE(%)
273K,0.01,5,2028,lowq,0.2,0.5,./RUN_FULL_EXP,cat,0.9595121851688904,0.10814711033760706,0.02968296125652388,5.529673354318311
