{
  "R2": 0.9595121851688904,
  "MAE": 0.10814711033760706,
  "RMSE": 0.02968296125652388,
  "MAPE(%)": 5.529673354318311
}