{
  "R2": 0.7096918748289006,
  "MAE": 0.5269465183600205,
  "RMSE": 0.5435796985221832,
  "MAPE(%)": 22.33986466558395
}