{
  "R2": 0.9926992393849784,
  "MAE": 0.009804349083570446,
  "RMSE": 0.00020523414850672246,
  "MAPE(%)": 2.723339069275387
}