{
  "R2": 0.9928288250601287,
  "MAE": 0.007843967780516182,
  "RMSE": 0.0001888676997070482,
  "MAPE(%)": 2.133142326109609
}