{
  "R2": 0.9466755373530531,
  "MAE": 0.2649728856856604,
  "RMSE": 0.15819448153541463,
  "MAPE(%)": 7.35373316916165
}