{
  "R2": 0.9488080160394669,
  "MAE": 0.007930691157500338,
  "RMSE": 0.001967944591380238,
  "MAPE(%)": 2.492392797323726
}