{
  "R2": 0.9745188393102481,
  "MAE": 0.04049325179307626,
  "RMSE": 0.007220749856325119,
  "MAPE(%)": 4.003134391200202
}