temp,lowp,outp,seed,mode,qt_frac,train_ratio,out_root,model,R2,MAE,RMSE,MAPE(%)
273K,0.05,15,2027,lowq,0.2,0.5,./RUN_FULL_EXP,cat,0.9568035956099953,0.23662562351093874,0.12309461162919424,6.320122509259489
