{
  "R2": 0.9568035956099953,
  "MAE": 0.23662562351093874,
  "RMSE": 0.12309461162919424,
  "MAPE(%)": 6.320122509259489
}