{
  "R2": 0.97711745346268,
  "MAE": 0.05573699326255619,
  "RMSE": 0.010454878567649697,
  "MAPE(%)": 3.643593358982173
}