{
  "R2": 0.9847391706456236,
  "MAE": 0.033251538985968505,
  "RMSE": 0.0030429939782583176,
  "MAPE(%)": 3.113863410022796
}