Feature,Importance
0.1,58.094087129583954
ASA_m2_g,8.498142695719295
AV_cm3_g,7.194139098170758
AV_VF,6.851424620720968
ASA_m2_cm3,6.487444736818442
cm3_g,3.039334560930184
PLD,2.713673130743738
LFPD,2.1100985031122343
LCD,1.727130010481001
Has_OMS,1.6589926354402984
NASA_m2_g,0.8412725941317553
NASA_m2_cm3,0.7289808532316562
NAV_cm3_g,0.05527943091571619
