{
  "R2": 0.9579387133113473,
  "MAE": 0.16659185300957252,
  "RMSE": 0.06777055470190613,
  "MAPE(%)": 5.329779844263332
}