Feature,Importance
HENRY,65.75034416348399
ASA_m2_cm3,7.200966339794521
ASA_m2_g,5.060547221502614
AV_VF,4.888769655398632
AV_cm3_g,3.81898873728315
PLD,2.6423313766797305
LCD,2.6100364967789016
LFPD,2.268061997236571
cm3_g,2.2422185349766712
Has_OMS,1.946275865726369
NASA_m2_cm3,0.7437746087839404
NASA_m2_g,0.7311373841971976
NAV_cm3_g,0.09654761815772263
