{
  "R2": 0.953470732440019,
  "MAE": 0.09708461171990625,
  "RMSE": 0.022709236359874874,
  "MAPE(%)": 4.847537365683665
}