{
  "R2": 0.9710511626068827,
  "MAE": 0.06097247593817429,
  "RMSE": 0.01038016185744329,
  "MAPE(%)": 4.239590208904796
}