{
  "R2": 0.9681929621459451,
  "MAE": 0.1663196598986877,
  "RMSE": 0.059165725956461065,
  "MAPE(%)": 5.96769112281382
}