temp,lowp,outp,seed,mode,qt_frac,train_ratio,out_root,model,R2,MAE,RMSE,MAPE(%)
313K,0.5,1,2028,lowq,0.15,0.5,./RUN_FULL_EXP,cat,0.9897223604014174,0.0046011090455630515,0.00024271485642004612,1.6674805642555364
