{
  "R2": 0.9897223604014174,
  "MAE": 0.0046011090455630515,
  "RMSE": 0.00024271485642004612,
  "MAPE(%)": 1.6674805642555364
}