{
  "R2": 0.9680992415613304,
  "MAE": 0.10878937006534713,
  "RMSE": 0.036284431786946486,
  "MAPE(%)": 4.680608820966242
}