{
  "R2": 0.9491202092840242,
  "MAE": 0.008683612166637211,
  "RMSE": 0.002055387375869576,
  "MAPE(%)": 2.5467300743059273
}