Feature,Importance
ASA_m2_g,15.974578874601164
AV_VF,15.111782976448692
cm3_g,12.89631982701402
ASA_m2_cm3,12.572657884321547
PLD,10.168372832139962
AV_cm3_g,8.519039663384433
LCD,7.807114508960805
Has_OMS,6.492980046330982
LFPD,6.360529684605647
NASA_m2_cm3,2.05740590824879
NASA_m2_g,1.4797530293586256
NAV_cm3_g,0.5594647645853188
