{
  "R2": 0.7579354534984231,
  "MAE": 0.4954355620922768,
  "RMSE": 0.46976813124436556,
  "MAPE(%)": 21.528269041179744
}