Feature,Importance
0.01,85.07460352787174
cm3_g,2.1180787774838485
AV_cm3_g,1.9446817650374488
PLD,1.7787306107391554
LFPD,1.7524377402553413
Has_OMS,1.5417489186214817
AV_VF,1.320494203257043
ASA_m2_cm3,1.3098581298519925
LCD,1.1473158466696043
ASA_m2_g,1.129841061219243
NASA_m2_cm3,0.41123317869755305
NASA_m2_g,0.3800904856948154
NAV_cm3_g,0.09088575460072944
