temp,lowp,outp,seed,mode,qt_frac,train_ratio,out_root,model,R2,MAE,RMSE,MAPE(%)
313K,0.01,1,2028,lowq,0.25,0.5,./RUN_FULL_EXP,cat,0.9920915549263796,0.007106273518242576,0.00011362803665660253,2.943434207864527
