{
  "R2": 0.9920915549263796,
  "MAE": 0.007106273518242576,
  "RMSE": 0.00011362803665660253,
  "MAPE(%)": 2.943434207864527
}