{
  "R2": 0.9871752761250897,
  "MAE": 0.016052629894311155,
  "RMSE": 0.0009648334101408976,
  "MAPE(%)": 2.80306855343072
}