temp,lowp,outp,seed,mode,qt_frac,train_ratio,out_root,model,R2,MAE,RMSE,MAPE(%)
273K,HENRY,1,2026,lowq,0.25,0.5,./RUN_FULL_EXP,cat,0.9871752761250897,0.016052629894311155,0.0009648334101408976,2.80306855343072
