Feature,Importance
0.01,72.87108649832881
ASA_m2_g,5.308591945820303
AV_VF,4.649298801303797
ASA_m2_cm3,4.5409743484227505
AV_cm3_g,2.549514344309229
cm3_g,2.0719026563018823
LCD,2.023515612891899
PLD,1.6193555574832537
Has_OMS,1.5337988961375546
LFPD,1.4274581510845363
NASA_m2_g,0.7606384372388802
NASA_m2_cm3,0.5432574094528742
NAV_cm3_g,0.10060734122423474
