{
  "R2": 0.9717412376062408,
  "MAE": 0.06562347006426408,
  "RMSE": 0.013649551121906084,
  "MAPE(%)": 4.786190341544078
}