Feature,Importance
cm3_g,14.566183544529192
AV_VF,13.890310177970395
PLD,13.275285278807699
ASA_m2_cm3,11.741160186735875
Has_OMS,10.085401813343175
ASA_m2_g,9.050049963531436
LCD,8.71572912116368
LFPD,7.4240940521970575
AV_cm3_g,7.4129434142671125
NASA_m2_g,1.968853700879972
NASA_m2_cm3,1.5450545735889487
NAV_cm3_g,0.32493417298542654
