{
  "R2": 0.506549447100157,
  "MAE": 0.336356675244875,
  "RMSE": 0.24796612303239246,
  "MAPE(%)": 30.996045769316833
}