Feature,Importance
0.01,70.15395339041616
ASA_m2_g,5.648926011033898
AV_VF,4.903669492037405
ASA_m2_cm3,4.797892502304091
AV_cm3_g,3.5236560333567137
LCD,2.2138426423511617
cm3_g,1.8999093366518032
PLD,1.826258382705919
LFPD,1.6300607481904672
Has_OMS,1.5755119055189992
NASA_m2_cm3,0.9550899832211397
NASA_m2_g,0.7914155948701823
NAV_cm3_g,0.07981397734206577
