{
  "R2": 0.9704991597824187,
  "MAE": 0.060650494393990284,
  "RMSE": 0.0077870069596193475,
  "MAPE(%)": 4.116465257942427
}