temp,lowp,outp,seed,mode,qt_frac,train_ratio,out_root,model,R2,MAE,RMSE,MAPE(%)
293K,0.01,5,2027,struct_with_input,0.6,0.6,./RUN_FULL_EXP,cat,0.9704991597824187,0.060650494393990284,0.0077870069596193475,4.116465257942427
