Feature,Importance
0.5,92.20431228793892
AV_VF,1.239541015085832
AV_cm3_g,1.1810522300770805
cm3_g,0.8330133187089201
ASA_m2_cm3,0.8081023777787831
LCD,0.7029850496444626
ASA_m2_g,0.6172137659992927
PLD,0.6150406552245463
NASA_m2_g,0.46548726721357386
NASA_m2_cm3,0.4239882374916011
LFPD,0.38920461672449425
Has_OMS,0.3694998925248622
NAV_cm3_g,0.1505592855876242
