{
  "R2": 0.9954460727268628,
  "MAE": 0.01026048846794613,
  "RMSE": 0.0002572595675812731,
  "MAPE(%)": 1.8819731535125295
}