Feature,Importance
HENRY,66.08352946551419
ASA_m2_g,7.269848245411603
ASA_m2_cm3,6.08580527921642
AV_VF,4.471587132925978
AV_cm3_g,3.649295648571148
LCD,2.5117565856971615
PLD,2.3809916391419956
LFPD,2.259979169903654
Has_OMS,1.9948786050300682
cm3_g,1.933531943498907
NASA_m2_cm3,0.7903766778277976
NASA_m2_g,0.45485702439802844
NAV_cm3_g,0.11356258286303342
