{
  "R2": 0.9601571286232791,
  "MAE": 0.1074462487403351,
  "RMSE": 0.03265026802237458,
  "MAPE(%)": 5.663602935803194
}