Feature,Importance
0.1,71.84090798372846
ASA_m2_g,5.71597956379903
ASA_m2_cm3,5.590208938678635
AV_VF,3.5052422363604427
AV_cm3_g,3.2133276288209984
LCD,2.032943744561513
cm3_g,1.8520309139907931
PLD,1.7114653714142845
LFPD,1.6523260587343707
Has_OMS,1.4544717836539296
NASA_m2_g,0.8459728959430697
NASA_m2_cm3,0.547168643520584
NAV_cm3_g,0.03795423679387164
