temp,lowp,outp,seed,mode,qt_frac,train_ratio,out_root,model,R2,MAE,RMSE,MAPE(%)
293K,0.1,5,2026,lowq,0.8,0.5,./RUN_FULL_EXP,cat,0.9697244263332231,0.0540349840628804,0.006336860271419107,3.6414003749959662
