{
  "R2": 0.9697244263332231,
  "MAE": 0.0540349840628804,
  "RMSE": 0.006336860271419107,
  "MAPE(%)": 3.6414003749959662
}