{
  "R2": 0.9757434408981333,
  "MAE": 0.11004327674473299,
  "RMSE": 0.02804878172639174,
  "MAPE(%)": 4.678152205486861
}