{
  "R2": 0.9813659532002361,
  "MAE": 0.03584709434147632,
  "RMSE": 0.003899349289766678,
  "MAPE(%)": 3.309818604369328
}