{
  "R2": 0.9854263287262186,
  "MAE": 0.01586602358083509,
  "RMSE": 0.0010321209720055946,
  "MAPE(%)": 2.8061304948396835
}