{
  "R2": 0.9944627169282163,
  "MAE": 0.0049319382039266285,
  "RMSE": 6.251702787775078e-05,
  "MAPE(%)": 1.9339774875623021
}