Feature,Importance
0.5,81.4004958331118
ASA_m2_g,3.8308398534293286
AV_VF,3.013142648424853
AV_cm3_g,2.375379037821819
ASA_m2_cm3,2.209346850332249
Has_OMS,1.4281387372471075
cm3_g,1.3108803306158645
LFPD,1.162776638586029
LCD,1.117998515542635
PLD,1.0264715170739103
NASA_m2_g,0.5290642687193962
NASA_m2_cm3,0.4802701805470824
NAV_cm3_g,0.11519558854789
