{
  "R2": 0.986304682425916,
  "MAE": 0.03067719540949738,
  "RMSE": 0.0022052870348125047,
  "MAPE(%)": 2.7896399260525055
}