temp,lowp,outp,seed,mode,qt_frac,train_ratio,out_root,model,R2,MAE,RMSE,MAPE(%)
313K,0.5,5,2028,lowq,0.45,0.5,./RUN_FULL_EXP,cat,0.986304682425916,0.03067719540949738,0.0022052870348125047,2.7896399260525055
