{
  "R2": 0.9686849156507419,
  "MAE": 0.1608133198225633,
  "RMSE": 0.05765174386485344,
  "MAPE(%)": 5.524798355164708
}