{
  "R2": 0.9519664911468073,
  "MAE": 0.10655731932878627,
  "RMSE": 0.02554408740970281,
  "MAPE(%)": 5.290825110709559
}