Feature,Importance
0.5,59.519210865680556
ASA_m2_g,12.538838441901131
ASA_m2_cm3,5.88665177049512
AV_VF,4.946212671434164
AV_cm3_g,4.512134289386276
cm3_g,3.6385347577060365
LCD,2.238699411085361
PLD,2.051721905756621
LFPD,1.740846155772189
Has_OMS,1.7005045403077912
NASA_m2_cm3,0.7279287906946057
NASA_m2_g,0.4102069902512237
NAV_cm3_g,0.08850940952891281
