{
  "R2": 0.9641061362954436,
  "MAE": 0.16105092494450357,
  "RMSE": 0.05356256922961979,
  "MAPE(%)": 5.2244618929080415
}