Feature,Importance
0.01,80.39073055503856
ASA_m2_cm3,2.3424089594602875
Has_OMS,2.3405809450717387
AV_VF,2.3264564209134444
PLD,2.2558633802546977
cm3_g,1.9191075971492804
AV_cm3_g,1.79583476298447
LCD,1.7747963657885495
ASA_m2_g,1.7478356497209528
LFPD,1.565064158164551
NASA_m2_cm3,0.8293023345682264
NASA_m2_g,0.6592169390899981
NAV_cm3_g,0.0528019317952577
