{
  "R2": 0.9839756281333475,
  "MAE": 0.019534516579041834,
  "RMSE": 0.0010576038525616377,
  "MAPE(%)": 3.68843379359673
}