Feature,Importance
0.5,65.60751602310785
ASA_m2_g,10.084566026659514
AV_VF,5.208871630144898
ASA_m2_cm3,4.919180937510238
AV_cm3_g,3.361143994420106
cm3_g,3.201646198477715
LCD,2.2796502810123225
LFPD,1.6961369208471337
PLD,1.6828790364643993
Has_OMS,0.9587698173872892
NASA_m2_cm3,0.5101368687952119
NASA_m2_g,0.44105237540616216
NAV_cm3_g,0.0484498897671658
