{
  "R2": 0.9709966089008665,
  "MAE": 0.10348286352275751,
  "RMSE": 0.02144693283226048,
  "MAPE(%)": 4.07105238292085
}