Feature,Importance
0.01,58.91589122727745
ASA_m2_g,12.434648977099028
ASA_m2_cm3,6.166602107025897
AV_VF,5.5648005908146185
AV_cm3_g,4.347496023459817
cm3_g,3.085079749321499
PLD,2.381180754109365
LCD,2.095992292664714
LFPD,1.859252708754977
Has_OMS,1.5410691220283321
NASA_m2_cm3,0.9000479566435
NASA_m2_g,0.6204568497986375
NAV_cm3_g,0.08748164100214774
