{
  "R2": 0.9569765689351796,
  "MAE": 0.17802725788138551,
  "RMSE": 0.06942147361343746,
  "MAPE(%)": 5.900540742060559
}