Feature,Importance
0.1,55.739391290503995
ASA_m2_g,14.914009610119342
ASA_m2_cm3,6.312815103129657
AV_VF,4.642616197772942
AV_cm3_g,4.598070308516272
cm3_g,3.7731941607245996
LCD,2.713330160790912
PLD,2.615630306165473
LFPD,1.9035960975790134
Has_OMS,1.1840769032611755
NASA_m2_g,0.7549848076097951
NASA_m2_cm3,0.751680407494497
NAV_cm3_g,0.09660464633232133
