{
  "R2": 0.9529776561081504,
  "MAE": 0.238381764992661,
  "RMSE": 0.11696327888111695,
  "MAPE(%)": 6.140275266367086
}