{
  "R2": 0.9659069366335504,
  "MAE": 0.0705871214225242,
  "RMSE": 0.016141953941210603,
  "MAPE(%)": 5.128097095568036
}