Feature,Importance
0.05,71.90955723422823
AV_VF,4.827592817149705
ASA_m2_g,4.738141670530102
ASA_m2_cm3,4.571128111681064
AV_cm3_g,3.2297736190598987
cm3_g,2.182134987710766
LCD,1.9531689907482845
LFPD,1.9295836197867673
Has_OMS,1.9013148136919873
PLD,1.7540367753940935
NASA_m2_g,0.4726409016660097
NASA_m2_cm3,0.4113753166900946
NAV_cm3_g,0.11955114166300844
