{
  "R2": 0.9734075659097403,
  "MAE": 0.05921822663204191,
  "RMSE": 0.009862855234784114,
  "MAPE(%)": 4.007856462548118
}