temp,lowp,outp,seed,mode,qt_frac,train_ratio,out_root,model,R2,MAE,RMSE,MAPE(%)
293K,0.05,5,2025,lowq,0.25,0.5,./RUN_FULL_EXP,cat,0.9734075659097403,0.05921822663204191,0.009862855234784114,4.007856462548118
