{
  "R2": 0.9758593506581762,
  "MAE": 0.11054680815048154,
  "RMSE": 0.02745210277640574,
  "MAPE(%)": 4.800646720269907
}