{
  "R2": 0.9861275517771924,
  "MAE": 0.015848701576734417,
  "RMSE": 0.0005162970375970146,
  "MAPE(%)": 2.9099627054000274
}