Feature,Importance
HENRY,84.33476598994673
cm3_g,2.427487863755181
PLD,1.8756625912231737
Has_OMS,1.6822836900181102
LFPD,1.6445591263570944
ASA_m2_g,1.552861180647367
LCD,1.5467558143547897
AV_cm3_g,1.481563291275693
AV_VF,1.467282626556986
ASA_m2_cm3,0.9805433649931576
NASA_m2_g,0.5034710606788388
NASA_m2_cm3,0.4347684338240096
NAV_cm3_g,0.06799496636884382
