{
  "R2": 0.9960173167360592,
  "MAE": 0.004229680601397702,
  "RMSE": 4.5188251493999435e-05,
  "MAPE(%)": 1.6538754665242
}