{
  "R2": 0.691933992862362,
  "MAE": 0.5483492678813352,
  "RMSE": 0.5854211724902338,
  "MAPE(%)": 22.65471677065691
}