Feature,Importance
0.5,53.360002044364016
ASA_m2_g,14.80451110324858
ASA_m2_cm3,7.035869201506006
AV_cm3_g,6.11688167436063
AV_VF,5.011221097968379
cm3_g,4.3593909509835065
LCD,2.395226605546105
PLD,2.382844913632378
LFPD,1.8132450587820947
Has_OMS,1.3554826905118011
NASA_m2_cm3,0.6907780203653364
NASA_m2_g,0.6406389759177333
NAV_cm3_g,0.03390766281342221
