{
  "R2": 0.9539495472899828,
  "MAE": 0.2338711317114058,
  "RMSE": 0.11074349407500966,
  "MAPE(%)": 5.924340314034201
}