{
  "R2": 0.9833209362746651,
  "MAE": 0.009536170925689707,
  "RMSE": 0.0008608306002542309,
  "MAPE(%)": 2.450562076252847
}