Feature,Importance
HENRY,66.42833605176209
ASA_m2_cm3,6.813877654270284
AV_VF,5.258259912429661
ASA_m2_g,4.50773279712471
AV_cm3_g,3.4602199997146252
PLD,2.5045731024583078
cm3_g,2.4956896904198875
Has_OMS,2.3918493504298324
LCD,2.391070984165413
LFPD,2.274212172117113
NASA_m2_cm3,0.7742106304455596
NASA_m2_g,0.6487691375234524
NAV_cm3_g,0.05119851713903946
