{
  "R2": 0.957946800534293,
  "MAE": 0.10448204642652507,
  "RMSE": 0.029051370543050528,
  "MAPE(%)": 5.319948422982232
}