Feature,Importance
0.01,85.78177022382857
ASA_m2_g,1.7135918299100579
Has_OMS,1.7065118571849194
AV_cm3_g,1.6243033377643057
cm3_g,1.6101239655472048
LCD,1.5099226829060641
LFPD,1.4144431347416957
AV_VF,1.2984042498952189
PLD,0.9783771104626972
ASA_m2_cm3,0.9316965071402951
NASA_m2_cm3,0.8588411538191509
NASA_m2_g,0.533272509380661
NAV_cm3_g,0.03874143741916471
