temp,lowp,outp,seed,mode,qt_frac,train_ratio,out_root,model,R2,MAE,RMSE,MAPE(%)
293K,0.01,1,2029,lowq,0.8,0.5,./RUN_FULL_EXP,cat,0.9887129358475031,0.0091498877164261,0.0001584673727208858,2.5020189428954396
