{
  "R2": 0.9887129358475031,
  "MAE": 0.0091498877164261,
  "RMSE": 0.0001584673727208858,
  "MAPE(%)": 2.5020189428954396
}