Feature,Importance
0.01,75.98918575171693
ASA_m2_g,4.612244656582342
ASA_m2_cm3,4.2870578501882814
AV_VF,3.579227818306909
AV_cm3_g,2.3006595168146555
cm3_g,1.9597267199606063
LCD,1.7172237887030044
LFPD,1.6315080919985567
PLD,1.4730679876061392
Has_OMS,1.3455943636778365
NASA_m2_cm3,0.6144142406189838
NASA_m2_g,0.4424067301647896
NAV_cm3_g,0.04768248366098228
