{
  "R2": 0.9725973849634098,
  "MAE": 0.03990767752619687,
  "RMSE": 0.003199485886808502,
  "MAPE(%)": 3.6170447121879485
}