temp,lowp,outp,seed,mode,qt_frac,train_ratio,out_root,model,R2,MAE,RMSE,MAPE(%)
313K,0.01,5,2025,lowq,0.75,0.5,./RUN_FULL_EXP,cat,0.9725973849634098,0.03990767752619687,0.003199485886808502,3.6170447121879485
