{
  "R2": 0.986780048384676,
  "MAE": 0.01795622465154545,
  "RMSE": 0.0009253898839715891,
  "MAPE(%)": 3.3822342273013293
}