temp,lowp,outp,seed,mode,qt_frac,train_ratio,out_root,model,R2,MAE,RMSE,MAPE(%)
273K,0.01,1,2029,lowq,0.3,0.5,./RUN_FULL_EXP,cat,0.986780048384676,0.01795622465154545,0.0009253898839715891,3.3822342273013293
