Feature,Importance
0.5,56.79552014591628
ASA_m2_g,14.050490707232756
AV_VF,7.018469992476534
AV_cm3_g,5.595166207382325
ASA_m2_cm3,4.507465816508531
cm3_g,2.686711297210587
PLD,2.2662565727582695
LCD,2.1942735935275306
LFPD,2.138434482223015
Has_OMS,1.4248795455468826
NASA_m2_cm3,0.7156836529025683
NASA_m2_g,0.5319359842750196
NAV_cm3_g,0.07471200203971355
