{
  "R2": 0.9640312301164482,
  "MAE": 0.15389998172082672,
  "RMSE": 0.057568480769506165,
  "MAPE(%)": 5.102330277869736
}