Feature,Importance
0.01,80.83457467160123
ASA_m2_cm3,4.034283693182541
ASA_m2_g,2.4304248615786634
Has_OMS,1.990797894859634
cm3_g,1.7578129841229706
LCD,1.701749964336785
AV_VF,1.6465073598496687
AV_cm3_g,1.5820084532483536
PLD,1.4313593626461396
NASA_m2_cm3,1.0750895770490427
LFPD,0.9743128095336507
NASA_m2_g,0.5093513602384917
NAV_cm3_g,0.03172700775282298
