Feature,Importance
0.01,82.98892606640628
ASA_m2_cm3,2.563835523773375
AV_VF,1.9712397913615234
AV_cm3_g,1.94176101530093
cm3_g,1.7646372095481255
ASA_m2_g,1.7193111128940752
PLD,1.6712822672287284
LCD,1.5327484189225429
Has_OMS,1.357003199589448
LFPD,1.2480955239518017
NASA_m2_cm3,0.7742259980127542
NASA_m2_g,0.43743662472688205
NAV_cm3_g,0.029497248283543075
