{
  "R2": 0.9859029372832465,
  "MAE": 0.015654503992071748,
  "RMSE": 0.0005600494150436605,
  "MAPE(%)": 2.9411030551593456
}