{
  "R2": 0.9840239867750072,
  "MAE": 0.016798659055236396,
  "RMSE": 0.0011860473635786177,
  "MAPE(%)": 3.0077879174116067
}