Feature,Importance
0.05,55.8603369022648
ASA_m2_g,16.055682875490845
AV_VF,5.6848447741569474
ASA_m2_cm3,5.2876193341477595
AV_cm3_g,3.8867280252607435
cm3_g,3.1499616683511777
PLD,2.722553981064881
LCD,2.4442684137769963
LFPD,1.8978178855511758
Has_OMS,1.5107198428424682
NASA_m2_cm3,0.9591668907000086
NASA_m2_g,0.48265646588850963
NAV_cm3_g,0.05764294050370872
