{
  "R2": 0.960459000285282,
  "MAE": 0.16454066121273817,
  "RMSE": 0.055076587175691465,
  "MAPE(%)": 5.279263267465806
}