Feature,Importance
0.5,90.31598565849472
cm3_g,1.6079728978296055
ASA_m2_g,1.3068091620692268
Has_OMS,1.2337520788251983
AV_cm3_g,1.0989695284940053
LFPD,0.8402227029944187
LCD,0.7599955750938278
PLD,0.6839530775954973
AV_VF,0.631874992108049
NASA_m2_cm3,0.576438060830661
ASA_m2_cm3,0.4523473875992789
NASA_m2_g,0.40166010328824264
NAV_cm3_g,0.09001877477726164
