temp,lowp,outp,seed,mode,qt_frac,train_ratio,out_root,model,R2,MAE,RMSE,MAPE(%)
293K,0.5,1,2027,lowq,0.25,0.5,./RUN_FULL_EXP,cat,0.9972329158528807,0.006023932855895452,8.781733469796054e-05,1.7465507010941388
