{
  "R2": 0.9972329158528807,
  "MAE": 0.006023932855895452,
  "RMSE": 8.781733469796054e-05,
  "MAPE(%)": 1.7465507010941388
}