{
  "R2": 0.7713984943847548,
  "MAE": 0.47198049681760357,
  "RMSE": 0.4564860553240871,
  "MAPE(%)": 19.542358608342838
}