Feature,Importance
0.01,64.23611815214515
ASA_m2_g,8.67200819679278
ASA_m2_cm3,6.293958231691068
AV_VF,4.559249665478557
AV_cm3_g,3.1850545415147695
LCD,2.5253345399720035
PLD,2.5171729930260063
LFPD,2.4019984834757375
cm3_g,2.3296864406746223
Has_OMS,2.0197247382535055
NASA_m2_cm3,0.7605914828773394
NASA_m2_g,0.4418586810950799
NAV_cm3_g,0.05724385300339195
