{
  "R2": 0.9604311507340444,
  "MAE": 0.10341182667220872,
  "RMSE": 0.02681772171112899,
  "MAPE(%)": 5.267997227890123
}