Feature,Importance
0.01,79.91934061093153
cm3_g,3.9006289714240223
AV_cm3_g,2.957616294915346
AV_VF,2.4661679636267806
Has_OMS,2.0786672252777256
PLD,1.7456233202759566
LFPD,1.7051059630756924
ASA_m2_g,1.5293691430790366
ASA_m2_cm3,1.3685773755588344
LCD,0.8524739208503551
NASA_m2_g,0.7851985052099807
NASA_m2_cm3,0.6046510696111017
NAV_cm3_g,0.08657963616361253
