{
  "R2": 0.9565387767431084,
  "MAE": 0.1689837265141503,
  "RMSE": 0.0594146223211129,
  "MAPE(%)": 5.316330983584858
}