Feature,Importance
0.5,80.71713088449906
AV_VF,3.368697124393485
ASA_m2_g,3.1733397519626716
AV_cm3_g,2.310667728296293
cm3_g,2.2085262585821512
ASA_m2_cm3,2.199570257785398
Has_OMS,1.5288019500512682
PLD,1.2268310310587738
LFPD,1.2048411999790931
LCD,0.8828648232855324
NASA_m2_g,0.5722805330653383
NASA_m2_cm3,0.49872714263707263
NAV_cm3_g,0.10772131440385287
