{
  "R2": 0.9855314900242215,
  "MAE": 0.032979507970104925,
  "RMSE": 0.003547154081459299,
  "MAPE(%)": 3.0727704973714633
}