temp,lowp,outp,seed,mode,qt_frac,train_ratio,out_root,model,R2,MAE,RMSE,MAPE(%)
313K,0.5,5,2028,lowq,0.1,0.5,./RUN_FULL_EXP,cat,0.9855314900242215,0.032979507970104925,0.003547154081459299,3.0727704973714633
