Feature,Importance
0.01,72.6029939955398
ASA_m2_cm3,4.867641421823094
ASA_m2_g,4.288304072386888
AV_VF,3.256049861582598
AV_cm3_g,3.0455623342605667
LCD,2.842860031126237
cm3_g,2.773218310415234
LFPD,1.7700618425753225
Has_OMS,1.674243896166038
PLD,1.4457368046285815
NASA_m2_cm3,0.8590446494161939
NASA_m2_g,0.36688837437313837
NAV_cm3_g,0.2073944057063385
