{
  "R2": 0.9603415653491798,
  "MAE": 0.07506857031354554,
  "RMSE": 0.01909478599995721,
  "MAPE(%)": 5.659061723042927
}