Feature,Importance
0.1,77.00147759972528
ASA_m2_g,5.5203177778105434
ASA_m2_cm3,3.101384704035654
AV_VF,2.832980638491921
cm3_g,2.3641868038180727
AV_cm3_g,2.268117417412785
PLD,1.3729956923027844
LFPD,1.3651993279563515
LCD,1.3627508657071292
Has_OMS,1.2310604302182988
NASA_m2_cm3,0.818364280222851
NASA_m2_g,0.7087741575575268
NAV_cm3_g,0.0523903047407854
