temp,lowp,outp,seed,mode,qt_frac,train_ratio,out_root,model,R2,MAE,RMSE,MAPE(%)
313K,0.1,5,2027,lowq,0.8,0.5,./RUN_FULL_EXP,cat,0.9781234518639745,0.03257321271777804,0.002318492164369726,2.9200013507217095
