{
  "R2": 0.9781234518639745,
  "MAE": 0.03257321271777804,
  "RMSE": 0.002318492164369726,
  "MAPE(%)": 2.9200013507217095
}