Feature,Importance
0.05,71.24405541382998
ASA_m2_g,6.190811939778622
ASA_m2_cm3,5.209413520819278
AV_VF,3.448679209969088
AV_cm3_g,2.8288545748255105
LCD,2.391078602637519
Has_OMS,1.9127854141040028
cm3_g,1.8620442672160697
PLD,1.8233659054451428
LFPD,1.5184782581161516
NASA_m2_g,0.8589013245023661
NASA_m2_cm3,0.6416385317840799
NAV_cm3_g,0.0698930369721792
