{
  "R2": 0.9739804756459621,
  "MAE": 0.05838447943805748,
  "RMSE": 0.008236215043384988,
  "MAPE(%)": 3.983063767431477
}