temp,lowp,outp,seed,mode,qt_frac,train_ratio,out_root,model,R2,MAE,RMSE,MAPE(%)
293K,0.05,5,2026,lowq,0.4,0.5,./RUN_FULL_EXP,cat,0.9739804756459621,0.05838447943805748,0.008236215043384988,3.983063767431477
