{
  "R2": 0.9714412344048912,
  "MAE": 0.15837074569522205,
  "RMSE": 0.05325176542088834,
  "MAPE(%)": 5.495178226483206
}