{
  "R2": 0.9673089257077715,
  "MAE": 0.1618858251199904,
  "RMSE": 0.06071822300801928,
  "MAPE(%)": 5.66299113128649
}