Feature,Importance
0.1,48.939911015350454
ASA_m2_g,17.753661409989718
AV_cm3_g,6.677085625648402
ASA_m2_cm3,6.334421338376344
AV_VF,4.938371729704284
cm3_g,3.999450779724227
PLD,3.2263083027658506
LFPD,2.6183341520111094
LCD,2.3702972357619845
Has_OMS,1.5553915494788757
NASA_m2_cm3,0.8389997222514823
NASA_m2_g,0.6410667104524755
NAV_cm3_g,0.10670042848477176
