temp,lowp,outp,seed,mode,qt_frac,train_ratio,out_root,model,R2,MAE,RMSE,MAPE(%)
273K,0.1,15,2025,lowq,0.15,0.5,./RUN_FULL_EXP,cat,0.9564659116656025,0.2317384079795588,0.12299430995627225,6.211196123672259
