{
  "R2": 0.9564659116656025,
  "MAE": 0.2317384079795588,
  "RMSE": 0.12299430995627225,
  "MAPE(%)": 6.211196123672259
}