{
  "R2": 0.9942747153404289,
  "MAE": 0.02390429307536683,
  "RMSE": 0.0011754848493766895,
  "MAPE(%)": 1.8527721288533834
}