Feature,Importance
0.01,82.524361279881
ASA_m2_cm3,2.744223267614846
ASA_m2_g,2.5495480092664473
AV_VF,2.2416736728405997
AV_cm3_g,1.9512527698499245
Has_OMS,1.8271422885437514
LCD,1.655914941897151
cm3_g,1.3619451323500094
LFPD,0.9634291195624252
PLD,0.8948953998768037
NASA_m2_cm3,0.7974737526203668
NASA_m2_g,0.400433559420743
NAV_cm3_g,0.08770680627592756
