{
  "R2": 0.9528619889595634,
  "MAE": 0.027279189712163573,
  "RMSE": 0.0076542811213632924,
  "MAPE(%)": 4.720460929110013
}