temp,lowp,outp,seed,mode,qt_frac,train_ratio,out_root,model,R2,MAE,RMSE,MAPE(%)
273K,0.01,1,2029,struct_with_input,0.0,0.25,./RUN_FULL_EXP,cat,0.9567788040521149,0.02580325628956699,0.006501240244251049,4.7194023656750055
