temp,lowp,outp,seed,mode,qt_frac,train_ratio,out_root,model,R2,MAE,RMSE,MAPE(%)
273K,0.01,1,2029,struct_with_input,0.0,0.25,./RUN_FULL_EXP,cat,0.9528619889595634,0.027279189712163573,0.0076542811213632924,4.720460929110013
