{
  "R2": 0.9567788040521149,
  "MAE": 0.02580325628956699,
  "RMSE": 0.006501240244251049,
  "MAPE(%)": 4.7194023656750055
}