{
  "R2": 0.9670160990433246,
  "MAE": 0.022273146601259074,
  "RMSE": 0.004910690570898575,
  "MAPE(%)": 4.072054144558258
}