{
  "R2": 0.9816844870366251,
  "MAE": 0.032467041169054286,
  "RMSE": 0.002365058799483176,
  "MAPE(%)": 2.9109040584710355
}