{
  "R2": 0.9033027570496122,
  "MAE": 0.10754380260988251,
  "RMSE": 0.028659212886143485,
  "MAPE(%)": 9.243920940506378
}