Feature,Importance
0.01,70.55644363823826
ASA_m2_g,6.005918792427053
ASA_m2_cm3,5.0701193206465245
AV_VF,4.139644048852514
AV_cm3_g,3.147061242291316
cm3_g,2.215128516627698
LCD,2.124907829108341
Has_OMS,1.833945439204971
LFPD,1.755496354388884
PLD,1.598581897635814
NASA_m2_g,0.9346979541379533
NASA_m2_cm3,0.5284755610349656
NAV_cm3_g,0.08957940540569277
