{
  "R2": 0.9722142393042523,
  "MAE": 0.06244450040791802,
  "RMSE": 0.010037869556740395,
  "MAPE(%)": 4.372496646391592
}