Feature,Importance
0.05,56.785730146931314
ASA_m2_g,12.980147279948739
ASA_m2_cm3,7.33151266994095
AV_cm3_g,5.721316646457371
AV_VF,4.588663158018746
cm3_g,2.7832414063698447
LCD,2.3792597620156353
PLD,2.1632738096088757
LFPD,1.9863270098109338
Has_OMS,1.4827382556361366
NASA_m2_cm3,0.9570453388087314
NASA_m2_g,0.7478328777821359
NAV_cm3_g,0.09291163867057328
