temp,lowp,outp,seed,mode,qt_frac,train_ratio,out_root,model,R2,MAE,RMSE,MAPE(%)
293K,0.05,15,2026,lowq,0.3,0.5,./RUN_FULL_EXP,cat,0.9652158488022912,0.1630290203787738,0.05818721040213853,5.406099267470506
