{
  "R2": 0.9652158488022912,
  "MAE": 0.1630290203787738,
  "RMSE": 0.05818721040213853,
  "MAPE(%)": 5.406099267470506
}