Feature,Importance
HENRY,81.78632633015528
AV_VF,3.2899929481537264
ASA_m2_cm3,3.027772899090762
AV_cm3_g,1.8494047866469574
Has_OMS,1.787580819000583
PLD,1.774472341581202
LCD,1.5656398527754019
LFPD,1.3485241828103278
ASA_m2_g,1.1493129177077455
cm3_g,1.0787229338085436
NASA_m2_cm3,0.7088026745381557
NASA_m2_g,0.5521195497684581
NAV_cm3_g,0.08132776396288585
