{
  "R2": 0.9734361766017575,
  "MAE": 0.02088897619211765,
  "RMSE": 0.0037291809858299974,
  "MAPE(%)": 3.337489213511604
}