{
  "R2": 0.9826087190391617,
  "MAE": 0.04375660258377348,
  "RMSE": 0.008139203955926102,
  "MAPE(%)": 2.834412914707181
}