Feature,Importance
0.01,84.0823548250291
ASA_m2_cm3,2.363085018709234
PLD,1.932292121378996
AV_cm3_g,1.870636917961332
AV_VF,1.7077804983422615
ASA_m2_g,1.605659559503239
Has_OMS,1.457209501903233
LFPD,1.2942087702137368
LCD,1.2243849503442312
cm3_g,1.01752003210269
NASA_m2_cm3,0.8165877651170471
NASA_m2_g,0.5378976259035912
NAV_cm3_g,0.09038241349130798
