{
  "R2": 0.9741581537999062,
  "MAE": 0.022867592148153006,
  "RMSE": 0.00403566500999591,
  "MAPE(%)": 3.904453715572283
}