{
  "R2": 0.971406868899686,
  "MAE": 0.06424577613315602,
  "RMSE": 0.01001133959630533,
  "MAPE(%)": 4.439007723344924
}