{
  "R2": 0.9840821988392893,
  "MAE": 0.005503153340849767,
  "RMSE": 0.00037793759081149,
  "MAPE(%)": 2.031713848908588
}