Feature,Importance
0.01,83.86566123278007
PLD,3.860612248856157
cm3_g,2.199477622733119
ASA_m2_cm3,1.5460888477192984
LFPD,1.522128049138795
AV_VF,1.4710187778724377
ASA_m2_g,1.2882186693003388
Has_OMS,1.1030701343961602
AV_cm3_g,1.063607726730268
LCD,0.8590201601012766
NASA_m2_g,0.6775990304652889
NASA_m2_cm3,0.40466937283704973
NAV_cm3_g,0.1388281270697637
