{
  "R2": 0.9070035313095658,
  "MAE": 0.021321208855746992,
  "RMSE": 0.006981092494461012,
  "MAPE(%)": 5.60087825360756
}