Feature,Importance
0.01,81.99833904514429
AV_VF,2.3103960567504336
AV_cm3_g,2.0779106159767857
ASA_m2_cm3,1.9632126340823413
PLD,1.8751877403559465
cm3_g,1.8633817423206978
ASA_m2_g,1.8097979907277666
LCD,1.5802306734041955
Has_OMS,1.555304924948266
LFPD,1.5322410418942918
NASA_m2_cm3,0.8446148697568546
NASA_m2_g,0.512926432477329
NAV_cm3_g,0.07645623216078766
