temp,lowp,outp,seed,mode,qt_frac,train_ratio,out_root,model,R2,MAE,RMSE,MAPE(%)
273K,0.01,1,2025,lowq,0.15,0.5,./RUN_FULL_EXP,cat,0.9840730937660285,0.019871025192838038,0.0015749513472592034,3.5919937866536062
