{
  "R2": 0.9840730937660285,
  "MAE": 0.019871025192838038,
  "RMSE": 0.0015749513472592034,
  "MAPE(%)": 3.5919937866536062
}