temp,lowp,outp,seed,mode,qt_frac,train_ratio,out_root,model,R2,MAE,RMSE,MAPE(%)
313K,0.05,5,2027,lowq,0.65,0.5,./RUN_FULL_EXP,cat,0.981222650705221,0.033566505141074655,0.0024051887462766017,3.0120287746629217
