{
  "R2": 0.981222650705221,
  "MAE": 0.033566505141074655,
  "RMSE": 0.0024051887462766017,
  "MAPE(%)": 3.0120287746629217
}