{
  "R2": 0.4368491903000178,
  "MAE": 0.11218285712013766,
  "RMSE": 0.039904646699971354,
  "MAPE(%)": 40.456170984521854
}