Feature,Importance
0.01,53.809186467694396
ASA_m2_g,17.91498294615118
ASA_m2_cm3,5.465333114533862
AV_VF,5.257604163736063
AV_cm3_g,4.549370013224132
cm3_g,3.081944442368655
PLD,2.8487615272336795
LFPD,2.3740792577155436
LCD,2.252453632832863
Has_OMS,1.1547251487382977
NASA_m2_cm3,0.7296484646208402
NASA_m2_g,0.49565659854044003
NAV_cm3_g,0.0662542226100676
