Feature,Importance
HENRY,53.876671900654124
ASA_m2_g,9.952844248399183
AV_VF,8.018403806678913
ASA_m2_cm3,7.631341966266081
AV_cm3_g,6.7481517983258845
PLD,2.969234810562025
cm3_g,2.567796127799521
LCD,2.2685208102874004
LFPD,2.2081120227586943
Has_OMS,1.8857896927242608
NASA_m2_cm3,0.9322273362382181
NASA_m2_g,0.8538081034271697
NAV_cm3_g,0.08709737587853879
