{
  "R2": 0.9468781226316653,
  "MAE": 0.24920677431823,
  "RMSE": 0.13820099989121232,
  "MAPE(%)": 6.463197330609042
}