{
  "R2": 0.9578087888219214,
  "MAE": 0.17559319615080934,
  "RMSE": 0.07430256727481205,
  "MAPE(%)": 5.912344360456996
}