Feature,Importance
0.5,92.25921724447137
AV_VF,1.060460439902101
ASA_m2_g,1.015279615703621
cm3_g,0.972172423325207
AV_cm3_g,0.7986800762414336
ASA_m2_cm3,0.7025208225970688
LCD,0.6942320800165963
LFPD,0.6925356533972669
PLD,0.6889434980266085
Has_OMS,0.5672565099361608
NASA_m2_cm3,0.33246496021028593
NASA_m2_g,0.1900365917083884
NAV_cm3_g,0.02620008446389879
