{
  "R2": 0.9946075743282019,
  "MAE": 0.009279116994305694,
  "RMSE": 0.00018250374751468048,
  "MAPE(%)": 1.6601077984792192
}