Feature,Importance
HENRY,70.21319081018643
ASA_m2_g,6.121513843588223
AV_VF,5.099311403191986
ASA_m2_cm3,4.913026402793935
AV_cm3_g,2.80730736649734
PLD,2.188072001255246
LFPD,1.934811534870433
LCD,1.8734770696201248
cm3_g,1.7954255458425032
Has_OMS,1.7914408292562882
NASA_m2_g,0.6193806706031587
NASA_m2_cm3,0.5876410284484735
NAV_cm3_g,0.05540149384583208
