{
  "R2": 0.96785638559367,
  "MAE": 0.058060128831420116,
  "RMSE": 0.009162349653069023,
  "MAPE(%)": 3.9541991687311517
}