Feature,Importance
0.1,76.64851175399656
ASA_m2_g,5.817443818371729
AV_VF,3.2897013035753453
ASA_m2_cm3,2.738965554696916
AV_cm3_g,2.3755823030060523
LFPD,1.7046873512470495
cm3_g,1.7024109236177076
LCD,1.6204349530651427
Has_OMS,1.465880220638372
PLD,1.44112358625926
NASA_m2_cm3,0.6118568158565882
NASA_m2_g,0.5283884659332803
NAV_cm3_g,0.05501294973599995
