{
  "R2": 0.9851995157359,
  "MAE": 0.032655001370295006,
  "RMSE": 0.0026605643429798024,
  "MAPE(%)": 2.994213357728362
}