Feature,Importance
0.05,88.07095210411667
cm3_g,2.001317844003218
AV_cm3_g,1.5939396088012223
AV_VF,1.2759567284799476
LCD,1.1637588095131528
Has_OMS,1.1128620965911789
ASA_m2_cm3,1.0816677366295253
ASA_m2_g,1.0771914236506392
PLD,0.7800340522499661
LFPD,0.7525798735968573
NASA_m2_cm3,0.5032932917349244
NASA_m2_g,0.3942758380047445
NAV_cm3_g,0.19217059262796576
