{
  "R2": 0.9922363851397441,
  "MAE": 0.007246376772841991,
  "RMSE": 0.00010991763454054177,
  "MAPE(%)": 1.9477547590213191
}