temp,lowp,outp,seed,mode,qt_frac,train_ratio,out_root,model,R2,MAE,RMSE,MAPE(%)
293K,0.05,1,2026,lowq,0.8,0.5,./RUN_FULL_EXP,cat,0.9922363851397441,0.007246376772841991,0.00010991763454054177,1.9477547590213191
