Feature,Importance
0.01,72.30419025294132
ASA_m2_cm3,5.036982070581756
AV_VF,4.50210259788771
ASA_m2_g,4.415646065626258
AV_cm3_g,3.3568362459787107
PLD,2.050823357615492
LCD,1.8492328778602907
cm3_g,1.7682655489694254
LFPD,1.6667382145716239
Has_OMS,1.6128870034795595
NASA_m2_cm3,0.7805335462872908
NASA_m2_g,0.592103882914577
NAV_cm3_g,0.06365833528600118
