{
  "R2": 0.9683669687335678,
  "MAE": 0.05935718220458993,
  "RMSE": 0.00735217726710545,
  "MAPE(%)": 4.009006888934808
}