Feature,Importance
0.01,85.24412575182302
cm3_g,2.4845167702342508
AV_cm3_g,1.9736156429540501
Has_OMS,1.63491632011204
LCD,1.3552119635762259
LFPD,1.3502218181907888
AV_VF,1.1919168889215654
ASA_m2_cm3,1.1506376802204181
ASA_m2_g,1.1474738422222657
PLD,1.1232602502376223
NASA_m2_cm3,0.9110713661467377
NASA_m2_g,0.38094133508685285
NAV_cm3_g,0.052090370274139736
