{
  "R2": 0.9627120705421418,
  "MAE": 0.00884250111045015,
  "RMSE": 0.0012249586755438365,
  "MAPE(%)": 3.225727018712458
}