temp,lowp,outp,seed,mode,qt_frac,train_ratio,out_root,model,R2,MAE,RMSE,MAPE(%)
313K,0.01,1,2029,lowq,0.05,0.5,./RUN_FULL_EXP,cat,0.9627120705421418,0.00884250111045015,0.0012249586755438365,3.225727018712458
