{
  "R2": 0.9966140745369909,
  "MAE": 0.005399973742109524,
  "RMSE": 6.413658353168673e-05,
  "MAPE(%)": 1.4511115051205294
}