temp,lowp,outp,seed,mode,qt_frac,train_ratio,out_root,model,R2,MAE,RMSE,MAPE(%)
293K,0.5,1,2027,lowq,0.6,0.5,./RUN_FULL_EXP,cat,0.9966140745369909,0.005399973742109524,6.413658353168673e-05,1.4511115051205294
