temp,lowp,outp,seed,mode,qt_frac,train_ratio,out_root,model,R2,MAE,RMSE,MAPE(%)
273K,0.1,5,2028,lowq,0.2,0.5,./RUN_FULL_EXP,cat,0.9641900479296054,0.09884932051537222,0.02539020757741881,5.0965220226726204
