{
  "R2": 0.9641900479296054,
  "MAE": 0.09884932051537222,
  "RMSE": 0.02539020757741881,
  "MAPE(%)": 5.0965220226726204
}