{
  "R2": 0.9797729878974096,
  "MAE": 0.03441552264452336,
  "RMSE": 0.003591606667668453,
  "MAPE(%)": 3.1618303235526697
}