temp,lowp,outp,seed,mode,qt_frac,train_ratio,out_root,model,R2,MAE,RMSE,MAPE(%)
313K,HENRY,5,2028,lowq,0.35,0.5,./RUN_FULL_EXP,cat,0.9797729878974096,0.03441552264452336,0.003591606667668453,3.1618303235526697
