{
  "R2": 0.9463865166151222,
  "MAE": 0.2516483000144349,
  "RMSE": 0.1384309524323781,
  "MAPE(%)": 6.345761817939984
}