{
  "R2": 0.9794354184556022,
  "MAE": 0.04850207630882613,
  "RMSE": 0.009338229677662754,
  "MAPE(%)": 3.18953927366255
}