Feature,Importance
0.1,86.18758347701994
AV_cm3_g,2.072724810195735
cm3_g,1.9610017964800943
AV_VF,1.735224444351096
LFPD,1.4801825906728185
Has_OMS,1.4310250875914738
PLD,1.2902711194839582
ASA_m2_g,1.078705661811964
ASA_m2_cm3,0.8536668785981816
LCD,0.8220747819019059
NASA_m2_cm3,0.7077444245058268
NASA_m2_g,0.30298916392383035
NAV_cm3_g,0.07680576346318874
