{
  "R2": 0.9924429780512227,
  "MAE": 0.008053489351747206,
  "RMSE": 0.0002165457131565379,
  "MAPE(%)": 2.200977968769837
}