temp,lowp,outp,seed,mode,qt_frac,train_ratio,out_root,model,R2,MAE,RMSE,MAPE(%)
293K,0.1,1,2028,lowq,0.3,0.5,./RUN_FULL_EXP,cat,0.9924429780512227,0.008053489351747206,0.0002165457131565379,2.200977968769837
