Feature,Importance
HENRY,63.637050947152936
ASA_m2_cm3,7.775263107466245
ASA_m2_g,7.50753295332244
AV_VF,4.948738657787372
AV_cm3_g,3.228625992554599
PLD,2.7376297270798586
LCD,2.5426290799751796
LFPD,2.1621072400853296
Has_OMS,2.147374298187524
cm3_g,1.7193992689503352
NASA_m2_cm3,0.9488273045431644
NASA_m2_g,0.6124183952537908
NAV_cm3_g,0.03240302764121741
