temp,lowp,outp,seed,mode,qt_frac,train_ratio,out_root,model,R2,MAE,RMSE,MAPE(%)
273K,HENRY,5,2025,lowq,0.75,0.5,./RUN_FULL_EXP,cat,0.9477707932554672,0.10159134207954318,0.024929807415500396,4.9617211235086796
