{
  "R2": 0.9477707932554672,
  "MAE": 0.10159134207954318,
  "RMSE": 0.024929807415500396,
  "MAPE(%)": 4.9617211235086796
}