Feature,Importance
0.5,91.21727501953032
cm3_g,1.2657062506407963
PLD,1.1778037210407863
Has_OMS,1.0296587559070234
LFPD,0.9687974881517196
AV_cm3_g,0.8232328063658281
ASA_m2_g,0.8187597766035792
AV_VF,0.8164578447723518
ASA_m2_cm3,0.7965589287301422
LCD,0.4331811859127006
NASA_m2_cm3,0.2958697259377745
NASA_m2_g,0.2430975069898912
NAV_cm3_g,0.11360098941709133
