{
  "R2": 0.99732700754225,
  "MAE": 0.0036064566422034173,
  "RMSE": 2.603100828066834e-05,
  "MAPE(%)": 1.4379142033077843
}