{
  "R2": 0.9664125230907195,
  "MAE": 0.16168780356621795,
  "RMSE": 0.058094366142606664,
  "MAPE(%)": 5.480734808137129
}