Feature,Importance
Has_OMS,15.230873788350136
cm3_g,14.793276040038437
PLD,13.819272311729753
AV_VF,11.913928353508132
ASA_m2_cm3,10.790955443513628
LCD,10.306164124976835
LFPD,5.976017260288485
ASA_m2_g,5.91058678270564
AV_cm3_g,5.63353316325484
NASA_m2_g,2.7083480753446962
NASA_m2_cm3,2.6341979562631965
NAV_cm3_g,0.2828467000262427
