Feature,Importance
cm3_g,14.446832220357305
PLD,14.15825407429866
Has_OMS,13.20381456556843
AV_VF,11.309340971017788
LCD,10.04361760580591
ASA_m2_cm3,8.943473477998012
ASA_m2_g,8.34749127053437
LFPD,7.229182031676158
AV_cm3_g,6.099773131518418
NASA_m2_g,3.0159030843529844
NASA_m2_cm3,2.943564406480559
NAV_cm3_g,0.25875316039141005
