{
  "R2": 0.3887866473179491,
  "MAE": 0.19038670900912266,
  "RMSE": 0.10007414406607947,
  "MAPE(%)": 51.14917227361245
}