{
  "R2": 0.37929909937595274,
  "MAE": 0.18723336238061464,
  "RMSE": 0.093294917895929,
  "MAPE(%)": 50.907805359623545
}