{
  "R2": 0.9588264702500211,
  "MAE": 0.23898998124452286,
  "RMSE": 0.12298166207777825,
  "MAPE(%)": 6.629147018224782
}