Feature,Importance
0.01,83.16725892632124
cm3_g,2.721715187015673
AV_cm3_g,1.9446138824415728
Has_OMS,1.7321289443043426
LCD,1.730121986921709
AV_VF,1.677276455166616
ASA_m2_cm3,1.4665673416919323
LFPD,1.320141433647658
ASA_m2_g,1.2269823776511475
NASA_m2_cm3,1.0570852014581427
PLD,1.0249184891130436
NASA_m2_g,0.7498090320941635
NAV_cm3_g,0.18138074217272182
