temp,lowp,outp,seed,mode,qt_frac,train_ratio,out_root,model,R2,MAE,RMSE,MAPE(%)
293K,0.01,1,2026,struct_with_input,0.3,0.3,./RUN_FULL_EXP,cat,0.9892662573637483,0.011071846545213284,0.00030684221744148196,3.2024339235134356
