{
  "R2": 0.9892662573637483,
  "MAE": 0.011071846545213284,
  "RMSE": 0.00030684221744148196,
  "MAPE(%)": 3.2024339235134356
}