temp,lowp,outp,seed,mode,qt_frac,train_ratio,out_root,model,R2,MAE,RMSE,MAPE(%)
273K,0.05,1,2027,lowq,0.2,0.5,./RUN_FULL_EXP,cat,0.9858119997884006,0.01708224476813281,0.0011365442463116466,2.989350101010038
