{
  "R2": 0.9858119997884006,
  "MAE": 0.01708224476813281,
  "RMSE": 0.0011365442463116466,
  "MAPE(%)": 2.989350101010038
}