{
  "R2": 0.9619770653220179,
  "MAE": 0.224406108499542,
  "RMSE": 0.1031519619806557,
  "MAPE(%)": 5.937365431564273
}