temp,lowp,outp,seed,mode,qt_frac,train_ratio,out_root,model,R2,MAE,RMSE,MAPE(%)
273K,0.5,15,2025,lowq,0.35,0.5,./RUN_FULL_EXP,cat,0.9619770653220179,0.224406108499542,0.1031519619806557,5.937365431564273
