{
  "R2": 0.9551833379168925,
  "MAE": 0.1736668102108333,
  "RMSE": 0.07068978988213352,
  "MAPE(%)": 5.694746505659481
}