{
  "R2": 0.9897411977467777,
  "MAE": 0.007090728966164128,
  "RMSE": 0.00014719169797640028,
  "MAPE(%)": 1.869771220243888
}