temp,lowp,outp,seed,mode,qt_frac,train_ratio,out_root,model,R2,MAE,RMSE,MAPE(%)
293K,HENRY,1,2028,lowq,0.8,0.5,./RUN_FULL_EXP,cat,0.9897411977467777,0.007090728966164128,0.00014719169797640028,1.869771220243888
