Feature,Importance
0.1,76.90457424126177
ASA_m2_g,5.872637598254565
AV_VF,3.332949438666125
ASA_m2_cm3,3.259842976530603
AV_cm3_g,1.9865682031750962
cm3_g,1.7232740458488773
Has_OMS,1.6847755399830435
LFPD,1.4684479230820973
LCD,1.3634674920062404
PLD,1.357833644771917
NASA_m2_cm3,0.4902859230666924
NASA_m2_g,0.4620367784230743
NAV_cm3_g,0.09330619492987977
