{
  "R2": 0.9837870483516526,
  "MAE": 0.03428185438159017,
  "RMSE": 0.0036246751725048424,
  "MAPE(%)": 3.188005319338387
}