Feature,Importance
0.1,61.01402383200208
ASA_m2_g,9.620175615339864
ASA_m2_cm3,6.068774406788417
AV_cm3_g,5.806967003032221
AV_VF,5.310657857135866
cm3_g,2.9577745524156698
PLD,2.201281175559628
LCD,1.8957719344078199
LFPD,1.8778715854282448
Has_OMS,1.4371117448578856
NASA_m2_cm3,0.9245877237181174
NASA_m2_g,0.7844894082073937
NAV_cm3_g,0.10051316110678361
