{
  "R2": 0.970505814335002,
  "MAE": 0.11115136708885513,
  "RMSE": 0.025827917755091138,
  "MAPE(%)": 4.414103669505658
}