temp,lowp,outp,seed,mode,qt_frac,train_ratio,out_root,model,R2,MAE,RMSE,MAPE(%)
313K,0.1,15,2027,lowq,0.55,0.5,./RUN_FULL_EXP,cat,0.970505814335002,0.11115136708885513,0.025827917755091138,4.414103669505658
