Feature,Importance
0.5,60.85531800223264
ASA_m2_g,9.833317203574552
AV_VF,7.222393452766214
AV_cm3_g,5.94851498662232
ASA_m2_cm3,5.021298539407376
cm3_g,2.6371502500446553
PLD,2.285836692899221
LCD,1.914769277637279
LFPD,1.7492339821111467
Has_OMS,1.169616416646538
NASA_m2_cm3,0.7294160252931357
NASA_m2_g,0.562184025092503
NAV_cm3_g,0.07095114567240203
