{
  "R2": 0.9619824198103597,
  "MAE": 0.1586725713157805,
  "RMSE": 0.04886376701285725,
  "MAPE(%)": 5.027507236938049
}