temp,lowp,outp,seed,mode,qt_frac,train_ratio,out_root,model,R2,MAE,RMSE,MAPE(%)
293K,0.5,15,2028,lowq,0.75,0.5,./RUN_FULL_EXP,cat,0.9619824198103597,0.1586725713157805,0.04886376701285725,5.027507236938049
