{
  "R2": 0.9761633670811356,
  "MAE": 0.006983876321664906,
  "RMSE": 0.0009148900215448742,
  "MAPE(%)": 2.388325458026467
}