{
  "R2": 0.9623973597932444,
  "MAE": 0.12198621110990235,
  "RMSE": 0.0393713292215966,
  "MAPE(%)": 5.138508779032095
}