{
  "R2": 0.9894462576082361,
  "MAE": 0.04111336097871682,
  "RMSE": 0.004405663065017616,
  "MAPE(%)": 3.3371400329393426
}