Feature,Importance
PLD,17.831176975856966
cm3_g,15.716586209961271
ASA_m2_cm3,10.569848791763555
AV_VF,10.485376233927596
LCD,10.375434657083
LFPD,9.730861081428149
AV_cm3_g,9.22920010387798
Has_OMS,8.034412890290078
ASA_m2_g,5.991839647180038
NASA_m2_cm3,0.9990776519878672
NASA_m2_g,0.9763633901843797
NAV_cm3_g,0.05982236645910697
