{
  "R2": 0.1278236868142021,
  "MAE": 0.23377122980228257,
  "RMSE": 0.1318317482917193,
  "MAPE(%)": 79.62590641118449
}