{
  "R2": 0.9612464657322672,
  "MAE": 0.16446357159645622,
  "RMSE": 0.05249286627488565,
  "MAPE(%)": 5.349196639882208
}