{
  "R2": 0.9696585805710449,
  "MAE": 0.06132571667371482,
  "RMSE": 0.008730533621219543,
  "MAPE(%)": 4.247534667317186
}