{
  "R2": 0.9666217013284026,
  "MAE": 0.0629878151100122,
  "RMSE": 0.009440385137796119,
  "MAPE(%)": 4.3603057233596925
}