{
  "R2": 0.9841791470940857,
  "MAE": 0.01830352760769115,
  "RMSE": 0.001043388508403477,
  "MAPE(%)": 3.393036675725367
}