temp,lowp,outp,seed,mode,qt_frac,train_ratio,out_root,model,R2,MAE,RMSE,MAPE(%)
313K,0.5,1,2029,lowq,0.7,0.5,./RUN_FULL_EXP,cat,0.9972075618852597,0.0032781832843080303,2.063833643395885e-05,1.2425819789831865
