{
  "R2": 0.9972075618852597,
  "MAE": 0.0032781832843080303,
  "RMSE": 2.063833643395885e-05,
  "MAPE(%)": 1.2425819789831865
}