{
  "R2": 0.9853323937598398,
  "MAE": 0.01588129763817512,
  "RMSE": 0.0009365021763399576,
  "MAPE(%)": 2.813350666418851
}