Feature,Importance
0.1,62.857690728472576
ASA_m2_g,10.456873771247633
ASA_m2_cm3,5.593708076832497
AV_cm3_g,5.404039696038347
AV_VF,4.605294165639704
cm3_g,2.737949151446371
LCD,2.054321806589579
PLD,1.906241618020772
LFPD,1.8315191006905398
Has_OMS,1.3341252727169912
NASA_m2_cm3,0.7000179819138399
NASA_m2_g,0.419468936905256
NAV_cm3_g,0.09874969348590208
