{
  "R2": 0.969848399379748,
  "MAE": 0.1099676901851427,
  "RMSE": 0.025673285162905922,
  "MAPE(%)": 4.4626030950974105
}