temp,lowp,outp,seed,mode,qt_frac,train_ratio,out_root,model,R2,MAE,RMSE,MAPE(%)
313K,0.1,15,2029,lowq,0.6,0.5,./RUN_FULL_EXP,cat,0.969848399379748,0.1099676901851427,0.025673285162905922,4.4626030950974105
