Feature,Importance
0.01,83.5428676913892
LCD,2.5746950013899252
AV_cm3_g,2.320026190592373
cm3_g,2.0522876279234534
ASA_m2_g,1.7136196356379936
AV_VF,1.5874191866748946
PLD,1.166379294962596
Has_OMS,1.1349796989273093
LFPD,1.0841120643592959
ASA_m2_cm3,1.0718605081242882
NASA_m2_g,0.9152589130713203
NASA_m2_cm3,0.7608945678607292
NAV_cm3_g,0.075599619086601
