{
  "R2": 0.9791103214989435,
  "MAE": 0.012305099204296718,
  "RMSE": 0.001121383755852412,
  "MAPE(%)": 3.2910485471650675
}