temp,lowp,outp,seed,mode,qt_frac,train_ratio,out_root,model,R2,MAE,RMSE,MAPE(%)
293K,0.01,1,2027,lowq,0.05,0.5,./RUN_FULL_EXP,cat,0.9791103214989435,0.012305099204296718,0.001121383755852412,3.2910485471650675
