temp,lowp,outp,seed,mode,qt_frac,train_ratio,out_root,model,R2,MAE,RMSE,MAPE(%)
273K,0.01,1,2025,struct_with_input,0.5,0.5,./RUN_FULL_EXP,cat,0.9859584550382107,0.016749099263275634,0.0007229020376460278,3.117583378173941
