{
  "R2": 0.9859584550382107,
  "MAE": 0.016749099263275634,
  "RMSE": 0.0007229020376460278,
  "MAPE(%)": 3.117583378173941
}