{
  "R2": 0.9828859796421312,
  "MAE": 0.017156479823493893,
  "RMSE": 0.000891923357235103,
  "MAPE(%)": 3.1741527692419913
}