{
  "R2": 0.9673799041410361,
  "MAE": 0.11251180130616148,
  "RMSE": 0.02543623616522531,
  "MAPE(%)": 4.409591093004535
}