Feature,Importance
0.01,54.81864371520465
ASA_m2_g,13.125109667409125
ASA_m2_cm3,5.484544884408088
cm3_g,5.4713273311880535
AV_cm3_g,5.270757790847947
AV_VF,4.663667106531739
LCD,2.802671900439548
PLD,2.597434565103201
LFPD,2.4740450988478995
Has_OMS,1.4401243739495588
NASA_m2_cm3,0.8259915409743233
NASA_m2_g,0.7958817017019776
NAV_cm3_g,0.22980032339387102
