{
  "R2": 0.9706455540348379,
  "MAE": 0.008864601639183886,
  "RMSE": 0.0009412398348466368,
  "MAPE(%)": 3.2521360865120084
}