temp,lowp,outp,seed,mode,qt_frac,train_ratio,out_root,model,R2,MAE,RMSE,MAPE(%)
313K,0.01,1,2025,lowq,0.05,0.5,./RUN_FULL_EXP,cat,0.9706455540348379,0.008864601639183886,0.0009412398348466368,3.2521360865120084
