{
  "R2": 0.9477298728959168,
  "MAE": 0.2029861963738425,
  "RMSE": 0.09631862645266273,
  "MAPE(%)": 7.1330565203404435
}