Feature,Importance
0.01,54.17354329820516
ASA_m2_g,13.603853791196798
ASA_m2_cm3,7.117240289441737
AV_cm3_g,6.173266880875127
AV_VF,4.681813667714368
cm3_g,3.638574336264188
LCD,2.609869982611173
PLD,2.545036483349774
LFPD,2.1782449264802017
Has_OMS,1.5425735171463193
NASA_m2_cm3,0.9734484172039377
NASA_m2_g,0.6243658376207716
NAV_cm3_g,0.13816857189046555
