{
  "R2": 0.9650065103556305,
  "MAE": 0.16929857646735702,
  "RMSE": 0.06202273432812148,
  "MAPE(%)": 5.773770277290309
}