Feature,Importance
0.05,70.05111067101416
ASA_m2_g,6.0229002690233635
ASA_m2_cm3,5.1436476639741535
AV_VF,4.717718985631246
AV_cm3_g,2.7642855176591636
LCD,2.240582885677618
Has_OMS,2.015078900321244
PLD,1.9436887795869044
LFPD,1.8144471389301926
cm3_g,1.4777551567619076
NASA_m2_cm3,1.1009838424269958
NASA_m2_g,0.6217130432420701
NAV_cm3_g,0.08608714575099946
