{
  "R2": 0.969388283859884,
  "MAE": 0.058578573478013235,
  "RMSE": 0.008068086607328911,
  "MAPE(%)": 3.9894889670552285
}