Feature,Importance
HENRY,77.42600058720943
ASA_m2_g,4.8388216386270475
ASA_m2_cm3,3.3649828640366723
AV_VF,3.0990283276973383
AV_cm3_g,2.726152926109586
cm3_g,1.6747448097480138
LCD,1.636490969243644
LFPD,1.3180003202463297
PLD,1.259314814294362
Has_OMS,1.108638533655666
NASA_m2_g,0.8052829946414426
NASA_m2_cm3,0.6883242073752771
NAV_cm3_g,0.054217007115201395
