{
  "R2": 0.97725606476213,
  "MAE": 0.03623196942028224,
  "RMSE": 0.006043850098615092,
  "MAPE(%)": 3.349904472755516
}