Feature,Importance
0.1,87.59479542145054
ASA_m2_g,1.6998205603747698
cm3_g,1.5588924341040715
Has_OMS,1.5457743007809466
AV_cm3_g,1.3161333543617355
ASA_m2_cm3,1.11051918664638
PLD,1.0869393683295523
LFPD,0.9357605256413962
LCD,0.888847189918825
AV_VF,0.8651813317445778
NASA_m2_cm3,0.6764690694164716
NASA_m2_g,0.6732802602171065
NAV_cm3_g,0.04758699701363566
