{
  "R2": 0.9955039559614521,
  "MAE": 0.004456506211745677,
  "RMSE": 4.368987055283743e-05,
  "MAPE(%)": 1.7311886774497864
}