Feature,Importance
0.05,63.08746793836671
ASA_m2_g,10.98964259267696
ASA_m2_cm3,6.110811426604408
AV_VF,4.63366127991175
AV_cm3_g,4.167643526749665
cm3_g,2.8115855299655275
LCD,2.394314368842529
PLD,1.9489914100589378
LFPD,1.3241486891890957
Has_OMS,1.0093717608548929
NASA_m2_g,0.9109038320739421
NASA_m2_cm3,0.5630513652677678
NAV_cm3_g,0.04840627943784217
