{
  "R2": 0.9689337420720547,
  "MAE": 0.11579309399658914,
  "RMSE": 0.02951397743444073,
  "MAPE(%)": 4.794855412342057
}