temp,lowp,outp,seed,mode,qt_frac,train_ratio,out_root,model,R2,MAE,RMSE,MAPE(%)
313K,0.05,15,2026,lowq,0.4,0.5,./RUN_FULL_EXP,cat,0.9689337420720547,0.11579309399658914,0.02951397743444073,4.794855412342057
