{
  "R2": 0.97672234162776,
  "MAE": 0.05844285503904013,
  "RMSE": 0.008979984173197704,
  "MAPE(%)": 4.144856546258952
}