Feature,Importance
0.05,47.69255924732048
ASA_m2_g,16.522801197204046
AV_cm3_g,7.536126372997212
ASA_m2_cm3,7.1646544197688575
AV_VF,4.928268784411993
cm3_g,4.4069460513948835
PLD,3.4619009010339976
LCD,2.633753627147573
LFPD,2.491267071665006
Has_OMS,1.5470790312938378
NASA_m2_cm3,0.825578749384489
NASA_m2_g,0.6287039082300155
NAV_cm3_g,0.16036063814761348
