temp,lowp,outp,seed,mode,qt_frac,train_ratio,out_root,model,R2,MAE,RMSE,MAPE(%)
273K,0.05,15,2027,lowq,0.05,0.5,./RUN_FULL_EXP,cat,0.957843731659956,0.23339554168895174,0.1277572181972351,6.504515602392624
