{
  "R2": 0.957843731659956,
  "MAE": 0.23339554168895174,
  "RMSE": 0.1277572181972351,
  "MAPE(%)": 6.504515602392624
}