{
  "R2": 0.9565989413478245,
  "MAE": 0.22652486356650212,
  "RMSE": 0.10039015691457097,
  "MAPE(%)": 5.819130007922737
}