Feature,Importance
ASA_m2_g,14.679867354728179
AV_VF,14.67974605433878
cm3_g,14.384514612298778
ASA_m2_cm3,10.817587175845265
PLD,10.083778259372218
AV_cm3_g,9.615696211500186
LCD,7.974150360191344
LFPD,7.673258806689412
Has_OMS,6.394621660229314
NASA_m2_g,1.5949092928430075
NASA_m2_cm3,1.5947294375686105
NAV_cm3_g,0.507140774394908
