{
  "R2": 0.718739580564737,
  "MAE": 0.5187829434669092,
  "RMSE": 0.5367183952855373,
  "MAPE(%)": 22.317885438637877
}