{
  "R2": 0.981107190158335,
  "MAE": 0.044882495568993895,
  "RMSE": 0.008748462163215417,
  "MAPE(%)": 2.915724994987065
}