{
  "R2": 0.9635663977133904,
  "MAE": 0.16587960776605132,
  "RMSE": 0.06826450151623621,
  "MAPE(%)": 5.874598872218999
}