Feature,Importance
HENRY,62.825874840554405
ASA_m2_g,9.128586586021717
ASA_m2_cm3,7.151011502761894
AV_VF,4.238057163548761
AV_cm3_g,3.2041769788931824
LFPD,2.8410251012399046
LCD,2.4306184751359066
PLD,2.4036188705134385
cm3_g,2.013613171324013
Has_OMS,1.8757314184682226
NASA_m2_cm3,0.9191575522913108
NASA_m2_g,0.891607156179126
NAV_cm3_g,0.07692118306810883
