{
  "R2": 0.9585966736688454,
  "MAE": 0.10220908654565064,
  "RMSE": 0.028285521596907556,
  "MAPE(%)": 5.1888629469695555
}