temp,lowp,outp,seed,mode,qt_frac,train_ratio,out_root,model,R2,MAE,RMSE,MAPE(%)
273K,HENRY,5,2027,lowq,0.25,0.5,./RUN_FULL_EXP,cat,0.9585966736688454,0.10220908654565064,0.028285521596907556,5.1888629469695555
