Feature,Importance
0.01,75.78299394674369
ASA_m2_g,4.5558045650398125
ASA_m2_cm3,3.5424159565289735
AV_VF,2.9109506322349423
AV_cm3_g,2.7978119645281483
cm3_g,2.6108409150279055
PLD,1.848333339562938
Has_OMS,1.503880508208978
LFPD,1.4605517801833134
LCD,1.4404101031707623
NASA_m2_g,0.7616844136058116
NASA_m2_cm3,0.6667652550205314
NAV_cm3_g,0.11755662014420072
