temp,lowp,outp,seed,mode,qt_frac,train_ratio,out_root,model,R2,MAE,RMSE,MAPE(%)
313K,0.01,5,2027,lowq,0.2,0.5,./RUN_FULL_EXP,cat,0.9748146549734924,0.04188140867441918,0.005496502018103779,3.831847206771203
