{
  "R2": 0.9748146549734924,
  "MAE": 0.04188140867441918,
  "RMSE": 0.005496502018103779,
  "MAPE(%)": 3.831847206771203
}