Feature,Importance
HENRY,85.90584626548173
AV_VF,1.9244362742349814
AV_cm3_g,1.802023937705404
cm3_g,1.791311794654277
LFPD,1.4352491775364116
ASA_m2_g,1.3718521406744915
LCD,1.326816599330336
Has_OMS,1.2420723145357768
PLD,1.103289169270413
ASA_m2_cm3,0.9930490902742277
NASA_m2_cm3,0.6046850957218496
NASA_m2_g,0.3596575862708915
NAV_cm3_g,0.1397105543092108
