{
  "R2": 0.9962716033667279,
  "MAE": 0.0041220788451322155,
  "RMSE": 4.222840590084986e-05,
  "MAPE(%)": 1.607430328252886
}