{
  "R2": 0.9565010665991515,
  "MAE": 0.16620415493277121,
  "RMSE": 0.06842069569747032,
  "MAPE(%)": 5.490661952933264
}