temp,lowp,outp,seed,mode,qt_frac,train_ratio,out_root,model,R2,MAE,RMSE,MAPE(%)
293K,HENRY,15,2025,lowq,0.45,0.5,./RUN_FULL_EXP,cat,0.9565010665991515,0.16620415493277121,0.06842069569747032,5.490661952933264
