Feature,Importance
0.05,88.95595315141172
cm3_g,1.8678297056201045
PLD,1.3393973343296728
AV_VF,1.3356979024952398
LFPD,1.3273384574278395
ASA_m2_g,1.1571681267040825
Has_OMS,1.0542927351242022
ASA_m2_cm3,0.8969027269819422
LCD,0.8139810730954419
AV_cm3_g,0.7269941759963731
NASA_m2_cm3,0.27275942538572173
NASA_m2_g,0.19336478120560516
NAV_cm3_g,0.058320404222081276
