{
  "R2": 0.9941957648446879,
  "MAE": 0.00478593771978512,
  "RMSE": 4.920660602652484e-05,
  "MAPE(%)": 1.8475698383891417
}