{
  "R2": 0.9897240472441857,
  "MAE": 0.006862773724177922,
  "RMSE": 8.849253274892767e-05,
  "MAPE(%)": 2.73629986374548
}