{
  "R2": 0.9758139679193166,
  "MAE": 0.05703994080256684,
  "RMSE": 0.01100989891433476,
  "MAPE(%)": 3.7120196877383083
}