{
  "R2": 0.9831878881218722,
  "MAE": 0.018580488922839023,
  "RMSE": 0.0010937271217926485,
  "MAPE(%)": 3.452613089697396
}