Feature,Importance
0.1,86.60016634894936
cm3_g,2.4268971562753165
AV_VF,1.7188516264093086
LFPD,1.6293406473155827
ASA_m2_cm3,1.3318088840264524
ASA_m2_g,1.1994507227877982
Has_OMS,1.1973083826999744
LCD,1.1237708518172989
AV_cm3_g,1.0875021789892545
PLD,0.8776076244564144
NASA_m2_g,0.3746969492482831
NASA_m2_cm3,0.37069511967837593
NAV_cm3_g,0.061903507346563504
