{
  "R2": 0.9629568817248261,
  "MAE": 0.006656466258786361,
  "RMSE": 0.0011640261071016967,
  "MAPE(%)": 2.453883471307376
}