{
  "R2": 0.9705666805153426,
  "MAE": 0.06134509073846767,
  "RMSE": 0.008403235947894303,
  "MAPE(%)": 4.278544074008802
}