{
  "R2": 0.9901372746646416,
  "MAE": 0.039356790547896536,
  "RMSE": 0.003572802725813763,
  "MAPE(%)": 3.1903172644781352
}