{
  "R2": 0.9448037810520608,
  "MAE": 0.021495673843980077,
  "RMSE": 0.003770020691904828,
  "MAPE(%)": 6.352387317994081
}