Feature,Importance
0.01,69.28303643646802
ASA_m2_g,5.478440041897311
ASA_m2_cm3,4.108701714853257
AV_VF,3.3079033635797566
AV_cm3_g,3.0979313102746837
Has_OMS,3.0438531178657793
PLD,2.857322984042974
cm3_g,2.577388968594735
LFPD,2.5190542195824457
LCD,2.385603766456181
NASA_m2_cm3,0.6746571913194238
NASA_m2_g,0.5555753556462785
NAV_cm3_g,0.1105315294191426
