{
  "R2": 0.9602750587944925,
  "MAE": 0.07676433189599535,
  "RMSE": 0.01600486478752317,
  "MAPE(%)": 5.658184812712054
}