Feature,Importance
0.1,71.63344307549256
ASA_m2_g,6.139255509219182
AV_VF,4.632212661313931
ASA_m2_cm3,4.397311228783693
AV_cm3_g,2.9209352814043266
LCD,1.9381829108028135
PLD,1.9077434937939184
Has_OMS,1.762733981979008
LFPD,1.7120168602283385
cm3_g,1.5491255727218074
NASA_m2_cm3,0.7284476089712185
NASA_m2_g,0.5972640083574748
NAV_cm3_g,0.08132780693173497
