{
  "R2": 0.9690130953317441,
  "MAE": 0.05509286324105075,
  "RMSE": 0.007212041302319645,
  "MAPE(%)": 3.6938677688274164
}