{
  "R2": 0.9582009558038309,
  "MAE": 0.22784256691017313,
  "RMSE": 0.12043090735110758,
  "MAPE(%)": 6.210043638914554
}