Feature,Importance
0.01,51.88390393033009
ASA_m2_g,13.668996839421364
AV_cm3_g,7.6232985948127485
ASA_m2_cm3,6.680419062111169
AV_VF,5.93307010678916
cm3_g,3.164569075113199
PLD,3.033214772385101
LFPD,2.3627849036320985
LCD,2.289281612846257
Has_OMS,1.6854161228619047
NASA_m2_cm3,0.8438406828253652
NASA_m2_g,0.7640864057649153
NAV_cm3_g,0.06711789110665935
