temp,lowp,outp,seed,mode,qt_frac,train_ratio,out_root,model,R2,MAE,RMSE,MAPE(%)
273K,0.01,15,2028,lowq,0.75,0.5,./RUN_FULL_EXP,cat,0.9497803447902998,0.2445004079995167,0.11966327552791489,6.151825048906733
