{
  "R2": 0.9497803447902998,
  "MAE": 0.2445004079995167,
  "RMSE": 0.11966327552791489,
  "MAPE(%)": 6.151825048906733
}