Feature,Importance
0.01,55.28880535419063
ASA_m2_g,12.931364246561019
ASA_m2_cm3,6.1571778003699125
AV_VF,6.035828675174573
AV_cm3_g,5.73336355296427
cm3_g,3.7210718890854695
PLD,3.070814456103401
LFPD,2.345816282346068
LCD,2.044012107279349
Has_OMS,1.1450370424634548
NASA_m2_g,0.7214538844962628
NASA_m2_cm3,0.6772510164457813
NAV_cm3_g,0.12800369251979488
