{
  "R2": 0.8395192636027198,
  "MAE": 0.14154870848462042,
  "RMSE": 0.04018997013593988,
  "MAPE(%)": 12.003114066689777
}