Feature,Importance
0.01,65.14206361503726
ASA_m2_cm3,6.332279740535461
ASA_m2_g,6.004419176291041
AV_VF,5.410278297967744
AV_cm3_g,3.14584588187238
PLD,2.7567870411464352
LFPD,2.6516049255234777
cm3_g,2.509682177738211
LCD,2.3451026899495355
Has_OMS,1.9326256826528996
NASA_m2_cm3,0.8491903612017162
NASA_m2_g,0.8311562764051675
NAV_cm3_g,0.08896413367866526
