{
  "R2": 0.960290290184072,
  "MAE": 0.10759807839514425,
  "RMSE": 0.03016262628140535,
  "MAPE(%)": 5.574246170386895
}