temp,lowp,outp,seed,mode,qt_frac,train_ratio,out_root,model,R2,MAE,RMSE,MAPE(%)
273K,0.01,5,2025,lowq,0.15,0.5,./RUN_FULL_EXP,cat,0.960290290184072,0.10759807839514425,0.03016262628140535,5.574246170386895
