{
  "R2": 0.9970454661415418,
  "MAE": 0.003713550345283818,
  "RMSE": 2.658683304828185e-05,
  "MAPE(%)": 1.452513662494766
}