Feature,Importance
0.01,51.57555931839817
ASA_m2_g,16.817783809447363
ASA_m2_cm3,8.069832557607164
cm3_g,5.059350235328273
AV_VF,4.228064199987049
AV_cm3_g,3.931542516234782
PLD,2.57036787614951
LCD,2.5653657016652227
LFPD,2.059111408972333
Has_OMS,1.1502332721220032
NASA_m2_g,0.976413460061586
NASA_m2_cm3,0.8727431491704226
NAV_cm3_g,0.1236324948561287
