{
  "R2": 0.9531550937231026,
  "MAE": 0.24583165514464053,
  "RMSE": 0.12567056099915952,
  "MAPE(%)": 6.507897410224686
}