Feature,Importance
0.01,80.85325200095518
ASA_m2_cm3,3.1941278283441856
Has_OMS,2.6498041791881572
AV_VF,2.2221999683477263
PLD,2.0106132665197305
ASA_m2_g,1.9149046547476913
AV_cm3_g,1.7627548720855692
cm3_g,1.5226382570462327
LFPD,1.365334554075318
LCD,1.2144273116685511
NASA_m2_cm3,0.7919564041823126
NASA_m2_g,0.427925933039051
NAV_cm3_g,0.07006076980027674
