Feature,Importance
0.01,82.20408880462095
ASA_m2_cm3,2.3097698744004784
AV_VF,2.1899246966407557
PLD,2.037350741089979
ASA_m2_g,1.9188569918995515
cm3_g,1.8015416826908675
AV_cm3_g,1.8004782990824901
LFPD,1.5798846624915843
Has_OMS,1.3557713543518335
LCD,1.3116517037492388
NASA_m2_cm3,0.9505585200440476
NASA_m2_g,0.4482430571258664
NAV_cm3_g,0.09187961181234845
