{
  "R2": 0.9844360920027072,
  "MAE": 0.01737286346248832,
  "RMSE": 0.000801207336080372,
  "MAPE(%)": 3.262747521654229
}