{
  "R2": 0.9917850020625328,
  "MAE": 0.007171423874498312,
  "RMSE": 0.00012486146226853488,
  "MAPE(%)": 1.8947000126244156
}