Feature,Importance
HENRY,78.13310264073344
ASA_m2_g,4.186658259070035
ASA_m2_cm3,3.084308044957743
AV_cm3_g,2.995244785792098
AV_VF,2.7401142206996414
cm3_g,2.2998167236280422
LCD,1.4476460824802295
PLD,1.3431875889481721
LFPD,1.3223686728821065
Has_OMS,1.2717786196120342
NASA_m2_cm3,0.7537919256900493
NASA_m2_g,0.3501796237644201
NAV_cm3_g,0.07180281174196704
