{
  "R2": 0.9808164994924142,
  "MAE": 0.03223519493323417,
  "RMSE": 0.002316915204019509,
  "MAPE(%)": 2.8502755177543095
}