{
  "R2": 0.9609361890320652,
  "MAE": 0.16692566634274195,
  "RMSE": 0.05573772493066702,
  "MAPE(%)": 5.217456162207888
}