Feature,Importance
0.05,62.231566730022884
ASA_m2_g,9.505560603772219
ASA_m2_cm3,6.4784886736981155
AV_VF,4.6728186813648405
AV_cm3_g,3.9832907709880394
LFPD,2.6620649889103514
PLD,2.4559816929957217
LCD,2.312623617045072
cm3_g,2.0216834352097934
Has_OMS,1.8198099594976302
NASA_m2_cm3,0.9213243731027975
NASA_m2_g,0.8084563460493611
NAV_cm3_g,0.12633012734320556
