temp,lowp,outp,seed,mode,qt_frac,train_ratio,out_root,model,R2,MAE,RMSE,MAPE(%)
273K,0.05,5,2027,lowq,0.6,0.5,./RUN_FULL_EXP,cat,0.9552016199445743,0.09989087914954123,0.02246225391011065,5.0671136334492575
