{
  "R2": 0.9552016199445743,
  "MAE": 0.09989087914954123,
  "RMSE": 0.02246225391011065,
  "MAPE(%)": 5.0671136334492575
}