Feature,Importance
0.01,69.27208305635085
ASA_m2_g,8.299450119214985
ASA_m2_cm3,4.326301076298827
AV_VF,4.006606351454491
AV_cm3_g,3.215355984572446
cm3_g,2.1813594336353352
LCD,2.124809487322289
LFPD,1.9413638898682142
PLD,1.7198670651296986
Has_OMS,1.4297223432183943
NASA_m2_cm3,0.8886520192393741
NASA_m2_g,0.5440922140128315
NAV_cm3_g,0.05033695968227212
