{
  "R2": 0.9652451014022083,
  "MAE": 0.06750465368475668,
  "RMSE": 0.017453188643522244,
  "MAPE(%)": 4.685673267128535
}