{
  "R2": 0.9163589308580954,
  "MAE": 0.09529124890678543,
  "RMSE": 0.025826711323482417,
  "MAPE(%)": 7.8107549473768705
}