{
  "R2": 0.9796473829577096,
  "MAE": 0.03166813222264172,
  "RMSE": 0.0024722135732204824,
  "MAPE(%)": 2.8248764353310043
}