{
  "R2": 0.985162149767821,
  "MAE": 0.019019648479789843,
  "RMSE": 0.0012565901208863425,
  "MAPE(%)": 3.4618844628116903
}