temp,lowp,outp,seed,mode,qt_frac,train_ratio,out_root,model,R2,MAE,RMSE,MAPE(%)
273K,0.01,1,2026,struct_with_input,0.2,0.4,./RUN_FULL_EXP,cat,0.985162149767821,0.019019648479789843,0.0012565901208863425,3.4618844628116903
