{
  "R2": 0.3128048160065887,
  "MAE": 0.19799101340539427,
  "RMSE": 0.11525518519261733,
  "MAPE(%)": 58.68420352499511
}