{
  "R2": 0.3317349880075465,
  "MAE": 0.1944976617954905,
  "RMSE": 0.1021714599684579,
  "MAPE(%)": 63.69793357783885
}