{
  "R2": 0.9895495901583157,
  "MAE": 0.009850787233768886,
  "RMSE": 0.00020810506278384845,
  "MAPE(%)": 2.758230625198892
}