temp,lowp,outp,seed,mode,qt_frac,train_ratio,out_root,model,R2,MAE,RMSE,MAPE(%)
293K,0.01,1,2027,lowq,0.55,0.5,./RUN_FULL_EXP,cat,0.9895495901583157,0.009850787233768886,0.00020810506278384845,2.758230625198892
