Feature,Importance
0.01,85.83885099871642
AV_cm3_g,1.9329769509367067
cm3_g,1.6723369588182777
PLD,1.6055614969990954
Has_OMS,1.4912516326199194
ASA_m2_cm3,1.383194615971276
LCD,1.369181351115884
ASA_m2_g,1.2095258839711163
AV_VF,1.1627613014838434
NASA_m2_cm3,1.012599506858723
LFPD,0.8762653964331374
NASA_m2_g,0.3542112520281798
NAV_cm3_g,0.09128265404742257
