{
  "R2": 0.9733745762355333,
  "MAE": 0.013625949042380738,
  "RMSE": 0.0018821823100349392,
  "MAPE(%)": 3.407785504725544
}