{
  "R2": 0.9627739350675595,
  "MAE": 0.10388542022205845,
  "RMSE": 0.031544731935373944,
  "MAPE(%)": 5.559133434488936
}