temp,lowp,outp,seed,mode,qt_frac,train_ratio,out_root,model,R2,MAE,RMSE,MAPE(%)
273K,0.1,5,2026,lowq,0.05,0.5,./RUN_FULL_EXP,cat,0.9627739350675595,0.10388542022205845,0.031544731935373944,5.559133434488936
