{
  "R2": 0.9647270979216801,
  "MAE": 0.10297070100993617,
  "RMSE": 0.027908981801435008,
  "MAPE(%)": 5.281478963043754
}