temp,lowp,outp,seed,mode,qt_frac,train_ratio,out_root,model,R2,MAE,RMSE,MAPE(%)
273K,HENRY,5,2025,lowq,0.1,0.5,./RUN_FULL_EXP,cat,0.9647270979216801,0.10297070100993617,0.027908981801435008,5.281478963043754
