Feature,Importance
0.05,84.97582009019534
ASA_m2_g,2.226592206847819
cm3_g,2.1519033004299173
LCD,1.6357901168493867
PLD,1.609577623592252
Has_OMS,1.5262329641652743
AV_cm3_g,1.4470266474605702
ASA_m2_cm3,1.131352391187945
AV_VF,1.0953584042771047
LFPD,1.0679085935460542
NASA_m2_cm3,0.653152581115466
NASA_m2_g,0.39662096806008235
NAV_cm3_g,0.08266411227280009
