temp,lowp,outp,seed,mode,qt_frac,train_ratio,out_root,model,R2,MAE,RMSE,MAPE(%)
313K,0.05,1,2027,lowq,0.2,0.5,./RUN_FULL_EXP,cat,0.9949638472134681,0.0051426790108402695,7.633236064184934e-05,2.1932496610225916
