{
  "R2": 0.9949638472134681,
  "MAE": 0.0051426790108402695,
  "RMSE": 7.633236064184934e-05,
  "MAPE(%)": 2.1932496610225916
}