temp,lowp,outp,seed,mode,qt_frac,train_ratio,out_root,model,R2,MAE,RMSE,MAPE(%)
293K,0.01,1,2027,struct_with_input,0.0,0.45,./RUN_FULL_EXP,cat,0.9621701022802664,0.014721064155741521,0.002804663222847006,3.6418717629518023
