{
  "R2": 0.9621701022802664,
  "MAE": 0.014721064155741521,
  "RMSE": 0.002804663222847006,
  "MAPE(%)": 3.6418717629518023
}