{
  "R2": 0.9798892363757753,
  "MAE": 0.017862939090947775,
  "RMSE": 0.002106602891581999,
  "MAPE(%)": 3.095395481060978
}