Feature,Importance
0.1,71.37881134576477
ASA_m2_g,5.751587031728538
ASA_m2_cm3,5.251361531883929
AV_VF,4.2921253822671845
AV_cm3_g,2.4458339910431905
LCD,2.1793224365491626
cm3_g,2.168284238565866
Has_OMS,1.669370382337015
PLD,1.627784268758597
LFPD,1.6249022457099276
NASA_m2_g,1.0365652394679215
NASA_m2_cm3,0.5175387167407709
NAV_cm3_g,0.05651318918316094
