temp,lowp,outp,seed,mode,qt_frac,train_ratio,out_root,model,R2,MAE,RMSE,MAPE(%)
293K,0.1,5,2026,lowq,0.75,0.5,./RUN_FULL_EXP,cat,0.9651896481785012,0.05584872147334796,0.007444422837345328,3.758202368156012
