{
  "R2": 0.9651896481785012,
  "MAE": 0.05584872147334796,
  "RMSE": 0.007444422837345328,
  "MAPE(%)": 3.758202368156012
}