{
  "R2": 0.9899596485666837,
  "MAE": 0.01107149662217503,
  "RMSE": 0.0002891953592273762,
  "MAPE(%)": 3.1668187110267128
}