Feature,Importance
0.1,84.9340188248617
AV_cm3_g,2.602760972745037
ASA_m2_g,1.765941790294119
cm3_g,1.5880673536177208
ASA_m2_cm3,1.4437924556888093
LFPD,1.3858412487812066
Has_OMS,1.3751573723395216
AV_VF,1.3640305424797754
PLD,1.2738838286544412
LCD,1.1322909605793472
NASA_m2_cm3,0.7825445864425803
NASA_m2_g,0.30037058913329595
NAV_cm3_g,0.05129947438247071
