temp,lowp,outp,seed,mode,qt_frac,train_ratio,out_root,model,R2,MAE,RMSE,MAPE(%)
273K,0.1,1,2029,lowq,0.7,0.5,./RUN_FULL_EXP,cat,0.9893059467234775,0.013444555253955692,0.00042042351650892635,2.4463236856822412
