{
  "R2": 0.9893059467234775,
  "MAE": 0.013444555253955692,
  "RMSE": 0.00042042351650892635,
  "MAPE(%)": 2.4463236856822412
}