Feature,Importance
0.1,88.81366507874397
Has_OMS,1.6616509792199448
AV_cm3_g,1.6029520097255665
cm3_g,1.3372762840760828
AV_VF,1.1630692269658078
LCD,1.084724381698144
ASA_m2_g,1.0099226265741754
ASA_m2_cm3,0.9754027782128144
LFPD,0.6196674884898038
NASA_m2_cm3,0.6015499864848408
PLD,0.5959553693616164
NASA_m2_g,0.45758781850536767
NAV_cm3_g,0.07657597194186047
