{
  "R2": 0.9941100781430465,
  "MAE": 0.004696968137400841,
  "RMSE": 7.22491670936848e-05,
  "MAPE(%)": 1.8335661272919992
}