Feature,Importance
0.1,87.22118456544571
AV_cm3_g,2.2562610741257263
Has_OMS,1.7130893236860218
cm3_g,1.5452508334611317
AV_VF,1.3813039075150277
ASA_m2_cm3,1.281733439232787
LFPD,1.0931840277462497
PLD,0.9811524913213003
ASA_m2_g,0.8605961247803988
LCD,0.8499938752717883
NASA_m2_cm3,0.40669511183179063
NASA_m2_g,0.3027489275932868
NAV_cm3_g,0.10680629798878206
