{
  "R2": 0.9960628083896303,
  "MAE": 0.0046406652465524134,
  "RMSE": 5.6420732168699894e-05,
  "MAPE(%)": 1.8361953112939262
}