temp,lowp,outp,seed,mode,qt_frac,train_ratio,out_root,model,R2,MAE,RMSE,MAPE(%)
273K,0.5,1,2025,lowq,0.15,0.5,./RUN_FULL_EXP,cat,0.9962681089387182,0.010999356510219235,0.00040132466394367635,1.9979499953601705
