{
  "R2": 0.9962681089387182,
  "MAE": 0.010999356510219235,
  "RMSE": 0.00040132466394367635,
  "MAPE(%)": 1.9979499953601705
}