Feature,Importance
0.5,78.28015437870073
ASA_m2_g,4.747640308605112
ASA_m2_cm3,3.0912829844234033
AV_VF,2.848501752686296
AV_cm3_g,2.4386302829800854
cm3_g,2.201876611154481
LCD,1.3856958094805252
Has_OMS,1.3008516546612503
LFPD,1.0042170389998597
PLD,0.9663325821571545
NASA_m2_cm3,0.890532513537808
NASA_m2_g,0.7113488046317524
NAV_cm3_g,0.13293527798154986
