{
  "R2": 0.9857203782170253,
  "MAE": 0.03274743360383493,
  "RMSE": 0.0037674072245232177,
  "MAPE(%)": 3.1194521846976797
}