temp,lowp,outp,seed,mode,qt_frac,train_ratio,out_root,model,R2,MAE,RMSE,MAPE(%)
313K,0.5,5,2027,lowq,0.05,0.5,./RUN_FULL_EXP,cat,0.9857203782170253,0.03274743360383493,0.0037674072245232177,3.1194521846976797
