{
  "R2": 0.970312955420714,
  "MAE": 0.06338180923439758,
  "RMSE": 0.01447803698850922,
  "MAPE(%)": 4.548062614224818
}