Feature,Importance
HENRY,81.32469788425387
ASA_m2_g,2.8707625131420724
ASA_m2_cm3,2.554416626467966
AV_VF,2.119802806387767
LCD,1.7499033922386371
Has_OMS,1.7114372326038452
LFPD,1.6022598555335192
AV_cm3_g,1.5432476379447702
PLD,1.4246035866026818
cm3_g,1.3607691735657894
NASA_m2_cm3,0.8739492074743377
NASA_m2_g,0.7870792033805716
NAV_cm3_g,0.07707088040419473
