{
  "R2": 0.9885961379964452,
  "MAE": 0.013166400879733383,
  "RMSE": 0.0004265578903852013,
  "MAPE(%)": 2.420189631233469
}