temp,lowp,outp,seed,mode,qt_frac,train_ratio,out_root,model,R2,MAE,RMSE,MAPE(%)
273K,0.01,15,2026,lowq,0.75,0.5,./RUN_FULL_EXP,cat,0.9524559411660755,0.24293748463300374,0.11404890277061808,6.190526035310477
