{
  "R2": 0.9524559411660755,
  "MAE": 0.24293748463300374,
  "RMSE": 0.11404890277061808,
  "MAPE(%)": 6.190526035310477
}