{
  "R2": 0.5234871172799059,
  "MAE": 0.33162823704549477,
  "RMSE": 0.2308540468536727,
  "MAPE(%)": 31.80658125442409
}