Feature,Importance
0.01,54.34975850034692
ASA_m2_g,13.399867394033976
ASA_m2_cm3,7.341155916381544
AV_cm3_g,5.4828511118238055
AV_VF,4.954789726920115
cm3_g,4.55389011513673
PLD,2.699979056666298
LCD,2.476814645051532
LFPD,1.9504059626765486
Has_OMS,1.1720261910155931
NASA_m2_g,0.844788834242965
NASA_m2_cm3,0.6585657537661674
NAV_cm3_g,0.11510679193781222
