{
  "R2": 0.9615818231742813,
  "MAE": 0.16919708569799782,
  "RMSE": 0.07126616878481107,
  "MAPE(%)": 5.890459290408914
}