{
  "R2": 0.9832575992763016,
  "MAE": 0.01765494845167416,
  "RMSE": 0.0013818060464514332,
  "MAPE(%)": 3.1006052007554823
}