temp,lowp,outp,seed,mode,qt_frac,train_ratio,out_root,model,R2,MAE,RMSE,MAPE(%)
273K,0.05,1,2026,lowq,0.2,0.5,./RUN_FULL_EXP,cat,0.9832575992763016,0.01765494845167416,0.0013818060464514332,3.1006052007554823
