temp,lowp,outp,seed,mode,qt_frac,train_ratio,out_root,model,R2,MAE,RMSE,MAPE(%)
273K,0.01,1,2027,struct,0.0,0.45,./RUN_FULL_EXP,cat,0.3969313942869702,0.18669170164045715,0.1000290728924047,47.102522382107196
