{
  "R2": 0.432095241930478,
  "MAE": 0.1818117002100867,
  "RMSE": 0.08661603361572495,
  "MAPE(%)": 50.05713771930312
}