{
  "R2": 0.3969313942869702,
  "MAE": 0.18669170164045715,
  "RMSE": 0.1000290728924047,
  "MAPE(%)": 47.102522382107196
}