{
  "R2": 0.9579820269006456,
  "MAE": 0.17352260112657333,
  "RMSE": 0.07154204184912656,
  "MAPE(%)": 5.775791004260106
}