{
  "R2": 0.9955047703138512,
  "MAE": 0.024300203188226316,
  "RMSE": 0.0013310299990404396,
  "MAPE(%)": 1.9253181687316587
}