{
  "R2": 0.9949220649777251,
  "MAE": 0.004527434366983581,
  "RMSE": 4.242557220261381e-05,
  "MAPE(%)": 1.7495110890556875
}