{
  "R2": 0.9927084243925003,
  "MAE": 0.030710762995872724,
  "RMSE": 0.002185095221249633,
  "MAPE(%)": 2.4267280556204174
}