{
  "R2": 0.9794793304868179,
  "MAE": 0.040532024990787265,
  "RMSE": 0.003738176962146755,
  "MAPE(%)": 3.841864731461489
}