{
  "R2": 0.8411068929929186,
  "MAE": 0.13904482314710964,
  "RMSE": 0.044499022735565864,
  "MAPE(%)": 11.993693248829217
}