{
  "R2": 0.9542450488016442,
  "MAE": 0.0987145759988654,
  "RMSE": 0.022541893531924675,
  "MAPE(%)": 4.916271082859362
}