{
  "R2": 0.9594915913517889,
  "MAE": 0.2282383797394646,
  "RMSE": 0.12234998577499591,
  "MAPE(%)": 6.471189050509424
}