Feature,Importance
HENRY,64.05960749938383
ASA_m2_g,7.2978442309581615
ASA_m2_cm3,6.7749525182848
AV_VF,4.90445196582044
AV_cm3_g,2.8836429971813504
cm3_g,2.8618378133898945
LCD,2.836216858777561
LFPD,2.590313086459454
PLD,2.360560288429755
Has_OMS,1.8845567534583325
NASA_m2_cm3,0.870262121198447
NASA_m2_g,0.6055683932463909
NAV_cm3_g,0.07018547341156675
