{
  "R2": 0.9594258928880051,
  "MAE": 0.10211187440443978,
  "RMSE": 0.027639064032571322,
  "MAPE(%)": 5.164339927529665
}