Feature,Importance
0.01,79.49488403553782
ASA_m2_g,3.5934100956193595
ASA_m2_cm3,2.9986732101444002
Has_OMS,2.691242172605581
AV_VF,1.8308775398331694
LFPD,1.7164699014620093
LCD,1.5819125779924168
cm3_g,1.4714086941058793
PLD,1.4660562827393395
AV_cm3_g,1.3880035901977656
NASA_m2_cm3,0.862717963128363
NASA_m2_g,0.8334913456272945
NAV_cm3_g,0.07085259100660478
