{
  "R2": 0.9846574266181456,
  "MAE": 0.01822040376338289,
  "RMSE": 0.0009034899214428203,
  "MAPE(%)": 3.4393378465087205
}