{
  "R2": 0.9869960220222241,
  "MAE": 0.017549369542595755,
  "RMSE": 0.0007890604435584679,
  "MAPE(%)": 3.259230438353019
}