Feature,Importance
0.01,82.26448963391702
ASA_m2_cm3,2.7460041124276353
AV_cm3_g,2.0185805736303193
AV_VF,1.9407853517829212
LCD,1.8903824392113495
cm3_g,1.816011593368048
ASA_m2_g,1.770365157340656
PLD,1.5972393146656014
LFPD,1.3198822976526894
Has_OMS,1.3192553610559763
NASA_m2_cm3,0.7950968193145129
NASA_m2_g,0.5007282653561943
NAV_cm3_g,0.021179080277074804
