{
  "R2": 0.985422665774235,
  "MAE": 0.015680171216510087,
  "RMSE": 0.0005870160182834715,
  "MAPE(%)": 2.930507546525733
}