{
  "R2": 0.9874092654851692,
  "MAE": 0.01234357443376733,
  "RMSE": 0.0004305836711897151,
  "MAPE(%)": 3.64453337637803
}