Feature,Importance
0.01,82.39089062454046
ASA_m2_cm3,2.695156587070183
AV_VF,2.3020592180547443
PLD,2.1020693660947765
ASA_m2_g,1.6678388567908393
AV_cm3_g,1.6609700918747783
Has_OMS,1.5738016273211202
LCD,1.526055035420687
cm3_g,1.4623714471619622
LFPD,1.2594760898331545
NASA_m2_cm3,0.9616705499686222
NASA_m2_g,0.38132954526716867
NAV_cm3_g,0.01631096060149583
