{
  "R2": 0.98681283945196,
  "MAE": 0.016777541407169336,
  "RMSE": 0.0006527064186189446,
  "MAPE(%)": 3.1588338928285657
}