{
  "R2": 0.9832983277393521,
  "MAE": 0.018891860362583966,
  "RMSE": 0.001105504596754766,
  "MAPE(%)": 3.53361922443971
}