{
  "R2": 0.9718793527248603,
  "MAE": 0.057363556288637034,
  "RMSE": 0.008430165243196196,
  "MAPE(%)": 3.9152890436226837
}