{
  "R2": 0.9628373006905061,
  "MAE": 0.10227622402025079,
  "RMSE": 0.02935447911296448,
  "MAPE(%)": 5.239182689293774
}