{
  "R2": 0.9644979699174904,
  "MAE": 0.11356011434167035,
  "RMSE": 0.04101299892501979,
  "MAPE(%)": 4.847691126912514
}