{
  "R2": 0.9858673699302483,
  "MAE": 0.01633395011185675,
  "RMSE": 0.0013879049670029904,
  "MAPE(%)": 2.941239816479852
}