temp,lowp,outp,seed,mode,qt_frac,train_ratio,out_root,model,R2,MAE,RMSE,MAPE(%)
273K,0.1,1,2026,lowq,0.15,0.5,./RUN_FULL_EXP,cat,0.9858673699302483,0.01633395011185675,0.0013879049670029904,2.941239816479852
