{
  "R2": 0.9647574305035119,
  "MAE": 0.1676891829715749,
  "RMSE": 0.058767169399123256,
  "MAPE(%)": 5.560564687256302
}