{
  "R2": 0.9559137893360337,
  "MAE": 0.18573386709901596,
  "RMSE": 0.08550277305566113,
  "MAPE(%)": 6.7265712744275525
}