Feature,Importance
0.5,65.42674955652946
ASA_m2_g,7.4705963731253
AV_cm3_g,6.656530619891289
AV_VF,6.216448923365613
ASA_m2_cm3,4.893259947534641
PLD,2.1067589262979225
cm3_g,1.9574622358757443
LFPD,1.7015646846104642
LCD,1.2518261303514182
Has_OMS,1.0446027716421067
NASA_m2_cm3,0.6602510317503493
NASA_m2_g,0.5479312875680769
NAV_cm3_g,0.0660175114576154
