temp,lowp,outp,seed,mode,qt_frac,train_ratio,out_root,model,R2,MAE,RMSE,MAPE(%)
313K,0.5,15,2028,lowq,0.75,0.5,./RUN_FULL_EXP,cat,0.9721873506613532,0.10408464265293112,0.021251881660763777,4.114729194694893
