{
  "R2": 0.9721873506613532,
  "MAE": 0.10408464265293112,
  "RMSE": 0.021251881660763777,
  "MAPE(%)": 4.114729194694893
}