Feature,Importance
0.01,75.15041998572663
ASA_m2_g,5.227137283246688
ASA_m2_cm3,3.52934139164047
AV_cm3_g,3.2232920965136143
AV_VF,2.8309867149092303
cm3_g,2.3310767874980045
Has_OMS,1.7574110166204466
LCD,1.5984041727422786
PLD,1.5168068334339828
LFPD,1.4937370268458197
NASA_m2_cm3,0.7128069785929556
NASA_m2_g,0.5849874713685732
NAV_cm3_g,0.04359224086130174
