{
  "R2": 0.9777628269665494,
  "MAE": 0.03952867691379178,
  "RMSE": 0.003061315614559026,
  "MAPE(%)": 3.611537856472872
}