{
  "R2": 0.9609381808744746,
  "MAE": 0.23620563472860742,
  "RMSE": 0.11897877076344479,
  "MAPE(%)": 6.837254170973704
}