{
  "R2": 0.9685007270540369,
  "MAE": 0.0227272334408511,
  "RMSE": 0.004662173879613848,
  "MAPE(%)": 4.080064920376137
}