{
  "R2": 0.967466306439379,
  "MAE": 0.023481154490564697,
  "RMSE": 0.004696941443756415,
  "MAPE(%)": 3.885328069266443
}