{
  "R2": 0.9781610318771768,
  "MAE": 0.05256012302865258,
  "RMSE": 0.010351805458238921,
  "MAPE(%)": 3.4076192601202613
}