Feature,Importance
PLD,15.329814820746956
Has_OMS,14.724712573397543
cm3_g,14.056784911444211
AV_VF,10.129478861794556
ASA_m2_cm3,9.953936447665527
LFPD,9.403065117561207
LCD,8.465787348853913
AV_cm3_g,6.906702831844484
ASA_m2_g,5.900708606672712
NASA_m2_g,2.4724853029226352
NASA_m2_cm3,2.3745294579026575
NAV_cm3_g,0.2819937191936109
