Feature,Importance
0.1,66.19220919364416
ASA_m2_cm3,7.652831557129511
ASA_m2_g,5.221211419168881
AV_VF,4.637430791558544
AV_cm3_g,3.4380961287712704
PLD,2.6492023970471306
LCD,2.571441622126544
cm3_g,2.4663391762243125
Has_OMS,1.9596170768765828
LFPD,1.8424366083842056
NASA_m2_cm3,0.6483223921163176
NASA_m2_g,0.5928197498907426
NAV_cm3_g,0.12804188706175906
