{
  "R2": 0.9600389350610332,
  "MAE": 0.09973223531976921,
  "RMSE": 0.02342293334664138,
  "MAPE(%)": 5.0533086080771685
}