Feature,Importance
0.5,92.52559680039889
AV_cm3_g,1.5078839398785104
cm3_g,1.173913242159633
AV_VF,0.8872884449112969
LCD,0.6709228211905767
Has_OMS,0.6249393452772247
ASA_m2_cm3,0.53771007614176
ASA_m2_g,0.48747122102614854
NASA_m2_g,0.4196659044477451
PLD,0.40375649277559283
LFPD,0.36775282499185236
NASA_m2_cm3,0.2640294028559654
NAV_cm3_g,0.12906948394484177
