temp,lowp,outp,seed,mode,qt_frac,train_ratio,out_root,model,R2,MAE,RMSE,MAPE(%)
293K,0.5,1,2026,lowq,0.6,0.5,./RUN_FULL_EXP,cat,0.9960069321946162,0.005691038490296856,7.479228674021115e-05,1.5474964292423554
