{
  "R2": 0.9960069321946162,
  "MAE": 0.005691038490296856,
  "RMSE": 7.479228674021115e-05,
  "MAPE(%)": 1.5474964292423554
}