temp,lowp,outp,seed,mode,qt_frac,train_ratio,out_root,model,R2,MAE,RMSE,MAPE(%)
293K,0.01,15,2025,struct_with_input,0.75,0.75,./RUN_FULL_EXP,cat,0.9612464657322672,0.16446357159645622,0.05249286627488565,5.349196639882208
