Feature,Importance
0.01,60.62973953913687
ASA_m2_g,12.947443768151556
ASA_m2_cm3,5.685274102086638
AV_VF,4.685437884588556
AV_cm3_g,4.075517608827541
cm3_g,3.496696474393272
PLD,2.12069564439179
LCD,1.8340917056076436
LFPD,1.7536514201450262
Has_OMS,1.3127595199016349
NASA_m2_cm3,0.8535920551357582
NASA_m2_g,0.4805306421098173
NAV_cm3_g,0.12456963552385893
