{
  "R2": 0.9648650129841077,
  "MAE": 0.12198958448743646,
  "RMSE": 0.02821797909789911,
  "MAPE(%)": 4.697969245604494
}