temp,lowp,outp,seed,mode,qt_frac,train_ratio,out_root,model,R2,MAE,RMSE,MAPE(%)
313K,0.1,5,2026,lowq,0.45,0.5,./RUN_FULL_EXP,cat,0.9839716322724423,0.0333374018550218,0.002580947152093853,3.0539045879450084
