{
  "R2": 0.9839716322724423,
  "MAE": 0.0333374018550218,
  "RMSE": 0.002580947152093853,
  "MAPE(%)": 3.0539045879450084
}