{
  "R2": 0.9649138336042152,
  "MAE": 0.020683350637085426,
  "RMSE": 0.004776686011815721,
  "MAPE(%)": 3.401215763147359
}