Feature,Importance
0.05,84.19629247515917
AV_VF,2.2574414420041866
ASA_m2_cm3,2.043514022529056
AV_cm3_g,2.03373971324116
PLD,1.6818871907318313
cm3_g,1.5304723279705965
Has_OMS,1.4009435673548387
ASA_m2_g,1.354480950012903
LFPD,1.097089928559828
LCD,1.0729256471898962
NASA_m2_g,0.6280203487824516
NASA_m2_cm3,0.5503367927959016
NAV_cm3_g,0.15285559366819126
