{
  "R2": 0.9852452575790938,
  "MAE": 0.015790356423443255,
  "RMSE": 0.0007679374804259433,
  "MAPE(%)": 2.8633842211834626
}