Feature,Importance
0.01,82.70951516098874
AV_cm3_g,2.2162254090184588
ASA_m2_cm3,2.0874171337784984
cm3_g,1.8418609943506883
AV_VF,1.7688125687191305
ASA_m2_g,1.7393023383420922
LCD,1.73355766453175
PLD,1.5619464174629123
Has_OMS,1.51303676313116
LFPD,1.2880087174729165
NASA_m2_cm3,0.9725434890335326
NASA_m2_g,0.4932285916886377
NAV_cm3_g,0.07454475148146522
