{
  "R2": 0.985398129738444,
  "MAE": 0.016715960159758774,
  "RMSE": 0.0006756949314336674,
  "MAPE(%)": 3.1599376052925345
}