Feature,Importance
HENRY,56.02624776575813
ASA_m2_g,15.353786154100987
AV_VF,5.996607934605186
ASA_m2_cm3,5.565081448428675
cm3_g,3.4886555736471507
AV_cm3_g,3.2719093388174634
PLD,2.7149123253780236
LCD,2.625715490794864
LFPD,2.04924222561504
Has_OMS,1.3340797306227887
NASA_m2_cm3,0.9059887439232395
NASA_m2_g,0.5893361751255275
NAV_cm3_g,0.07843709318293755
