temp,lowp,outp,seed,mode,qt_frac,train_ratio,out_root,model,R2,MAE,RMSE,MAPE(%)
293K,HENRY,15,2025,lowq,0.75,0.5,./RUN_FULL_EXP,cat,0.9576013483360395,0.16328575319917527,0.056286726581256136,5.163014487710931
