{
  "R2": 0.9576013483360395,
  "MAE": 0.16328575319917527,
  "RMSE": 0.056286726581256136,
  "MAPE(%)": 5.163014487710931
}