{
  "R2": 0.9442404139697242,
  "MAE": 0.09756994759138064,
  "RMSE": 0.026338926876061843,
  "MAPE(%)": 7.947539408122006
}