{
  "R2": 0.9853070544012601,
  "MAE": 0.017330541539285926,
  "RMSE": 0.0007659009979090327,
  "MAPE(%)": 3.2410268051170936
}