temp,lowp,outp,seed,mode,qt_frac,train_ratio,out_root,model,R2,MAE,RMSE,MAPE(%)
313K,0.01,5,2027,lowq,0.1,0.5,./RUN_FULL_EXP,cat,0.9785127203057754,0.042393120404449106,0.005370484242099693,4.068975189956982
