{
  "R2": 0.9785127203057754,
  "MAE": 0.042393120404449106,
  "RMSE": 0.005370484242099693,
  "MAPE(%)": 4.068975189956982
}