temp,lowp,outp,seed,mode,qt_frac,train_ratio,out_root,model,R2,MAE,RMSE,MAPE(%)
313K,HENRY,5,2026,lowq,0.2,0.5,./RUN_FULL_EXP,cat,0.9844193214195883,0.03411896141031018,0.0032437471977579424,3.1975228451841065
