{
  "R2": 0.9844193214195883,
  "MAE": 0.03411896141031018,
  "RMSE": 0.0032437471977579424,
  "MAPE(%)": 3.1975228451841065
}