{
  "R2": 0.4319964520441325,
  "MAE": 0.18260540768879702,
  "RMSE": 0.09423883817707508,
  "MAPE(%)": 56.12952858894678
}