temp,lowp,outp,seed,mode,qt_frac,train_ratio,out_root,model,R2,MAE,RMSE,MAPE(%)
273K,0.01,1,2025,struct,0.0,0.6,./RUN_FULL_EXP,cat,0.39897048335431984,0.1832230282868673,0.08816059760041385,49.55282437252142
