{
  "R2": 0.5645520213290086,
  "MAE": 0.32453306624174666,
  "RMSE": 0.2152350983915674,
  "MAPE(%)": 31.979408579049174
}