{
  "R2": 0.9938268937356131,
  "MAE": 0.026289931435710186,
  "RMSE": 0.0015841431456542455,
  "MAPE(%)": 2.0575026099532585
}