{
  "R2": 0.9932143892903674,
  "MAE": 0.004644022838179562,
  "RMSE": 4.456406912294141e-05,
  "MAPE(%)": 1.769078864767654
}