temp,lowp,outp,seed,mode,qt_frac,train_ratio,out_root,model,R2,MAE,RMSE,MAPE(%)
313K,0.05,1,2027,lowq,0.8,0.5,./RUN_FULL_EXP,cat,0.9932143892903674,0.004644022838179562,4.456406912294141e-05,1.769078864767654
