Feature,Importance
0.01,82.72228111606269
AV_cm3_g,2.3912118426374165
ASA_m2_cm3,2.0598779612785685
AV_VF,1.9834447173697538
Has_OMS,1.7400972803364534
cm3_g,1.7364854389477635
PLD,1.5794620426822885
LCD,1.4787155369239757
ASA_m2_g,1.4314593602577386
LFPD,1.3738627488055501
NASA_m2_g,0.765592978416324
NASA_m2_cm3,0.6676359646258972
NAV_cm3_g,0.06987301165561417
