{
  "R2": 0.9692015135488652,
  "MAE": 0.02214196760800886,
  "RMSE": 0.0038934730709175892,
  "MAPE(%)": 3.9349634775198314
}