temp,lowp,outp,seed,mode,qt_frac,train_ratio,out_root,model,R2,MAE,RMSE,MAPE(%)
273K,0.01,1,2025,lowq,0.05,0.5,./RUN_FULL_EXP,cat,0.9692015135488652,0.02214196760800886,0.0038934730709175892,3.9349634775198314
