Feature,Importance
0.05,84.51399285789944
ASA_m2_cm3,2.2279912077616024
AV_cm3_g,2.0480757567467953
AV_VF,1.7423654833718798
ASA_m2_g,1.5571341027336656
cm3_g,1.4924019401662398
LCD,1.399268443617597
Has_OMS,1.3658372904151506
PLD,1.3070458158660256
LFPD,1.0837592123949766
NASA_m2_cm3,0.7008537475381372
NASA_m2_g,0.4967180619931485
NAV_cm3_g,0.06455607949534696
