{
  "R2": 0.97609455009909,
  "MAE": 0.01986570837320479,
  "RMSE": 0.0028537070184758225,
  "MAPE(%)": 3.3222698142658826
}