temp,lowp,outp,seed,mode,qt_frac,train_ratio,out_root,model,R2,MAE,RMSE,MAPE(%)
273K,0.05,1,2029,lowq,0.1,0.5,./RUN_FULL_EXP,cat,0.97609455009909,0.01986570837320479,0.0028537070184758225,3.3222698142658826
