Feature,Importance
0.01,86.2579541259942
cm3_g,2.0450440247260047
AV_cm3_g,1.8070694426120792
LCD,1.7864611499331373
Has_OMS,1.4316627283070915
AV_VF,1.2987090930360112
PLD,1.286841154950528
ASA_m2_cm3,1.2488288720322307
LFPD,1.0609983253728263
ASA_m2_g,0.854232003600258
NASA_m2_cm3,0.5152390551956489
NASA_m2_g,0.33229442924935715
NAV_cm3_g,0.07466559499062649
