{
  "R2": 0.9909560458736112,
  "MAE": 0.009902806740642707,
  "RMSE": 0.00023296152506247492,
  "MAPE(%)": 2.7857209157615843
}