{
  "R2": 0.9784860025242014,
  "MAE": 0.055322668494013,
  "RMSE": 0.009482039216916299,
  "MAPE(%)": 3.7847375163720964
}