Feature,Importance
0.01,73.32510416718607
ASA_m2_g,5.324175351826794
AV_VF,4.456760189438269
ASA_m2_cm3,4.301826936587242
AV_cm3_g,3.2993037561294916
LCD,2.23578673675519
PLD,1.8277772617845043
cm3_g,1.4962265729670958
LFPD,1.3977889190357482
Has_OMS,1.02055161757146
NASA_m2_g,0.8305441709525725
NASA_m2_cm3,0.43995106658644606
NAV_cm3_g,0.04420325317910569
