{
  "R2": 0.9626532388337566,
  "MAE": 0.0741368105791797,
  "RMSE": 0.018278424750602325,
  "MAPE(%)": 5.2231956006707385
}