{
  "R2": 0.9856995093897987,
  "MAE": 0.016348580125966513,
  "RMSE": 0.0007037715579008109,
  "MAPE(%)": 3.0390663189986404
}