{
  "R2": 0.9864914697690954,
  "MAE": 0.016376740199969885,
  "RMSE": 0.0006561420173629222,
  "MAPE(%)": 3.031285047720586
}