Feature,Importance
0.1,85.83650211210319
AV_VF,1.9250623824661834
AV_cm3_g,1.8261249911937147
ASA_m2_cm3,1.760726430207934
cm3_g,1.5323881952872036
PLD,1.490144049867473
Has_OMS,1.351812120607315
LCD,1.0881243072314535
ASA_m2_g,1.0639007813677246
LFPD,0.7633109348109933
NASA_m2_g,0.6711878300668389
NASA_m2_cm3,0.5850271698220584
NAV_cm3_g,0.10568869496789744
