temp,lowp,outp,seed,mode,qt_frac,train_ratio,out_root,model,R2,MAE,RMSE,MAPE(%)
273K,0.1,1,2026,lowq,0.35,0.5,./RUN_FULL_EXP,cat,0.9895122755036254,0.014992085859517312,0.0006772395158376781,2.7191569208896498
