{
  "R2": 0.9895122755036254,
  "MAE": 0.014992085859517312,
  "RMSE": 0.0006772395158376781,
  "MAPE(%)": 2.7191569208896498
}