Feature,Importance
0.1,51.11752260824012
ASA_m2_g,15.340079484678252
ASA_m2_cm3,7.444528433185109
AV_cm3_g,5.323762020965952
cm3_g,5.161958777046285
AV_VF,5.141281284391525
PLD,2.8306467114374474
LFPD,2.541742238076357
LCD,2.3830327973464978
Has_OMS,1.320979103211975
NASA_m2_cm3,0.846495188630835
NASA_m2_g,0.492350997659165
NAV_cm3_g,0.05562035513048337
