{
  "R2": 0.9451619268773694,
  "MAE": 0.23948994096037593,
  "RMSE": 0.12896661268365275,
  "MAPE(%)": 6.044269432014109
}