Feature,Importance
0.01,83.96260948020756
cm3_g,2.0694441768002108
Has_OMS,1.816130672193308
LCD,1.760151511646054
AV_cm3_g,1.7499751605397935
ASA_m2_g,1.594306011123657
ASA_m2_cm3,1.4218015934313237
PLD,1.342159797531583
AV_VF,1.2831023167737599
LFPD,1.1948125252170276
NASA_m2_cm3,0.9047735986297377
NASA_m2_g,0.8159470143612236
NAV_cm3_g,0.08478614154476767
