{
  "R2": 0.9902736661073974,
  "MAE": 0.010068392707808843,
  "RMSE": 0.00022612309952356203,
  "MAPE(%)": 2.822837469660878
}