temp,lowp,outp,seed,mode,qt_frac,train_ratio,out_root,model,R2,MAE,RMSE,MAPE(%)
293K,0.01,1,2027,lowq,0.45,0.5,./RUN_FULL_EXP,cat,0.9902736661073974,0.010068392707808843,0.00022612309952356203,2.822837469660878
