Feature,Importance
HENRY,76.8934532004172
ASA_m2_g,4.984158455808851
AV_VF,3.929221557190088
ASA_m2_cm3,2.6324261704996466
AV_cm3_g,2.079369842408431
cm3_g,2.012051611130724
LFPD,1.737906066599256
Has_OMS,1.6038497319077183
LCD,1.5854651542269043
PLD,1.5502169175534124
NASA_m2_g,0.5370014936230959
NASA_m2_cm3,0.38236538782942353
NAV_cm3_g,0.07251441080521556
