{
  "R2": 0.9833527032957246,
  "MAE": 0.03439130037768245,
  "RMSE": 0.0034389499703454526,
  "MAPE(%)": 3.252443655152076
}