{
  "R2": 0.960284887566599,
  "MAE": 0.22201676414611465,
  "RMSE": 0.1113294706702578,
  "MAPE(%)": 5.984819062295717
}