temp,lowp,outp,seed,mode,qt_frac,train_ratio,out_root,model,R2,MAE,RMSE,MAPE(%)
273K,0.5,15,2026,lowq,0.2,0.5,./RUN_FULL_EXP,cat,0.960284887566599,0.22201676414611465,0.1113294706702578,5.984819062295717
