{
  "R2": 0.9589265701040844,
  "MAE": 0.1019621348375631,
  "RMSE": 0.027306901867306905,
  "MAPE(%)": 5.126963355227752
}