Feature,Importance
0.05,72.03931603246211
ASA_m2_g,5.227304136586809
ASA_m2_cm3,4.940058096627701
AV_VF,4.438339027006028
cm3_g,2.494427241586043
AV_cm3_g,2.1828158993913087
LCD,2.090170573010711
Has_OMS,1.8105729790200271
PLD,1.7333813348411231
LFPD,1.71709915806648
NASA_m2_g,0.7588680145654064
NASA_m2_cm3,0.4420238567524184
NAV_cm3_g,0.12562365008383938
