{
  "R2": 0.9704654495524804,
  "MAE": 0.05786084048361797,
  "RMSE": 0.009036105961550004,
  "MAPE(%)": 3.95279458255155
}