temp,lowp,outp,seed,mode,qt_frac,train_ratio,out_root,model,R2,MAE,RMSE,MAPE(%)
293K,0.05,5,2025,lowq,0.45,0.5,./RUN_FULL_EXP,cat,0.9704654495524804,0.05786084048361797,0.009036105961550004,3.95279458255155
