temp,lowp,outp,seed,mode,qt_frac,train_ratio,out_root,model,R2,MAE,RMSE,MAPE(%)
313K,0.5,5,2025,lowq,0.3,0.5,./RUN_FULL_EXP,cat,0.9870917132830417,0.030404291978826752,0.002405797805692309,2.8010328935639706
