{
  "R2": 0.9870917132830417,
  "MAE": 0.030404291978826752,
  "RMSE": 0.002405797805692309,
  "MAPE(%)": 2.8010328935639706
}