{
  "R2": 0.9595274841317949,
  "MAE": 0.16461843889124111,
  "RMSE": 0.054639707465234076,
  "MAPE(%)": 5.227292381142434
}