Feature,Importance
0.1,89.91084325646433
cm3_g,1.5339391568825407
ASA_m2_cm3,1.5021590895867363
AV_cm3_g,1.3651273783751794
Has_OMS,0.9213617165902768
PLD,0.920364452773149
AV_VF,0.8965175951580644
LCD,0.7760344854079401
LFPD,0.7403205810011151
ASA_m2_g,0.6824364154477822
NASA_m2_cm3,0.37917335998929924
NASA_m2_g,0.29010436484836555
NAV_cm3_g,0.08161814747524128
