{
  "R2": 0.9857998879761442,
  "MAE": 0.005691671535619925,
  "RMSE": 0.0003524603822381093,
  "MAPE(%)": 2.0688952348939953
}