{
  "R2": 0.9919025381019082,
  "MAE": 0.007898816883075569,
  "RMSE": 0.00015279459792144205,
  "MAPE(%)": 2.1361044860657565
}