Feature,Importance
0.05,65.6361209604191
ASA_m2_g,7.322519063893329
ASA_m2_cm3,6.012142146721697
AV_VF,4.765478023160733
AV_cm3_g,3.0349391018384457
cm3_g,2.475953067552677
LFPD,2.4627042174164617
LCD,2.4606664823507782
PLD,2.2125712936923674
Has_OMS,2.0185403023681547
NASA_m2_cm3,0.9129478357872987
NASA_m2_g,0.6067428960693937
NAV_cm3_g,0.07867460872954786
