{
  "R2": 0.95816724723638,
  "MAE": 0.10694135193101727,
  "RMSE": 0.03144534208898185,
  "MAPE(%)": 5.560706860768471
}