{
  "R2": 0.9736309183821652,
  "MAE": 0.04996127791158243,
  "RMSE": 0.005324242858034565,
  "MAPE(%)": 3.3237699732428654
}