{
  "R2": 0.9636030861483722,
  "MAE": 0.15467154552730256,
  "RMSE": 0.0471966713282065,
  "MAPE(%)": 4.9661409652699
}