Feature,Importance
0.05,51.17794585027441
ASA_m2_g,16.623926066086362
ASA_m2_cm3,6.554272996850111
AV_VF,6.257029078405122
AV_cm3_g,5.340646974652158
cm3_g,4.047819205324939
PLD,2.5923443255345866
LCD,2.1030078164245696
LFPD,2.0504356797503918
Has_OMS,1.3101721365686596
NASA_m2_g,0.9260919925848516
NASA_m2_cm3,0.895225484416124
NAV_cm3_g,0.1210823931277086
