{
  "R2": 0.9669373860863247,
  "MAE": 0.16411919431732622,
  "RMSE": 0.05996645640744308,
  "MAPE(%)": 5.617139938849835
}