Feature,Importance
0.1,64.36265201655206
ASA_m2_g,7.561198324610702
ASA_m2_cm3,7.038732777980654
AV_VF,4.515605124471604
AV_cm3_g,2.969959476199824
PLD,2.846225440881572
LFPD,2.7810873277187445
cm3_g,2.458768619651379
LCD,2.1236417890295867
Has_OMS,1.7513493779417058
NASA_m2_cm3,0.8813469001289221
NASA_m2_g,0.6329231143667698
NAV_cm3_g,0.07650971046644993
