temp,lowp,outp,seed,mode,qt_frac,train_ratio,out_root,model,R2,MAE,RMSE,MAPE(%)
273K,0.1,5,2025,lowq,0.7,0.5,./RUN_FULL_EXP,cat,0.955843530110523,0.09698292238888784,0.02095529123387654,4.809447520901066
