{
  "R2": 0.955843530110523,
  "MAE": 0.09698292238888784,
  "RMSE": 0.02095529123387654,
  "MAPE(%)": 4.809447520901066
}