temp,lowp,outp,seed,mode,qt_frac,train_ratio,out_root,model,R2,MAE,RMSE,MAPE(%)
293K,HENRY,15,2029,lowq,0.7,0.5,./RUN_FULL_EXP,cat,0.961005463278477,0.1613431542950031,0.053338565425553396,4.980099100188549
