{
  "R2": 0.961005463278477,
  "MAE": 0.1613431542950031,
  "RMSE": 0.053338565425553396,
  "MAPE(%)": 4.980099100188549
}