{
  "R2": 0.982069839135123,
  "MAE": 0.029381511671683506,
  "RMSE": 0.001856685602822844,
  "MAPE(%)": 2.609342159670941
}