Feature,Importance
0.5,75.78137568216283
ASA_m2_g,5.388645674122517
AV_VF,3.959285259468594
ASA_m2_cm3,3.241952832388077
AV_cm3_g,2.683196749195939
PLD,1.6678160067644867
LFPD,1.6666138654861375
cm3_g,1.5423389580024618
LCD,1.5250752238059402
Has_OMS,1.2278287060496913
NASA_m2_cm3,0.6849610247849408
NASA_m2_g,0.586907032523986
NAV_cm3_g,0.04400298524436773
