{
  "R2": 0.9791570710731289,
  "MAE": 0.05242939535532954,
  "RMSE": 0.006845189691025637,
  "MAPE(%)": 3.5585623625453775
}