{
  "R2": 0.9903666506912177,
  "MAE": 0.036238451099161045,
  "RMSE": 0.003683562845635391,
  "MAPE(%)": 2.808598333563302
}