temp,lowp,outp,seed,mode,qt_frac,train_ratio,out_root,model,R2,MAE,RMSE,MAPE(%)
273K,HENRY,1,2026,lowq,0.35,0.5,./RUN_FULL_EXP,cat,0.9872585578682908,0.015681335042075098,0.0008235904423712694,2.769627610378092
