{
  "R2": 0.9872585578682908,
  "MAE": 0.015681335042075098,
  "RMSE": 0.0008235904423712694,
  "MAPE(%)": 2.769627610378092
}