{
  "R2": 0.9087617084701268,
  "MAE": 0.10008001263960375,
  "RMSE": 0.026206536643013853,
  "MAPE(%)": 8.593558119663898
}