{
  "R2": 0.9597619021569196,
  "MAE": 0.10805898888728344,
  "RMSE": 0.0341715194919482,
  "MAPE(%)": 5.973641929188882
}