Feature,Importance
HENRY,71.53531420256157
ASA_m2_g,5.965152458923159
AV_VF,5.038288687494646
ASA_m2_cm3,4.200401384574156
Has_OMS,2.281353707769864
AV_cm3_g,2.1116992942863795
LCD,2.0673112894311614
cm3_g,1.960782976468266
PLD,1.9374409133179418
LFPD,1.8111667888966574
NASA_m2_cm3,0.5785660758009478
NASA_m2_g,0.4162656859924803
NAV_cm3_g,0.09625653448276314
