{
  "R2": 0.9740840387053085,
  "MAE": 0.05827459672008004,
  "RMSE": 0.009786810346102343,
  "MAPE(%)": 4.057409815185528
}