temp,lowp,outp,seed,mode,qt_frac,train_ratio,out_root,model,R2,MAE,RMSE,MAPE(%)
293K,HENRY,5,2025,lowq,0.2,0.5,./RUN_FULL_EXP,cat,0.9740840387053085,0.05827459672008004,0.009786810346102343,4.057409815185528
