{
  "R2": 0.9814432753754309,
  "MAE": 0.009791254461023304,
  "RMSE": 0.0009731870771765332,
  "MAPE(%)": 2.391819525007819
}