temp,lowp,outp,seed,mode,qt_frac,train_ratio,out_root,model,R2,MAE,RMSE,MAPE(%)
293K,0.1,1,2028,lowq,0.1,0.5,./RUN_FULL_EXP,cat,0.9814432753754309,0.009791254461023304,0.0009731870771765332,2.391819525007819
