{
  "R2": 0.977560153362106,
  "MAE": 0.05602124193766671,
  "RMSE": 0.010405374608497948,
  "MAPE(%)": 3.68958398429463
}