temp,lowp,outp,seed,mode,qt_frac,train_ratio,out_root,model,R2,MAE,RMSE,MAPE(%)
293K,0.01,5,2026,struct_with_input,0.65,0.65,./RUN_FULL_EXP,cat,0.9673079018429321,0.06133691983657752,0.008024607022932579,4.246157355490563
