{
  "R2": 0.9673079018429321,
  "MAE": 0.06133691983657752,
  "RMSE": 0.008024607022932579,
  "MAPE(%)": 4.246157355490563
}