Feature,Importance
0.01,69.61184862003016
ASA_m2_g,5.702425817635288
AV_VF,5.106162398372425
ASA_m2_cm3,4.833252827938535
AV_cm3_g,2.9169257760631604
cm3_g,2.4301839601219295
PLD,2.0990742322610627
LCD,2.0691540466325797
Has_OMS,1.9815623577016492
LFPD,1.5082624265396978
NASA_m2_g,0.8979721841688495
NASA_m2_cm3,0.7758116598132435
NAV_cm3_g,0.0673636927214375
