{
  "R2": 0.9695028110440597,
  "MAE": 0.06252436606719405,
  "RMSE": 0.009189525346299536,
  "MAPE(%)": 4.294014159254604
}