temp,lowp,outp,seed,mode,qt_frac,train_ratio,out_root,model,R2,MAE,RMSE,MAPE(%)
293K,0.01,5,2026,struct_with_input,0.45,0.45,./RUN_FULL_EXP,cat,0.9695028110440597,0.06252436606719405,0.009189525346299536,4.294014159254604
