{
  "R2": 0.9834731498964172,
  "MAE": 0.017801043161686125,
  "RMSE": 0.0009277890866827531,
  "MAPE(%)": 3.314355029842677
}