{
  "R2": 0.9769230245548881,
  "MAE": 0.01937389508092053,
  "RMSE": 0.003070168072672927,
  "MAPE(%)": 3.3219938455963027
}