temp,lowp,outp,seed,mode,qt_frac,train_ratio,out_root,model,R2,MAE,RMSE,MAPE(%)
273K,0.1,1,2025,lowq,0.05,0.5,./RUN_FULL_EXP,cat,0.9769230245548881,0.01937389508092053,0.003070168072672927,3.3219938455963027
