temp,lowp,outp,seed,mode,qt_frac,train_ratio,out_root,model,R2,MAE,RMSE,MAPE(%)
313K,0.05,1,2028,lowq,0.6,0.5,./RUN_FULL_EXP,cat,0.9944747854294662,0.004732527043775631,4.656317964592346e-05,1.8308076951355465
