{
  "R2": 0.9944747854294662,
  "MAE": 0.004732527043775631,
  "RMSE": 4.656317964592346e-05,
  "MAPE(%)": 1.8308076951355465
}