Feature,Importance
0.1,72.6612535095437
ASA_m2_cm3,4.8943032566076505
AV_VF,4.26175690080774
ASA_m2_g,3.9477913071686803
AV_cm3_g,3.3623860623681585
PLD,2.0077890241527165
Has_OMS,1.8619279888923628
LFPD,1.8286450885663266
LCD,1.8254238485015835
cm3_g,1.6439338838177346
NASA_m2_g,0.8990831973257067
NASA_m2_cm3,0.765125390820296
NAV_cm3_g,0.040580541427336435
