{
  "R2": 0.9717240862430162,
  "MAE": 0.055994269907180455,
  "RMSE": 0.007398322028228528,
  "MAPE(%)": 3.770405504876685
}