temp,lowp,outp,seed,mode,qt_frac,train_ratio,out_root,model,R2,MAE,RMSE,MAPE(%)
293K,0.1,5,2028,lowq,0.6,0.5,./RUN_FULL_EXP,cat,0.9717240862430162,0.055994269907180455,0.007398322028228528,3.770405504876685
