{
  "R2": 0.9789408729364244,
  "MAE": 0.05336323685402813,
  "RMSE": 0.006924481079351175,
  "MAPE(%)": 3.623889347284138
}