Feature,Importance
0.01,63.29710271122489
ASA_m2_g,9.161999747222172
ASA_m2_cm3,5.959381329474526
AV_VF,5.7340328552923605
AV_cm3_g,4.368560600362488
cm3_g,2.9577790538360853
LCD,2.28489868359191
LFPD,1.8891649633570748
PLD,1.7826908618726647
Has_OMS,1.061317693840912
NASA_m2_cm3,0.7872390429443801
NASA_m2_g,0.6372401007115328
NAV_cm3_g,0.07859235626902118
