{
  "R2": 0.9706651192869026,
  "MAE": 0.11951796071620721,
  "RMSE": 0.03068228732120521,
  "MAPE(%)": 5.0066386960525975
}