temp,lowp,outp,seed,mode,qt_frac,train_ratio,out_root,model,R2,MAE,RMSE,MAPE(%)
313K,HENRY,15,2025,lowq,0.7,0.5,./RUN_FULL_EXP,cat,0.9701582433333105,0.10773948164165027,0.024558983295727862,4.260761725547531
