{
  "R2": 0.9701582433333105,
  "MAE": 0.10773948164165027,
  "RMSE": 0.024558983295727862,
  "MAPE(%)": 4.260761725547531
}