{
  "R2": 0.9653901927173809,
  "MAE": 0.15751945497671288,
  "RMSE": 0.05314154262637186,
  "MAPE(%)": 5.152586125944832
}