Feature,Importance
0.5,80.12976272106613
ASA_m2_g,3.777456319712299
AV_cm3_g,2.789070283204923
ASA_m2_cm3,2.739233068563169
cm3_g,2.465001458407765
AV_VF,2.132070155860999
LCD,1.5189451220421253
Has_OMS,1.4943153199571657
LFPD,1.0728450924848312
PLD,0.9815490337402469
NASA_m2_cm3,0.5514172911412524
NASA_m2_g,0.2633544547848341
NAV_cm3_g,0.08497967903428003
