{
  "R2": 0.9864150375694759,
  "MAE": 0.030731167948079015,
  "RMSE": 0.0026535306887585795,
  "MAPE(%)": 2.8969806913822813
}