{
  "R2": 0.9888657697946804,
  "MAE": 0.006781329654990011,
  "RMSE": 8.285203423386464e-05,
  "MAPE(%)": 2.6578146159244294
}