{
  "R2": 0.9704978003257381,
  "MAE": 0.11021722364262984,
  "RMSE": 0.024874842335651834,
  "MAPE(%)": 4.371562008933803
}