{
  "R2": 0.9834099087718312,
  "MAE": 0.016124475379897106,
  "RMSE": 0.000576118343174538,
  "MAPE(%)": 3.0136581804839406
}