Feature,Importance
0.1,87.52133383869251
AV_cm3_g,1.9371000609882272
Has_OMS,1.5290211809601069
cm3_g,1.460650218449689
LCD,1.3370683100251262
ASA_m2_g,1.3227459016427063
AV_VF,1.1832088855006768
ASA_m2_cm3,0.9069928275674565
PLD,0.7650716168386298
LFPD,0.7571177848522735
NASA_m2_cm3,0.7220463974867845
NASA_m2_g,0.49657956742095655
NAV_cm3_g,0.06106340957483907
