{
  "R2": 0.9916990621568821,
  "MAE": 0.007171566823251543,
  "RMSE": 0.00011726309151023243,
  "MAPE(%)": 1.9096317610073639
}