temp,lowp,outp,seed,mode,qt_frac,train_ratio,out_root,model,R2,MAE,RMSE,MAPE(%)
293K,0.1,1,2029,lowq,0.8,0.5,./RUN_FULL_EXP,cat,0.9916990621568821,0.007171566823251543,0.00011726309151023243,1.9096317610073639
