Feature,Importance
0.05,58.39549722277816
ASA_m2_g,9.55764057397383
AV_VF,7.523398329426801
AV_cm3_g,6.326683525460177
ASA_m2_cm3,5.738236986161843
cm3_g,3.118902650234131
PLD,2.4436427149966873
LCD,2.1081659841938856
LFPD,2.03194193795632
Has_OMS,1.2998612648460903
NASA_m2_cm3,0.7812528212000106
NASA_m2_g,0.5966438652770986
NAV_cm3_g,0.07813212349498366
