temp,lowp,outp,seed,mode,qt_frac,train_ratio,out_root,model,R2,MAE,RMSE,MAPE(%)
293K,0.05,15,2028,lowq,0.25,0.5,./RUN_FULL_EXP,cat,0.9614855584483788,0.16388743086827126,0.06593628240907652,5.357231139592011
