{
  "R2": 0.9614855584483788,
  "MAE": 0.16388743086827126,
  "RMSE": 0.06593628240907652,
  "MAPE(%)": 5.357231139592011
}