temp,lowp,outp,seed,mode,qt_frac,train_ratio,out_root,model,R2,MAE,RMSE,MAPE(%)
273K,0.1,5,2025,lowq,0.2,0.5,./RUN_FULL_EXP,cat,0.9600157510963997,0.10192689560684276,0.028022905807529235,5.183847585828846
