{
  "R2": 0.9600157510963997,
  "MAE": 0.10192689560684276,
  "RMSE": 0.028022905807529235,
  "MAPE(%)": 5.183847585828846
}