{
  "R2": 0.9571470421100765,
  "MAE": 0.24196687686690369,
  "RMSE": 0.1209166090445893,
  "MAPE(%)": 6.556458988761643
}