{
  "R2": 0.9923301098007795,
  "MAE": 0.013181826766165741,
  "RMSE": 0.0010323456909199626,
  "MAPE(%)": 2.325990985505449
}