temp,lowp,outp,seed,mode,qt_frac,train_ratio,out_root,model,R2,MAE,RMSE,MAPE(%)
273K,0.5,1,2025,lowq,0.05,0.5,./RUN_FULL_EXP,cat,0.9923301098007795,0.013181826766165741,0.0010323456909199626,2.325990985505449
