Feature,Importance
0.05,61.67634443835211
ASA_m2_g,8.34899923361051
ASA_m2_cm3,6.4987876088475955
AV_VF,5.2839400230814295
AV_cm3_g,4.6181647043537275
LCD,2.6962581779147565
PLD,2.540966116331685
Has_OMS,2.391788738199227
LFPD,2.3596863313081125
cm3_g,1.6686331305969913
NASA_m2_cm3,1.1159709414649255
NASA_m2_g,0.7310761033983458
NAV_cm3_g,0.0693844525405784
