{
  "R2": 0.9590195339322134,
  "MAE": 0.09951346094207777,
  "RMSE": 0.023541823370289303,
  "MAPE(%)": 4.994521402676566
}