Feature,Importance
0.1,89.64780719531193
AV_cm3_g,1.6637424143412187
AV_VF,1.339806206339101
cm3_g,1.2112286337606206
ASA_m2_cm3,1.160804783206713
LCD,1.0804215848193641
Has_OMS,0.8940756936556439
PLD,0.652186250629959
ASA_m2_g,0.6491274448926129
LFPD,0.6125794799495042
NASA_m2_cm3,0.5805004926169514
NASA_m2_g,0.36875143626529966
NAV_cm3_g,0.13896838421107613
