{
  "R2": 0.9952133558336729,
  "MAE": 0.0046351575604696256,
  "RMSE": 5.0421746084314464e-05,
  "MAPE(%)": 1.824487828145111
}