Feature,Importance
0.01,82.93583947264521
cm3_g,2.879887448542102
Has_OMS,2.1049322571370324
AV_cm3_g,2.042572824281819
LFPD,1.9827833473163785
AV_VF,1.8768835063897489
PLD,1.5042585376033153
ASA_m2_g,1.318911575921284
ASA_m2_cm3,1.1317748228481639
LCD,1.1273878307694343
NASA_m2_cm3,0.7330414465779812
NASA_m2_g,0.31277525327984107
NAV_cm3_g,0.048951676687693214
