temp,lowp,outp,seed,mode,qt_frac,train_ratio,out_root,model,R2,MAE,RMSE,MAPE(%)
293K,0.01,1,2028,struct_with_input,0.12,0.25,./RUN_FULL_EXP,cat,0.9758048182807162,0.013350831925897913,0.0011808595070575282,3.5945801264869863
