{
  "R2": 0.9758048182807162,
  "MAE": 0.013350831925897913,
  "RMSE": 0.0011808595070575282,
  "MAPE(%)": 3.5945801264869863
}