Feature,Importance
0.1,64.27645508649783
ASA_m2_g,6.7857574602798705
AV_VF,6.257810901064645
AV_cm3_g,5.984863776897884
ASA_m2_cm3,5.846150284158022
cm3_g,2.675623481342115
LCD,2.2824260485373116
PLD,1.8155091997748671
LFPD,1.5533383581798659
Has_OMS,1.3556234652787484
NASA_m2_cm3,0.6770044723905072
NASA_m2_g,0.4195960365790999
NAV_cm3_g,0.06984142901920042
