{
  "R2": 0.9621148494437542,
  "MAE": 0.1137512600585924,
  "RMSE": 0.041541845257851255,
  "MAPE(%)": 4.6865175769786305
}