temp,lowp,outp,seed,mode,qt_frac,train_ratio,out_root,model,R2,MAE,RMSE,MAPE(%)
313K,0.1,15,2028,lowq,0.2,0.5,./RUN_FULL_EXP,cat,0.9621148494437542,0.1137512600585924,0.041541845257851255,4.6865175769786305
