Feature,Importance
0.5,91.64590736751823
cm3_g,1.3976660121818218
AV_VF,1.1382566062833708
Has_OMS,0.9144796536304567
AV_cm3_g,0.8085518015738705
PLD,0.7476528099355909
ASA_m2_cm3,0.7402601949514988
LFPD,0.7334444995373894
ASA_m2_g,0.6620272655039492
LCD,0.5733598931079301
NASA_m2_cm3,0.2855360467342561
NASA_m2_g,0.2535086152144121
NAV_cm3_g,0.09934923382725262
