{
  "R2": 0.995990323281826,
  "MAE": 0.010317257001069778,
  "RMSE": 0.00025575199475398087,
  "MAPE(%)": 1.9274931505004484
}