temp,lowp,outp,seed,mode,qt_frac,train_ratio,out_root,model,R2,MAE,RMSE,MAPE(%)
273K,0.5,1,2025,lowq,0.35,0.5,./RUN_FULL_EXP,cat,0.995990323281826,0.010317257001069778,0.00025575199475398087,1.9274931505004484
