Feature,Importance
0.05,71.79582659029771
ASA_m2_g,5.6256929508371085
ASA_m2_cm3,5.294747036475899
AV_cm3_g,3.4090741736281185
AV_VF,3.3736030383880715
LFPD,1.9172113367165167
PLD,1.8700083935000393
LCD,1.8155684232442824
cm3_g,1.6420901565729409
Has_OMS,1.5549295534728778
NASA_m2_cm3,0.9550194053832753
NASA_m2_g,0.637508016014295
NAV_cm3_g,0.10872092546884071
