{
  "R2": 0.9711125070928001,
  "MAE": 0.055267690638141485,
  "RMSE": 0.006778557262177185,
  "MAPE(%)": 3.772051040249419
}