temp,lowp,outp,seed,mode,qt_frac,train_ratio,out_root,model,R2,MAE,RMSE,MAPE(%)
293K,HENRY,15,2025,lowq,0.6,0.5,./RUN_FULL_EXP,cat,0.9606114581194015,0.1666837402743709,0.05713747932798165,5.395744518757737
