{
  "R2": 0.9606114581194015,
  "MAE": 0.1666837402743709,
  "RMSE": 0.05713747932798165,
  "MAPE(%)": 5.395744518757737
}