{
  "R2": 0.9620260135087817,
  "MAE": 0.17263902632521386,
  "RMSE": 0.06265151765803048,
  "MAPE(%)": 5.725237171460975
}