{
  "R2": 0.798487983404805,
  "MAE": 0.14452186225607852,
  "RMSE": 0.05309260954982761,
  "MAPE(%)": 12.009279912794288
}