{
  "R2": 0.9858012097844303,
  "MAE": 0.05051864069235732,
  "RMSE": 0.005856344091577451,
  "MAPE(%)": 4.301405348459713
}