{
  "R2": 0.9973317046510689,
  "MAE": 0.0037568230604418497,
  "RMSE": 3.19146228064883e-05,
  "MAPE(%)": 1.483512142603806
}