temp,lowp,outp,seed,mode,qt_frac,train_ratio,out_root,model,R2,MAE,RMSE,MAPE(%)
313K,0.5,1,2028,lowq,0.35,0.5,./RUN_FULL_EXP,cat,0.9973317046510689,0.0037568230604418497,3.19146228064883e-05,1.483512142603806
