Feature,Importance
0.05,61.034225840482655
ASA_m2_g,12.484654710929423
AV_cm3_g,5.455453977668856
ASA_m2_cm3,5.356281287655097
AV_VF,4.739625087882784
cm3_g,2.9912776425996848
LFPD,1.9166161946310942
LCD,1.7471718966682228
PLD,1.7109516801855547
Has_OMS,1.2006797985410065
NASA_m2_cm3,0.8690731145908949
NASA_m2_g,0.4301741739263345
NAV_cm3_g,0.06381459423837367
