temp,lowp,outp,seed,mode,qt_frac,train_ratio,out_root,model,R2,MAE,RMSE,MAPE(%)
313K,0.05,15,2029,lowq,0.35,0.5,./RUN_FULL_EXP,cat,0.9723662049263152,0.11072683836191112,0.027065717846357994,4.68136408806044
