{
  "R2": 0.9723662049263152,
  "MAE": 0.11072683836191112,
  "RMSE": 0.027065717846357994,
  "MAPE(%)": 4.68136408806044
}