temp,lowp,outp,seed,mode,qt_frac,train_ratio,out_root,model,R2,MAE,RMSE,MAPE(%)
273K,HENRY,5,2028,lowq,0.55,0.5,./RUN_FULL_EXP,cat,0.9535747045878545,0.10282067968273928,0.025023867926658033,5.266574595551901
