{
  "R2": 0.9535747045878545,
  "MAE": 0.10282067968273928,
  "RMSE": 0.025023867926658033,
  "MAPE(%)": 5.266574595551901
}