Feature,Importance
0.01,53.60531950942699
ASA_m2_g,16.00074809797093
ASA_m2_cm3,5.4072794806867
AV_VF,5.27614415321881
AV_cm3_g,5.134409075180326
cm3_g,4.224352275772346
PLD,2.5949102342106865
LCD,2.5522470893669973
LFPD,2.2077299784110234
Has_OMS,1.2939767528548933
NASA_m2_cm3,1.0665137044551734
NASA_m2_g,0.581801787774212
NAV_cm3_g,0.05456786067089941
