Feature,Importance
0.1,84.0080675295367
ASA_m2_g,2.1989638320842126
AV_cm3_g,2.05596473720163
ASA_m2_cm3,1.7571275463842413
cm3_g,1.704941364509179
Has_OMS,1.486979009854386
AV_VF,1.413258603244572
PLD,1.307982944792838
LFPD,1.172154053567719
LCD,1.1533942699818773
NASA_m2_cm3,0.8809562017073119
NASA_m2_g,0.772968981302201
NAV_cm3_g,0.08724092583317156
