temp,lowp,outp,seed,mode,qt_frac,train_ratio,out_root,model,R2,MAE,RMSE,MAPE(%)
273K,0.1,1,2027,lowq,0.25,0.5,./RUN_FULL_EXP,cat,0.9893547373130993,0.015166802498923894,0.0007784769373032022,2.85681776311578
