{
  "R2": 0.9893547373130993,
  "MAE": 0.015166802498923894,
  "RMSE": 0.0007784769373032022,
  "MAPE(%)": 2.85681776311578
}