{
  "R2": 0.9722074429844791,
  "MAE": 0.15380824722253347,
  "RMSE": 0.05218004519197271,
  "MAPE(%)": 5.4191271794663916
}