Feature,Importance
HENRY,80.56939142410842
ASA_m2_g,2.384973493517966
AV_cm3_g,2.2860236111305876
AV_VF,2.2043024638210715
Has_OMS,2.128719461511754
ASA_m2_cm3,1.9264100987480928
LCD,1.9045604509203737
cm3_g,1.808716098751988
LFPD,1.6954935880694273
PLD,1.6398589397389733
NASA_m2_cm3,0.8255942992063519
NASA_m2_g,0.5049079657048474
NAV_cm3_g,0.12104810477016459
