{
  "R2": 0.9862259060694348,
  "MAE": 0.014588001319220287,
  "RMSE": 0.0006383210776053076,
  "MAPE(%)": 2.6308186532402758
}