{
  "R2": 0.9918803184595051,
  "MAE": 0.009814220865581974,
  "RMSE": 0.0002203448453564658,
  "MAPE(%)": 2.737039627883181
}