temp,lowp,outp,seed,mode,qt_frac,train_ratio,out_root,model,R2,MAE,RMSE,MAPE(%)
293K,0.01,1,2028,struct_with_input,0.35,0.7,./RUN_FULL_EXP,cat,0.9918803184595051,0.009814220865581974,0.0002203448453564658,2.737039627883181
