Feature,Importance
0.05,87.50554435914114
cm3_g,1.8840924895001325
AV_cm3_g,1.7598084191137484
Has_OMS,1.273907817966571
PLD,1.2364689028378684
ASA_m2_g,1.1469778623893554
LCD,1.112187268548516
ASA_m2_cm3,1.0013000881614795
LFPD,0.9624086022540493
AV_VF,0.8533707908253112
NASA_m2_cm3,0.796962808767046
NASA_m2_g,0.4157510177996384
NAV_cm3_g,0.05121957269511838
