{
  "R2": 0.9942252849269937,
  "MAE": 0.004640057093782168,
  "RMSE": 4.3583843213348625e-05,
  "MAPE(%)": 1.7468482764515687
}