{
  "R2": 0.986061348194297,
  "MAE": 0.015747122405515734,
  "RMSE": 0.000833193763632906,
  "MAPE(%)": 2.837353667691417
}