{
  "R2": 0.9619464516550436,
  "MAE": 0.16109605765236318,
  "RMSE": 0.049800801231055215,
  "MAPE(%)": 5.10041271467042
}