Feature,Importance
ASA_m2_g,16.622912968671994
AV_VF,14.94489161583169
cm3_g,14.939643563394684
ASA_m2_cm3,11.523056042012811
PLD,9.978221951125642
LCD,8.828317111857087
AV_cm3_g,7.119103260319588
Has_OMS,6.558709377312949
LFPD,6.400504331170485
NASA_m2_g,1.3390465362209751
NASA_m2_cm3,1.2534744714840145
NAV_cm3_g,0.4921187705980941
