{
  "R2": 0.7272518617549582,
  "MAE": 0.5044779727449058,
  "RMSE": 0.526460515689639,
  "MAPE(%)": 20.935621981197123
}