Feature,Importance
0.05,88.88590298715826
AV_cm3_g,1.5742326116121843
cm3_g,1.5318449269360654
LCD,1.3354820473817512
ASA_m2_cm3,1.2877811231624348
AV_VF,1.264183054200789
Has_OMS,0.8145842887950189
PLD,0.80539704285561
ASA_m2_g,0.740587443908302
NASA_m2_cm3,0.6749883640836886
LFPD,0.5338169612397149
NASA_m2_g,0.45365153442492573
NAV_cm3_g,0.09754761424127587
