temp,lowp,outp,seed,mode,qt_frac,train_ratio,out_root,model,R2,MAE,RMSE,MAPE(%)
313K,0.05,1,2026,lowq,0.4,0.5,./RUN_FULL_EXP,cat,0.994150347781883,0.005032351825566481,6.500222160303071e-05,1.9985525217751643
