{
  "R2": 0.994150347781883,
  "MAE": 0.005032351825566481,
  "RMSE": 6.500222160303071e-05,
  "MAPE(%)": 1.9985525217751643
}