temp,lowp,outp,seed,mode,qt_frac,train_ratio,out_root,model,R2,MAE,RMSE,MAPE(%)
313K,0.05,15,2028,lowq,0.05,0.5,./RUN_FULL_EXP,cat,0.9739701452365243,0.11672774003032489,0.032150654641919595,5.100470833474924
