{
  "R2": 0.9739701452365243,
  "MAE": 0.11672774003032489,
  "RMSE": 0.032150654641919595,
  "MAPE(%)": 5.100470833474924
}