temp,lowp,outp,seed,mode,qt_frac,train_ratio,out_root,model,R2,MAE,RMSE,MAPE(%)
273K,0.01,1,2025,struct_with_input,0.0,0.65,./RUN_FULL_EXP,cat,0.9548563163072402,0.023719052944352413,0.007264421572373736,4.020867774635352
