{
  "R2": 0.9548563163072402,
  "MAE": 0.023719052944352413,
  "RMSE": 0.007264421572373736,
  "MAPE(%)": 4.020867774635352
}