{
  "R2": 0.9957697519687043,
  "MAE": 0.004284812046159432,
  "RMSE": 4.123725982917013e-05,
  "MAPE(%)": 1.695742202314055
}