{
  "R2": 0.9961674311882424,
  "MAE": 0.004199831142407529,
  "RMSE": 4.719904470774345e-05,
  "MAPE(%)": 1.644001678821415
}