{
  "R2": 0.9498736332811932,
  "MAE": 0.24484001479568934,
  "RMSE": 0.13454114504291337,
  "MAPE(%)": 6.455956363567006
}