temp,lowp,outp,seed,mode,qt_frac,train_ratio,out_root,model,R2,MAE,RMSE,MAPE(%)
273K,0.01,15,2027,lowq,0.35,0.5,./RUN_FULL_EXP,cat,0.9498736332811932,0.24484001479568934,0.13454114504291337,6.455956363567006
