{
  "R2": 0.9613473002190787,
  "MAE": 0.10336701412110345,
  "RMSE": 0.029153753589499187,
  "MAPE(%)": 5.312163452902115
}