temp,lowp,outp,seed,mode,qt_frac,train_ratio,out_root,model,R2,MAE,RMSE,MAPE(%)
273K,0.1,5,2027,lowq,0.15,0.5,./RUN_FULL_EXP,cat,0.9613473002190787,0.10336701412110345,0.029153753589499187,5.312163452902115
