{
  "R2": 0.9514951587243304,
  "MAE": 0.26138615355513156,
  "RMSE": 0.14277945727100233,
  "MAPE(%)": 7.346906846893862
}