{
  "R2": 0.9545941494014547,
  "MAE": 0.2367068800163259,
  "RMSE": 0.11792136965738843,
  "MAPE(%)": 6.230195067826231
}