Feature,Importance
0.1,88.51799100053546
AV_cm3_g,2.2012668848522496
cm3_g,1.3603919194859553
Has_OMS,1.167092841082081
AV_VF,1.1184790178037265
ASA_m2_cm3,1.0916818685106195
LCD,0.9909711452841897
LFPD,0.9072154294591221
PLD,0.8512394903660282
ASA_m2_g,0.8015694239521006
NASA_m2_cm3,0.5002085521130222
NASA_m2_g,0.40742961519688853
NAV_cm3_g,0.0844628113585645
