{
  "R2": 0.9946485712477171,
  "MAE": 0.004648472033218874,
  "RMSE": 5.166480683608477e-05,
  "MAPE(%)": 1.8193309706335727
}