{
  "R2": 0.9664423689084843,
  "MAE": 0.11973599919066075,
  "RMSE": 0.028576605616360107,
  "MAPE(%)": 4.811877827109099
}