{
  "R2": 0.9692370543338349,
  "MAE": 0.022804322757870837,
  "RMSE": 0.003267736408985,
  "MAPE(%)": 4.303728695828318
}