Feature,Importance
0.1,87.80476510399878
AV_cm3_g,2.0828039165624737
Has_OMS,1.6004865210715828
ASA_m2_cm3,1.3411852170395004
LFPD,1.2552146850434311
cm3_g,1.242069971981916
AV_VF,1.2294654886844327
PLD,1.215443408820269
LCD,0.7647504658151458
ASA_m2_g,0.7400635952597272
NASA_m2_cm3,0.4223489326517956
NASA_m2_g,0.1595666600953014
NAV_cm3_g,0.14183603297564223
