{
  "R2": 0.9959282361950161,
  "MAE": 0.004585670983892864,
  "RMSE": 5.381576173916846e-05,
  "MAPE(%)": 1.858155571779374
}