{
  "R2": 0.9701730658099381,
  "MAE": 0.06782596249679912,
  "RMSE": 0.012466723838595487,
  "MAPE(%)": 4.580787694489559
}