{
  "R2": 0.9876932103127976,
  "MAE": 0.014395538364950873,
  "RMSE": 0.001922788526135417,
  "MAPE(%)": 2.693503083006108
}