temp,lowp,outp,seed,mode,qt_frac,train_ratio,out_root,model,R2,MAE,RMSE,MAPE(%)
273K,0.01,1,2025,struct_with_input,0.25,0.25,./RUN_FULL_EXP,cat,0.9807550238979471,0.02092381510290685,0.0014261594344337817,3.941409713780581
