{
  "R2": 0.9943831534273928,
  "MAE": 0.02340623251395334,
  "RMSE": 0.0011233864082900603,
  "MAPE(%)": 1.7876575511359043
}