{
  "R2": 0.9871378883455,
  "MAE": 0.030558317571334214,
  "RMSE": 0.002542400375295463,
  "MAPE(%)": 2.8909829903058393
}