{
  "R2": 0.42852864488158626,
  "MAE": 0.12076882612962248,
  "RMSE": 0.04210783487148016,
  "MAPE(%)": 49.04313871837345
}