temp,lowp,outp,seed,mode,qt_frac,train_ratio,out_root,model,R2,MAE,RMSE,MAPE(%)
293K,0.01,1,2027,struct,0.0,0.75,./RUN_FULL_EXP,cat,0.42852864488158626,0.12076882612962248,0.04210783487148016,49.04313871837345
