{
  "R2": 0.9842202016384399,
  "MAE": 0.016145858278725517,
  "RMSE": 0.0006313760385317735,
  "MAPE(%)": 2.989664011451815
}