temp,lowp,outp,seed,mode,qt_frac,train_ratio,out_root,model,R2,MAE,RMSE,MAPE(%)
273K,0.01,1,2028,lowq,0.7,0.5,./RUN_FULL_EXP,cat,0.9842202016384399,0.016145858278725517,0.0006313760385317735,2.989664011451815
