Feature,Importance
0.01,63.26673703571077
ASA_m2_g,7.370336824774758
ASA_m2_cm3,7.176479331860013
AV_VF,5.096484026170796
AV_cm3_g,3.0204594065505455
PLD,2.876450676232109
LCD,2.687923426627642
cm3_g,2.56873620761697
LFPD,2.3462244296256456
Has_OMS,2.1768020858338564
NASA_m2_cm3,0.8301254032836592
NASA_m2_g,0.5403158755008602
NAV_cm3_g,0.042925270212365675
