{
  "R2": 0.9544768295129821,
  "MAE": 0.10405125104038944,
  "RMSE": 0.02369050104601061,
  "MAPE(%)": 5.226702620456625
}