{
  "R2": 0.9639879735030223,
  "MAE": 0.16905575458433228,
  "RMSE": 0.0693914718333893,
  "MAPE(%)": 6.023805247108671
}