{
  "R2": 0.9657841575659348,
  "MAE": 0.014319544200455402,
  "RMSE": 0.0023255121363607444,
  "MAPE(%)": 3.620175701159513
}