temp,lowp,outp,seed,mode,qt_frac,train_ratio,out_root,model,R2,MAE,RMSE,MAPE(%)
273K,0.1,15,2028,lowq,0.55,0.5,./RUN_FULL_EXP,cat,0.9534672401769404,0.23620296182550754,0.11626394952578505,6.0691903720901905
