{
  "R2": 0.9534672401769404,
  "MAE": 0.23620296182550754,
  "RMSE": 0.11626394952578505,
  "MAPE(%)": 6.0691903720901905
}