Feature,Importance
0.1,88.09419880600113
AV_cm3_g,1.9698471332413838
cm3_g,1.9074234801525949
ASA_m2_cm3,1.2940518761399344
LCD,1.263877200084715
Has_OMS,1.140883171695096
AV_VF,1.115625962705846
ASA_m2_g,0.839896036397319
LFPD,0.7223778449780164
PLD,0.7020236029442622
NASA_m2_cm3,0.5197324551429326
NASA_m2_g,0.32528938544871266
NAV_cm3_g,0.10477304506806207
