temp,lowp,outp,seed,mode,qt_frac,train_ratio,out_root,model,R2,MAE,RMSE,MAPE(%)
293K,0.1,1,2026,lowq,0.3,0.5,./RUN_FULL_EXP,cat,0.99410250488373,0.007625907268399024,0.00016506375756981758,2.1061236337582026
