{
  "R2": 0.99410250488373,
  "MAE": 0.007625907268399024,
  "RMSE": 0.00016506375756981758,
  "MAPE(%)": 2.1061236337582026
}