{
  "R2": 0.9817231986037599,
  "MAE": 0.0433874908253342,
  "RMSE": 0.008566279210588062,
  "MAPE(%)": 2.833494031285024
}