Feature,Importance
0.01,81.19230722429714
ASA_m2_cm3,3.4988483269730635
Has_OMS,2.6113517221633042
AV_VF,2.1600158226287736
ASA_m2_g,2.1070538798244076
AV_cm3_g,1.6424690250852527
LCD,1.5803042604848323
PLD,1.388506557442829
cm3_g,1.351777582341096
LFPD,1.171678471157965
NASA_m2_cm3,0.8256332775796552
NASA_m2_g,0.40561232873452796
NAV_cm3_g,0.06444152128713809
