{
  "R2": 0.9846442117050825,
  "MAE": 0.01771489514358912,
  "RMSE": 0.0010214344210575223,
  "MAPE(%)": 3.2220591300320978
}