Feature,Importance
0.01,79.52536683376668
Has_OMS,3.321089933056771
ASA_m2_cm3,2.597560131713243
ASA_m2_g,2.562465550637201
AV_VF,2.4144462875354007
LFPD,1.8833274722420457
AV_cm3_g,1.803197884338894
cm3_g,1.687280596614471
PLD,1.6137000668554915
LCD,1.3045884605930103
NASA_m2_cm3,0.9242459458714178
NASA_m2_g,0.30860678986102585
NAV_cm3_g,0.05412404691435782
