{
  "R2": 0.9868000442106188,
  "MAE": 0.018254313166909134,
  "RMSE": 0.0009814431676781748,
  "MAPE(%)": 3.3891069729596657
}