{
  "R2": 0.9957427508211012,
  "MAE": 0.023210544953527982,
  "RMSE": 0.001301966206507412,
  "MAPE(%)": 1.8358889286123086
}