Feature,Importance
0.01,47.62733175524772
ASA_m2_g,17.957881257885763
ASA_m2_cm3,6.141268406581769
AV_cm3_g,6.111112371182735
AV_VF,5.635845640989638
cm3_g,5.052527002246979
PLD,3.4347634468039456
LFPD,2.5728692518877474
LCD,2.3456607611366387
Has_OMS,1.597452635745359
NASA_m2_cm3,0.8083933040028506
NASA_m2_g,0.5674222781281427
NAV_cm3_g,0.14747188816073772
