{
  "R2": 0.9580082481609444,
  "MAE": 0.23854804645556385,
  "RMSE": 0.11826984090055083,
  "MAPE(%)": 6.448926379422391
}