{
  "R2": 0.951790551072265,
  "MAE": 0.014531319509485925,
  "RMSE": 0.0035325256359182975,
  "MAPE(%)": 3.4956766208846397
}