Feature,Importance
0.5,59.28881569282012
ASA_m2_g,10.043409320925708
AV_cm3_g,7.857333571757504
AV_VF,6.362538654112272
ASA_m2_cm3,4.637581937047497
cm3_g,2.443452295574955
PLD,2.2194303147498227
LCD,2.1112121990596333
LFPD,1.8797497226748505
Has_OMS,1.4265702073920588
NASA_m2_cm3,0.9066263989843899
NASA_m2_g,0.6727360133478066
NAV_cm3_g,0.15054367155341275
