{
  "R2": 0.9639519013670764,
  "MAE": 0.15909892262044906,
  "RMSE": 0.052430365215821936,
  "MAPE(%)": 5.195945698319046
}