temp,lowp,outp,seed,mode,qt_frac,train_ratio,out_root,model,R2,MAE,RMSE,MAPE(%)
293K,0.5,15,2027,lowq,0.5,0.5,./RUN_FULL_EXP,cat,0.9639519013670764,0.15909892262044906,0.052430365215821936,5.195945698319046
