Feature,Importance
0.01,53.8177632322852
ASA_m2_g,7.827247320855002
AV_cm3_g,7.070344286558953
AV_VF,6.896222393377824
ASA_m2_cm3,6.685157840884109
cm3_g,6.651336919645767
PLD,3.1344257835394305
LCD,2.160019617958459
LFPD,1.9632286260453131
Has_OMS,1.8799156580543113
NASA_m2_g,1.1133949443305158
NASA_m2_cm3,0.6050064148476394
NAV_cm3_g,0.1959369616174946
