{
  "R2": 0.9464794072394942,
  "MAE": 0.20867108776080803,
  "RMSE": 0.10159219758078533,
  "MAPE(%)": 7.7743066114494415
}