Feature,Importance
0.05,72.90277653827987
ASA_m2_g,4.7572149381607485
AV_VF,4.514615581492097
ASA_m2_cm3,4.349824762958658
AV_cm3_g,2.9960910649851153
PLD,2.115587430762397
Has_OMS,1.8172787331132163
LFPD,1.7813117608296862
LCD,1.7679329633428433
cm3_g,1.6168397814100612
NASA_m2_cm3,0.7391283959436388
NASA_m2_g,0.5686114277828423
NAV_cm3_g,0.07278662093882775
