{
  "R2": 0.9698883041237881,
  "MAE": 0.05590255292063963,
  "RMSE": 0.007334884934746146,
  "MAPE(%)": 3.819026746906904
}