{
  "R2": 0.9588086411943321,
  "MAE": 0.17272140470002426,
  "RMSE": 0.06021891060413055,
  "MAPE(%)": 5.501642173999016
}