Feature,Importance
0.05,53.78335802480079
ASA_m2_g,13.23844850319067
ASA_m2_cm3,7.3327253704680775
AV_cm3_g,6.047634733756894
AV_VF,4.77501434752375
cm3_g,3.9954428836678297
PLD,2.9244384059101285
LCD,2.618264177976552
Has_OMS,1.8801300527643048
LFPD,1.8514880052330875
NASA_m2_g,0.7225467800289468
NASA_m2_cm3,0.712956415264219
NAV_cm3_g,0.11755229941475952
