{
  "R2": 0.9507263093976229,
  "MAE": 0.24045189568707717,
  "RMSE": 0.13435364298672917,
  "MAPE(%)": 6.378582924762329
}