Feature,Importance
0.01,71.86700249452772
ASA_m2_g,5.516132315326241
AV_VF,4.906377978287201
ASA_m2_cm3,4.322674123727757
AV_cm3_g,2.7338721403304773
PLD,2.162564178901058
LFPD,1.9845767210775787
cm3_g,1.7577877139017586
LCD,1.667088140667536
Has_OMS,1.5223448280364282
NASA_m2_cm3,0.7630653418570604
NASA_m2_g,0.7468132247389648
NAV_cm3_g,0.04970079862020024
