temp,lowp,outp,seed,mode,qt_frac,train_ratio,out_root,model,R2,MAE,RMSE,MAPE(%)
293K,0.01,5,2028,lowq,0.8,0.5,./RUN_FULL_EXP,cat,0.9638884617112741,0.06066449195913112,0.0075693412862412,4.026579980785217
