{
  "R2": 0.9638884617112741,
  "MAE": 0.06066449195913112,
  "RMSE": 0.0075693412862412,
  "MAPE(%)": 4.026579980785217
}