Feature,Importance
cm3_g,14.778129886402118
ASA_m2_g,14.468880891398932
AV_VF,14.077439080827647
ASA_m2_cm3,12.66764551074223
PLD,10.192269487008446
AV_cm3_g,8.591372374274817
LCD,8.525012249610928
Has_OMS,6.891894275895871
LFPD,6.673622267204729
NASA_m2_cm3,1.5064704988927111
NASA_m2_g,1.1496860220550749
NAV_cm3_g,0.4775774556865102
