{
  "R2": 0.7287163193984748,
  "MAE": 0.5091727835388394,
  "RMSE": 0.5227610143322843,
  "MAPE(%)": 21.242853682091145
}