Feature,Importance
0.05,65.67777892544481
ASA_m2_cm3,6.121865955678545
AV_VF,6.08412644183851
ASA_m2_g,5.569816624411585
AV_cm3_g,3.5592606903262003
PLD,3.052038575345821
LFPD,2.4385576611246673
LCD,2.031006944344721
Has_OMS,2.0136751325571707
cm3_g,1.7704099783479528
NASA_m2_cm3,0.8723762526042705
NASA_m2_g,0.718799128495402
NAV_cm3_g,0.09028768948030746
