temp,lowp,outp,seed,mode,qt_frac,train_ratio,out_root,model,R2,MAE,RMSE,MAPE(%)
273K,0.05,5,2028,lowq,0.75,0.5,./RUN_FULL_EXP,cat,0.9538766215536736,0.09737050487676936,0.020694439611917335,4.921801219535742
