{
  "R2": 0.9538766215536736,
  "MAE": 0.09737050487676936,
  "RMSE": 0.020694439611917335,
  "MAPE(%)": 4.921801219535742
}