Feature,Importance
HENRY,81.82758731850453
AV_VF,2.6248473601633244
ASA_m2_g,2.004670794660492
cm3_g,1.9074078374522534
Has_OMS,1.9039910081092475
AV_cm3_g,1.9036767647239838
ASA_m2_cm3,1.8186487769978885
LCD,1.8112158369723033
PLD,1.6068721874007155
LFPD,1.266528489814786
NASA_m2_cm3,0.765167518537928
NASA_m2_g,0.5189130621643137
NAV_cm3_g,0.040473044498239755
