{
  "R2": 0.9862675192330043,
  "MAE": 0.01379507382721369,
  "RMSE": 0.0005187346884494819,
  "MAPE(%)": 2.514867106426749
}