temp,lowp,outp,seed,mode,qt_frac,train_ratio,out_root,model,R2,MAE,RMSE,MAPE(%)
273K,HENRY,1,2029,lowq,0.75,0.5,./RUN_FULL_EXP,cat,0.9862675192330043,0.01379507382721369,0.0005187346884494819,2.514867106426749
