temp,lowp,outp,seed,mode,qt_frac,train_ratio,out_root,model,R2,MAE,RMSE,MAPE(%)
313K,HENRY,15,2027,lowq,0.6,0.5,./RUN_FULL_EXP,cat,0.9689100698144802,0.11163863260303164,0.02672697584517874,4.474313590101941
