{
  "R2": 0.9689100698144802,
  "MAE": 0.11163863260303164,
  "RMSE": 0.02672697584517874,
  "MAPE(%)": 4.474313590101941
}