Feature,Importance
HENRY,54.82286081304426
ASA_m2_g,13.572825287980404
AV_cm3_g,7.121713054028137
ASA_m2_cm3,6.6214487229040575
AV_VF,4.701294478976548
cm3_g,3.3716546732878543
LCD,2.7016289396495248
PLD,2.2966694649774433
LFPD,1.8201502551681705
Has_OMS,1.4021824057048293
NASA_m2_g,0.8614218608222424
NASA_m2_cm3,0.6014985222352573
NAV_cm3_g,0.10465152122127706
