temp,lowp,outp,seed,mode,qt_frac,train_ratio,out_root,model,R2,MAE,RMSE,MAPE(%)
293K,HENRY,15,2026,lowq,0.15,0.5,./RUN_FULL_EXP,cat,0.9652141465608138,0.16473290760890413,0.06069075582831904,5.6456608369363055
