{
  "R2": 0.9652141465608138,
  "MAE": 0.16473290760890413,
  "RMSE": 0.06069075582831904,
  "MAPE(%)": 5.6456608369363055
}