temp,lowp,outp,seed,mode,qt_frac,train_ratio,out_root,model,R2,MAE,RMSE,MAPE(%)
273K,HENRY,5,2028,lowr,0.3,0.5,./RUN_FULL_EXP,cat,0.9630982039618062,0.1042877934412178,0.032503950097493316,5.7278773464861565
