Feature,Importance
0.5,80.96605733399429
ASA_m2_g,3.1101446298273165
AV_cm3_g,3.090193973143448
ASA_m2_cm3,2.8914949999209827
AV_VF,2.793573223776028
Has_OMS,1.5531706921682846
cm3_g,1.245768697602471
LFPD,1.1449253283834038
PLD,1.1283300518903234
LCD,1.1178581707063602
NASA_m2_cm3,0.44641394203629936
NASA_m2_g,0.36807382075158096
NAV_cm3_g,0.1439951357991759
