{
  "R2": 0.9841737221525512,
  "MAE": 0.030335600822007893,
  "RMSE": 0.0020820596699969683,
  "MAPE(%)": 2.7138096599565653
}