temp,lowp,outp,seed,mode,qt_frac,train_ratio,out_root,model,R2,MAE,RMSE,MAPE(%)
293K,0.01,1,2029,lowq,0.6,0.5,./RUN_FULL_EXP,cat,0.9881846434127177,0.00977970183808445,0.00021986559733429335,2.735621623073368
