{
  "R2": 0.9881846434127177,
  "MAE": 0.00977970183808445,
  "RMSE": 0.00021986559733429335,
  "MAPE(%)": 2.735621623073368
}