{
  "R2": 0.9589926010728289,
  "MAE": 0.2400831285752919,
  "RMSE": 0.1218115377563502,
  "MAPE(%)": 6.759784247116196
}