Feature,Importance
0.1,55.27903568168768
ASA_m2_g,17.148632405580525
AV_VF,5.974569033612248
ASA_m2_cm3,5.206229907998363
AV_cm3_g,3.8035726274132355
cm3_g,2.9248627571508723
PLD,2.6271472670733407
LFPD,2.21425969786089
LCD,2.0554653001299226
Has_OMS,1.4116005771987379
NASA_m2_cm3,0.8236826592829442
NASA_m2_g,0.47868431855082905
NAV_cm3_g,0.052257766460414155
