{
  "R2": 0.9615310317161908,
  "MAE": 0.16127757764074005,
  "RMSE": 0.051889275556411395,
  "MAPE(%)": 5.059226288523574
}