Feature,Importance
cm3_g,15.575802097626614
Has_OMS,15.082739488037772
PLD,14.043699393165694
AV_VF,10.847286557879373
ASA_m2_cm3,10.49888074884632
LFPD,8.6201094477764
LCD,8.144456735843201
AV_cm3_g,6.637428383400676
ASA_m2_g,5.2095449366603255
NASA_m2_g,2.609157711815421
NASA_m2_cm3,2.5827358209805062
NAV_cm3_g,0.14815867796769558
