temp,lowp,outp,seed,mode,qt_frac,train_ratio,out_root,model,R2,MAE,RMSE,MAPE(%)
293K,0.01,1,2025,struct,0.0,0.75,./RUN_FULL_EXP,cat,0.45014723748293084,0.1152577660204138,0.039064273725509295,43.66805590719417
