{
  "R2": 0.45014723748293084,
  "MAE": 0.1152577660204138,
  "RMSE": 0.039064273725509295,
  "MAPE(%)": 43.66805590719417
}