temp,lowp,outp,seed,mode,qt_frac,train_ratio,out_root,model,R2,MAE,RMSE,MAPE(%)
273K,0.1,1,2025,lowq,0.3,0.5,./RUN_FULL_EXP,cat,0.9882375075496399,0.015202712615758535,0.0008168321352751142,2.793649187299386
