{
  "R2": 0.9882375075496399,
  "MAE": 0.015202712615758535,
  "RMSE": 0.0008168321352751142,
  "MAPE(%)": 2.793649187299386
}