Feature,Importance
0.1,61.425656180137665
ASA_m2_g,13.843861251724562
ASA_m2_cm3,5.291695826504139
AV_VF,5.148596440758928
AV_cm3_g,3.3557505204852927
cm3_g,2.94654815951859
PLD,1.929311237356442
LCD,1.8616953063256136
LFPD,1.6347095240946923
Has_OMS,1.4123974166085058
NASA_m2_g,0.5118269990711835
NASA_m2_cm3,0.4998692957437504
NAV_cm3_g,0.13808184167063553
