{
  "R2": 0.9699412763173566,
  "MAE": 0.1127622456565238,
  "RMSE": 0.026961201860876187,
  "MAPE(%)": 4.565353410319947
}