temp,lowp,outp,seed,mode,qt_frac,train_ratio,out_root,model,R2,MAE,RMSE,MAPE(%)
313K,0.1,15,2025,lowq,0.5,0.5,./RUN_FULL_EXP,cat,0.9699412763173566,0.1127622456565238,0.026961201860876187,4.565353410319947
