Feature,Importance
0.05,52.95209934435226
ASA_m2_g,14.863327144078593
ASA_m2_cm3,7.2114385068188245
AV_cm3_g,5.901557247163945
AV_VF,4.406907466842603
cm3_g,4.136034797629295
PLD,2.4918972693795474
LCD,2.3247839857734593
LFPD,2.2179709585917546
Has_OMS,1.8206678211231153
NASA_m2_cm3,1.028581593484493
NASA_m2_g,0.548114934528046
NAV_cm3_g,0.0966189302340422
