{
  "R2": 0.9439576202462194,
  "MAE": 0.25252957703549667,
  "RMSE": 0.14685057694827414,
  "MAPE(%)": 6.469791154020421
}