Feature,Importance
0.01,70.82834741911756
ASA_m2_cm3,5.522101643069569
ASA_m2_g,4.850387813639326
AV_VF,3.6713783706387026
AV_cm3_g,2.6099059262174826
cm3_g,2.2992101730941457
Has_OMS,2.2490709933619786
LCD,2.2259166562752353
PLD,1.8996234048715173
LFPD,1.8024534813856667
NASA_m2_g,1.1990064713282587
NASA_m2_cm3,0.7487171754730095
NAV_cm3_g,0.0938804715275427
