{
  "R2": 0.9663614630683756,
  "MAE": 0.06905277745838707,
  "RMSE": 0.01214869490675073,
  "MAPE(%)": 4.916685718668031
}