{
  "R2": 0.9556329121622441,
  "MAE": 0.010636479522630566,
  "RMSE": 0.0017441258847023058,
  "MAPE(%)": 3.7737649928528993
}