{
  "R2": 0.40548677196564176,
  "MAE": 0.18505962622130184,
  "RMSE": 0.09609192677304061,
  "MAPE(%)": 45.493199357185325
}