Feature,Importance
0.01,52.55390575694098
ASA_m2_g,18.2265420155906
ASA_m2_cm3,5.948440242652953
AV_VF,5.374978567450003
AV_cm3_g,4.71473267796057
cm3_g,3.2502298016623037
PLD,2.9808413346732814
LCD,2.6018251670934576
LFPD,1.979287301002994
Has_OMS,1.142192565044632
NASA_m2_cm3,0.578164005706839
NASA_m2_g,0.514735264942507
NAV_cm3_g,0.13412529927888014
