temp,lowp,outp,seed,mode,qt_frac,train_ratio,out_root,model,R2,MAE,RMSE,MAPE(%)
273K,0.01,1,2025,struct,0.0,0.1,./RUN_FULL_EXP,cat,0.28378612613324794,0.20690965975403267,0.10827781316989088,60.30947954408222
