{
  "R2": 0.28378612613324794,
  "MAE": 0.20690965975403267,
  "RMSE": 0.10827781316989088,
  "MAPE(%)": 60.30947954408222
}