{
  "R2": 0.9589798604449116,
  "MAE": 0.2217926860460598,
  "RMSE": 0.11518991641884134,
  "MAPE(%)": 5.9723288603086
}