{
  "R2": 0.9532536239340974,
  "MAE": 0.24438435974098272,
  "RMSE": 0.11838727198428327,
  "MAPE(%)": 6.41776048744831
}