temp,lowp,outp,seed,mode,qt_frac,train_ratio,out_root,model,R2,MAE,RMSE,MAPE(%)
273K,0.01,15,2029,lowq,0.55,0.5,./RUN_FULL_EXP,cat,0.9532536239340974,0.24438435974098272,0.11838727198428327,6.41776048744831
