{
  "R2": 0.9945442344081045,
  "MAE": 0.004594465237420649,
  "RMSE": 4.3663776831048136e-05,
  "MAPE(%)": 1.7765382012853599
}