{
  "R2": 0.9675625173801896,
  "MAE": 0.062198088353861064,
  "RMSE": 0.008500110295530197,
  "MAPE(%)": 4.253353704683641
}