temp,lowp,outp,seed,mode,qt_frac,train_ratio,out_root,model,R2,MAE,RMSE,MAPE(%)
273K,0.05,1,2026,lowq,0.75,0.5,./RUN_FULL_EXP,cat,0.9853274004050588,0.014450544649172708,0.0005415532393465243,2.6333554820196188
