{
  "R2": 0.9853274004050588,
  "MAE": 0.014450544649172708,
  "RMSE": 0.0005415532393465243,
  "MAPE(%)": 2.6333554820196188
}