Feature,Importance
HENRY,82.5180592240785
ASA_m2_cm3,2.259241777151844
AV_VF,2.2018252577943893
AV_cm3_g,1.952386412461831
Has_OMS,1.9087304388763158
LCD,1.819343033442673
ASA_m2_g,1.7925520845302607
cm3_g,1.7262564976173937
PLD,1.3909408198511248
LFPD,1.223672872998621
NASA_m2_g,0.6623372666422466
NASA_m2_cm3,0.47646825082733346
NAV_cm3_g,0.06818606372747467
