{
  "R2": 0.9832297207928725,
  "MAE": 0.016732606531616262,
  "RMSE": 0.0013146664719652285,
  "MAPE(%)": 3.012975869453025
}