{
  "R2": 0.9705335169696804,
  "MAE": 0.12023710060422019,
  "RMSE": 0.029809199253672987,
  "MAPE(%)": 4.928010621667079
}