Feature,Importance
0.5,93.26549869046734
cm3_g,1.0389072057207407
AV_cm3_g,1.0058226911116732
AV_VF,0.7345794627920417
LCD,0.5975100593782425
PLD,0.5938184623606559
ASA_m2_cm3,0.5591356672521061
ASA_m2_g,0.5253241124077761
Has_OMS,0.49189203136358395
NASA_m2_g,0.47683355292833784
LFPD,0.36369165855535346
NASA_m2_cm3,0.27213702264525574
NAV_cm3_g,0.07484938301690486
