{
  "R2": 0.996549959261372,
  "MAE": 0.005417365139866751,
  "RMSE": 5.6720528856313884e-05,
  "MAPE(%)": 1.4536524892341172
}