Feature,Importance
0.05,69.848420496254
ASA_m2_g,7.42610183617696
ASA_m2_cm3,5.4736492085308095
AV_VF,4.057757827666222
AV_cm3_g,2.061077315604075
cm3_g,2.056463117328285
PLD,2.023140674201946
LFPD,2.0087927561249406
LCD,1.9432716178788423
Has_OMS,1.8746134282132991
NASA_m2_cm3,0.69347979359276
NASA_m2_g,0.47634349536433856
NAV_cm3_g,0.056888433063527886
