{
  "R2": 0.9714039962947085,
  "MAE": 0.05515846203948197,
  "RMSE": 0.006571060094616115,
  "MAPE(%)": 3.737043849050846
}