{
  "R2": 0.954803609193481,
  "MAE": 0.16982737079422697,
  "RMSE": 0.06810042906606446,
  "MAPE(%)": 5.426475534285053
}