{
  "R2": 0.9960687812511796,
  "MAE": 0.006032826932549875,
  "RMSE": 8.565116485788893e-05,
  "MAPE(%)": 1.633703605561858
}