temp,lowp,outp,seed,mode,qt_frac,train_ratio,out_root,model,R2,MAE,RMSE,MAPE(%)
293K,0.5,1,2026,lowq,0.5,0.5,./RUN_FULL_EXP,cat,0.9960687812511796,0.006032826932549875,8.565116485788893e-05,1.633703605561858
