Feature,Importance
0.01,58.360434667145185
ASA_m2_g,12.191085637424994
ASA_m2_cm3,6.904511537193758
AV_cm3_g,4.948459354999563
AV_VF,4.123055666514459
cm3_g,3.299027309584425
LCD,2.4736887792381106
PLD,2.470612220556546
LFPD,1.981646108457898
Has_OMS,1.3385109285646977
NASA_m2_cm3,0.9652471321179051
NASA_m2_g,0.9050965547030299
NAV_cm3_g,0.0386241034994444
