{
  "R2": 0.9603599610442368,
  "MAE": 0.1733637603787784,
  "RMSE": 0.0598380491242917,
  "MAPE(%)": 5.69407895989313
}