{
  "R2": 0.9711938756079679,
  "MAE": 0.10982709871531628,
  "RMSE": 0.028020515879155793,
  "MAPE(%)": 4.536255399434575
}