Feature,Importance
0.05,84.37469979534274
ASA_m2_g,1.938964442127997
PLD,1.9071545233522824
AV_cm3_g,1.8883607807891805
LCD,1.837052557291095
cm3_g,1.7302790833542607
Has_OMS,1.5037285493698778
LFPD,1.202813897120984
ASA_m2_cm3,1.1985180550239452
AV_VF,1.0559830356584758
NASA_m2_g,0.6596080876887536
NASA_m2_cm3,0.6142451952414798
NAV_cm3_g,0.08859199763892846
