{
  "R2": 0.9939339659967448,
  "MAE": 0.005190071044247275,
  "RMSE": 8.592705647728119e-05,
  "MAPE(%)": 2.028514496940242
}