Feature,Importance
0.1,88.47783738606806
AV_cm3_g,1.6751609343722567
LCD,1.4004047481546362
AV_VF,1.3926466905172
cm3_g,1.2056736350145472
ASA_m2_g,1.1239562465671409
PLD,0.8566022624131181
Has_OMS,0.8499407243375003
LFPD,0.7885853600704555
ASA_m2_cm3,0.7558055645209618
NASA_m2_g,0.7179004701941039
NASA_m2_cm3,0.6953163587071489
NAV_cm3_g,0.0601696190628516
