{
  "R2": 0.9737661645224851,
  "MAE": 0.009627804628520007,
  "RMSE": 0.001189115441679857,
  "MAPE(%)": 2.426063913822186
}