{
  "R2": 0.7809965181467297,
  "MAE": 0.5753591169474199,
  "RMSE": 0.6541438725969205,
  "MAPE(%)": 18.742840450381305
}