Feature,Importance
0.01,71.48960455646467
ASA_m2_cm3,4.512108865838745
ASA_m2_g,4.477977292479923
AV_cm3_g,3.4469413082642943
cm3_g,3.0977391983678015
AV_VF,2.652475349909117
Has_OMS,2.447207353092582
LFPD,2.065492333823851
LCD,2.0261323110078875
PLD,1.9032698799183594
NASA_m2_g,1.0103250618134834
NASA_m2_cm3,0.786988243465115
NAV_cm3_g,0.08373824555413556
