{
  "R2": 0.9612572039143095,
  "MAE": 0.07809656157774318,
  "RMSE": 0.017294862700870477,
  "MAPE(%)": 5.806699624474949
}