temp,lowp,outp,seed,mode,qt_frac,train_ratio,out_root,model,R2,MAE,RMSE,MAPE(%)
293K,0.01,5,2027,struct_with_input,0.07,0.15,./RUN_FULL_EXP,cat,0.9612572039143095,0.07809656157774318,0.017294862700870477,5.806699624474949
