{
  "R2": 0.9600958123442849,
  "MAE": 0.17183942681974373,
  "RMSE": 0.06084890025650878,
  "MAPE(%)": 5.602524446199335
}