{
  "R2": 0.6648429297932772,
  "MAE": 0.577847718198691,
  "RMSE": 0.6450877447451299,
  "MAPE(%)": 24.55588758833732
}