Feature,Importance
0.1,69.10065129262753
AV_VF,6.104024021238082
ASA_m2_cm3,5.200603206318585
ASA_m2_g,4.71923746875642
AV_cm3_g,3.3303099922462884
PLD,2.5529914872328843
cm3_g,2.2824355121018
LFPD,2.0828244977485153
Has_OMS,1.7780262203150408
LCD,1.7109049004212042
NASA_m2_cm3,0.6062997747321512
NASA_m2_g,0.4331325547568
NAV_cm3_g,0.09855907150470487
