{
  "R2": 0.9603589705153601,
  "MAE": 0.10133777500182843,
  "RMSE": 0.02611742938184643,
  "MAPE(%)": 5.161814769888428
}