Feature,Importance
0.1,49.972709989320705
ASA_m2_g,16.930843213648203
ASA_m2_cm3,7.66781955964791
AV_cm3_g,5.576866710429574
AV_VF,4.499073712773666
cm3_g,3.829454452097544
PLD,2.807657814107083
LCD,2.6727734551007436
LFPD,2.3720551029884573
Has_OMS,1.829655907925344
NASA_m2_g,1.0335627805121033
NASA_m2_cm3,0.7061821812670095
NAV_cm3_g,0.10134512018164929
