{
  "R2": 0.9603890467840684,
  "MAE": 0.2314175843498056,
  "RMSE": 0.11424363050122567,
  "MAPE(%)": 6.391425504335446
}