temp,lowp,outp,seed,mode,qt_frac,train_ratio,out_root,model,R2,MAE,RMSE,MAPE(%)
293K,0.05,1,2026,lowq,0.3,0.5,./RUN_FULL_EXP,cat,0.9933765483498838,0.008477523452084105,0.00019295167337656245,2.3088717924651623
