{
  "R2": 0.9933765483498838,
  "MAE": 0.008477523452084105,
  "RMSE": 0.00019295167337656245,
  "MAPE(%)": 2.3088717924651623
}