{
  "R2": 0.9520482650312061,
  "MAE": 0.16322991133399165,
  "RMSE": 0.06969592814686375,
  "MAPE(%)": 5.09974887311007
}