Feature,Importance
0.1,59.81972628969596
ASA_m2_g,8.107814389216689
AV_VF,7.438871721679965
AV_cm3_g,6.523781859657251
ASA_m2_cm3,5.770559130461705
PLD,2.7543159567910203
cm3_g,2.6289590544546737
LFPD,1.9352113401495439
Has_OMS,1.828030761479042
LCD,1.7936531293753963
NASA_m2_cm3,0.8062649981123127
NASA_m2_g,0.526672738975917
NAV_cm3_g,0.06613862995053556
