{
  "R2": 0.9580864738075983,
  "MAE": 0.16492959419038167,
  "RMSE": 0.06479997554524616,
  "MAPE(%)": 5.362280746096758
}