temp,lowp,outp,seed,mode,qt_frac,train_ratio,out_root,model,R2,MAE,RMSE,MAPE(%)
293K,0.1,15,2028,lowq,0.45,0.5,./RUN_FULL_EXP,cat,0.9580864738075983,0.16492959419038167,0.06479997554524616,5.362280746096758
