{
  "R2": 0.9580622334944502,
  "MAE": 0.008743683577676926,
  "RMSE": 0.001648626215369614,
  "MAPE(%)": 2.8626291355461793
}