{
  "R2": 0.9564574904954839,
  "MAE": 0.18486274679242762,
  "RMSE": 0.08394202405839567,
  "MAPE(%)": 6.8542303499703126
}