{
  "R2": 0.9554831932952178,
  "MAE": 0.17274677191005858,
  "RMSE": 0.07270724994281923,
  "MAPE(%)": 5.667863325272976
}