{
  "R2": 0.965324892377241,
  "MAE": 0.1055085620451844,
  "RMSE": 0.02918947505864948,
  "MAPE(%)": 5.668186490651342
}