{
  "R2": 0.9475369588448337,
  "MAE": 0.26651244959790504,
  "RMSE": 0.15871584703371416,
  "MAPE(%)": 7.575524613246595
}