Feature,Importance
0.01,64.03695578746154
ASA_m2_cm3,6.856288289122663
ASA_m2_g,6.6850756334591575
AV_VF,4.865356588971795
AV_cm3_g,3.173455402712845
LCD,3.1563808564882594
cm3_g,2.8158632817700586
PLD,2.606056991170386
LFPD,2.330850023033514
Has_OMS,1.5959192309514876
NASA_m2_g,1.1076176326945084
NASA_m2_cm3,0.7185504144225591
NAV_cm3_g,0.05162986774122568
