temp,lowp,outp,seed,mode,qt_frac,train_ratio,out_root,model,R2,MAE,RMSE,MAPE(%)
273K,0.01,5,2026,lowq,0.05,0.5,./RUN_FULL_EXP,cat,0.9596454765689166,0.10881032629611184,0.033206206870019725,5.893861061985065
