{
  "R2": 0.9596454765689166,
  "MAE": 0.10881032629611184,
  "RMSE": 0.033206206870019725,
  "MAPE(%)": 5.893861061985065
}