{
  "R2": 0.9565917234153021,
  "MAE": 0.11033502409178533,
  "RMSE": 0.029954990928047272,
  "MAPE(%)": 5.64174304865083
}