{
  "R2": 0.968866942342912,
  "MAE": 0.11326013876055452,
  "RMSE": 0.026588574859813027,
  "MAPE(%)": 4.530281786103673
}