temp,lowp,outp,seed,mode,qt_frac,train_ratio,out_root,model,R2,MAE,RMSE,MAPE(%)
313K,0.05,15,2027,lowq,0.6,0.5,./RUN_FULL_EXP,cat,0.968866942342912,0.11326013876055452,0.026588574859813027,4.530281786103673
