Feature,Importance
0.01,84.60062037709696
AV_cm3_g,2.6052709553815108
ASA_m2_g,1.8230330198223321
AV_VF,1.7856858645835179
ASA_m2_cm3,1.6875242232512537
LCD,1.566679754958714
cm3_g,1.1647507352708037
PLD,1.0685185959933023
NASA_m2_g,1.056231343859413
LFPD,1.0206861504353382
Has_OMS,0.824560960427722
NASA_m2_cm3,0.6678839974167297
NAV_cm3_g,0.12855402150240783
