{
  "R2": 0.9228570458946639,
  "MAE": 0.027411076610984,
  "RMSE": 0.012988004739846681,
  "MAPE(%)": 4.584109989794634
}