{
  "R2": 0.9661596631824125,
  "MAE": 0.014153972323113322,
  "RMSE": 0.0023986424163895664,
  "MAPE(%)": 3.567226991670998
}