Feature,Importance
0.5,90.3238917596568
ASA_m2_g,1.6421232059170519
cm3_g,1.2180365487944442
Has_OMS,1.0921984049054723
LFPD,1.0657332624118288
AV_VF,0.8880779664644236
PLD,0.8606550288998193
ASA_m2_cm3,0.8434334463274185
AV_cm3_g,0.7969471574402655
LCD,0.7291696679431579
NASA_m2_cm3,0.24081403551171382
NASA_m2_g,0.2245257686141352
NAV_cm3_g,0.07439374711349737
