{
  "R2": 0.9967727845724457,
  "MAE": 0.006060240119990206,
  "RMSE": 7.760567192844756e-05,
  "MAPE(%)": 1.6805391154084235
}