{
  "R2": 0.9599521048407633,
  "MAE": 0.09988674262135906,
  "RMSE": 0.02367140634721932,
  "MAPE(%)": 5.110593887305806
}