Feature,Importance
0.5,50.20416773761839
ASA_m2_g,15.078452411847966
AV_cm3_g,6.700571196592499
AV_VF,6.411568451987274
ASA_m2_cm3,5.924298926899644
cm3_g,5.545253614144125
PLD,2.7651791091336433
LCD,2.6970322944849237
LFPD,2.3023483921642574
Has_OMS,0.9508061631220737
NASA_m2_cm3,0.8015101913544957
NASA_m2_g,0.5372410590901802
NAV_cm3_g,0.08157045156051816
