{
  "R2": 0.9615877433444788,
  "MAE": 0.22047319301923196,
  "RMSE": 0.1143977065127193,
  "MAPE(%)": 6.098965030914782
}