Feature,Importance
0.01,82.47234086281722
ASA_m2_cm3,2.693025984924849
AV_VF,2.3855035365375317
AV_cm3_g,1.9166215354681326
cm3_g,1.7929164226419272
PLD,1.7339248403359353
Has_OMS,1.5009979418531871
LCD,1.4920366750590865
ASA_m2_g,1.4628880907771207
LFPD,1.2817301660732432
NASA_m2_cm3,0.6787785330720078
NASA_m2_g,0.46250263828947713
NAV_cm3_g,0.12673277215026268
