{
  "R2": 0.9873992182102196,
  "MAE": 0.01641259986212643,
  "RMSE": 0.0007645204040553114,
  "MAPE(%)": 2.9951785701329543
}