temp,lowp,outp,seed,mode,qt_frac,train_ratio,out_root,model,R2,MAE,RMSE,MAPE(%)
293K,0.1,15,2027,lowq,0.5,0.5,./RUN_FULL_EXP,cat,0.9616772921360253,0.16605007496128152,0.05774644275546944,5.391298463306519
