{
  "R2": 0.9616772921360253,
  "MAE": 0.16605007496128152,
  "RMSE": 0.05774644275546944,
  "MAPE(%)": 5.391298463306519
}