{
  "R2": 0.9638162948806244,
  "MAE": 0.11314864776212649,
  "RMSE": 0.03998334301116058,
  "MAPE(%)": 4.689306291912718
}