Feature,Importance
0.01,72.2781368938427
ASA_m2_cm3,4.693487437761491
ASA_m2_g,4.423084581704072
AV_VF,3.6938406101385106
AV_cm3_g,3.538905063680712
cm3_g,2.262801281770312
Has_OMS,2.1473788529538607
PLD,2.0098951151618776
LFPD,1.8729797584706709
LCD,1.7285298962438724
NASA_m2_cm3,0.7023075093085088
NASA_m2_g,0.5947602927280426
NAV_cm3_g,0.05389270623535433
