{
  "R2": 0.9685238355213166,
  "MAE": 0.06447917374553101,
  "RMSE": 0.010580748882718689,
  "MAPE(%)": 4.420609328622123
}