{
  "R2": 0.9947312462447504,
  "MAE": 0.004186676653973649,
  "RMSE": 3.453167721551857e-05,
  "MAPE(%)": 1.563880189316303
}