Feature,Importance
0.1,62.080962290021766
ASA_m2_g,13.444775300169628
ASA_m2_cm3,5.393178075133556
AV_VF,4.474710414849678
cm3_g,3.3449430256251067
AV_cm3_g,2.954509863831994
PLD,1.9965556864190708
LFPD,1.9828440940478598
LCD,1.9479121572353284
Has_OMS,1.188931206780789
NASA_m2_cm3,0.6144319043182634
NASA_m2_g,0.5241845674775996
NAV_cm3_g,0.052061414089337656
