temp,lowp,outp,seed,mode,qt_frac,train_ratio,out_root,model,R2,MAE,RMSE,MAPE(%)
313K,0.1,15,2025,lowq,0.8,0.5,./RUN_FULL_EXP,cat,0.9668694557225233,0.11214242585882131,0.025199979911740528,4.399600057152811
