{
  "R2": 0.9668694557225233,
  "MAE": 0.11214242585882131,
  "RMSE": 0.025199979911740528,
  "MAPE(%)": 4.399600057152811
}