temp,lowp,outp,seed,mode,qt_frac,train_ratio,out_root,model,R2,MAE,RMSE,MAPE(%)
273K,0.01,1,2029,struct_with_input,0.75,0.75,./RUN_FULL_EXP,cat,0.9808013843246742,0.016154099366697552,0.000706704745903095,2.9943505349065047
