{
  "R2": 0.9808013843246742,
  "MAE": 0.016154099366697552,
  "RMSE": 0.000706704745903095,
  "MAPE(%)": 2.9943505349065047
}