Feature,Importance
0.1,88.57471500517242
Has_OMS,1.8682399395400227
AV_cm3_g,1.7755450103818322
AV_VF,1.3126068036760594
LCD,1.267319428384087
cm3_g,1.1098718548410176
LFPD,1.0329532449284562
ASA_m2_g,0.9875044302536748
PLD,0.636761808315989
ASA_m2_cm3,0.5460936302421503
NASA_m2_cm3,0.42934114616369645
NASA_m2_g,0.4269677706048661
NAV_cm3_g,0.0320799274957047
