{
  "R2": 0.9829422081483641,
  "MAE": 0.006093238903050428,
  "RMSE": 0.00046224479083858727,
  "MAPE(%)": 2.1584469546091234
}