temp,lowp,outp,seed,mode,qt_frac,train_ratio,out_root,model,R2,MAE,RMSE,MAPE(%)
313K,0.1,1,2029,lowq,0.1,0.5,./RUN_FULL_EXP,cat,0.9829422081483641,0.006093238903050428,0.00046224479083858727,2.1584469546091234
