Feature,Importance
PLD,16.064019693286824
Has_OMS,12.940412027188568
LFPD,12.0626985367466
cm3_g,10.889311932128914
AV_VF,10.83028899054347
LCD,10.190927683687104
ASA_m2_cm3,9.143836620036053
ASA_m2_g,6.877996849630736
AV_cm3_g,6.770697511217353
NASA_m2_cm3,2.105876830877295
NASA_m2_g,1.9517225095439923
NAV_cm3_g,0.1722108151130796
