{
  "R2": 0.2820603170199947,
  "MAE": 0.20465948694066202,
  "RMSE": 0.1065973923846837,
  "MAPE(%)": 62.258598087858
}