{
  "R2": 0.28472881947405937,
  "MAE": 0.20534484085227392,
  "RMSE": 0.1168433263857846,
  "MAPE(%)": 57.84530424180557
}