{
  "R2": 0.16713180436296715,
  "MAE": 0.2284475780365715,
  "RMSE": 0.13374815669559628,
  "MAPE(%)": 65.83213969895898
}