{
  "R2": 0.9752719278881501,
  "MAE": 0.049606447704676815,
  "RMSE": 0.0054389435834388085,
  "MAPE(%)": 3.34262060898494
}