{
  "R2": 0.9706156834965994,
  "MAE": 0.11024955207827138,
  "RMSE": 0.02781353286841151,
  "MAPE(%)": 4.532526465017587
}