{
  "R2": 0.9974638012340491,
  "MAE": 0.003828633315118897,
  "RMSE": 3.637374873248239e-05,
  "MAPE(%)": 1.584781056976993
}