temp,lowp,outp,seed,mode,qt_frac,train_ratio,out_root,model,R2,MAE,RMSE,MAPE(%)
313K,0.5,1,2029,lowq,0.25,0.5,./RUN_FULL_EXP,cat,0.9974638012340491,0.003828633315118897,3.637374873248239e-05,1.584781056976993
