{
  "R2": 0.9618737766741048,
  "MAE": 0.17123034679212473,
  "RMSE": 0.06305494189657163,
  "MAPE(%)": 5.688700442496716
}