{
  "R2": 0.9877651689660327,
  "MAE": 0.01421429289583804,
  "RMSE": 0.0005653136520658809,
  "MAPE(%)": 2.616515971014478
}