{
  "R2": 0.965493959979055,
  "MAE": 0.05931698337342208,
  "RMSE": 0.00999373548952984,
  "MAPE(%)": 4.05125143224385
}