Feature,Importance
Has_OMS,16.464777309308346
ASA_m2_cm3,12.180843988590972
cm3_g,12.129680027812348
AV_VF,11.124080613058196
PLD,11.017748385572368
LCD,10.467065225125005
AV_cm3_g,8.251982708628562
LFPD,7.834973607849993
ASA_m2_g,6.331056179567081
NASA_m2_g,2.513223451489065
NASA_m2_cm3,1.4173010372416326
NAV_cm3_g,0.2672674657564186
