{
  "R2": 0.3293186315615134,
  "MAE": 0.20196273403451634,
  "RMSE": 0.10755778642177052,
  "MAPE(%)": 54.84370969441134
}