Feature,Importance
0.01,64.00167150081745
ASA_m2_g,8.258195476136557
ASA_m2_cm3,5.890323580489598
AV_VF,5.136822498684322
AV_cm3_g,3.1175930322022647
LCD,2.7366458086567635
cm3_g,2.622293878554717
PLD,2.2225481439159225
LFPD,2.1828075082046907
Has_OMS,2.040231054350686
NASA_m2_g,1.0922686423584442
NASA_m2_cm3,0.5798536588510478
NAV_cm3_g,0.11874521677753565
