Feature,Importance
0.1,90.83890951071237
cm3_g,1.260543977430169
AV_cm3_g,1.0915281357614457
AV_VF,1.0850616833426165
LCD,1.0600373535338905
ASA_m2_cm3,1.0408646868436917
PLD,0.8240097154268394
Has_OMS,0.7853657794278767
ASA_m2_g,0.6908591893652073
LFPD,0.5003246763451159
NASA_m2_g,0.42450131023730786
NASA_m2_cm3,0.24647632792988722
NAV_cm3_g,0.15151765364359865
