temp,lowp,outp,seed,mode,qt_frac,train_ratio,out_root,model,R2,MAE,RMSE,MAPE(%)
313K,0.1,1,2026,lowq,0.65,0.5,./RUN_FULL_EXP,cat,0.9952508375564036,0.004290262312739679,3.8189500112075596e-05,1.6402024762728864
