{
  "R2": 0.9952508375564036,
  "MAE": 0.004290262312739679,
  "RMSE": 3.8189500112075596e-05,
  "MAPE(%)": 1.6402024762728864
}