Feature,Importance
0.1,66.29107634754463
ASA_m2_g,6.746184146568113
ASA_m2_cm3,5.899758420644025
AV_VF,5.124779200014076
AV_cm3_g,3.5619259401088743
cm3_g,2.825968876194399
LCD,2.266047173911508
LFPD,2.1554440327881674
PLD,2.151838991051441
Has_OMS,1.608591706229149
NASA_m2_cm3,0.8007228406313573
NASA_m2_g,0.46140178054606795
NAV_cm3_g,0.1062605437681896
