{
  "R2": 0.9641859485441094,
  "MAE": 0.10030420717177016,
  "RMSE": 0.025886863074714665,
  "MAPE(%)": 5.117708180753489
}