temp,lowp,outp,seed,mode,qt_frac,train_ratio,out_root,model,R2,MAE,RMSE,MAPE(%)
313K,0.01,15,2029,lowq,0.3,0.5,./RUN_FULL_EXP,cat,0.973045015304029,0.11597583871963804,0.027587785787675758,4.837076984977598
