{
  "R2": 0.973045015304029,
  "MAE": 0.11597583871963804,
  "RMSE": 0.027587785787675758,
  "MAPE(%)": 4.837076984977598
}