{
  "R2": 0.9640182564713232,
  "MAE": 0.22103728580397594,
  "RMSE": 0.10821209512100126,
  "MAPE(%)": 6.2778586215935155
}