{
  "R2": 0.9654809621349336,
  "MAE": 0.0223839101026942,
  "RMSE": 0.0021025761948242736,
  "MAPE(%)": 7.882125080366829
}