{
  "R2": 0.4224368587742303,
  "MAE": 0.12006393789829292,
  "RMSE": 0.04338181418890632,
  "MAPE(%)": 47.148516253684896
}