Feature,Importance
0.01,77.59926047022867
ASA_m2_g,4.697995338308255
AV_VF,3.2832299703812153
ASA_m2_cm3,2.825876557757189
AV_cm3_g,2.718516382375738
cm3_g,1.7450120507806968
LCD,1.7326835702991372
Has_OMS,1.4876155812009322
PLD,1.439992114585309
LFPD,1.252770190351649
NASA_m2_cm3,0.5809324313451578
NASA_m2_g,0.5736345990855833
NAV_cm3_g,0.062480743300455645
