{
  "R2": 0.9740437340794502,
  "MAE": 0.03921205412301093,
  "RMSE": 0.003017880242830413,
  "MAPE(%)": 3.523753538638117
}