Feature,Importance
0.1,72.49831825709173
ASA_m2_g,5.660573871672508
ASA_m2_cm3,5.267373355322891
AV_VF,3.7409719172428937
AV_cm3_g,2.5728706184438384
LCD,2.046144322456661
cm3_g,1.9104839933168205
Has_OMS,1.903985155562604
PLD,1.7524351181021882
LFPD,1.3868708488550743
NASA_m2_g,0.6598718447163526
NASA_m2_cm3,0.5120492305522159
NAV_cm3_g,0.0880514666642236
