Feature,Importance
0.5,76.02229075960506
ASA_m2_cm3,4.682148164650468
ASA_m2_g,4.202782563876565
AV_cm3_g,3.131650535233706
AV_VF,3.024283013287109
cm3_g,2.0207004996008147
LFPD,1.7259932546159058
PLD,1.3668529969217718
Has_OMS,1.2892155856921055
LCD,1.2570860198402751
NASA_m2_cm3,0.6718742814350723
NASA_m2_g,0.5133668659388774
NAV_cm3_g,0.09175545930225812
