{
  "R2": 0.9767218478595486,
  "MAE": 0.05260314505321709,
  "RMSE": 0.007132684113971908,
  "MAPE(%)": 3.592587460469522
}