{
  "R2": 0.9717368212792072,
  "MAE": 0.12201583071237211,
  "RMSE": 0.03160863761882984,
  "MAPE(%)": 5.184658136639995
}