{
  "R2": 0.31349076016446287,
  "MAE": 0.19988655449884757,
  "RMSE": 0.10583320135456774,
  "MAPE(%)": 53.07752291243138
}