{
  "R2": 0.3297798051070707,
  "MAE": 0.19550915826110624,
  "RMSE": 0.11145942949236433,
  "MAPE(%)": 49.7095874567817
}