{
  "R2": 0.9792170664511024,
  "MAE": 0.03839436056455075,
  "RMSE": 0.005709884449834122,
  "MAPE(%)": 3.73257771263716
}