Feature,Importance
0.1,49.58305881517383
ASA_m2_g,15.050854320559914
AV_cm3_g,6.87544739466018
ASA_m2_cm3,6.728766241811382
AV_VF,5.6402682907113295
cm3_g,5.082300091231028
PLD,3.2596738827843095
LCD,2.565506492885295
LFPD,2.271998461077291
Has_OMS,1.4857149330040573
NASA_m2_cm3,0.8013905801022695
NASA_m2_g,0.5881387085767552
NAV_cm3_g,0.06688178742235049
