{
  "R2": 0.9602527526654243,
  "MAE": 0.23042148457621933,
  "RMSE": 0.11857937854257021,
  "MAPE(%)": 6.524812204298411
}