temp,lowp,outp,seed,mode,qt_frac,train_ratio,out_root,model,R2,MAE,RMSE,MAPE(%)
273K,0.1,15,2025,lowq,0.05,0.5,./RUN_FULL_EXP,cat,0.9602527526654243,0.23042148457621933,0.11857937854257021,6.524812204298411
