{
  "R2": 0.9887354234134028,
  "MAE": 0.011042519580935436,
  "RMSE": 0.00032355423897953206,
  "MAPE(%)": 3.1773150847445373
}