Feature,Importance
cm3_g,16.31819744144482
ASA_m2_g,15.350876791661143
AV_VF,12.629673113440937
ASA_m2_cm3,12.436917097349555
PLD,11.083215144791653
AV_cm3_g,8.111480586741745
LCD,7.400442557141985
LFPD,6.84820318471682
Has_OMS,6.630655110475654
NASA_m2_cm3,1.6084687277023515
NASA_m2_g,1.2255092305867061
NAV_cm3_g,0.35636101394662895
