{
  "R2": 0.6725547668055832,
  "MAE": 0.5643034329248284,
  "RMSE": 0.6251861495644823,
  "MAPE(%)": 23.618621562026735
}