temp,lowp,outp,seed,mode,qt_frac,train_ratio,out_root,model,R2,MAE,RMSE,MAPE(%)
273K,0.01,1,2026,struct_with_input,0.0,0.15,./RUN_FULL_EXP,cat,0.9244175760083602,0.030881176935516758,0.01228250813664381,5.8646837028121075
