{
  "R2": 0.9244175760083602,
  "MAE": 0.030881176935516758,
  "RMSE": 0.01228250813664381,
  "MAPE(%)": 5.8646837028121075
}