{
  "R2": 0.9513292095260237,
  "MAE": 0.028871574562660776,
  "RMSE": 0.007293861274748493,
  "MAPE(%)": 5.833614683815319
}