Feature,Importance
0.01,75.49614015034462
cm3_g,5.075230200364662
Has_OMS,2.968040167608923
AV_cm3_g,2.8279339480682264
ASA_m2_cm3,2.602151473159651
AV_VF,2.008604166395011
NASA_m2_g,1.9985467629141467
LFPD,1.8161100440244415
PLD,1.700122733295771
LCD,1.5132234492741807
ASA_m2_g,1.2462518584503797
NASA_m2_cm3,0.740321008997546
NAV_cm3_g,0.0073240371024386975
