{
  "R2": 0.9568371696657313,
  "MAE": 0.028729467243873825,
  "RMSE": 0.004982982759354103,
  "MAPE(%)": 5.6659221503238975
}