{
  "R2": 0.9541502336633068,
  "MAE": 0.029937746792545506,
  "RMSE": 0.005288640570707126,
  "MAPE(%)": 5.881876701229213
}