{
  "R2": 0.9649815381162381,
  "MAE": 0.10390029793560016,
  "RMSE": 0.029535296869378686,
  "MAPE(%)": 5.49843457683407
}