{
  "R2": 0.9821260026219971,
  "MAE": 0.03140931988102584,
  "RMSE": 0.002509101756312221,
  "MAPE(%)": 2.8351802595632476
}