temp,lowp,outp,seed,mode,qt_frac,train_ratio,out_root,model,R2,MAE,RMSE,MAPE(%)
313K,0.5,5,2027,lowq,0.55,0.5,./RUN_FULL_EXP,cat,0.9821260026219971,0.03140931988102584,0.002509101756312221,2.8351802595632476
