Feature,Importance
0.5,71.60347438009873
ASA_m2_cm3,6.060986868807315
ASA_m2_g,5.855495320412642
AV_VF,4.02246879894231
AV_cm3_g,3.2713928771258844
LCD,1.8991557567347774
PLD,1.7944387133785138
LFPD,1.7572419144268936
cm3_g,1.6077004754516606
Has_OMS,1.2432977759714723
NASA_m2_cm3,0.45512237427866437
NASA_m2_g,0.3707664883192949
NAV_cm3_g,0.05845825605185395
