temp,lowp,outp,seed,mode,qt_frac,train_ratio,out_root,model,R2,MAE,RMSE,MAPE(%)
273K,0.5,5,2025,lowq,0.7,0.5,./RUN_FULL_EXP,cat,0.9627294320635511,0.088040803795918,0.016526076606985282,4.404167020575132
