{
  "R2": 0.9627294320635511,
  "MAE": 0.088040803795918,
  "RMSE": 0.016526076606985282,
  "MAPE(%)": 4.404167020575132
}