{
  "R2": 0.9602145421652026,
  "MAE": 0.17530570244946964,
  "RMSE": 0.07552676833072405,
  "MAPE(%)": 6.15963202231626
}