Feature,Importance
0.01,83.66440241831343
Has_OMS,2.9894837975122384
cm3_g,1.8139045235540205
AV_cm3_g,1.7571832864240242
AV_VF,1.6540412894719156
ASA_m2_cm3,1.587777402756101
LFPD,1.4084882289170204
LCD,1.3365985168218633
PLD,1.1263838086253921
ASA_m2_g,0.9127095224154156
NASA_m2_cm3,0.898344044096104
NASA_m2_g,0.7567699637673563
NAV_cm3_g,0.09391319732514643
