Feature,Importance
0.01,82.59643951642236
ASA_m2_cm3,2.5341799138788876
AV_VF,2.4204917409190188
ASA_m2_g,2.327660978509313
AV_cm3_g,1.687166582006138
PLD,1.6829781363992167
LFPD,1.587700543929
cm3_g,1.2493352724380613
Has_OMS,1.234246979684058
LCD,1.2129722665098797
NASA_m2_cm3,0.78551844426124
NASA_m2_g,0.636659063070667
NAV_cm3_g,0.04465056197217251
