{
  "R2": 0.9877573094091282,
  "MAE": 0.015017503156377067,
  "RMSE": 0.0004699109788238513,
  "MAPE(%)": 2.8147434730088037
}