{
  "R2": 0.9719813547701114,
  "MAE": 0.06344375083687535,
  "RMSE": 0.01031331925428348,
  "MAPE(%)": 4.493094678190944
}