{
  "R2": 0.9374488726281534,
  "MAE": 0.019989023244160128,
  "RMSE": 0.004518577408797503,
  "MAPE(%)": 6.234068375715391
}