Feature,Importance
0.1,65.18355675519575
ASA_m2_g,7.72642553728873
AV_VF,6.165446760898926
ASA_m2_cm3,4.522413840700166
AV_cm3_g,3.338823460769794
PLD,2.6621327006301487
LFPD,2.422722616897297
LCD,2.3101673020159925
Has_OMS,2.1180876227788406
cm3_g,2.004378290967258
NASA_m2_cm3,0.8694387722924644
NASA_m2_g,0.6345817812223734
NAV_cm3_g,0.04182455834226554
