{
  "R2": 0.9590883448284641,
  "MAE": 0.10123506462217671,
  "RMSE": 0.025000316398897136,
  "MAPE(%)": 5.131001859040351
}