Feature,Importance
cm3_g,15.41422114089536
AV_VF,15.062795617432677
PLD,13.465092486290601
ASA_m2_g,10.146055325626183
LCD,9.693912400784585
ASA_m2_cm3,9.111132120541209
LFPD,8.756274374379805
AV_cm3_g,8.260774852529984
Has_OMS,7.466308423609078
NASA_m2_g,1.3184292739313292
NASA_m2_cm3,1.1266951983278324
NAV_cm3_g,0.17830878565134983
