{
  "R2": 0.4193267950446866,
  "MAE": 0.37098802579082585,
  "RMSE": 0.28988331271454615,
  "MAPE(%)": 36.55920077803278
}