Feature,Importance
0.05,53.518146137178384
ASA_m2_g,13.548540502759806
ASA_m2_cm3,7.0439052697565545
AV_VF,5.872899862518284
AV_cm3_g,5.568536987874255
cm3_g,4.108194365537437
PLD,2.815410539314441
LCD,2.4929234081891565
LFPD,2.065954804722247
Has_OMS,1.255357999139245
NASA_m2_cm3,0.8992269269427031
NASA_m2_g,0.6939060028108337
NAV_cm3_g,0.11699719325660472
