{
  "R2": 0.9538551442780604,
  "MAE": 0.24053089932023622,
  "RMSE": 0.12102654335030318,
  "MAPE(%)": 6.259261451814359
}