{
  "R2": 0.9943964897941651,
  "MAE": 0.023415707057502202,
  "RMSE": 0.0012055359832025493,
  "MAPE(%)": 1.7783847591560593
}