Feature,Importance
0.5,90.99394170601147
AV_cm3_g,1.3381942747339262
ASA_m2_cm3,1.2467881515695887
cm3_g,0.9919623407528456
Has_OMS,0.9435860892683796
AV_VF,0.8930030033552815
ASA_m2_g,0.8560527366821676
LFPD,0.7786185790357603
PLD,0.6187520873456437
LCD,0.46403855052750026
NASA_m2_cm3,0.3943197796165499
NASA_m2_g,0.39353604671989734
NAV_cm3_g,0.08720665438099288
