{
  "R2": 0.9972933359898647,
  "MAE": 0.0037133141234762437,
  "RMSE": 3.083225740464732e-05,
  "MAPE(%)": 1.4734950773135538
}