temp,lowp,outp,seed,mode,qt_frac,train_ratio,out_root,model,R2,MAE,RMSE,MAPE(%)
273K,0.05,5,2028,lowq,0.7,0.5,./RUN_FULL_EXP,cat,0.9547068297982828,0.09941340706366104,0.021545528160250682,4.96157753757716
