{
  "R2": 0.9547068297982828,
  "MAE": 0.09941340706366104,
  "RMSE": 0.021545528160250682,
  "MAPE(%)": 4.96157753757716
}