Feature,Importance
HENRY,51.807789453240616
ASA_m2_g,12.426838488177967
ASA_m2_cm3,7.366668916777411
AV_cm3_g,6.565896529908087
AV_VF,6.493536376131597
cm3_g,4.756558647229053
PLD,2.7988850633179547
LFPD,2.4481178780472788
LCD,2.35444520230269
Has_OMS,1.4822419477357798
NASA_m2_g,0.7134239871865424
NASA_m2_cm3,0.7029722044436987
NAV_cm3_g,0.0826253055013319
