temp,lowp,outp,seed,mode,qt_frac,train_ratio,out_root,model,R2,MAE,RMSE,MAPE(%)
273K,HENRY,15,2028,lowq,0.2,0.5,./RUN_FULL_EXP,cat,0.9564937664342886,0.23529611042813836,0.1280628081016586,6.2914246532872085
