{
  "R2": 0.9564937664342886,
  "MAE": 0.23529611042813836,
  "RMSE": 0.1280628081016586,
  "MAPE(%)": 6.2914246532872085
}