Feature,Importance
HENRY,64.9785770501585
ASA_m2_cm3,6.4493878187493765
AV_VF,5.948030422335877
ASA_m2_g,5.904070807518567
AV_cm3_g,3.3056742996687025
PLD,3.1208612616713007
cm3_g,2.205875197286802
LFPD,2.202070535970274
LCD,2.1536229837631597
Has_OMS,2.108444986510075
NASA_m2_cm3,0.8883384177239654
NASA_m2_g,0.6825530070045704
NAV_cm3_g,0.05249321163880624
