{
  "R2": 0.9546764560679785,
  "MAE": 0.0984329054560031,
  "RMSE": 0.02297951514251108,
  "MAPE(%)": 4.936799297514142
}