temp,lowp,outp,seed,mode,qt_frac,train_ratio,out_root,model,R2,MAE,RMSE,MAPE(%)
313K,0.01,1,2029,lowq,0.15,0.5,./RUN_FULL_EXP,cat,0.9906029542830442,0.007358197944169647,0.00018138906216277312,2.9764568780480425
