{
  "R2": 0.9906029542830442,
  "MAE": 0.007358197944169647,
  "RMSE": 0.00018138906216277312,
  "MAPE(%)": 2.9764568780480425
}