{
  "R2": 0.990681243047194,
  "MAE": 0.007196556753727073,
  "RMSE": 0.00015356432904005393,
  "MAPE(%)": 2.9591164418278324
}