temp,lowp,outp,seed,mode,qt_frac,train_ratio,out_root,model,R2,MAE,RMSE,MAPE(%)
313K,0.01,1,2027,lowq,0.2,0.5,./RUN_FULL_EXP,cat,0.990681243047194,0.007196556753727073,0.00015356432904005393,2.9591164418278324
