{
  "R2": 0.4222188300016282,
  "MAE": 0.18226853463448422,
  "RMSE": 0.09775379939555497,
  "MAPE(%)": 53.59764736048469
}