Feature,Importance
cm3_g,15.88799371992775
PLD,14.707430609360106
Has_OMS,12.966615304732754
AV_VF,10.543926007493788
ASA_m2_cm3,10.120673741218031
LCD,9.585810650439335
LFPD,8.712349313590833
AV_cm3_g,6.430065915244549
ASA_m2_g,5.6472628880870595
NASA_m2_cm3,2.8306038522272914
NASA_m2_g,2.500664982715715
NAV_cm3_g,0.06660301496279188
