{
  "R2": 0.3635564801815677,
  "MAE": 0.12356146483637485,
  "RMSE": 0.04808580593801106,
  "MAPE(%)": 46.23658376711028
}