Feature,Importance
HENRY,78.00917126358097
ASA_m2_g,4.207302865328647
AV_VF,3.3183032847049785
ASA_m2_cm3,2.810726968236423
AV_cm3_g,2.3127988779067645
cm3_g,1.9314466290863739
Has_OMS,1.9312739011031816
LCD,1.7660549085681272
PLD,1.3423967062715603
LFPD,1.198573099598767
NASA_m2_cm3,0.8288316118481281
NASA_m2_g,0.25090718302997167
NAV_cm3_g,0.09221270073610137
