temp,lowp,outp,seed,mode,qt_frac,train_ratio,out_root,model,R2,MAE,RMSE,MAPE(%)
313K,HENRY,5,2029,lowq,0.5,0.5,./RUN_FULL_EXP,cat,0.9821277878488918,0.033553009225647974,0.0027174848290159024,3.0604051557608916
