{
  "R2": 0.9821277878488918,
  "MAE": 0.033553009225647974,
  "RMSE": 0.0027174848290159024,
  "MAPE(%)": 3.0604051557608916
}