{
  "R2": 0.9779727125337092,
  "MAE": 0.033640933666811604,
  "RMSE": 0.002754255625939895,
  "MAPE(%)": 3.031504587693183
}