temp,lowp,outp,seed,mode,qt_frac,train_ratio,out_root,model,R2,MAE,RMSE,MAPE(%)
313K,HENRY,5,2028,lowq,0.7,0.5,./RUN_FULL_EXP,cat,0.9779727125337092,0.033640933666811604,0.002754255625939895,3.031504587693183
