{
  "R2": 0.9668017553107408,
  "MAE": 0.11479012536070204,
  "RMSE": 0.04160697810883929,
  "MAPE(%)": 5.134447296453901
}