temp,lowp,outp,seed,mode,qt_frac,train_ratio,out_root,model,R2,MAE,RMSE,MAPE(%)
313K,0.1,5,2027,lowq,0.35,0.5,./RUN_FULL_EXP,cat,0.9836184437946216,0.03384222529267335,0.0028502728400350455,3.128922204710758
