{
  "R2": 0.9836184437946216,
  "MAE": 0.03384222529267335,
  "RMSE": 0.0028502728400350455,
  "MAPE(%)": 3.128922204710758
}