temp,lowp,outp,seed,mode,qt_frac,train_ratio,out_root,model,R2,MAE,RMSE,MAPE(%)
293K,0.5,5,2029,lowq,0.25,0.5,./RUN_FULL_EXP,cat,0.9784741265701722,0.05267061844794845,0.007884380924015416,3.601570468970868
