{
  "R2": 0.9784741265701722,
  "MAE": 0.05267061844794845,
  "RMSE": 0.007884380924015416,
  "MAPE(%)": 3.601570468970868
}