{
  "R2": 0.9604029273309752,
  "MAE": 0.23186309870075308,
  "RMSE": 0.11827292534358763,
  "MAPE(%)": 6.459531076052478
}