Feature,Importance
0.5,76.85515419010879
ASA_m2_g,4.153085028280752
ASA_m2_cm3,3.76937792271626
AV_VF,3.556075104907691
AV_cm3_g,2.728985720724174
cm3_g,2.0175957274439815
Has_OMS,1.6183713557521935
LFPD,1.6182976930578388
PLD,1.6068811553259514
LCD,1.1165199885871206
NASA_m2_g,0.44805881524538593
NASA_m2_cm3,0.4189807769748409
NAV_cm3_g,0.09261652087500144
