{
  "R2": 0.9777418612207912,
  "MAE": 0.052117531888838796,
  "RMSE": 0.006678155625678145,
  "MAPE(%)": 3.5610737590264256
}