temp,lowp,outp,seed,mode,qt_frac,train_ratio,out_root,model,R2,MAE,RMSE,MAPE(%)
293K,0.5,5,2028,lowq,0.45,0.5,./RUN_FULL_EXP,cat,0.9777418612207912,0.052117531888838796,0.006678155625678145,3.5610737590264256
