{
  "R2": 0.9612223147450445,
  "MAE": 0.17627907185616357,
  "RMSE": 0.06716471402775183,
  "MAPE(%)": 6.009322785085196
}