Feature,Importance
PLD,13.540577914180297
Has_OMS,12.553220865093232
AV_VF,12.245598348277575
ASA_m2_cm3,11.831389100177345
cm3_g,10.831731062851674
LCD,10.321756758053207
LFPD,9.38121309120535
AV_cm3_g,7.435893423886545
ASA_m2_g,6.441365891404061
NASA_m2_g,2.9015233708619235
NASA_m2_cm3,2.2852425832048633
NAV_cm3_g,0.23048759080392245
