temp,lowp,outp,seed,mode,qt_frac,train_ratio,out_root,model,R2,MAE,RMSE,MAPE(%)
273K,0.01,1,2025,struct_with_input,0.0,0.45,./RUN_FULL_EXP,cat,0.9582679222746892,0.02528040908767605,0.0062574925493267255,4.348434225643966
