{
  "R2": 0.9582679222746892,
  "MAE": 0.02528040908767605,
  "RMSE": 0.0062574925493267255,
  "MAPE(%)": 4.348434225643966
}