Feature,Importance
0.01,63.67203276585759
ASA_m2_cm3,8.089397950459091
ASA_m2_g,6.150351959405924
AV_VF,5.172097062684693
AV_cm3_g,3.3344044545505382
PLD,2.8709746102357134
LFPD,2.421647362490185
LCD,2.3366650231175914
Has_OMS,2.206287559251605
cm3_g,2.067412355057649
NASA_m2_cm3,1.0785924292149238
NASA_m2_g,0.5327530855052875
NAV_cm3_g,0.06738338216921112
