{
  "R2": 0.9558674241792227,
  "MAE": 0.10040162106336352,
  "RMSE": 0.021265146552240412,
  "MAPE(%)": 4.977435469106356
}