{
  "R2": 0.9693865994843947,
  "MAE": 0.16291305379632792,
  "RMSE": 0.05732997258993251,
  "MAPE(%)": 5.737043266617267
}