{
  "R2": 0.9784864846539422,
  "MAE": 0.06097382086594968,
  "RMSE": 0.009231033260481738,
  "MAPE(%)": 5.256336508631198
}