Feature,Importance
0.5,57.488009403967226
ASA_m2_g,12.854268988319253
ASA_m2_cm3,6.3962114050940375
AV_cm3_g,5.51625868979054
AV_VF,5.125214704773952
cm3_g,3.77928196460341
PLD,2.5517946752283005
LCD,2.0906910932107983
LFPD,1.771035021733033
Has_OMS,1.0373326359931847
NASA_m2_cm3,0.7403462505287924
NASA_m2_g,0.5656218668946207
NAV_cm3_g,0.08393329986284197
