{
  "R2": 0.9703553449498672,
  "MAE": 0.1562117062843579,
  "RMSE": 0.0538170819607356,
  "MAPE(%)": 5.3962319502286515
}