{
  "R2": 0.9442979274987209,
  "MAE": 0.2672226868885135,
  "RMSE": 0.1671583585415781,
  "MAPE(%)": 7.3473005736697985
}