{
  "R2": 0.958775680190684,
  "MAE": 0.16270039339485085,
  "RMSE": 0.05449438809016384,
  "MAPE(%)": 5.074774096293164
}