Feature,Importance
0.05,55.83280931455643
ASA_m2_g,11.180151070373508
AV_VF,7.265234368264807
AV_cm3_g,7.136346103142233
ASA_m2_cm3,5.005091802145946
PLD,2.9407897007064636
cm3_g,2.501712092133608
LFPD,2.3613730324727285
LCD,2.209162740610729
Has_OMS,1.509256203093378
NASA_m2_cm3,1.1603326171352488
NASA_m2_g,0.7995332553718281
NAV_cm3_g,0.09820769999310604
