temp,lowp,outp,seed,mode,qt_frac,train_ratio,out_root,model,R2,MAE,RMSE,MAPE(%)
293K,0.05,15,2027,lowq,0.5,0.5,./RUN_FULL_EXP,cat,0.9553387639337275,0.16966842385044442,0.06853272946839692,5.473495711134058
