{
  "R2": 0.9553387639337275,
  "MAE": 0.16966842385044442,
  "RMSE": 0.06853272946839692,
  "MAPE(%)": 5.473495711134058
}