Feature,Importance
0.01,81.79005748263683
Has_OMS,3.4479516863150335
cm3_g,2.440593189081588
AV_VF,2.2528553512726845
AV_cm3_g,1.861372265080814
ASA_m2_cm3,1.5982817032045638
PLD,1.453403638702514
LCD,1.4307359504951886
ASA_m2_g,1.2109951076692187
LFPD,0.8567615435526805
NASA_m2_cm3,0.7915326770663593
NASA_m2_g,0.5935616157423185
NAV_cm3_g,0.27189778918023094
