Feature,Importance
0.01,80.17593221882305
ASA_m2_cm3,4.07821062967576
ASA_m2_g,2.410840300199007
Has_OMS,2.2496071844728722
PLD,1.8648079083232947
AV_cm3_g,1.720250784808963
cm3_g,1.672561947210209
LFPD,1.5824429937325204
LCD,1.4317808669925574
AV_VF,1.167186755698126
NASA_m2_cm3,0.7443834200424082
NASA_m2_g,0.6716907658982442
NAV_cm3_g,0.2303042241229553
