{
  "R2": 0.96206179769037,
  "MAE": 0.026143572481594848,
  "RMSE": 0.004795712457089239,
  "MAPE(%)": 4.976302394231135
}