{
  "R2": 0.993032598561429,
  "MAE": 0.029649729660118584,
  "RMSE": 0.0023887421746648227,
  "MAPE(%)": 2.3158647069034877
}