Feature,Importance
0.05,83.92560244114858
ASA_m2_g,2.205010343766755
AV_cm3_g,1.9913280465383736
cm3_g,1.9637139604124558
ASA_m2_cm3,1.8306289836793275
AV_VF,1.531046016290577
LCD,1.41570561192701
PLD,1.3060793499085743
LFPD,1.2680968963285282
Has_OMS,1.158158485928518
NASA_m2_cm3,0.7276514314888165
NASA_m2_g,0.5785874182474313
NAV_cm3_g,0.09839101433507462
