{
  "R2": 0.9742621627399943,
  "MAE": 0.019406794208433987,
  "RMSE": 0.0032299072409393927,
  "MAPE(%)": 3.301526059600006
}