temp,lowp,outp,seed,mode,qt_frac,train_ratio,out_root,model,R2,MAE,RMSE,MAPE(%)
273K,0.05,1,2027,lowq,0.05,0.5,./RUN_FULL_EXP,cat,0.9742621627399943,0.019406794208433987,0.0032299072409393927,3.301526059600006
