{
  "R2": 0.948936750740277,
  "MAE": 0.010390092462975275,
  "RMSE": 0.002062798537934261,
  "MAPE(%)": 3.3726454919990467
}