Feature,Importance
0.5,75.72544945301021
ASA_m2_g,5.135157164612306
ASA_m2_cm3,4.182019273135779
AV_VF,3.483559135184781
AV_cm3_g,2.834561111641983
cm3_g,1.8220219200026981
LCD,1.6540457106184314
LFPD,1.4641216943307858
PLD,1.4434098154518809
Has_OMS,1.1915853753317243
NASA_m2_g,0.5634689352772151
NASA_m2_cm3,0.43188926233743924
NAV_cm3_g,0.06871114906477543
