{
  "R2": 0.9779412281693272,
  "MAE": 0.05601474730066701,
  "RMSE": 0.010125293106137414,
  "MAPE(%)": 3.928451433281868
}