Feature,Importance
HENRY,70.56152354969828
ASA_m2_g,5.269169822091754
ASA_m2_cm3,5.25462695176203
AV_VF,4.694555487346788
AV_cm3_g,3.071102364991566
cm3_g,2.0350142929385497
LCD,2.0165009666449416
LFPD,1.9051158512867135
PLD,1.804966284160775
Has_OMS,1.7162564359722279
NASA_m2_g,1.0852398420095304
NASA_m2_cm3,0.5395708638390208
NAV_cm3_g,0.04635728725785136
