{
  "R2": 0.9667545457453937,
  "MAE": 0.05456125262268805,
  "RMSE": 0.0074266405644914085,
  "MAPE(%)": 3.6636836988334034
}