Feature,Importance
0.1,88.60120672975447
cm3_g,2.078134629483355
AV_VF,1.39612502652787
PLD,1.348926219301258
AV_cm3_g,1.3384827733314844
LCD,1.261452453554046
ASA_m2_cm3,1.0691007915885415
LFPD,0.7345375631935959
Has_OMS,0.7213874551412829
ASA_m2_g,0.6629337812068296
NASA_m2_g,0.3914575493120709
NASA_m2_cm3,0.2726531493859421
NAV_cm3_g,0.12360187821925725
