{
  "R2": 0.9950888570463646,
  "MAE": 0.004741616901861233,
  "RMSE": 6.969220677510131e-05,
  "MAPE(%)": 1.8905760339916846
}