temp,lowp,outp,seed,mode,qt_frac,train_ratio,out_root,model,R2,MAE,RMSE,MAPE(%)
313K,0.1,1,2026,lowq,0.25,0.5,./RUN_FULL_EXP,cat,0.9950888570463646,0.004741616901861233,6.969220677510131e-05,1.8905760339916846
