Feature,Importance
0.01,60.81056914997555
ASA_m2_g,10.570856357410545
ASA_m2_cm3,6.960674906001996
AV_cm3_g,5.108926185921963
AV_VF,3.631637577429035
cm3_g,3.3917542157289784
PLD,2.4570091087406767
LCD,2.3397866799907443
Has_OMS,1.653994807973091
LFPD,1.578826622892978
NASA_m2_g,0.7536839450454864
NASA_m2_cm3,0.6598823602346249
NAV_cm3_g,0.0823980826543544
