Feature,Importance
HENRY,83.3787339837952
cm3_g,2.377209671482688
LFPD,2.1143245679472424
PLD,1.726620989015308
AV_cm3_g,1.714298659796936
AV_VF,1.6684934408014314
Has_OMS,1.5664314633933678
ASA_m2_g,1.495038255204821
LCD,1.43824121921746
ASA_m2_cm3,1.060092761709462
NASA_m2_g,0.74010080357793
NASA_m2_cm3,0.6237305337338537
NAV_cm3_g,0.09668365032430555
