{
  "R2": 0.9929698059596053,
  "MAE": 0.007969997268849638,
  "RMSE": 0.0002019655951098715,
  "MAPE(%)": 2.1175935349435804
}