{
  "R2": 0.9689638516009714,
  "MAE": 0.013988396575614391,
  "RMSE": 0.0022438911853657215,
  "MAPE(%)": 3.679408539072431
}