{
  "R2": 0.9440510890458744,
  "MAE": 0.02591912112554535,
  "RMSE": 0.009266272307964613,
  "MAPE(%)": 3.7211014954016184
}