{
  "R2": 0.9731218517502768,
  "MAE": 0.023134599663442012,
  "RMSE": 0.0037998973979551705,
  "MAPE(%)": 3.7321870349027377
}