{
  "R2": 0.43926716637675256,
  "MAE": 0.12043298211648762,
  "RMSE": 0.04194540075432408,
  "MAPE(%)": 48.13809783620048
}