{
  "R2": 0.9548651848335575,
  "MAE": 0.18755124442465873,
  "RMSE": 0.08238389374824222,
  "MAPE(%)": 6.537570017389006
}