{
  "R2": 0.9678724049502943,
  "MAE": 0.06185260918455002,
  "RMSE": 0.008678166095653233,
  "MAPE(%)": 4.270864691078186
}