{
  "R2": 0.9881257541336042,
  "MAE": 0.015503713145129074,
  "RMSE": 0.0007341803601104809,
  "MAPE(%)": 2.7837218695221937
}