{
  "R2": 0.9848433136989444,
  "MAE": 0.01763299042650432,
  "RMSE": 0.0008543822190202089,
  "MAPE(%)": 3.2734042891250725
}