temp,lowp,outp,seed,mode,qt_frac,train_ratio,out_root,model,R2,MAE,RMSE,MAPE(%)
273K,0.01,1,2025,struct_with_input,0.45,0.45,./RUN_FULL_EXP,cat,0.9848433136989444,0.01763299042650432,0.0008543822190202089,3.2734042891250725
