Feature,Importance
PLD,13.879441627704379
cm3_g,13.576241026374305
Has_OMS,12.468460858721194
ASA_m2_cm3,11.572573692327767
AV_VF,11.141972621919242
LCD,10.518352095244822
LFPD,8.915712371212836
ASA_m2_g,6.759016957668035
AV_cm3_g,6.221955936702085
NASA_m2_g,2.3199850984864945
NASA_m2_cm3,2.318632295112415
NAV_cm3_g,0.3076554185264244
