{
  "R2": 0.41632596001537514,
  "MAE": 0.18273621717403546,
  "RMSE": 0.09656652181025083,
  "MAPE(%)": 45.924553588030356
}