Feature,Importance
HENRY,85.2682785716385
ASA_m2_g,2.1317975368057587
cm3_g,1.6855096467185695
LCD,1.6342192395535442
AV_cm3_g,1.4764136152147935
Has_OMS,1.3876905678470897
PLD,1.3022123777405588
LFPD,1.2999870639230815
AV_VF,1.1840008393590555
ASA_m2_cm3,1.1539145779206197
NASA_m2_g,0.734550576791341
NASA_m2_cm3,0.658127044332271
NAV_cm3_g,0.08329834215480061
