{
  "R2": 0.9927404886504619,
  "MAE": 0.006779926441475595,
  "RMSE": 0.00012120875980752368,
  "MAPE(%)": 1.7928881885231378
}