Feature,Importance
0.01,84.25851149659272
ASA_m2_cm3,2.460573380195604
ASA_m2_g,2.1850536598138377
PLD,1.8197226743498809
AV_cm3_g,1.5830247371592292
AV_VF,1.3418633135921034
cm3_g,1.3175701495996244
LCD,1.3042595970861255
Has_OMS,1.294178708484861
LFPD,1.1588247372140563
NASA_m2_cm3,0.6933661034273771
NASA_m2_g,0.5009020357906231
NAV_cm3_g,0.08214940669394867
