{
  "R2": 0.9498017699401194,
  "MAE": 0.026277084221511027,
  "RMSE": 0.008378319152633741,
  "MAPE(%)": 4.06189300878533
}