Feature,Importance
0.05,83.31233557205783
AV_VF,2.1411532998641376
ASA_m2_cm3,2.0966026197038286
ASA_m2_g,1.9951884256050514
PLD,1.9177433495367655
AV_cm3_g,1.9151939632319213
Has_OMS,1.4310290851989529
cm3_g,1.42790229837915
LFPD,1.2114678548717932
LCD,1.0188907065024206
NASA_m2_cm3,0.9424757402692957
NASA_m2_g,0.5026434347094901
NAV_cm3_g,0.08737365006937822
