{
  "R2": 0.9883710990188834,
  "MAE": 0.015438022260782301,
  "RMSE": 0.000607503547550486,
  "MAPE(%)": 2.8187176594786205
}