temp,lowp,outp,seed,mode,qt_frac,train_ratio,out_root,model,R2,MAE,RMSE,MAPE(%)
293K,0.5,5,2027,lowq,0.55,0.5,./RUN_FULL_EXP,cat,0.9750781879079103,0.052693136971959285,0.006568772255013132,3.599884312376104
