{
  "R2": 0.9750781879079103,
  "MAE": 0.052693136971959285,
  "RMSE": 0.006568772255013132,
  "MAPE(%)": 3.599884312376104
}