Feature,Importance
0.05,85.23346627542482
ASA_m2_cm3,2.3831073286731574
cm3_g,1.793438293804605
AV_cm3_g,1.7934162078724658
AV_VF,1.6317895768921862
PLD,1.2932379314079443
ASA_m2_g,1.2250261711720343
Has_OMS,1.2044613759807759
LCD,1.1350803493202977
LFPD,0.9044003817700549
NASA_m2_cm3,0.7441634377147918
NASA_m2_g,0.552817575122616
NAV_cm3_g,0.1055950948442418
