temp,lowp,outp,seed,mode,qt_frac,train_ratio,out_root,model,R2,MAE,RMSE,MAPE(%)
273K,0.05,1,2026,lowq,0.65,0.5,./RUN_FULL_EXP,cat,0.9863230768795146,0.014632618212981792,0.000566364100881373,2.6459415158425865
