{
  "R2": 0.9863230768795146,
  "MAE": 0.014632618212981792,
  "RMSE": 0.000566364100881373,
  "MAPE(%)": 2.6459415158425865
}