Feature,Importance
HENRY,72.11572129253575
ASA_m2_cm3,4.653945461741496
AV_VF,4.652785123192408
ASA_m2_g,4.636009053482484
AV_cm3_g,2.8417962800518723
PLD,2.163366602161243
LFPD,1.8949751150874945
Has_OMS,1.8336323000566184
cm3_g,1.818475789248769
LCD,1.8093714701490262
NASA_m2_cm3,0.8240640824227543
NASA_m2_g,0.6518811791374182
NAV_cm3_g,0.10397625073265518
