{
  "R2": 0.972779757574958,
  "MAE": 0.058171195798532915,
  "RMSE": 0.008714130003263775,
  "MAPE(%)": 3.9743182099352743
}