{
  "R2": 0.9030825526170895,
  "MAE": 0.10459999381843058,
  "RMSE": 0.030651868695486834,
  "MAPE(%)": 8.731957349934593
}