{
  "R2": 0.9634609673409426,
  "MAE": 0.11618653133114297,
  "RMSE": 0.04531545392303444,
  "MAPE(%)": 5.011526638889954
}