{
  "R2": 0.9512962104528327,
  "MAE": 0.23662053434396815,
  "RMSE": 0.12355342379552184,
  "MAPE(%)": 6.050176114558269
}