temp,lowp,outp,seed,mode,qt_frac,train_ratio,out_root,model,R2,MAE,RMSE,MAPE(%)
273K,HENRY,15,2025,lowq,0.65,0.5,./RUN_FULL_EXP,cat,0.9512962104528327,0.23662053434396815,0.12355342379552184,6.050176114558269
