{
  "R2": 0.9702835894184991,
  "MAE": 0.013826055322926543,
  "RMSE": 0.0020045885871986333,
  "MAPE(%)": 3.5998373729779076
}