Feature,Importance
0.05,87.22943604877368
AV_cm3_g,1.9374862449286032
cm3_g,1.7794699356929982
AV_VF,1.6207926547163434
ASA_m2_cm3,1.3844587433982267
LCD,1.364522576185638
Has_OMS,1.0117645930389267
LFPD,0.9854364985460381
ASA_m2_g,0.8833474143426376
PLD,0.6680783031849817
NASA_m2_cm3,0.5802257243260724
NASA_m2_g,0.4884520960590408
NAV_cm3_g,0.06652916680684394
