{
  "R2": 0.9862908782420751,
  "MAE": 0.010020378666870564,
  "RMSE": 0.0006920932921396161,
  "MAPE(%)": 2.569743482064718
}