temp,lowp,outp,seed,mode,qt_frac,train_ratio,out_root,model,R2,MAE,RMSE,MAPE(%)
293K,0.05,1,2026,lowq,0.1,0.5,./RUN_FULL_EXP,cat,0.9862908782420751,0.010020378666870564,0.0006920932921396161,2.569743482064718
