Feature,Importance
0.5,90.01518223197151
ASA_m2_g,1.5898163190796208
cm3_g,1.3191450906372522
AV_cm3_g,1.1483010447403381
Has_OMS,1.099838929201512
LCD,1.072212170987554
PLD,0.9449660466284038
LFPD,0.752692709649618
AV_VF,0.6391402515904736
NASA_m2_g,0.572201469144828
ASA_m2_cm3,0.4652340857027314
NASA_m2_cm3,0.3198602206740314
NAV_cm3_g,0.061409429992134106
