{
  "R2": 0.997667566841226,
  "MAE": 0.003692674887627101,
  "RMSE": 2.8775180805659136e-05,
  "MAPE(%)": 1.5191033825715006
}