{
  "R2": 0.9881619745972872,
  "MAE": 0.015147694687703703,
  "RMSE": 0.0007280011256691,
  "MAPE(%)": 2.7108396514611446
}