Feature,Importance
0.5,91.47667664088296
AV_cm3_g,1.3580973103474865
Has_OMS,1.1735198483537468
ASA_m2_g,1.0328562327312496
AV_VF,0.9563953557556305
cm3_g,0.8246854380051695
LCD,0.7238058248798428
NASA_m2_cm3,0.5855605427078684
ASA_m2_cm3,0.5515826971166947
PLD,0.46403925113328137
LFPD,0.4575387405160569
NASA_m2_g,0.2791667416303078
NAV_cm3_g,0.11607537593971749
