{
  "R2": 0.9956846251050001,
  "MAE": 0.010431642602332767,
  "RMSE": 0.00025837272518561917,
  "MAPE(%)": 1.9322417765391755
}