temp,lowp,outp,seed,mode,qt_frac,train_ratio,out_root,model,R2,MAE,RMSE,MAPE(%)
273K,0.5,1,2029,lowq,0.4,0.5,./RUN_FULL_EXP,cat,0.9956846251050001,0.010431642602332767,0.00025837272518561917,1.9322417765391755
