{
  "R2": 0.9702419199998988,
  "MAE": 0.013816460243194146,
  "RMSE": 0.002114520821283999,
  "MAPE(%)": 3.5667317295620844
}