{
  "R2": 0.9580233418966158,
  "MAE": 0.17494251702864944,
  "RMSE": 0.0822993190198304,
  "MAPE(%)": 5.981247443711307
}