Feature,Importance
0.5,91.58869616287011
cm3_g,1.4268560140543036
AV_VF,1.0628845557013942
Has_OMS,0.8716750185783702
PLD,0.7910256607434285
LFPD,0.7701424868455463
AV_cm3_g,0.7244287173604166
LCD,0.6852735596829503
ASA_m2_g,0.6849417710426785
ASA_m2_cm3,0.646522045123177
NASA_m2_g,0.33359637589615937
NASA_m2_cm3,0.3069490993938601
NAV_cm3_g,0.10700853270760842
