{
  "R2": 0.9954667091418872,
  "MAE": 0.010414492115073734,
  "RMSE": 0.00023916201807537324,
  "MAPE(%)": 1.91894748155436
}