Feature,Importance
ASA_m2_g,16.63098149074454
cm3_g,13.35120662408544
AV_cm3_g,12.962323363996893
AV_VF,12.18262426962136
ASA_m2_cm3,10.701072120830341
PLD,8.398120473584228
LCD,7.83217479084753
LFPD,7.285764522373497
Has_OMS,5.399257489068956
NASA_m2_cm3,2.089598790391244
NASA_m2_g,2.0524680209954065
NAV_cm3_g,1.1144080434605632
