{
  "R2": 0.6522226439700558,
  "MAE": 0.5843507672186488,
  "RMSE": 0.6680087696884446,
  "MAPE(%)": 24.97228358857603
}