{
  "R2": 0.9801572066092707,
  "MAE": 0.01180673916686306,
  "RMSE": 0.0014354340530326106,
  "MAPE(%)": 2.804483136181812
}