Feature,Importance
0.05,63.073405343887416
ASA_m2_g,8.330552695068143
AV_VF,6.11375142143101
ASA_m2_cm3,5.761521220155294
AV_cm3_g,5.283411321034855
cm3_g,2.4618448424419603
PLD,2.2803208371523636
LFPD,2.039300991392467
LCD,1.6846478413163735
Has_OMS,1.5825381278457014
NASA_m2_cm3,0.7747755295743004
NASA_m2_g,0.5389974653513191
NAV_cm3_g,0.07493236334879486
