{
  "R2": 0.9699878827569192,
  "MAE": 0.1141542378859229,
  "RMSE": 0.026993032254837943,
  "MAPE(%)": 4.623599651730753
}