{
  "R2": 0.9612365359729761,
  "MAE": 0.1624501455362358,
  "RMSE": 0.05360775738505832,
  "MAPE(%)": 5.096863889604246
}