temp,lowp,outp,seed,mode,qt_frac,train_ratio,out_root,model,R2,MAE,RMSE,MAPE(%)
293K,0.05,15,2026,lowq,0.75,0.5,./RUN_FULL_EXP,cat,0.9612365359729761,0.1624501455362358,0.05360775738505832,5.096863889604246
