Feature,Importance
Has_OMS,13.923768717645363
PLD,13.636432386565605
ASA_m2_cm3,12.797850611384565
cm3_g,12.318065367951286
LFPD,9.835556981658401
LCD,9.337384744812653
AV_cm3_g,8.736298083137457
AV_VF,8.661424481659173
ASA_m2_g,5.746329255200383
NASA_m2_cm3,2.591769239651656
NASA_m2_g,2.3509776188710916
NAV_cm3_g,0.06414251146235495
