{
  "R2": 0.18420209264803356,
  "MAE": 0.1450823345996881,
  "RMSE": 0.0580078195751012,
  "MAPE(%)": 68.99645359667807
}