Feature,Importance
0.05,85.78417701554322
cm3_g,2.0388793339636497
Has_OMS,1.8920651622701379
AV_cm3_g,1.6775426087382554
AV_VF,1.423361536916903
ASA_m2_cm3,1.42134547224216
PLD,1.3581595452245412
LFPD,1.2806283634377364
LCD,1.1970105817786534
ASA_m2_g,1.0954394340963158
NASA_m2_cm3,0.4212626560085466
NASA_m2_g,0.32698432473004235
NAV_cm3_g,0.0831439650498402
