{
  "R2": 0.9919003446418468,
  "MAE": 0.008146686687339815,
  "RMSE": 0.00017330117490579197,
  "MAPE(%)": 2.220965643591592
}