temp,lowp,outp,seed,mode,qt_frac,train_ratio,out_root,model,R2,MAE,RMSE,MAPE(%)
293K,0.05,1,2025,lowq,0.5,0.5,./RUN_FULL_EXP,cat,0.9919003446418468,0.008146686687339815,0.00017330117490579197,2.220965643591592
