Feature,Importance
0.1,85.32801104131659
AV_cm3_g,1.9316844614088013
ASA_m2_g,1.917370855490701
Has_OMS,1.9011553153551664
cm3_g,1.5741830271045614
LFPD,1.3889077318697394
LCD,1.3123050476757445
PLD,1.158397715032576
AV_VF,0.9831880268273254
ASA_m2_cm3,0.9377616173671862
NASA_m2_cm3,0.9299102782252097
NASA_m2_g,0.551563962226245
NAV_cm3_g,0.08556092010016317
