{
  "R2": 0.9933255500143167,
  "MAE": 0.007757096790981603,
  "RMSE": 0.00014407727833900665,
  "MAPE(%)": 2.1328624566483096
}