temp,lowp,outp,seed,mode,qt_frac,train_ratio,out_root,model,R2,MAE,RMSE,MAPE(%)
293K,0.1,1,2027,lowq,0.5,0.5,./RUN_FULL_EXP,cat,0.9933255500143167,0.007757096790981603,0.00014407727833900665,2.1328624566483096
