Feature,Importance
0.1,48.77812073313633
ASA_m2_g,16.190511190069063
ASA_m2_cm3,7.17919302670657
AV_cm3_g,6.792791731061281
AV_VF,5.941327880124658
cm3_g,3.4556233397154035
PLD,3.041761738096873
LCD,2.5109266678223205
LFPD,2.377449593466016
Has_OMS,1.7832513485808643
NASA_m2_cm3,1.0866246740625416
NASA_m2_g,0.7694533623684443
NAV_cm3_g,0.09296471478963671
