temp,lowp,outp,seed,mode,qt_frac,train_ratio,out_root,model,R2,MAE,RMSE,MAPE(%)
273K,0.1,15,2027,lowq,0.65,0.5,./RUN_FULL_EXP,cat,0.9518533911101239,0.24176543141074108,0.1205214358570236,6.184702803958932
