{
  "R2": 0.9518533911101239,
  "MAE": 0.24176543141074108,
  "RMSE": 0.1205214358570236,
  "MAPE(%)": 6.184702803958932
}