{
  "R2": 0.9651348167200715,
  "MAE": 0.1632932422998412,
  "RMSE": 0.05647686842168938,
  "MAPE(%)": 5.458136168107278
}