{
  "R2": 0.9706058168328184,
  "MAE": 0.0557306760120239,
  "RMSE": 0.006836681307270691,
  "MAPE(%)": 3.7490704831062294
}