{
  "R2": 0.7632980352882639,
  "MAE": 0.5986689583854514,
  "RMSE": 0.7155712768599172,
  "MAPE(%)": 21.084230262856167
}