{
  "R2": 0.9562328292456665,
  "MAE": 0.16612709606721784,
  "RMSE": 0.07524390166128998,
  "MAPE(%)": 5.439916371939085
}