Feature,Importance
0.1,58.22369408728903
ASA_m2_g,11.16962287482412
AV_VF,6.553179345657145
AV_cm3_g,6.4306302430125575
ASA_m2_cm3,5.520759926170204
cm3_g,2.7566009966800737
PLD,2.7052727867144224
LFPD,2.1314226037662993
LCD,1.8710338255338521
Has_OMS,1.3339524144543604
NASA_m2_cm3,0.6326617742522914
NASA_m2_g,0.6154994181603906
NAV_cm3_g,0.05566970348524698
