{
  "R2": 0.9498130180371878,
  "MAE": 0.16405932366322817,
  "RMSE": 0.06667956405326161,
  "MAPE(%)": 5.220229407458166
}