{
  "R2": 0.9744321392070775,
  "MAE": 0.11143317814726067,
  "RMSE": 0.028142578903335436,
  "MAPE(%)": 4.685910478873818
}