{
  "R2": 0.9930878145723694,
  "MAE": 0.008328398977481423,
  "RMSE": 0.00018836781695578736,
  "MAPE(%)": 2.2561647900464616
}