temp,lowp,outp,seed,mode,qt_frac,train_ratio,out_root,model,R2,MAE,RMSE,MAPE(%)
313K,0.1,5,2027,lowq,0.1,0.5,./RUN_FULL_EXP,cat,0.9808678128306306,0.03668238801830384,0.0048424616625875345,3.3923767142734054
