{
  "R2": 0.9808678128306306,
  "MAE": 0.03668238801830384,
  "RMSE": 0.0048424616625875345,
  "MAPE(%)": 3.3923767142734054
}