{
  "R2": 0.9973350745943922,
  "MAE": 0.003608698131631655,
  "RMSE": 2.8406102254538755e-05,
  "MAPE(%)": 1.424637324527246
}