temp,lowp,outp,seed,mode,qt_frac,train_ratio,out_root,model,R2,MAE,RMSE,MAPE(%)
313K,0.5,1,2025,lowq,0.45,0.5,./RUN_FULL_EXP,cat,0.9973350745943922,0.003608698131631655,2.8406102254538755e-05,1.424637324527246
