Feature,Importance
0.1,67.03165246353961
ASA_m2_cm3,6.77355489345575
ASA_m2_g,5.661110804664926
AV_VF,5.367653776929716
AV_cm3_g,3.377918548867953
PLD,2.6263690772134773
LCD,2.1605655971354607
LFPD,1.9227287742664017
cm3_g,1.8267927487637758
Has_OMS,1.7770100950816046
NASA_m2_cm3,0.7774148033244923
NASA_m2_g,0.641094032482455
NAV_cm3_g,0.056134384274368614
