{
  "R2": 0.9534831994557851,
  "MAE": 0.09608476332017564,
  "RMSE": 0.021267778902869322,
  "MAPE(%)": 4.814255163582849
}