temp,lowp,outp,seed,mode,qt_frac,train_ratio,out_root,model,R2,MAE,RMSE,MAPE(%)
273K,0.1,5,2028,lowq,0.75,0.5,./RUN_FULL_EXP,cat,0.9534831994557851,0.09608476332017564,0.021267778902869322,4.814255163582849
