{
  "R2": 0.9423177495138266,
  "MAE": 0.2703845688429556,
  "RMSE": 0.16660293146099991,
  "MAPE(%)": 7.2996756600923405
}