{
  "R2": 0.9597610970113313,
  "MAE": 0.23290201279475242,
  "RMSE": 0.1201900152788209,
  "MAPE(%)": 6.488809278674651
}