Feature,Importance
cm3_g,14.358175783111196
Has_OMS,13.612968059511838
PLD,12.918411192696224
AV_VF,11.779507505547716
ASA_m2_cm3,10.687834800684108
LCD,9.299330595923982
LFPD,8.23021200988263
AV_cm3_g,7.54716793113287
ASA_m2_g,7.359673393625605
NASA_m2_g,2.1218914638307074
NASA_m2_cm3,1.891489298658741
NAV_cm3_g,0.19333796539437512
