{
  "R2": 0.35379160840096513,
  "MAE": 0.19061028944492478,
  "RMSE": 0.09676326011862016,
  "MAPE(%)": 50.415365284492985
}