{
  "R2": 0.3609826206045593,
  "MAE": 0.19315173272124087,
  "RMSE": 0.10561740576422021,
  "MAPE(%)": 49.429513797493726
}