{
  "R2": 0.969209545046363,
  "MAE": 0.013727491016124542,
  "RMSE": 0.002048256865732867,
  "MAPE(%)": 3.4586923338122864
}