{
  "R2": 0.967200425339013,
  "MAE": 0.11901880687353797,
  "RMSE": 0.02692440020139443,
  "MAPE(%)": 4.694589392600471
}