temp,lowp,outp,seed,mode,qt_frac,train_ratio,out_root,model,R2,MAE,RMSE,MAPE(%)
313K,0.01,15,2028,lowq,0.7,0.5,./RUN_FULL_EXP,cat,0.967200425339013,0.11901880687353797,0.02692440020139443,4.694589392600471
