{
  "R2": 0.9477769876564133,
  "MAE": 0.2649452881725727,
  "RMSE": 0.15019267325424962,
  "MAPE(%)": 7.199502257054837
}