{
  "R2": 0.7144615436832983,
  "MAE": 0.5220385864856488,
  "RMSE": 0.5448541358479472,
  "MAPE(%)": 21.96414279129322
}