Feature,Importance
0.5,90.71366675877321
cm3_g,1.6312924086713372
Has_OMS,1.1478518319058064
PLD,1.1018275108251343
LFPD,1.0831759962123728
AV_cm3_g,0.8595803755273435
ASA_m2_g,0.8400943936360691
AV_VF,0.7822267005557952
NASA_m2_cm3,0.669901892641191
ASA_m2_cm3,0.5484497695865644
LCD,0.4474279865963626
NASA_m2_g,0.14544125851055142
NAV_cm3_g,0.02906311655827
