{
  "R2": 0.9832643323963326,
  "MAE": 0.005378201587261003,
  "RMSE": 0.0005313672647814324,
  "MAPE(%)": 1.907621927738759
}