{
  "R2": 0.98789779259088,
  "MAE": 0.013384279383442554,
  "RMSE": 0.0004515378571926191,
  "MAPE(%)": 2.4181726584807097
}