Feature,Importance
0.5,57.36364333865661
ASA_m2_g,9.793730832874235
AV_cm3_g,8.49345194854107
ASA_m2_cm3,5.902708991896952
AV_VF,5.545963343593688
cm3_g,3.1869000395078
PLD,2.5134350828836927
LCD,2.4345655703511726
LFPD,2.0721453872578284
Has_OMS,1.1603974493002103
NASA_m2_g,0.7497116873461168
NASA_m2_cm3,0.7088358537302303
NAV_cm3_g,0.07451047406033959
