{
  "R2": 0.9668505735643196,
  "MAE": 0.15741831622242042,
  "RMSE": 0.05199351085854262,
  "MAPE(%)": 5.185348041224225
}