temp,lowp,outp,seed,mode,qt_frac,train_ratio,out_root,model,R2,MAE,RMSE,MAPE(%)
273K,0.01,1,2027,struct_with_input,0.17,0.35,./RUN_FULL_EXP,cat,0.9803585195428867,0.020614132055346613,0.0017423369002833582,3.8370374434361003
