{
  "R2": 0.9803585195428867,
  "MAE": 0.020614132055346613,
  "RMSE": 0.0017423369002833582,
  "MAPE(%)": 3.8370374434361003
}