{
  "R2": 0.9565553104370278,
  "MAE": 0.17684430399737028,
  "RMSE": 0.06872330265917159,
  "MAPE(%)": 5.824393123112155
}