{
  "R2": 0.9504377103907624,
  "MAE": 0.09786840056328128,
  "RMSE": 0.02155718063318388,
  "MAPE(%)": 4.883574005254268
}