{
  "R2": 0.9567711789822029,
  "MAE": 0.16582995622591692,
  "RMSE": 0.07248462652936559,
  "MAPE(%)": 5.391428390311388
}