Feature,Importance
0.01,80.92452760529123
ASA_m2_g,3.187973272054712
AV_VF,2.268902413636142
PLD,1.9701370543719983
LFPD,1.849550346782594
AV_cm3_g,1.7049387453023865
Has_OMS,1.6247157469564006
cm3_g,1.6112027871118673
LCD,1.503257918455502
ASA_m2_cm3,1.4634450776367556
NASA_m2_cm3,0.9678200646270213
NASA_m2_g,0.824675953884747
NAV_cm3_g,0.0988530138886607
