{
  "R2": 0.9855621493193537,
  "MAE": 0.017638600286148907,
  "RMSE": 0.0008130146643904883,
  "MAPE(%)": 3.2442047076067673
}