Feature,Importance
0.1,66.83088716199605
ASA_m2_g,6.7165182079911245
ASA_m2_cm3,5.429380611958388
AV_VF,5.156309730551933
AV_cm3_g,3.0395167680316826
LCD,2.6934324210779654
cm3_g,2.5609936388307872
PLD,2.1222143007113043
LFPD,1.9453050635638984
Has_OMS,1.8702570678646846
NASA_m2_cm3,1.0368615065417788
NASA_m2_g,0.5142415548850789
NAV_cm3_g,0.084081965995306
