temp,lowp,outp,seed,mode,qt_frac,train_ratio,out_root,model,R2,MAE,RMSE,MAPE(%)
273K,0.1,5,2029,lowq,0.5,0.5,./RUN_FULL_EXP,cat,0.9576314698811805,0.09797392407246794,0.02330147303953125,4.955549570645845
