{
  "R2": 0.9576314698811805,
  "MAE": 0.09797392407246794,
  "RMSE": 0.02330147303953125,
  "MAPE(%)": 4.955549570645845
}