Feature,Importance
0.01,81.24473501756586
AV_VF,2.4858187170939474
cm3_g,2.159482355969969
ASA_m2_cm3,2.1338530865904057
AV_cm3_g,2.1214451591668513
PLD,1.9360151083781996
Has_OMS,1.8878809582663716
LCD,1.7665394116698105
ASA_m2_g,1.4158875110393148
LFPD,1.3963461849734837
NASA_m2_cm3,0.8919973303033362
NASA_m2_g,0.5105006781092316
NAV_cm3_g,0.0494984808732344
