{
  "R2": 0.9845009079908212,
  "MAE": 0.019075464103346238,
  "RMSE": 0.0013006219752709366,
  "MAPE(%)": 3.4276392594046925
}