Feature,Importance
HENRY,62.75169599073392
ASA_m2_g,8.80081410231902
ASA_m2_cm3,6.680661414609513
AV_VF,5.074532625399418
AV_cm3_g,3.300179759328466
PLD,2.6046945153520764
LFPD,2.497354373571222
LCD,2.4217378812157917
cm3_g,1.9903948948797496
Has_OMS,1.7983084453567446
NASA_m2_cm3,1.2578728397461252
NASA_m2_g,0.7219838627788974
NAV_cm3_g,0.09976929470906565
