{
  "R2": 0.9552372555256201,
  "MAE": 0.09776639001791748,
  "RMSE": 0.022281630190032535,
  "MAPE(%)": 4.8571621777175045
}