temp,lowp,outp,seed,mode,qt_frac,train_ratio,out_root,model,R2,MAE,RMSE,MAPE(%)
273K,HENRY,5,2027,lowq,0.65,0.5,./RUN_FULL_EXP,cat,0.9552372555256201,0.09776639001791748,0.022281630190032535,4.8571621777175045
