Feature,Importance
0.01,80.93194502872461
ASA_m2_g,2.6790762648587294
ASA_m2_cm3,2.0689059961227105
AV_VF,1.9572383504655957
cm3_g,1.9477566899259577
PLD,1.873470967304523
LCD,1.8530489357338669
AV_cm3_g,1.7490489523968196
LFPD,1.5826442039663582
Has_OMS,1.5686217875819013
NASA_m2_cm3,0.9358649172964966
NASA_m2_g,0.7206162801811119
NAV_cm3_g,0.13176162544134598
