{
  "R2": 0.9843932096907957,
  "MAE": 0.017568480949100986,
  "RMSE": 0.0008756775727527224,
  "MAPE(%)": 3.2632984941585006
}