Feature,Importance
HENRY,60.844499652392834
ASA_m2_g,10.22069629027819
AV_cm3_g,6.951168333721444
ASA_m2_cm3,5.501020429401518
AV_VF,4.554373278217273
cm3_g,2.2749229201201344
PLD,2.273804989403591
LFPD,2.1293482889063027
LCD,1.9517626172912075
Has_OMS,1.4087458068597067
NASA_m2_cm3,1.041849295429073
NASA_m2_g,0.780043139186201
NAV_cm3_g,0.06776495879250419
