{
  "R2": 0.9729759358740507,
  "MAE": 0.10843486811207029,
  "RMSE": 0.025233756096186468,
  "MAPE(%)": 4.4574413826245785
}