{
  "R2": 0.9708947703630153,
  "MAE": 0.056278538273907344,
  "RMSE": 0.007622188366095386,
  "MAPE(%)": 3.8014640891269913
}