{
  "R2": 0.9778312500795875,
  "MAE": 0.035757952028905575,
  "RMSE": 0.004124174024197256,
  "MAPE(%)": 3.3289712682873036
}