Feature,Importance
0.1,78.32818315787074
ASA_m2_g,3.8336367249777012
AV_VF,3.8290240841411634
ASA_m2_cm3,2.6229499387735014
AV_cm3_g,2.44474763606082
cm3_g,1.9187280198563665
Has_OMS,1.5943174900399242
LFPD,1.555949083479301
PLD,1.5254597351120056
LCD,1.2109130290381138
NASA_m2_cm3,0.5923734751386369
NASA_m2_g,0.46136864055268967
NAV_cm3_g,0.08234898495904569
