{
  "R2": 0.9827985457375182,
  "MAE": 0.0337859332913313,
  "RMSE": 0.002784636765291224,
  "MAPE(%)": 3.085787467421319
}