{
  "R2": 0.9488946640885341,
  "MAE": 0.24714984604540363,
  "RMSE": 0.1234827338188095,
  "MAPE(%)": 6.320577065357649
}