temp,lowp,outp,seed,mode,qt_frac,train_ratio,out_root,model,R2,MAE,RMSE,MAPE(%)
273K,0.01,15,2025,lowq,0.65,0.5,./RUN_FULL_EXP,cat,0.9488946640885341,0.24714984604540363,0.1234827338188095,6.320577065357649
