{
  "R2": 0.9709992670031631,
  "MAE": 0.013918263872934964,
  "RMSE": 0.0021217831487295074,
  "MAPE(%)": 3.5216277939649157
}