temp,lowp,outp,seed,mode,qt_frac,train_ratio,out_root,model,R2,MAE,RMSE,MAPE(%)
293K,0.01,1,2027,struct_with_input,0.0,0.55,./RUN_FULL_EXP,cat,0.9709992670031631,0.013918263872934964,0.0021217831487295074,3.5216277939649157
