Feature,Importance
HENRY,51.17423681402825
ASA_m2_g,12.742387268510388
AV_cm3_g,7.392638003798084
ASA_m2_cm3,7.230073970869116
AV_VF,6.569325120159492
cm3_g,3.7265365739717766
PLD,2.9599212097087286
LCD,2.5719811678258617
LFPD,2.2530405191987826
Has_OMS,1.6917779250729967
NASA_m2_cm3,0.8088232570096581
NASA_m2_g,0.8018022431104426
NAV_cm3_g,0.07745592673644469
