{
  "R2": 0.9436214371465571,
  "MAE": 0.243568614369853,
  "RMSE": 0.1385343973330383,
  "MAPE(%)": 6.14586988867761
}