{
  "R2": 0.3089261200117073,
  "MAE": 0.1961060637306885,
  "RMSE": 0.11790674959337745,
  "MAPE(%)": 50.04696268437301
}