Feature,Importance
HENRY,83.07125899927176
AV_cm3_g,2.4728725709422066
cm3_g,2.455273721467993
LFPD,2.3263374198528495
Has_OMS,2.132457406504208
LCD,1.4382036755660725
AV_VF,1.3430811999452772
ASA_m2_cm3,1.1172500934376235
ASA_m2_g,1.0830567619181082
NASA_m2_cm3,1.031212912781599
PLD,0.982136747173822
NASA_m2_g,0.4837511521060343
NAV_cm3_g,0.06310733903248295
