{
  "R2": 0.9958733030736178,
  "MAE": 0.004229790400548476,
  "RMSE": 4.980872612579412e-05,
  "MAPE(%)": 1.6786223839420251
}