{
  "R2": 0.9934522840229786,
  "MAE": 0.027342578623751123,
  "RMSE": 0.0017810392242111654,
  "MAPE(%)": 2.1173356299444843
}