Feature,Importance
0.5,63.26308748043207
ASA_m2_g,11.408719760869662
AV_cm3_g,6.4159918813923245
ASA_m2_cm3,5.067581194819981
AV_VF,4.313971490128867
cm3_g,2.505672106666971
PLD,1.769821996925147
LCD,1.7563626291019456
LFPD,1.7046289833904409
Has_OMS,0.9641132540246323
NASA_m2_cm3,0.5080909843491207
NASA_m2_g,0.257107454526742
NAV_cm3_g,0.06485078337210587
