temp,lowp,outp,seed,mode,qt_frac,train_ratio,out_root,model,R2,MAE,RMSE,MAPE(%)
313K,0.5,15,2029,lowq,0.15,0.5,./RUN_FULL_EXP,cat,0.9667482535513833,0.10687384973452409,0.03719079068184838,4.464886837934955
