{
  "R2": 0.9667482535513833,
  "MAE": 0.10687384973452409,
  "RMSE": 0.03719079068184838,
  "MAPE(%)": 4.464886837934955
}