{
  "R2": 0.9530743323332184,
  "MAE": 0.24096798933201688,
  "RMSE": 0.13250648587121788,
  "MAPE(%)": 6.322981048405066
}