{
  "R2": 0.9643882953742402,
  "MAE": 0.1639572588518268,
  "RMSE": 0.06672453756554295,
  "MAPE(%)": 5.853121401696416
}