Feature,Importance
0.01,55.45590687420916
ASA_m2_g,15.225966118705085
ASA_m2_cm3,6.354861496019412
AV_VF,5.571784649787516
AV_cm3_g,3.7868178088394773
cm3_g,3.3446771733924487
PLD,2.788052588439747
LCD,2.2772769850973003
LFPD,2.2170359317269552
Has_OMS,1.4555896271877558
NASA_m2_cm3,0.9343738433004705
NASA_m2_g,0.5295107221038957
NAV_cm3_g,0.0581461811908153
