temp,lowp,outp,seed,mode,qt_frac,train_ratio,out_root,model,R2,MAE,RMSE,MAPE(%)
293K,0.01,15,2025,lowq,0.65,0.5,./RUN_FULL_EXP,cat,0.9588261125598697,0.16929506800757702,0.05687985918294157,5.415010265322298
