{
  "R2": 0.9588261125598697,
  "MAE": 0.16929506800757702,
  "RMSE": 0.05687985918294157,
  "MAPE(%)": 5.415010265322298
}