{
  "R2": 0.9794289456765429,
  "MAE": 0.0471937211949106,
  "RMSE": 0.009525414410312946,
  "MAPE(%)": 3.0370132565594905
}