Feature,Importance
0.01,66.3196774842897
ASA_m2_cm3,7.967722948755804
ASA_m2_g,5.107737620519908
AV_VF,4.181871491600772
AV_cm3_g,3.096136701033833
cm3_g,2.688178144213946
PLD,2.590429616762854
LCD,2.477132518606971
LFPD,2.2101829838459657
Has_OMS,1.7985145058809078
NASA_m2_cm3,0.8690423971981968
NASA_m2_g,0.6369422248847363
NAV_cm3_g,0.056431362406426974
