temp,lowp,outp,seed,mode,qt_frac,train_ratio,out_root,model,R2,MAE,RMSE,MAPE(%)
273K,0.01,5,2026,lowq,0.65,0.5,./RUN_FULL_EXP,cat,0.9527107998560882,0.10239005200172314,0.023755595198891193,5.128445616231821
