{
  "R2": 0.9527107998560882,
  "MAE": 0.10239005200172314,
  "RMSE": 0.023755595198891193,
  "MAPE(%)": 5.128445616231821
}