{
  "R2": 0.9854204929836111,
  "MAE": 0.016418083397869536,
  "RMSE": 0.0006015623965860707,
  "MAPE(%)": 3.0507649811345106
}