{
  "R2": 0.8606650715610964,
  "MAE": 0.12787417565498088,
  "RMSE": 0.03907715976584243,
  "MAPE(%)": 10.678774386584236
}