{
  "R2": 0.9612832817594538,
  "MAE": 0.10361462118718674,
  "RMSE": 0.026558871184697994,
  "MAPE(%)": 5.369638758813953
}