{
  "R2": 0.9804106237156425,
  "MAE": 0.02133827957585098,
  "RMSE": 0.0018691411967694548,
  "MAPE(%)": 4.020075784352224
}