temp,lowp,outp,seed,mode,qt_frac,train_ratio,out_root,model,R2,MAE,RMSE,MAPE(%)
273K,0.01,1,2025,struct_with_input,0.15,0.3,./RUN_FULL_EXP,cat,0.9804106237156425,0.02133827957585098,0.0018691411967694548,4.020075784352224
