temp,lowp,outp,seed,mode,qt_frac,train_ratio,out_root,model,R2,MAE,RMSE,MAPE(%)
273K,0.01,1,2025,struct_with_input,0.15,0.3,./RUN_FULL_EXP,cat,0.9759339638271117,0.021949328625900474,0.0023320735554490718,3.945276258542391
