Feature,Importance
cm3_g,13.665808255398431
AV_VF,11.750745726609658
PLD,11.113836051486308
LCD,10.57351062332677
ASA_m2_cm3,9.93985447573359
AV_cm3_g,9.62206190407286
LFPD,9.306178752890522
Has_OMS,7.345614422654002
ASA_m2_g,7.050180775685803
NASA_m2_cm3,5.914723433736984
NASA_m2_g,2.731238895629038
NAV_cm3_g,0.9862466827760584
