{
  "R2": 0.21303868945131677,
  "MAE": 0.13724542732179099,
  "RMSE": 0.058398160464197074,
  "MAPE(%)": 54.30688283806546
}