{
  "R2": 0.40388054714457367,
  "MAE": 0.18184984302610785,
  "RMSE": 0.08941612581372273,
  "MAPE(%)": 51.850127254117105
}