temp,lowp,outp,seed,mode,qt_frac,train_ratio,out_root,model,R2,MAE,RMSE,MAPE(%)
273K,0.01,1,2025,struct,0.0,0.55,./RUN_FULL_EXP,cat,0.40388054714457367,0.18184984302610785,0.08941612581372273,51.850127254117105
