{
  "R2": 0.4063292333487486,
  "MAE": 0.18578481473060268,
  "RMSE": 0.09906029666160969,
  "MAPE(%)": 52.50759947351648
}