{
  "R2": 0.974482963936746,
  "MAE": 0.043861127913563384,
  "RMSE": 0.007165374811208627,
  "MAPE(%)": 4.311817822590001
}