{
  "R2": 0.9561604623610486,
  "MAE": 0.023744784647414925,
  "RMSE": 0.006726781597993306,
  "MAPE(%)": 3.9658314133368915
}