{
  "R2": 0.9592926751204848,
  "MAE": 0.0236631463536881,
  "RMSE": 0.0064504016855460485,
  "MAPE(%)": 4.038255324458605
}