temp,lowp,outp,seed,mode,qt_frac,train_ratio,out_root,model,R2,MAE,RMSE,MAPE(%)
273K,0.01,5,2027,lowq,0.8,0.5,./RUN_FULL_EXP,cat,0.9528243201889214,0.10027628358971366,0.020194983476983695,5.01600836436253
