{
  "R2": 0.9528243201889214,
  "MAE": 0.10027628358971366,
  "RMSE": 0.020194983476983695,
  "MAPE(%)": 5.01600836436253
}