{
  "R2": 0.9949618103557007,
  "MAE": 0.01162099746325266,
  "RMSE": 0.00047431500680005363,
  "MAPE(%)": 2.068021245795982
}