{
  "R2": 0.9584344981433717,
  "MAE": 0.2342018927471951,
  "RMSE": 0.1250047829693656,
  "MAPE(%)": 6.683848921670196
}