{
  "R2": 0.9637028028498529,
  "MAE": 0.16300240756008122,
  "RMSE": 0.06860593232484,
  "MAPE(%)": 5.7455366139963
}