temp,lowp,outp,seed,mode,qt_frac,train_ratio,out_root,model,R2,MAE,RMSE,MAPE(%)
293K,0.05,5,2029,lowq,0.6,0.5,./RUN_FULL_EXP,cat,0.9683735267103517,0.05842177641959472,0.008169532817719533,3.935706127591624
