{
  "R2": 0.9683735267103517,
  "MAE": 0.05842177641959472,
  "RMSE": 0.008169532817719533,
  "MAPE(%)": 3.935706127591624
}