Feature,Importance
0.5,91.20251796188724
AV_cm3_g,1.6376045239223582
LCD,1.1936244707486712
cm3_g,1.096750078406079
Has_OMS,0.9716886178010425
ASA_m2_cm3,0.6824527848401448
ASA_m2_g,0.6464477423370204
AV_VF,0.6215790632550954
LFPD,0.5919647468810455
NASA_m2_cm3,0.5145006919516856
PLD,0.4637452574542522
NASA_m2_g,0.3013940554464742
NAV_cm3_g,0.07573000506891399
