{
  "R2": 0.9966817209425916,
  "MAE": 0.003661196705215659,
  "RMSE": 3.5204103128861445e-05,
  "MAPE(%)": 1.4450677139393058
}