Feature,Importance
HENRY,56.460355206688654
ASA_m2_g,9.99373990708014
AV_VF,7.451057527719337
AV_cm3_g,6.992249803907784
ASA_m2_cm3,6.130963099781631
cm3_g,3.109275808747461
PLD,2.708674059737449
LFPD,2.2442868666664686
LCD,1.987067022743018
Has_OMS,1.5203833398412006
NASA_m2_g,0.6783411430831627
NASA_m2_cm3,0.6498312771443228
NAV_cm3_g,0.0737749368593783
