{
  "R2": 0.9612125334046626,
  "MAE": 0.16343125846969395,
  "RMSE": 0.07188044657243026,
  "MAPE(%)": 5.49537976276997
}