temp,lowp,outp,seed,mode,qt_frac,train_ratio,out_root,model,R2,MAE,RMSE,MAPE(%)
313K,0.05,5,2026,lowq,0.8,0.5,./RUN_FULL_EXP,cat,0.9756209709898455,0.033825111091899535,0.0026362781570564097,3.0295613149421183
