{
  "R2": 0.9756209709898455,
  "MAE": 0.033825111091899535,
  "RMSE": 0.0026362781570564097,
  "MAPE(%)": 3.0295613149421183
}