Feature,Importance
0.01,85.4540567799456
AV_cm3_g,2.2636115411344564
cm3_g,1.7172417449108504
Has_OMS,1.6020108740376993
LFPD,1.5986370256967328
LCD,1.4719789028473842
ASA_m2_g,1.3012178543911448
ASA_m2_cm3,1.2568589556263
AV_VF,1.0718152978117317
PLD,0.9389769454957619
NASA_m2_cm3,0.6943720473951379
NASA_m2_g,0.5410177482784797
NAV_cm3_g,0.0882042824287028
