{
  "R2": 0.9901552263469476,
  "MAE": 0.00942571239231869,
  "RMSE": 0.0001727498093312512,
  "MAPE(%)": 2.5961734126336267
}