{
  "R2": 0.9931036237068227,
  "MAE": 0.007752136776632169,
  "RMSE": 0.0001834018954843993,
  "MAPE(%)": 2.0830688391803984
}