{
  "R2": 0.994810844469965,
  "MAE": 0.004714866126314381,
  "RMSE": 4.627908090537497e-05,
  "MAPE(%)": 1.8435205569250392
}