temp,lowp,outp,seed,mode,qt_frac,train_ratio,out_root,model,R2,MAE,RMSE,MAPE(%)
313K,0.05,1,2026,lowq,0.55,0.5,./RUN_FULL_EXP,cat,0.994810844469965,0.004714866126314381,4.627908090537497e-05,1.8435205569250392
