Feature,Importance
0.05,52.95748698200248
ASA_m2_g,15.216628967961249
ASA_m2_cm3,7.244049590028963
AV_cm3_g,5.969412576894533
AV_VF,4.815057510932119
cm3_g,3.3431166792069695
PLD,2.7212973261616633
LCD,2.542328777687042
LFPD,2.019457278921176
Has_OMS,1.2426678750489493
NASA_m2_g,1.0712825463510143
NASA_m2_cm3,0.7709781269030238
NAV_cm3_g,0.08623576190080179
