{
  "R2": 0.9520226530319339,
  "MAE": 0.24159904182189285,
  "RMSE": 0.11626712979865739,
  "MAPE(%)": 6.087708696053454
}