Feature,Importance
Has_OMS,15.520666162270286
cm3_g,15.079795941556744
PLD,14.523897536781728
AV_VF,11.396034693014155
ASA_m2_cm3,10.758637468434934
LFPD,8.63182981671806
LCD,7.685456855347288
ASA_m2_g,6.559924037052964
AV_cm3_g,5.311879050064085
NASA_m2_g,2.4558910949336363
NASA_m2_cm3,1.7841204597207059
NAV_cm3_g,0.2918668841053981
