temp,lowp,outp,seed,mode,qt_frac,train_ratio,out_root,model,R2,MAE,RMSE,MAPE(%)
273K,0.01,1,2028,struct,0.0,0.55,./RUN_FULL_EXP,cat,0.4308909403840592,0.1768034385856612,0.07832261163971319,54.06989429868444
