{
  "R2": 0.4308909403840592,
  "MAE": 0.1768034385856612,
  "RMSE": 0.07832261163971319,
  "MAPE(%)": 54.06989429868444
}