Feature,Importance
0.1,47.97703266339371
ASA_m2_g,14.965726507949563
ASA_m2_cm3,8.383422823644478
AV_cm3_g,7.722180303427413
AV_VF,4.50734345489866
cm3_g,4.412925366990741
PLD,3.2732249249057763
LFPD,2.8054178436951878
LCD,2.7375203090226234
Has_OMS,1.496610058296531
NASA_m2_cm3,0.9110032659675001
NASA_m2_g,0.6693210753902225
NAV_cm3_g,0.13827140241759486
