{
  "R2": 0.9607557067477173,
  "MAE": 0.22759031137094998,
  "RMSE": 0.11300359038771933,
  "MAPE(%)": 6.2133452589856795
}