{
  "R2": 0.9587595796584897,
  "MAE": 0.17951413114911038,
  "RMSE": 0.07953334310112452,
  "MAPE(%)": 6.471976294310958
}