Feature,Importance
0.05,83.72726656511442
AV_cm3_g,2.1961018490542576
AV_VF,2.0495948343118675
ASA_m2_cm3,2.0060619885662665
ASA_m2_g,1.8199443381636822
cm3_g,1.5939095279723825
LFPD,1.3983920091143567
LCD,1.378064603968488
PLD,1.3396202372304102
Has_OMS,1.3094973876199698
NASA_m2_cm3,0.7818092822894758
NASA_m2_g,0.3410745107459463
NAV_cm3_g,0.05866286584849539
