temp,lowp,outp,seed,mode,qt_frac,train_ratio,out_root,model,R2,MAE,RMSE,MAPE(%)
273K,0.05,1,2029,lowq,0.75,0.5,./RUN_FULL_EXP,cat,0.9859376383533264,0.014153721650377246,0.0005208578412983679,2.6023857620951496
