{
  "R2": 0.9859376383533264,
  "MAE": 0.014153721650377246,
  "RMSE": 0.0005208578412983679,
  "MAPE(%)": 2.6023857620951496
}