{
  "R2": 0.9567596724806747,
  "MAE": 0.240426010965416,
  "RMSE": 0.11752474761633801,
  "MAPE(%)": 6.310677149095392
}