temp,lowp,outp,seed,mode,qt_frac,train_ratio,out_root,model,R2,MAE,RMSE,MAPE(%)
273K,0.05,15,2025,lowq,0.4,0.5,./RUN_FULL_EXP,cat,0.9567596724806747,0.240426010965416,0.11752474761633801,6.310677149095392
