{
  "R2": 0.9433427058607816,
  "MAE": 0.2128107820474304,
  "RMSE": 0.10321214405575464,
  "MAPE(%)": 7.60383266306639
}