Feature,Importance
HENRY,84.68408059608348
AV_cm3_g,2.5290554034524817
Has_OMS,1.9135570659580334
LCD,1.7502883377290879
LFPD,1.623199687384974
cm3_g,1.5014070442958543
ASA_m2_g,1.4018111212753375
AV_VF,1.2787302571120964
ASA_m2_cm3,1.010301454128576
PLD,0.932930885928247
NASA_m2_cm3,0.8469261900758995
NASA_m2_g,0.44393717965031426
NAV_cm3_g,0.08377477692559833
