{
  "R2": 0.9911492293840531,
  "MAE": 0.007669207929034269,
  "RMSE": 0.0001741243080621563,
  "MAPE(%)": 2.0259511565418284
}