Feature,Importance
0.05,85.84595376319473
AV_cm3_g,2.135194299298675
cm3_g,2.02386307059309
Has_OMS,1.5952333283643958
ASA_m2_g,1.5649558182850922
LCD,1.3874753739172394
ASA_m2_cm3,1.235730919735302
PLD,1.1602209350576753
AV_VF,0.9004181409634558
LFPD,0.8613787524523613
NASA_m2_cm3,0.6217605861527208
NASA_m2_g,0.59660313739118
NAV_cm3_g,0.07121187459411041
