{
  "R2": 0.9950972185106003,
  "MAE": 0.004941974464138222,
  "RMSE": 5.631202321045383e-05,
  "MAPE(%)": 1.9459427051343057
}