{
  "R2": 0.9437923303247711,
  "MAE": 0.03976960801146129,
  "RMSE": 0.007798356648236542,
  "MAPE(%)": 8.923553008825966
}