{
  "R2": 0.9953140004699357,
  "MAE": 0.010105015428780355,
  "RMSE": 0.00022562361631911797,
  "MAPE(%)": 1.8371136076440795
}