Feature,Importance
0.01,46.49522007999294
ASA_m2_g,14.11806567535375
AV_cm3_g,9.573946386134901
ASA_m2_cm3,8.656255851267467
AV_VF,5.283064213792607
cm3_g,3.9357218414122777
PLD,3.209109917370204
LFPD,2.6346601448204066
LCD,2.525283886188192
Has_OMS,1.5383952208050893
NASA_m2_cm3,1.0963238569799103
NASA_m2_g,0.8118517856874462
NAV_cm3_g,0.12210114019478915
