{
  "R2": 0.9580700903091786,
  "MAE": 0.24243234788039905,
  "RMSE": 0.12144023672506658,
  "MAPE(%)": 6.4614952054977595
}