temp,lowp,outp,seed,mode,qt_frac,train_ratio,out_root,model,R2,MAE,RMSE,MAPE(%)
273K,0.01,15,2027,lowq,0.15,0.5,./RUN_FULL_EXP,cat,0.9580700903091786,0.24243234788039905,0.12144023672506658,6.4614952054977595
