Feature,Importance
0.5,79.61246246530374
ASA_m2_g,4.7510808490145875
AV_VF,3.075143874990658
ASA_m2_cm3,2.4883799049919046
AV_cm3_g,2.416587711194294
Has_OMS,1.5487862570221524
cm3_g,1.529338947552164
LFPD,1.4258207025928546
LCD,1.3317376996965615
PLD,1.0243671231300404
NASA_m2_cm3,0.3919816019047239
NASA_m2_g,0.3309750568527541
NAV_cm3_g,0.07333780575356755
