{
  "R2": 0.985968343798894,
  "MAE": 0.03029844994381106,
  "RMSE": 0.0023565114786661123,
  "MAPE(%)": 2.7874920771743814
}