temp,lowp,outp,seed,mode,qt_frac,train_ratio,out_root,model,R2,MAE,RMSE,MAPE(%)
313K,0.5,5,2025,lowq,0.4,0.5,./RUN_FULL_EXP,cat,0.985968343798894,0.03029844994381106,0.0023565114786661123,2.7874920771743814
