Feature,Importance
HENRY,88.46931658206209
cm3_g,1.7040101609751874
AV_cm3_g,1.5243466497611622
ASA_m2_cm3,1.3562097932464259
LCD,1.3406400215999428
PLD,1.1328111126035803
AV_VF,1.0394212614987595
Has_OMS,0.845027807179127
LFPD,0.8400562784147645
ASA_m2_g,0.8062388590562302
NASA_m2_g,0.5024701298369394
NASA_m2_cm3,0.29844233712564733
NAV_cm3_g,0.1410090066401263
