{
  "R2": 0.9955522662172852,
  "MAE": 0.003830816580520777,
  "RMSE": 3.323845651951226e-05,
  "MAPE(%)": 1.4437129563793498
}