{
  "R2": 0.9881761149080761,
  "MAE": 0.007057980923063007,
  "RMSE": 9.421536546834831e-05,
  "MAPE(%)": 2.7554787335982454
}