Feature,Importance
0.01,81.4358600593417
Has_OMS,2.5351254435495556
AV_VF,2.4742626654927786
LCD,2.0770449395286343
AV_cm3_g,1.9762506300974205
cm3_g,1.8116129229224172
LFPD,1.6812860985663816
PLD,1.6319565613278946
NASA_m2_cm3,1.3091371568005103
ASA_m2_cm3,1.0285421631544747
NASA_m2_g,0.9692259533233061
ASA_m2_g,0.9567731554528965
NAV_cm3_g,0.11292225044201049
