Feature,Importance
0.01,82.5633023948709
Has_OMS,2.9790073974872713
AV_VF,2.425390997691333
PLD,1.9154030939953
cm3_g,1.84513580614588
ASA_m2_g,1.6746885825696576
ASA_m2_cm3,1.616153182100081
AV_cm3_g,1.4219731403037104
LCD,1.343227354845921
LFPD,1.026651967460712
NASA_m2_g,0.6832680716882881
NASA_m2_cm3,0.46170508477972944
NAV_cm3_g,0.044092926061179566
