{
  "R2": 0.9081227775663147,
  "MAE": 0.03520503467075414,
  "RMSE": 0.015216286286685336,
  "MAPE(%)": 7.695207694533362
}