Feature,Importance
0.01,85.4551109918909
cm3_g,2.2591496651535863
AV_cm3_g,1.799539691516982
Has_OMS,1.6708885653724288
LCD,1.4828883269196909
PLD,1.4116295284702483
ASA_m2_cm3,1.3054540608529979
LFPD,1.2419941035860498
AV_VF,1.1377576903370834
ASA_m2_g,1.0305600622958997
NASA_m2_cm3,0.8270011667074462
NASA_m2_g,0.31235432232230753
NAV_cm3_g,0.0656718245743854
