{
  "R2": 0.9917185178972472,
  "MAE": 0.0069457350411927955,
  "RMSE": 9.388355770602268e-05,
  "MAPE(%)": 2.815102819151676
}