temp,lowp,outp,seed,mode,qt_frac,train_ratio,out_root,model,R2,MAE,RMSE,MAPE(%)
313K,0.01,1,2029,lowq,0.4,0.5,./RUN_FULL_EXP,cat,0.9917185178972472,0.0069457350411927955,9.388355770602268e-05,2.815102819151676
