{
  "R2": 0.9668897737849819,
  "MAE": 0.10965404037207316,
  "RMSE": 0.03975354256129118,
  "MAPE(%)": 4.591800955017555
}