{
  "R2": 0.9751190266038293,
  "MAE": 0.0587791162304743,
  "RMSE": 0.008849656765240058,
  "MAPE(%)": 4.0382846472858525
}