{
  "R2": 0.9487355694457785,
  "MAE": 0.24421979466323834,
  "RMSE": 0.13669308994973403,
  "MAPE(%)": 6.272418250115424
}