Feature,Importance
0.1,87.06370244570304
cm3_g,2.197760832203852
LCD,1.4290609031156447
AV_VF,1.4005501789828843
AV_cm3_g,1.3935777053097083
ASA_m2_g,1.3481511478409107
Has_OMS,1.1383461497142635
ASA_m2_cm3,1.0999721272548222
LFPD,0.8655650667276243
PLD,0.8250173890128775
NASA_m2_g,0.5996309009373181
NASA_m2_cm3,0.5199612315754205
NAV_cm3_g,0.11870392162162141
