temp,lowp,outp,seed,mode,qt_frac,train_ratio,out_root,model,R2,MAE,RMSE,MAPE(%)
293K,0.1,1,2026,lowq,0.25,0.5,./RUN_FULL_EXP,cat,0.9932495236673067,0.00807393024032248,0.00021368224926033858,2.208579933519289
