{
  "R2": 0.9932495236673067,
  "MAE": 0.00807393024032248,
  "RMSE": 0.00021368224926033858,
  "MAPE(%)": 2.208579933519289
}