Feature,Importance
0.05,72.61303187537244
ASA_m2_cm3,5.215882202476298
ASA_m2_g,4.232714247219069
AV_VF,4.065564421478255
AV_cm3_g,3.4280865195242134
cm3_g,2.1380177444718917
LFPD,1.8311075756884727
PLD,1.7424361977294236
Has_OMS,1.6410952924999733
LCD,1.6238927507670382
NASA_m2_cm3,0.7661840274068598
NASA_m2_g,0.5939244242849414
NAV_cm3_g,0.10806272108112971
