{
  "R2": 0.9711865842425452,
  "MAE": 0.06079211611309484,
  "RMSE": 0.012793242101579703,
  "MAPE(%)": 4.22464694613114
}