temp,lowp,outp,seed,mode,qt_frac,train_ratio,out_root,model,R2,MAE,RMSE,MAPE(%)
293K,0.05,5,2028,lowq,0.1,0.5,./RUN_FULL_EXP,cat,0.9711865842425452,0.06079211611309484,0.012793242101579703,4.22464694613114
