Feature,Importance
0.01,77.42500709712775
AV_VF,3.590809695800395
ASA_m2_g,3.585826146855648
ASA_m2_cm3,2.8412758904642192
cm3_g,2.7390781193354097
AV_cm3_g,2.4791230070612795
LCD,1.949922297765342
Has_OMS,1.5342818579026865
LFPD,1.4193948711518274
PLD,1.3568834164877834
NASA_m2_cm3,0.6219402652872587
NASA_m2_g,0.38666010359621605
NAV_cm3_g,0.0697972311641655
