{
  "R2": 0.9754567448500485,
  "MAE": 0.04096448680117294,
  "RMSE": 0.004479071138770802,
  "MAPE(%)": 3.793271404425126
}