temp,lowp,outp,seed,mode,qt_frac,train_ratio,out_root,model,R2,MAE,RMSE,MAPE(%)
313K,0.01,5,2029,lowq,0.35,0.5,./RUN_FULL_EXP,cat,0.9754567448500485,0.04096448680117294,0.004479071138770802,3.793271404425126
