{
  "R2": 0.978797735630436,
  "MAE": 0.037370934195492075,
  "RMSE": 0.005825091021929714,
  "MAPE(%)": 3.611572355648284
}