Feature,Importance
0.05,65.25865779818169
ASA_m2_cm3,6.8848901510749485
ASA_m2_g,5.75550934597897
AV_VF,5.373293145734068
AV_cm3_g,3.14380787147099
cm3_g,2.896538027835941
PLD,2.633769260683612
LFPD,2.4032035494422757
LCD,2.3524750770917056
Has_OMS,1.989393050637887
NASA_m2_cm3,0.6108503741785923
NASA_m2_g,0.6089629245655771
NAV_cm3_g,0.08864942312373893
