{
  "R2": 0.9571023500659064,
  "MAE": 0.10324325501971203,
  "RMSE": 0.02564598381463564,
  "MAPE(%)": 5.217454156990895
}