temp,lowp,outp,seed,mode,qt_frac,train_ratio,out_root,model,R2,MAE,RMSE,MAPE(%)
273K,0.05,5,2025,lowq,0.45,0.5,./RUN_FULL_EXP,cat,0.9571023500659064,0.10324325501971203,0.02564598381463564,5.217454156990895
