{
  "R2": 0.928944222548968,
  "MAE": 0.09061246335163332,
  "RMSE": 0.022078063029826483,
  "MAPE(%)": 7.669793288346669
}