Feature,Importance
0.05,85.01410133313001
cm3_g,1.8351302023608869
Has_OMS,1.8205089997543902
AV_VF,1.778486985777819
AV_cm3_g,1.765800736253038
ASA_m2_cm3,1.5695651294539439
LFPD,1.4992817468274096
LCD,1.3819854356245216
PLD,1.2293252644420685
ASA_m2_g,0.9031193936210892
NASA_m2_g,0.8076913767750442
NASA_m2_cm3,0.36309409250954955
NAV_cm3_g,0.03190930347022636
