{
  "R2": 0.992898453311986,
  "MAE": 0.008775884896524642,
  "RMSE": 0.0002759749389331043,
  "MAPE(%)": 2.3724968667065016
}