{
  "R2": 0.4141604598154097,
  "MAE": 0.11931997691299816,
  "RMSE": 0.03807190927800513,
  "MAPE(%)": 45.462595377408476
}