{
  "R2": 0.9804697582536831,
  "MAE": 0.03371931609186068,
  "RMSE": 0.003591390950631736,
  "MAPE(%)": 3.1456816747859744
}