{
  "R2": 0.735178024620312,
  "MAE": 0.5009884145199471,
  "RMSE": 0.5004941333781983,
  "MAPE(%)": 21.23450099013682
}