Feature,Importance
0.01,82.93683428475798
cm3_g,2.7242694606723608
AV_cm3_g,1.8456915877311406
ASA_m2_cm3,1.7961767121742456
LCD,1.7941459718131143
PLD,1.6803775536070467
ASA_m2_g,1.6446266556716451
Has_OMS,1.5058968722601875
LFPD,1.3543012169447355
AV_VF,1.0383597967345644
NASA_m2_cm3,0.8250418304088614
NASA_m2_g,0.8119949445454533
NAV_cm3_g,0.04228311267867672
