temp,lowp,outp,seed,mode,qt_frac,train_ratio,out_root,model,R2,MAE,RMSE,MAPE(%)
293K,0.01,1,2026,struct_with_input,0.15,0.3,./RUN_FULL_EXP,cat,0.9815501538252177,0.012362712423059552,0.0007829512454184525,3.473552008485614
