{
  "R2": 0.9815501538252177,
  "MAE": 0.012362712423059552,
  "RMSE": 0.0007829512454184525,
  "MAPE(%)": 3.473552008485614
}