Feature,Importance
0.01,65.42584072709971
AV_VF,6.6196003679095705
ASA_m2_cm3,6.352752553490404
ASA_m2_g,5.086672371424862
cm3_g,2.9179801980186086
PLD,2.8289720636534588
AV_cm3_g,2.4702545111521035
LCD,2.345207667616651
Has_OMS,2.2873999939282355
LFPD,2.0976611700239616
NASA_m2_cm3,0.8578625803928046
NASA_m2_g,0.614975675446408
NAV_cm3_g,0.09482011984321896
