{
  "R2": 0.959050490585007,
  "MAE": 0.10360828745976727,
  "RMSE": 0.024114207893723608,
  "MAPE(%)": 5.248453464204838
}