Feature,Importance
0.01,63.54859738067065
Has_OMS,4.827801751128178
AV_cm3_g,4.532208610522459
ASA_m2_g,4.31481933958226
ASA_m2_cm3,4.311967748221468
AV_VF,3.9613278944829453
cm3_g,3.5581141306094004
LCD,3.113481925225792
LFPD,2.8304751942512856
PLD,2.4521981655835767
NASA_m2_g,1.1082023512512609
NASA_m2_cm3,0.9867054541155491
NAV_cm3_g,0.4541000543551946
