{
  "R2": 0.9411277329665138,
  "MAE": 0.10321878802870098,
  "RMSE": 0.02768984083204246,
  "MAPE(%)": 8.57472958364722
}