{
  "R2": 0.9651994688106375,
  "MAE": 0.06089156397477944,
  "RMSE": 0.0075679986775789255,
  "MAPE(%)": 4.144494326486236
}