{
  "R2": 0.992446032648544,
  "MAE": 0.007431879864850049,
  "RMSE": 0.00011648388200137665,
  "MAPE(%)": 2.0066396495722127
}