Feature,Importance
0.01,70.98835302958982
ASA_m2_g,5.412473784213453
AV_VF,4.9909643896649944
ASA_m2_cm3,3.7577301011318407
Has_OMS,3.0576354300657065
AV_cm3_g,2.7979759735605296
cm3_g,2.178127352257918
LCD,1.9116220621961502
LFPD,1.8091956655105612
PLD,1.6713164000330507
NASA_m2_cm3,0.7906186248580038
NASA_m2_g,0.4742620868322223
NAV_cm3_g,0.1597251000857725
