temp,lowp,outp,seed,mode,qt_frac,train_ratio,out_root,model,R2,MAE,RMSE,MAPE(%)
293K,0.01,5,2029,struct_with_input,0.25,0.25,./RUN_FULL_EXP,cat,0.9680487565564544,0.07055136939933723,0.011589020421882208,5.011293508004895
