{
  "R2": 0.9680487565564544,
  "MAE": 0.07055136939933723,
  "RMSE": 0.011589020421882208,
  "MAPE(%)": 5.011293508004895
}