Feature,Importance
0.5,51.69633196452352
ASA_m2_g,18.074603640251134
AV_VF,5.923981859725186
ASA_m2_cm3,5.749169165579268
AV_cm3_g,5.059988723694989
cm3_g,3.6483214669521082
LCD,2.6736736737429823
PLD,2.35646960824625
LFPD,2.1292038401555557
Has_OMS,1.2946703610627128
NASA_m2_cm3,0.8635474224934219
NASA_m2_g,0.4577729161056662
NAV_cm3_g,0.07226535746721513
