{
  "R2": 0.952723038366193,
  "MAE": 0.2347301444661773,
  "RMSE": 0.10867664090052664,
  "MAPE(%)": 5.794430711157891
}