Feature,Importance
0.05,65.34132733682473
ASA_m2_cm3,7.227688576422075
ASA_m2_g,6.62573914309757
AV_VF,4.336894539012158
AV_cm3_g,3.4053055338667
PLD,2.501898002837763
cm3_g,2.3321149552738056
LCD,2.3053125319717185
LFPD,2.2655151316050053
Has_OMS,1.7391195435360924
NASA_m2_g,0.9676970988582232
NASA_m2_cm3,0.8582338068314039
NAV_cm3_g,0.09315379986276583
