{
  "R2": 0.9568607487083861,
  "MAE": 0.0989172838754799,
  "RMSE": 0.02250950521282186,
  "MAPE(%)": 4.998470294602556
}