temp,lowp,outp,seed,mode,qt_frac,train_ratio,out_root,model,R2,MAE,RMSE,MAPE(%)
273K,0.05,5,2026,lowq,0.6,0.5,./RUN_FULL_EXP,cat,0.9568607487083861,0.0989172838754799,0.02250950521282186,4.998470294602556
