Feature,Importance
0.01,60.63811782479875
ASA_m2_g,10.184084992300166
ASA_m2_cm3,6.130328820696641
AV_cm3_g,6.106763195170947
AV_VF,5.110186760959871
cm3_g,2.888922140450516
PLD,2.1247426529222655
LFPD,1.769468067975059
LCD,1.7106237588185436
Has_OMS,1.5758004562936505
NASA_m2_cm3,0.9070783673453081
NASA_m2_g,0.7411094499378399
NAV_cm3_g,0.1127735123304452
