{
  "R2": 0.9666202778214633,
  "MAE": 0.11969946545826506,
  "RMSE": 0.027081363528048456,
  "MAPE(%)": 4.765152836761569
}