{
  "R2": 0.9702888884220723,
  "MAE": 0.1116026676740992,
  "RMSE": 0.026538824953807508,
  "MAPE(%)": 4.5195710306212025
}