{
  "R2": 0.9612030092077685,
  "MAE": 0.01597349619244787,
  "RMSE": 0.0027951909741999893,
  "MAPE(%)": 4.448603157011269
}