temp,lowp,outp,seed,mode,qt_frac,train_ratio,out_root,model,R2,MAE,RMSE,MAPE(%)
293K,0.01,1,2027,struct_with_input,0.0,0.25,./RUN_FULL_EXP,cat,0.9612030092077685,0.01597349619244787,0.0027951909741999893,4.448603157011269
