Feature,Importance
HENRY,80.75365326666723
AV_cm3_g,2.567821828327053
ASA_m2_g,2.24668294820523
Has_OMS,2.216667309056778
cm3_g,2.1869075290730473
AV_VF,2.0149013859614335
LFPD,1.925060792260726
LCD,1.6705422421750822
ASA_m2_cm3,1.5572887566981524
PLD,1.4802841830529037
NASA_m2_cm3,0.7653016096041968
NASA_m2_g,0.5498460087737651
NAV_cm3_g,0.06504214014442365
