{
  "R2": 0.9856229435565788,
  "MAE": 0.01579738395215107,
  "RMSE": 0.0008643222328406589,
  "MAPE(%)": 2.860802596673591
}