temp,lowp,outp,seed,mode,qt_frac,train_ratio,out_root,model,R2,MAE,RMSE,MAPE(%)
273K,HENRY,1,2029,lowq,0.4,0.5,./RUN_FULL_EXP,cat,0.9856229435565788,0.01579738395215107,0.0008643222328406589,2.860802596673591
