Feature,Importance
0.5,74.90546171409225
ASA_m2_g,5.8090953966106085
ASA_m2_cm3,3.691155026230304
AV_VF,3.4906480357747833
AV_cm3_g,2.7000118957124255
Has_OMS,1.9237927858610098
LCD,1.7538029291708228
cm3_g,1.4558988342797872
LFPD,1.433899716013522
PLD,1.4055092877177242
NASA_m2_cm3,0.8130918320570413
NASA_m2_g,0.543683193095238
NAV_cm3_g,0.07394935338447967
