{
  "R2": 0.9809037828569759,
  "MAE": 0.0517745374652323,
  "RMSE": 0.006876995791651834,
  "MAPE(%)": 3.672995746041325
}