{
  "R2": 0.992472622823406,
  "MAE": 0.0328933652750134,
  "RMSE": 0.0028091830191595392,
  "MAPE(%)": 2.576915831129381
}