Feature,Importance
0.01,80.32377403884416
Has_OMS,3.218659605065655
ASA_m2_cm3,2.4022708374140223
AV_VF,2.3553667673915464
cm3_g,2.336621570563238
AV_cm3_g,2.1306502982973217
LFPD,1.6855857373645005
LCD,1.6575206120772878
PLD,1.3974109035805313
NASA_m2_cm3,0.9516377941055438
ASA_m2_g,0.8969871975600593
NASA_m2_g,0.5224835402072858
NAV_cm3_g,0.12103109752886819
