{
  "R2": 0.9620551995332074,
  "MAE": 0.02447805733318644,
  "RMSE": 0.004636681645944017,
  "MAPE(%)": 4.258328053245859
}