Feature,Importance
0.1,86.94253788327825
cm3_g,1.8209469482743845
Has_OMS,1.4930883042454388
AV_VF,1.4144322700928844
ASA_m2_g,1.3542765323861674
AV_cm3_g,1.3525740793843228
PLD,1.3330371437143198
LCD,1.3307359717525928
LFPD,1.1738309315687414
ASA_m2_cm3,1.1352798140982139
NASA_m2_g,0.3462209450976113
NASA_m2_cm3,0.2191686395515347
NAV_cm3_g,0.08387053655554359
