{
  "R2": 0.9922724517419425,
  "MAE": 0.007779815412036117,
  "RMSE": 0.00016810606324517682,
  "MAPE(%)": 2.11776534698969
}