Feature,Importance
0.05,88.00420286423024
cm3_g,1.7819703241530938
AV_cm3_g,1.4671574447691724
PLD,1.4359487351532918
LCD,1.39044396376379
ASA_m2_cm3,1.2755282129683276
AV_VF,1.249676251337579
ASA_m2_g,1.0861961269688292
Has_OMS,0.7518959621387676
LFPD,0.6618547183603857
NASA_m2_cm3,0.43792896373605067
NASA_m2_g,0.35878319267204545
NAV_cm3_g,0.09841323974842478
