{
  "R2": 0.9936922734032972,
  "MAE": 0.004915209461063003,
  "RMSE": 8.182221964009121e-05,
  "MAPE(%)": 1.9887241697836118
}