temp,lowp,outp,seed,mode,qt_frac,train_ratio,out_root,model,R2,MAE,RMSE,MAPE(%)
313K,0.05,1,2026,lowq,0.3,0.5,./RUN_FULL_EXP,cat,0.9936922734032972,0.004915209461063003,8.182221964009121e-05,1.9887241697836118
