{
  "R2": 0.962954010666834,
  "MAE": 0.16210497772937846,
  "RMSE": 0.06725526883480566,
  "MAPE(%)": 5.628731723036222
}