temp,lowp,outp,seed,mode,qt_frac,train_ratio,out_root,model,R2,MAE,RMSE,MAPE(%)
273K,0.1,5,2025,lowq,0.1,0.5,./RUN_FULL_EXP,cat,0.9619973912614581,0.10341787723156139,0.029353685582809323,5.297974995323892
