{
  "R2": 0.9619973912614581,
  "MAE": 0.10341787723156139,
  "RMSE": 0.029353685582809323,
  "MAPE(%)": 5.297974995323892
}