Feature,Importance
0.5,92.27108467107216
AV_VF,1.164012667045002
AV_cm3_g,1.158055681405356
Has_OMS,0.8563471820773481
ASA_m2_g,0.7832759411035767
cm3_g,0.7018202087658778
LFPD,0.7011578606040436
PLD,0.6856832398199786
ASA_m2_cm3,0.5189947461464436
LCD,0.41186143325599633
NASA_m2_cm3,0.4057487250439573
NASA_m2_g,0.20862897287512513
NAV_cm3_g,0.13332867078514055
