{
  "R2": 0.9956904834753696,
  "MAE": 0.010868796412630513,
  "RMSE": 0.00033046434224442235,
  "MAPE(%)": 2.031286586693617
}