temp,lowp,outp,seed,mode,qt_frac,train_ratio,out_root,model,R2,MAE,RMSE,MAPE(%)
273K,0.5,1,2028,lowq,0.25,0.5,./RUN_FULL_EXP,cat,0.9956904834753696,0.010868796412630513,0.00033046434224442235,2.031286586693617
