{
  "R2": 0.9962367884411463,
  "MAE": 0.004232036060556771,
  "RMSE": 5.307446847355336e-05,
  "MAPE(%)": 1.739599983216683
}