{
  "R2": 0.43420992366471467,
  "MAE": 0.17945374339856102,
  "RMSE": 0.09017933622620986,
  "MAPE(%)": 50.93649006643551
}