Feature,Importance
0.05,90.2749026174732
cm3_g,1.2705606580348203
Has_OMS,1.1989151558946762
LCD,1.1108775757523002
PLD,1.0474439235578723
ASA_m2_cm3,0.8718889069403913
LFPD,0.8563755892703937
AV_cm3_g,0.7823970270392314
AV_VF,0.735707350178386
NASA_m2_cm3,0.5889973749912113
ASA_m2_g,0.5487073875665652
NASA_m2_g,0.5037585773785755
NAV_cm3_g,0.20946785592235773
