{
  "R2": 0.9698293707498126,
  "MAE": 0.0582225249916563,
  "RMSE": 0.007873682805912254,
  "MAPE(%)": 3.9280880441742445
}