{
  "R2": 0.9661732563758474,
  "MAE": 0.1697969544757705,
  "RMSE": 0.06301494565833064,
  "MAPE(%)": 6.009398055563262
}