Feature,Importance
0.05,78.07110923115756
AV_VF,3.8403472855425136
ASA_m2_g,3.3746404306111315
AV_cm3_g,3.204735583814894
ASA_m2_cm3,3.0377592490921486
Has_OMS,1.6537985914006246
cm3_g,1.5935224226202687
PLD,1.511758325994052
LCD,1.2486462945534855
LFPD,1.0712823067931847
NASA_m2_cm3,0.6911633392904185
NASA_m2_g,0.6120387176026737
NAV_cm3_g,0.08919822152704723
