{
  "R2": 0.9809821240840306,
  "MAE": 0.03545931103918039,
  "RMSE": 0.003869330628325212,
  "MAPE(%)": 3.2905243077250885
}