{
  "R2": 0.95692255127823,
  "MAE": 0.2369154481861598,
  "RMSE": 0.13041188675261609,
  "MAPE(%)": 6.517580303126977
}