temp,lowp,outp,seed,mode,qt_frac,train_ratio,out_root,model,R2,MAE,RMSE,MAPE(%)
273K,0.01,1,2026,struct_with_input,0.0,0.7,./RUN_FULL_EXP,cat,0.9544210927459948,0.023299944649334155,0.0069162327893876295,3.765383522374329
