Feature,Importance
0.5,50.878006498409334
ASA_m2_g,14.899742774400957
AV_cm3_g,7.18400426671159
AV_VF,6.636380493107808
ASA_m2_cm3,6.442485750434912
cm3_g,4.124110917165653
PLD,2.7371669872686777
LFPD,2.342611589848009
LCD,2.1576250989399015
Has_OMS,1.075746559272338
NASA_m2_cm3,0.7540669882025579
NASA_m2_g,0.6807232571899815
NAV_cm3_g,0.087328819048268
