{
  "R2": 0.9478987589210595,
  "MAE": 0.23054584431377237,
  "RMSE": 0.12053034834945811,
  "MAPE(%)": 5.671725071683457
}