{
  "R2": 0.9884303042224697,
  "MAE": 0.010080046626121704,
  "RMSE": 0.00024928570406790616,
  "MAPE(%)": 2.8148826429906215
}