temp,lowp,outp,seed,mode,qt_frac,train_ratio,out_root,model,R2,MAE,RMSE,MAPE(%)
293K,0.01,1,2025,lowq,0.5,0.5,./RUN_FULL_EXP,cat,0.9884303042224697,0.010080046626121704,0.00024928570406790616,2.8148826429906215
