Feature,Importance
0.5,59.65164469076751
ASA_m2_g,12.833671933569894
ASA_m2_cm3,5.815500244014646
AV_VF,5.124088845693648
AV_cm3_g,5.049196672762774
cm3_g,3.223204151530362
LCD,2.188135143437958
PLD,2.0616944186128365
LFPD,1.8699374883997035
Has_OMS,0.9276153197482139
NASA_m2_g,0.598255252277597
NASA_m2_cm3,0.5584992914810077
NAV_cm3_g,0.09855654770385328
