{
  "R2": 0.9844975387263271,
  "MAE": 0.04186137778435546,
  "RMSE": 0.007650660602292558,
  "MAPE(%)": 2.7896284442342862
}