Feature,Importance
0.05,63.44539771527984
ASA_m2_g,8.710954302225991
ASA_m2_cm3,6.598036626362636
AV_VF,4.209382279796852
AV_cm3_g,3.530446395462857
LCD,2.8211376866770177
LFPD,2.4914748083911253
PLD,2.488261328356465
cm3_g,2.1255206246356346
Has_OMS,1.7719350879386122
NASA_m2_g,0.9495676474620374
NASA_m2_cm3,0.7438409445614759
NAV_cm3_g,0.11404455284944762
