{
  "R2": 0.9649889011526183,
  "MAE": 0.10300788534701852,
  "RMSE": 0.028869311092518907,
  "MAPE(%)": 5.501828839026776
}