Feature,Importance
0.5,64.46388293435737
ASA_m2_g,11.656729295327139
ASA_m2_cm3,5.029195497121397
AV_VF,4.04875186668765
AV_cm3_g,3.8462597672480436
cm3_g,2.9671415294430665
LCD,2.100651690678753
PLD,1.9023228767661629
LFPD,1.406417413681596
Has_OMS,0.8386596162548682
NASA_m2_g,0.8317772852162472
NASA_m2_cm3,0.8155014198045838
NAV_cm3_g,0.0927088074130992
