{
  "R2": 0.9695950611805404,
  "MAE": 0.1062724602942824,
  "RMSE": 0.0319897775217852,
  "MAPE(%)": 4.445168021974285
}