temp,lowp,outp,seed,mode,qt_frac,train_ratio,out_root,model,R2,MAE,RMSE,MAPE(%)
293K,0.01,5,2028,struct_with_input,0.33,0.65,./RUN_FULL_EXP,cat,0.9731000203258565,0.060523158428277435,0.009249813762030979,4.233110333183763
