{
  "R2": 0.9731000203258565,
  "MAE": 0.060523158428277435,
  "RMSE": 0.009249813762030979,
  "MAPE(%)": 4.233110333183763
}