Feature,Importance
PLD,15.530959039095153
cm3_g,13.0221857904774
LCD,11.926121624394167
AV_VF,11.141254425122678
ASA_m2_cm3,10.762428547896128
Has_OMS,9.758342105767934
LFPD,9.044218926164417
ASA_m2_g,7.5759509069207525
AV_cm3_g,7.142016318478891
NASA_m2_cm3,2.411701384218273
NASA_m2_g,1.4952828910269647
NAV_cm3_g,0.18953804043725375
