{
  "R2": 0.3232019964322771,
  "MAE": 0.19481377798657518,
  "RMSE": 0.11574808631258103,
  "MAPE(%)": 49.79879984326767
}