{
  "R2": 0.972352587896198,
  "MAE": 0.06530951196828334,
  "RMSE": 0.012215250349185913,
  "MAPE(%)": 4.417979745258658
}