Feature,Importance
0.5,74.7822257360384
ASA_m2_g,4.544684775891148
ASA_m2_cm3,4.158065445733483
AV_cm3_g,4.017235685243803
AV_VF,3.3844731659320964
cm3_g,1.7991695436630017
LCD,1.7804273373760606
PLD,1.4424259409734308
LFPD,1.4035647063753236
Has_OMS,1.3721173638887363
NASA_m2_cm3,0.8244126036946615
NASA_m2_g,0.42188452484701383
NAV_cm3_g,0.0693131703428368
