{
  "R2": 0.977523838177928,
  "MAE": 0.052976055558828,
  "RMSE": 0.00774995545196872,
  "MAPE(%)": 3.611281757675956
}