Feature,Importance
0.05,59.93701796518995
ASA_m2_g,12.462642798168062
ASA_m2_cm3,5.711649242464982
AV_VF,4.764812494801363
AV_cm3_g,4.381268248878512
cm3_g,3.4987847076731504
LCD,2.205303387625874
PLD,2.0389512459018126
LFPD,1.7671981613917362
Has_OMS,1.7492383232604423
NASA_m2_cm3,0.9271165399659348
NASA_m2_g,0.4197986033456093
NAV_cm3_g,0.13621828133253455
