temp,lowp,outp,seed,mode,qt_frac,train_ratio,out_root,model,R2,MAE,RMSE,MAPE(%)
313K,0.05,15,2029,lowq,0.05,0.5,./RUN_FULL_EXP,cat,0.966012749709341,0.11638091087454143,0.04182675712362795,4.965847044023302
