{
  "R2": 0.966012749709341,
  "MAE": 0.11638091087454143,
  "RMSE": 0.04182675712362795,
  "MAPE(%)": 4.965847044023302
}