Feature,Importance
0.01,64.67530418488634
ASA_m2_cm3,7.44206276043896
ASA_m2_g,5.564708036509669
AV_VF,4.8979058039786905
cm3_g,3.1290641149555656
AV_cm3_g,2.963855851310184
PLD,2.927445890502345
LCD,2.543721656337244
Has_OMS,2.1937219720043113
LFPD,2.0273074440505097
NASA_m2_g,0.8929132422628634
NASA_m2_cm3,0.6905229856613893
NAV_cm3_g,0.051466057101937884
