{
  "R2": 0.9561022348350022,
  "MAE": 0.10513604717630574,
  "RMSE": 0.024753982427891903,
  "MAPE(%)": 5.2705414012457314
}