{
  "R2": 0.9500237813125898,
  "MAE": 0.02442826715278127,
  "RMSE": 0.007711454005431866,
  "MAPE(%)": 4.032046717802267
}