Feature,Importance
0.01,81.19813874147381
ASA_m2_cm3,2.7459466643315475
Has_OMS,2.5732055906500353
ASA_m2_g,2.441245675900514
LFPD,2.1641740715812627
cm3_g,1.6981246654474456
AV_cm3_g,1.6277035662376662
AV_VF,1.5784555239077824
PLD,1.4784480567243432
LCD,1.4671898569114745
NASA_m2_cm3,0.4527779120688145
NASA_m2_g,0.4482872625234708
NAV_cm3_g,0.12630241224181984
