Feature,Importance
0.01,80.93574511413412
cm3_g,3.2790558315185403
AV_VF,2.622514544026218
Has_OMS,2.5304912985734225
AV_cm3_g,2.5241565616599253
ASA_m2_g,1.6670990453551635
LCD,1.3841394692988795
ASA_m2_cm3,1.274689726643683
PLD,1.2596313133919743
LFPD,1.1230286709821706
NASA_m2_cm3,0.799016084675796
NASA_m2_g,0.45501885965469396
NAV_cm3_g,0.14541348008542293
