{
  "R2": 0.9244104786804794,
  "MAE": 0.0354715175940397,
  "RMSE": 0.012223194569944702,
  "MAPE(%)": 7.003244753834337
}