{
  "R2": 0.9550914173756881,
  "MAE": 0.08122960654417605,
  "RMSE": 0.022143218100879724,
  "MAPE(%)": 5.940635821833403
}