Feature,Importance
Has_OMS,14.424320020892402
cm3_g,13.539584911465877
PLD,12.552550387557913
ASA_m2_cm3,11.69551548514832
AV_VF,11.06039266362267
LCD,9.91536193640658
AV_cm3_g,7.301018881663317
LFPD,7.237854210727453
ASA_m2_g,7.025214887151141
NASA_m2_g,3.0432749409997775
NASA_m2_cm3,1.8292932716984263
NAV_cm3_g,0.37561840266612734
