{
  "R2": 0.4356613314652509,
  "MAE": 0.1851478635685272,
  "RMSE": 0.10411621276018229,
  "MAPE(%)": 48.085622213092584
}