Feature,Importance
0.01,83.99389643757357
cm3_g,2.2129287425346797
AV_cm3_g,2.080627478720027
Has_OMS,1.8025879837382612
AV_VF,1.6766715512958466
ASA_m2_cm3,1.5258863935344469
LFPD,1.490293456712016
PLD,1.4782261520293767
LCD,1.2430877247512921
ASA_m2_g,0.9455451815457173
NASA_m2_cm3,0.8902521776189347
NASA_m2_g,0.5965960800290968
NAV_cm3_g,0.0634006399167058
