{
  "R2": 0.9912811914159882,
  "MAE": 0.010181413235572024,
  "RMSE": 0.00023637612729679325,
  "MAPE(%)": 2.843288307295553
}