temp,lowp,outp,seed,mode,qt_frac,train_ratio,out_root,model,R2,MAE,RMSE,MAPE(%)
293K,0.01,1,2028,lowq,0.35,0.5,./RUN_FULL_EXP,cat,0.9912811914159882,0.010181413235572024,0.00023637612729679325,2.843288307295553
