{
  "R2": 0.9954094425459648,
  "MAE": 0.004337090520397106,
  "RMSE": 6.523963044481359e-05,
  "MAPE(%)": 1.7019351689547362
}