temp,lowp,outp,seed,mode,qt_frac,train_ratio,out_root,model,R2,MAE,RMSE,MAPE(%)
313K,HENRY,1,2028,lowq,0.25,0.5,./RUN_FULL_EXP,cat,0.9954094425459648,0.004337090520397106,6.523963044481359e-05,1.7019351689547362
