Feature,Importance
0.5,92.98353516473954
cm3_g,1.2564886369033224
AV_cm3_g,1.0920284093003991
LCD,0.8109882612010778
Has_OMS,0.6950783609487088
AV_VF,0.6791121502149138
NASA_m2_g,0.479210278906782
ASA_m2_cm3,0.44028415204866106
NASA_m2_cm3,0.41761953095298193
PLD,0.3990509242054342
ASA_m2_g,0.3180273021313108
LFPD,0.30040487442323005
NAV_cm3_g,0.12817195402364245
