temp,lowp,outp,seed,mode,qt_frac,train_ratio,out_root,model,R2,MAE,RMSE,MAPE(%)
293K,0.5,1,2026,lowq,0.45,0.5,./RUN_FULL_EXP,cat,0.9967056973853674,0.00587184411626784,7.759346645796446e-05,1.6018316807913713
