{
  "R2": 0.9967056973853674,
  "MAE": 0.00587184411626784,
  "RMSE": 7.759346645796446e-05,
  "MAPE(%)": 1.6018316807913713
}