Feature,Importance
0.01,86.71484833534899
AV_cm3_g,1.8725195751668349
ASA_m2_cm3,1.8295108813436178
cm3_g,1.5849733838540483
AV_VF,1.5379682730226152
Has_OMS,1.5240252896707716
PLD,1.0660947630861843
LFPD,1.0251485888861216
LCD,1.0184110271453677
ASA_m2_g,0.7583259243748034
NASA_m2_cm3,0.7005185508676929
NASA_m2_g,0.33528625096227976
NAV_cm3_g,0.03236915627067342
