{
  "R2": 0.9837938011267685,
  "MAE": 0.012347604915390383,
  "RMSE": 0.001064457441461986,
  "MAPE(%)": 3.375132483213007
}