{
  "R2": 0.9853216941107398,
  "MAE": 0.029300552255523696,
  "RMSE": 0.001976886345194172,
  "MAPE(%)": 2.6381126651190017
}