Feature,Importance
0.05,87.80911413061182
cm3_g,1.7723884487929753
AV_cm3_g,1.6720974338012653
LCD,1.4131530385466697
AV_VF,1.3411212550564202
ASA_m2_cm3,1.2012271714668552
ASA_m2_g,0.996047474415864
Has_OMS,0.9610630073884916
LFPD,0.9592188803537217
PLD,0.7735865090385986
NASA_m2_cm3,0.5421037189624781
NASA_m2_g,0.4332988919390457
NAV_cm3_g,0.12558003962581601
