{
  "R2": 0.9951179398599889,
  "MAE": 0.0050180002462424725,
  "RMSE": 5.942143217731275e-05,
  "MAPE(%)": 2.004750342907549
}