{
  "R2": 0.9816495493641577,
  "MAE": 0.044782563789412644,
  "RMSE": 0.008775382196483859,
  "MAPE(%)": 2.939923180488818
}