Feature,Importance
0.01,76.71909595085027
ASA_m2_g,4.522534475718269
AV_VF,3.3264914671748973
ASA_m2_cm3,3.26740972347491
AV_cm3_g,2.838683805402542
cm3_g,1.9384716035479772
Has_OMS,1.7364830695418958
LCD,1.7172303265033422
LFPD,1.4007166434717362
PLD,1.2695045110092504
NASA_m2_g,0.6706733222268064
NASA_m2_cm3,0.4973762240067255
NAV_cm3_g,0.0953288770714077
