{
  "R2": 0.9801740991581162,
  "MAE": 0.04077525409293211,
  "RMSE": 0.004198648440365561,
  "MAPE(%)": 3.8683698242847875
}