{
  "R2": 0.9599654316542577,
  "MAE": 0.1163536698253747,
  "RMSE": 0.038861508181663895,
  "MAPE(%)": 4.816254120346947
}