temp,lowp,outp,seed,mode,qt_frac,train_ratio,out_root,model,R2,MAE,RMSE,MAPE(%)
313K,0.05,15,2027,lowq,0.4,0.5,./RUN_FULL_EXP,cat,0.9599654316542577,0.1163536698253747,0.038861508181663895,4.816254120346947
