Feature,Importance
0.01,81.0468267694357
Has_OMS,3.0735511025208284
cm3_g,2.5036656550503587
AV_cm3_g,2.252922561749587
ASA_m2_g,1.611171955735991
LFPD,1.5964197407493292
PLD,1.5426266421928527
LCD,1.5403712540378154
AV_VF,1.3500966415353592
NASA_m2_cm3,1.32584672863023
ASA_m2_cm3,1.2135235350950921
NASA_m2_g,0.8823532378390372
NAV_cm3_g,0.060624175427859125
