{
  "R2": 0.979357646679014,
  "MAE": 0.012464924083723234,
  "RMSE": 0.0009231213272910525,
  "MAPE(%)": 3.442017220642473
}