Feature,Importance
0.01,77.37124780792843
ASA_m2_g,3.733602277368642
ASA_m2_cm3,3.256959706451967
AV_VF,3.09784643207206
AV_cm3_g,2.9416575565809002
cm3_g,1.8818110512802262
Has_OMS,1.8301230654115053
LCD,1.5874209803405122
PLD,1.5698003097166582
LFPD,1.4197090562930128
NASA_m2_cm3,0.8806553220127598
NASA_m2_g,0.3770579523866218
NAV_cm3_g,0.05210848215670105
