temp,lowp,outp,seed,mode,qt_frac,train_ratio,out_root,model,R2,MAE,RMSE,MAPE(%)
313K,0.01,5,2029,lowq,0.55,0.5,./RUN_FULL_EXP,cat,0.9775769342004264,0.04043595418426765,0.0032165024494705866,3.7180517691949277
