{
  "R2": 0.9775769342004264,
  "MAE": 0.04043595418426765,
  "RMSE": 0.0032165024494705866,
  "MAPE(%)": 3.7180517691949277
}