Feature,Importance
0.05,83.91475935293417
AV_cm3_g,2.1345211884473905
ASA_m2_g,2.0764023499130144
AV_VF,1.7910447035150565
cm3_g,1.7360249444971014
ASA_m2_cm3,1.6646295929203794
Has_OMS,1.555971832907079
LFPD,1.5124963078946339
LCD,1.3028451892122495
PLD,1.2128487562232626
NASA_m2_cm3,0.7253749413789573
NASA_m2_g,0.34858072312829624
NAV_cm3_g,0.024500117028404895
