{
  "R2": 0.9846454042187902,
  "MAE": 0.014602575294343514,
  "RMSE": 0.000606777427093129,
  "MAPE(%)": 2.6569750435795165
}