{
  "R2": 0.5812540748374688,
  "MAE": 0.4282782587250483,
  "RMSE": 0.3688410352960643,
  "MAPE(%)": 30.408450711640032
}