{
  "R2": 0.7088211225988391,
  "MAE": 0.4245086684706669,
  "RMSE": 0.36111801659758475,
  "MAPE(%)": 22.121792335661002
}