{
  "R2": 0.9689821470101219,
  "MAE": 0.12034367806375211,
  "RMSE": 0.029312039017842722,
  "MAPE(%)": 4.943713813170201
}