temp,lowp,outp,seed,mode,qt_frac,train_ratio,out_root,model,R2,MAE,RMSE,MAPE(%)
313K,0.01,15,2027,lowq,0.45,0.5,./RUN_FULL_EXP,cat,0.9689821470101219,0.12034367806375211,0.029312039017842722,4.943713813170201
