{
  "R2": 0.9517573928412667,
  "MAE": 0.0977259834751982,
  "RMSE": 0.020946366511270447,
  "MAPE(%)": 4.862713142540867
}