{
  "R2": 0.992251170957531,
  "MAE": 0.030914275868357922,
  "RMSE": 0.002449691291056711,
  "MAPE(%)": 2.4470847580606527
}