{
  "R2": 0.9470722935584966,
  "MAE": 0.24894641315338006,
  "RMSE": 0.1337865775743986,
  "MAPE(%)": 6.249384999157724
}