{
  "R2": 0.980924482399845,
  "MAE": 0.03362308844631001,
  "RMSE": 0.003838699298908185,
  "MAPE(%)": 3.066782674478306
}