temp,lowp,outp,seed,mode,qt_frac,train_ratio,out_root,model,R2,MAE,RMSE,MAPE(%)
313K,HENRY,5,2028,lowq,0.25,0.5,./RUN_FULL_EXP,cat,0.980924482399845,0.03362308844631001,0.003838699298908185,3.066782674478306
