{
  "R2": 0.9808279818087591,
  "MAE": 0.011466767178718702,
  "RMSE": 0.0014336012920043622,
  "MAPE(%)": 2.9086897142136694
}