{
  "R2": 0.5146618546896085,
  "MAE": 0.24954407231013517,
  "RMSE": 0.1347148190117771,
  "MAPE(%)": 31.139094229512406
}