Feature,Importance
0.01,82.6726396192997
ASA_m2_cm3,2.513490796824926
AV_VF,2.3626853288201897
cm3_g,1.9107736937958795
PLD,1.8060146486326991
Has_OMS,1.7996945892507612
AV_cm3_g,1.5369057780078115
ASA_m2_g,1.5323545902957088
LCD,1.4484470246878618
LFPD,1.3140873744090997
NASA_m2_cm3,0.5349255271426783
NASA_m2_g,0.519714514873253
NAV_cm3_g,0.048266513959393416
