{
  "R2": 0.9861171201603317,
  "MAE": 0.016155906669261703,
  "RMSE": 0.0005879580654989041,
  "MAPE(%)": 3.0390607798225955
}