temp,lowp,outp,seed,mode,qt_frac,train_ratio,out_root,model,R2,MAE,RMSE,MAPE(%)
273K,0.01,1,2025,lowq,0.65,0.5,./RUN_FULL_EXP,cat,0.9861171201603317,0.016155906669261703,0.0005879580654989041,3.0390607798225955
