{
  "R2": 0.9793511841955681,
  "MAE": 0.03251240548114785,
  "RMSE": 0.0024163165526099187,
  "MAPE(%)": 2.9017627478225947
}