{
  "R2": 0.9408731796854706,
  "MAE": 0.024987801386664718,
  "RMSE": 0.009286919842722258,
  "MAPE(%)": 3.921754810629547
}