Feature,Importance
0.1,74.09779894169206
ASA_m2_g,5.009113158503488
ASA_m2_cm3,4.499884837139918
AV_VF,3.952755143293546
AV_cm3_g,3.025737052243354
LCD,1.9423528041766878
PLD,1.7849948425648021
cm3_g,1.6955743584088578
LFPD,1.6257886021710222
Has_OMS,1.3312911568342216
NASA_m2_g,0.5365641401697127
NASA_m2_cm3,0.4523728527507355
NAV_cm3_g,0.04577211005159447
