temp,lowp,outp,seed,mode,qt_frac,train_ratio,out_root,model,R2,MAE,RMSE,MAPE(%)
293K,0.1,5,2025,lowq,0.1,0.5,./RUN_FULL_EXP,cat,0.9729139880327669,0.06116017174906929,0.011479844501193428,4.390198980894711
