{
  "R2": 0.9729139880327669,
  "MAE": 0.06116017174906929,
  "RMSE": 0.011479844501193428,
  "MAPE(%)": 4.390198980894711
}