{
  "R2": 0.9694594957207253,
  "MAE": 0.0673434966188263,
  "RMSE": 0.015092451301755528,
  "MAPE(%)": 4.839265383417665
}