{
  "R2": 0.40246439466822215,
  "MAE": 0.12172448447620904,
  "RMSE": 0.04318119226141083,
  "MAPE(%)": 49.72916220750783
}