Feature,Importance
0.01,53.47515615439456
ASA_m2_g,15.942499039279149
AV_cm3_g,5.840105449307765
AV_VF,5.785030094395504
ASA_m2_cm3,5.446781240881596
cm3_g,3.5376050512833928
PLD,2.7881429601494654
LFPD,2.6426453587726155
LCD,2.2153652776476407
Has_OMS,1.0443194019424233
NASA_m2_cm3,0.7631590709751424
NASA_m2_g,0.44498771598954695
NAV_cm3_g,0.07420318498123626
