{
  "R2": 0.9628750491857885,
  "MAE": 0.17266509394390755,
  "RMSE": 0.07146762077708045,
  "MAPE(%)": 6.113672040724937
}