Feature,Importance
0.1,65.8394944783382
ASA_m2_cm3,8.416063126377123
ASA_m2_g,6.313251550830314
AV_VF,3.806868447378699
AV_cm3_g,3.2053784274395474
cm3_g,2.55889553677922
PLD,2.363020643985139
LCD,2.0828343225519874
Has_OMS,1.993673234523411
LFPD,1.9143372715492302
NASA_m2_cm3,0.7120886384614759
NASA_m2_g,0.693423182712908
NAV_cm3_g,0.10067113907274336
