{
  "R2": 0.9577789980077871,
  "MAE": 0.1009701718767253,
  "RMSE": 0.024569482911803574,
  "MAPE(%)": 5.080976331402686
}