{
  "R2": 0.9583405997416902,
  "MAE": 0.10102411751992525,
  "RMSE": 0.02484360563014378,
  "MAPE(%)": 5.134839026556981
}