temp,lowp,outp,seed,mode,qt_frac,train_ratio,out_root,model,R2,MAE,RMSE,MAPE(%)
273K,0.05,5,2026,lowq,0.4,0.5,./RUN_FULL_EXP,cat,0.9583405997416902,0.10102411751992525,0.02484360563014378,5.134839026556981
