Feature,Importance
0.5,52.84381881470625
ASA_m2_g,14.56645058912356
AV_cm3_g,6.6775259511066904
ASA_m2_cm3,6.585666791680866
AV_VF,6.077080345578466
cm3_g,3.549793615072362
LCD,2.620353840691256
PLD,2.54436022407109
LFPD,1.738908111823235
Has_OMS,1.3052139294843348
NASA_m2_g,0.7500759916522493
NASA_m2_cm3,0.6632132215430319
NAV_cm3_g,0.07753857346660398
