{
  "R2": 0.9544023186323117,
  "MAE": 0.2281270528296137,
  "RMSE": 0.11400363860175915,
  "MAPE(%)": 5.866593126001467
}