Feature,Importance
0.1,88.64134150072371
cm3_g,2.509229652911392
AV_cm3_g,1.357666454737512
ASA_m2_cm3,1.2907683130128034
Has_OMS,1.0525280509456727
ASA_m2_g,0.9603374759024712
LCD,0.953824946447014
AV_VF,0.9300646328307556
NASA_m2_cm3,0.673147413620015
LFPD,0.6441471394869598
PLD,0.5692309378018241
NASA_m2_g,0.2950022478782033
NAV_cm3_g,0.12271123370165343
