{
  "R2": 0.9801089590290221,
  "MAE": 0.01105540126393461,
  "RMSE": 0.0013264021139457996,
  "MAPE(%)": 2.728204464520151
}