{
  "R2": 0.9713550267073624,
  "MAE": 0.05497978543952268,
  "RMSE": 0.006431465700456623,
  "MAPE(%)": 3.7378144453388913
}