{
  "R2": 0.9543430659970639,
  "MAE": 0.23611389272798755,
  "RMSE": 0.12658842306683754,
  "MAPE(%)": 6.170545695226138
}