Feature,Importance
0.1,63.75612007516467
ASA_m2_g,9.411832269258905
AV_VF,5.476453200489973
ASA_m2_cm3,5.126265290688998
AV_cm3_g,4.329135556171475
cm3_g,3.498944155719079
LCD,2.3007815443215147
PLD,1.9127881049791815
LFPD,1.7117114055731042
Has_OMS,1.2743496370823046
NASA_m2_g,0.7246882231763109
NASA_m2_cm3,0.38629079775197006
NAV_cm3_g,0.09063973962254444
