{
  "R2": 0.9731565985486166,
  "MAE": 0.11051659852253001,
  "RMSE": 0.02539018154155515,
  "MAPE(%)": 4.5116395704658805
}