Feature,Importance
0.1,67.55057167165295
ASA_m2_cm3,7.126906162678893
ASA_m2_g,5.945851279302459
AV_cm3_g,3.477518315616829
AV_VF,3.4358579771722635
PLD,2.515564089132733
cm3_g,2.43330011810731
LCD,2.1664047244405618
LFPD,2.1431061027821996
Has_OMS,1.7643251549570085
NASA_m2_cm3,0.7336374965879675
NASA_m2_g,0.6058520749910015
NAV_cm3_g,0.10110483257781447
