{
  "R2": 0.9576550546671722,
  "MAE": 0.09679067908982984,
  "RMSE": 0.022371983728029073,
  "MAPE(%)": 4.854915753278145
}