temp,lowp,outp,seed,mode,qt_frac,train_ratio,out_root,model,R2,MAE,RMSE,MAPE(%)
273K,0.1,5,2026,lowq,0.55,0.5,./RUN_FULL_EXP,cat,0.9576550546671722,0.09679067908982984,0.022371983728029073,4.854915753278145
