{
  "R2": 0.9599164904288571,
  "MAE": 0.16355488224645104,
  "RMSE": 0.05331048721201122,
  "MAPE(%)": 5.233018251233792
}