Feature,Importance
0.1,71.70724502685097
ASA_m2_cm3,5.438159289657646
ASA_m2_g,4.990555545953161
AV_cm3_g,3.91181687809395
AV_VF,3.6916669490427867
LFPD,1.9586731622274658
Has_OMS,1.9483001534419764
PLD,1.828996401558915
cm3_g,1.64309215735262
LCD,1.3983557652950056
NASA_m2_cm3,0.7494819192452987
NASA_m2_g,0.622951313545473
NAV_cm3_g,0.11070543773473379
