temp,lowp,outp,seed,mode,qt_frac,train_ratio,out_root,model,R2,MAE,RMSE,MAPE(%)
293K,0.1,5,2027,lowq,0.25,0.5,./RUN_FULL_EXP,cat,0.9747730282731304,0.05810641245362678,0.009023107789496495,4.017852962737976
