{
  "R2": 0.9747730282731304,
  "MAE": 0.05810641245362678,
  "RMSE": 0.009023107789496495,
  "MAPE(%)": 4.017852962737976
}