Feature,Importance
0.01,47.284333958232736
ASA_m2_g,17.035796065748507
ASA_m2_cm3,7.805112947269421
AV_VF,6.676193651511072
AV_cm3_g,6.044802954949877
cm3_g,3.531875885809171
PLD,3.1652445373476605
LCD,2.666335812877676
LFPD,2.564605011774047
Has_OMS,1.4920823236065146
NASA_m2_cm3,0.9793775480717533
NASA_m2_g,0.6646311825783947
NAV_cm3_g,0.08960812022315913
