{
  "R2": 0.9491537655951087,
  "MAE": 0.23948470708867528,
  "RMSE": 0.12574972013786442,
  "MAPE(%)": 6.019747099912383
}