{
  "R2": 0.9622383435607041,
  "MAE": 0.10923298945240921,
  "RMSE": 0.03245562339737899,
  "MAPE(%)": 5.89923747222464
}