{
  "R2": 0.966817658569429,
  "MAE": 0.16020945087618663,
  "RMSE": 0.05628354747940248,
  "MAPE(%)": 5.358180025488888
}