temp,lowp,outp,seed,mode,qt_frac,train_ratio,out_root,model,R2,MAE,RMSE,MAPE(%)
293K,HENRY,15,2026,lowq,0.25,0.5,./RUN_FULL_EXP,cat,0.966817658569429,0.16020945087618663,0.05628354747940248,5.358180025488888
