Feature,Importance
0.05,86.06747726954143
AV_cm3_g,1.7535686334631242
Has_OMS,1.6769020520740623
LCD,1.6509860730465953
cm3_g,1.6464448482669527
PLD,1.503918168274215
AV_VF,1.4161313195217038
ASA_m2_cm3,1.2812150339545643
ASA_m2_g,0.9563273841891674
LFPD,0.9449533853710874
NASA_m2_g,0.6371539676213135
NASA_m2_cm3,0.39268592749499326
NAV_cm3_g,0.07223593718078011
