temp,lowp,outp,seed,mode,qt_frac,train_ratio,out_root,model,R2,MAE,RMSE,MAPE(%)
313K,0.05,1,2028,lowq,0.2,0.5,./RUN_FULL_EXP,cat,0.9931194491367961,0.0053552514828242165,0.00010760620943971777,2.185301951193087
