{
  "R2": 0.9931194491367961,
  "MAE": 0.0053552514828242165,
  "RMSE": 0.00010760620943971777,
  "MAPE(%)": 2.185301951193087
}