{
  "R2": 0.994517977145151,
  "MAE": 0.004026168960854135,
  "RMSE": 0.00010073069671886201,
  "MAPE(%)": 1.5798835727631486
}