{
  "R2": 0.961451302958618,
  "MAE": 0.17172886515038707,
  "RMSE": 0.06077290461361175,
  "MAPE(%)": 5.665259996996265
}