Feature,Importance
0.01,62.462846314526196
ASA_m2_g,7.851333896015197
AV_VF,7.0127001951372385
ASA_m2_cm3,5.621227781358558
AV_cm3_g,5.471124125849139
cm3_g,3.3887252922627527
PLD,2.36965924134104
LFPD,1.8606884846508014
LCD,1.3162215280437464
Has_OMS,1.3030033687169287
NASA_m2_cm3,0.7375306133158309
NASA_m2_g,0.5103718847626707
NAV_cm3_g,0.09456727401991565
