{
  "R2": 0.9667962759173929,
  "MAE": 0.11834148331610025,
  "RMSE": 0.025991020727243772,
  "MAPE(%)": 4.651607088288241
}