temp,lowp,outp,seed,mode,qt_frac,train_ratio,out_root,model,R2,MAE,RMSE,MAPE(%)
313K,0.01,15,2028,lowq,0.75,0.5,./RUN_FULL_EXP,cat,0.9667962759173929,0.11834148331610025,0.025991020727243772,4.651607088288241
