temp,lowp,outp,seed,mode,qt_frac,train_ratio,out_root,model,R2,MAE,RMSE,MAPE(%)
293K,0.1,1,2025,lowq,0.65,0.5,./RUN_FULL_EXP,cat,0.9923250933232641,0.007482308528481074,0.00013500743334472813,1.9877660937797308
