{
  "R2": 0.9923250933232641,
  "MAE": 0.007482308528481074,
  "RMSE": 0.00013500743334472813,
  "MAPE(%)": 1.9877660937797308
}