Feature,Importance
0.01,50.883804136440475
ASA_m2_g,16.400687265728873
ASA_m2_cm3,5.789313752524276
AV_cm3_g,5.675615673295427
AV_VF,5.456924165619379
cm3_g,4.520874448388555
PLD,2.7602855872345047
LCD,2.686490809765669
LFPD,2.529645432727793
Has_OMS,1.8361607631655104
NASA_m2_g,0.7059819155841929
NASA_m2_cm3,0.6398137399325617
NAV_cm3_g,0.11440230959281923
