temp,lowp,outp,seed,mode,qt_frac,train_ratio,out_root,model,R2,MAE,RMSE,MAPE(%)
273K,0.01,15,2025,lowq,0.4,0.5,./RUN_FULL_EXP,cat,0.9462408133224853,0.25611087109390834,0.14472718321184533,6.78938750218139
