{
  "R2": 0.9462408133224853,
  "MAE": 0.25611087109390834,
  "RMSE": 0.14472718321184533,
  "MAPE(%)": 6.78938750218139
}