{
  "R2": 0.9949677077153427,
  "MAE": 0.0042401536579636965,
  "RMSE": 3.7839578924824476e-05,
  "MAPE(%)": 1.5965941077737669
}