Feature,Importance
0.05,84.27025141905796
ASA_m2_cm3,2.56450709543177
AV_VF,2.0181974877768734
PLD,1.673918366021338
cm3_g,1.6328616374899483
ASA_m2_g,1.5106637874195943
Has_OMS,1.4022039509130202
AV_cm3_g,1.3058835820720265
LFPD,1.115001476921556
LCD,1.1128922584441612
NASA_m2_g,0.7003040984890009
NASA_m2_cm3,0.6150502505849426
NAV_cm3_g,0.07826458937780141
