temp,lowp,outp,seed,mode,qt_frac,train_ratio,out_root,model,R2,MAE,RMSE,MAPE(%)
273K,0.05,1,2027,lowq,0.5,0.5,./RUN_FULL_EXP,cat,0.9868770617901862,0.015488328632306989,0.0006928246960657226,2.814176159073388
