{
  "R2": 0.9868770617901862,
  "MAE": 0.015488328632306989,
  "RMSE": 0.0006928246960657226,
  "MAPE(%)": 2.814176159073388
}