Feature,Importance
HENRY,84.47240076387003
cm3_g,2.2796412986087935
AV_cm3_g,1.8483832835787588
AV_VF,1.7465350922063678
LFPD,1.6482018394804725
ASA_m2_g,1.5653488960667448
ASA_m2_cm3,1.4879284009237181
Has_OMS,1.450177114977505
PLD,1.371147539213354
LCD,0.9028160324166923
NASA_m2_cm3,0.7660861414741398
NASA_m2_g,0.308430713288433
NAV_cm3_g,0.15290288389501613
