temp,lowp,outp,seed,mode,qt_frac,train_ratio,out_root,model,R2,MAE,RMSE,MAPE(%)
313K,HENRY,1,2028,lowq,0.35,0.5,./RUN_FULL_EXP,cat,0.9947883218616657,0.004383291212091141,6.265218698680112e-05,1.7399680806461333
