{
  "R2": 0.9947883218616657,
  "MAE": 0.004383291212091141,
  "RMSE": 6.265218698680112e-05,
  "MAPE(%)": 1.7399680806461333
}