Feature,Importance
0.05,63.575252629156246
ASA_m2_g,10.513012698594707
ASA_m2_cm3,5.5902059176215815
AV_cm3_g,5.412163904556221
AV_VF,3.9574678779971038
cm3_g,3.016041667926155
PLD,1.9009171027980174
LCD,1.895335858830404
LFPD,1.7834753849546063
NASA_m2_g,0.8133890797415374
Has_OMS,0.8097567397571572
NASA_m2_cm3,0.6582950861271691
NAV_cm3_g,0.07468605193907907
