{
  "R2": 0.9731109138954118,
  "MAE": 0.11152393783845745,
  "RMSE": 0.02816987668290785,
  "MAPE(%)": 4.58427381769648
}