Feature,Importance
0.01,71.51722657649839
ASA_m2_g,6.235756258349297
ASA_m2_cm3,4.4794492931207035
AV_VF,4.381921662417224
AV_cm3_g,2.6290322373420714
cm3_g,2.331421724884893
LCD,2.0659418791502566
Has_OMS,1.7413890731669468
PLD,1.7216762575097089
LFPD,1.7195808749956791
NASA_m2_cm3,0.7920067206682783
NASA_m2_g,0.3420037328650854
NAV_cm3_g,0.04259370903148731
