{
  "R2": 0.9701120897122206,
  "MAE": 0.06093353592493382,
  "RMSE": 0.010272282291272668,
  "MAPE(%)": 4.212561062078758
}