{
  "R2": 0.995571021912724,
  "MAE": 0.010578928839521207,
  "RMSE": 0.0003099488501984397,
  "MAPE(%)": 1.9165333627305783
}