Feature,Importance
cm3_g,12.928630135675878
PLD,12.766361486861278
AV_VF,11.6166388037854
ASA_m2_cm3,11.343369183204876
LFPD,11.049058793285358
LCD,10.110607830868636
Has_OMS,9.854300721691976
ASA_m2_g,8.480296287370777
AV_cm3_g,7.50526721353576
NASA_m2_cm3,2.2059755310755187
NASA_m2_g,2.054741608394191
NAV_cm3_g,0.08475240425036161
