temp,lowp,outp,seed,mode,qt_frac,train_ratio,out_root,model,R2,MAE,RMSE,MAPE(%)
273K,0.05,1,2025,lowq,0.1,0.5,./RUN_FULL_EXP,cat,0.9691704283241325,0.01957472687432083,0.0035694985918732105,3.301993275410671
