{
  "R2": 0.9691704283241325,
  "MAE": 0.01957472687432083,
  "RMSE": 0.0035694985918732105,
  "MAPE(%)": 3.301993275410671
}