{
  "R2": 0.950951907783384,
  "MAE": 0.1723992625899816,
  "RMSE": 0.07599795883777288,
  "MAPE(%)": 5.603987093358027
}