{
  "R2": 0.9636274900452689,
  "MAE": 0.015437629761185552,
  "RMSE": 0.0022056843711841375,
  "MAPE(%)": 4.2932267996026185
}