temp,lowp,outp,seed,mode,qt_frac,train_ratio,out_root,model,R2,MAE,RMSE,MAPE(%)
293K,0.01,1,2029,struct_with_input,0.07,0.15,./RUN_FULL_EXP,cat,0.9636274900452689,0.015437629761185552,0.0022056843711841375,4.2932267996026185
