{
  "R2": 0.9664759907416755,
  "MAE": 0.07058099138699898,
  "RMSE": 0.012499569868458522,
  "MAPE(%)": 5.110928933757748
}