{
  "R2": 0.9771171201904364,
  "MAE": 0.04024115137895103,
  "RMSE": 0.003479821800550836,
  "MAPE(%)": 3.75934061053322
}