Feature,Importance
0.01,81.91171138766424
ASA_m2_g,2.6932697743857714
cm3_g,2.23672311128288
AV_VF,2.139530191481534
PLD,2.128292847408902
ASA_m2_cm3,1.6884138263382005
LCD,1.586821547821472
Has_OMS,1.4483755150237818
AV_cm3_g,1.4434258695377353
LFPD,1.2546209623629125
NASA_m2_cm3,0.8347786272064966
NASA_m2_g,0.562541881774744
NAV_cm3_g,0.07149445771131879
