Feature,Importance
0.01,80.62603357621462
Has_OMS,2.8440697572624707
ASA_m2_cm3,2.668266181619897
AV_VF,2.5380356171541516
ASA_m2_g,2.395720597805722
cm3_g,1.7698805572575675
PLD,1.6423340004954086
LFPD,1.5986275754164854
LCD,1.4139188823585567
AV_cm3_g,1.2743959389238446
NASA_m2_cm3,0.7291124446046772
NASA_m2_g,0.46629398543410255
NAV_cm3_g,0.03331088545249855
