{
  "R2": 0.984538697838518,
  "MAE": 0.017805307255616444,
  "RMSE": 0.0008794611205402475,
  "MAPE(%)": 3.2829749955733893
}