{
  "R2": 0.9841423955225218,
  "MAE": 0.017837301103067745,
  "RMSE": 0.0008933448626598012,
  "MAPE(%)": 3.294321895593392
}