temp,lowp,outp,seed,mode,qt_frac,train_ratio,out_root,model,R2,MAE,RMSE,MAPE(%)
273K,0.01,1,2028,struct_with_input,0.45,0.45,./RUN_FULL_EXP,cat,0.984538697838518,0.017805307255616444,0.0008794611205402475,3.2829749955733893
