temp,lowp,outp,seed,mode,qt_frac,train_ratio,out_root,model,R2,MAE,RMSE,MAPE(%)
293K,0.01,1,2028,struct_with_input,0.0,0.6,./RUN_FULL_EXP,cat,0.9732346540751364,0.013716129487396776,0.0020003820069833316,3.464963528873736
