{
  "R2": 0.9732346540751364,
  "MAE": 0.013716129487396776,
  "RMSE": 0.0020003820069833316,
  "MAPE(%)": 3.464963528873736
}