{
  "R2": 0.3107272936540403,
  "MAE": 0.20236765723032415,
  "RMSE": 0.10576724466085269,
  "MAPE(%)": 58.408056609022985
}