{
  "R2": 0.9801394483379181,
  "MAE": 0.03869027661301111,
  "RMSE": 0.00322299445609705,
  "MAPE(%)": 3.5815641791272204
}