Feature,Importance
0.1,85.75525997740814
AV_VF,2.0290790115934945
AV_cm3_g,1.6274672664909227
cm3_g,1.5597889616322753
ASA_m2_g,1.5100382515040967
ASA_m2_cm3,1.430324971132585
Has_OMS,1.3689287182384398
PLD,1.240468276514816
LFPD,1.183371969878494
LCD,1.0301303577550205
NASA_m2_cm3,0.658072135027269
NASA_m2_g,0.5600007717154143
NAV_cm3_g,0.047069331109036605
