{
  "R2": 0.9857809091475304,
  "MAE": 0.013648325582093728,
  "RMSE": 0.000518869152953143,
  "MAPE(%)": 2.4761840336398393
}