Feature,Importance
HENRY,83.29454195275147
cm3_g,2.5822566076733424
ASA_m2_g,2.1702898589966
LCD,2.1600618006550834
Has_OMS,1.8197860560981391
AV_cm3_g,1.5140690509699526
LFPD,1.3769941041878961
AV_VF,1.3516196124617763
ASA_m2_cm3,1.2681158609817862
PLD,1.160912882723059
NASA_m2_g,0.7022027283578871
NASA_m2_cm3,0.5553840865795565
NAV_cm3_g,0.043765397563453476
