{
  "R2": 0.9967248801660009,
  "MAE": 0.004316389171363856,
  "RMSE": 5.455141886235053e-05,
  "MAPE(%)": 1.7163337777190504
}