Feature,Importance
0.05,71.83968570396519
AV_VF,5.48702785206982
ASA_m2_cm3,5.085842836947691
ASA_m2_g,3.9173178986223904
AV_cm3_g,2.566861548198105
PLD,2.0873358194179783
cm3_g,1.9501468479622357
Has_OMS,1.8853284173215226
LCD,1.8240573238243694
LFPD,1.8004674314987685
NASA_m2_cm3,0.858878029498451
NASA_m2_g,0.5998751700027548
NAV_cm3_g,0.09717512067074827
