{
  "R2": 0.971092526318649,
  "MAE": 0.0594768864365819,
  "RMSE": 0.008666855718099095,
  "MAPE(%)": 4.075570375026348
}