{
  "R2": 0.9900398548204395,
  "MAE": 0.03902589906668885,
  "RMSE": 0.004139622711220783,
  "MAPE(%)": 3.1711696621992855
}