Feature,Importance
0.5,89.98551670717357
LCD,1.3101864945808466
AV_cm3_g,1.28374387127059
cm3_g,1.1327052825272026
PLD,1.0903663905990746
LFPD,1.0361206318543323
ASA_m2_g,0.9680170438847995
ASA_m2_cm3,0.8610470423819145
Has_OMS,0.7075599827111481
AV_VF,0.6390213521079853
NASA_m2_g,0.5070770675516539
NASA_m2_cm3,0.4414984784297121
NAV_cm3_g,0.03713965492719159
