{
  "R2": 0.9924918665495123,
  "MAE": 0.00451502776121163,
  "RMSE": 0.000206049073463494,
  "MAPE(%)": 1.7679137120073118
}