{
  "R2": 0.9741673897482902,
  "MAE": 0.1072168666964269,
  "RMSE": 0.02449346534288742,
  "MAPE(%)": 4.411873952812516
}