{
  "R2": 0.9923905731781497,
  "MAE": 0.007065733543942516,
  "RMSE": 0.00013588892929296755,
  "MAPE(%)": 1.8781714029586936
}