Feature,Importance
HENRY,84.00827852304083
cm3_g,2.6461929552473125
ASA_m2_g,1.965681113391505
LCD,1.884945169804123
AV_cm3_g,1.8343201077912274
Has_OMS,1.7026810997804085
LFPD,1.2571808425363753
PLD,1.2092037445318027
AV_VF,1.052994685876363
ASA_m2_cm3,0.8958050911213968
NASA_m2_g,0.7590299698523219
NASA_m2_cm3,0.6950774481530484
NAV_cm3_g,0.08860924887329069
