{
  "R2": 0.995899911892604,
  "MAE": 0.004151798548170046,
  "RMSE": 4.901447126824953e-05,
  "MAPE(%)": 1.6222033342414972
}