{
  "R2": 0.9515495373275829,
  "MAE": 0.2421700216722064,
  "RMSE": 0.12181751521912125,
  "MAPE(%)": 6.284989833577292
}