Feature,Importance
PLD,16.615142873558252
Has_OMS,13.050627010655365
LFPD,11.502768028977572
cm3_g,11.307149902776109
ASA_m2_cm3,10.314930352811986
AV_VF,9.628801782051513
LCD,8.959255857401786
ASA_m2_g,7.93512705030942
AV_cm3_g,6.88763712400442
NASA_m2_cm3,2.503129995502905
NASA_m2_g,1.209962499011052
NAV_cm3_g,0.08546752293961377
