{
  "R2": 0.3313021381902711,
  "MAE": 0.12894711972578152,
  "RMSE": 0.04937759063221853,
  "MAPE(%)": 48.079581350482854
}