{
  "R2": 0.9359920221769702,
  "MAE": 0.027326807231950984,
  "RMSE": 0.010792189422355528,
  "MAPE(%)": 4.280609025088182
}