{
  "R2": 0.9601253589056465,
  "MAE": 0.07809993480993928,
  "RMSE": 0.019846232610335395,
  "MAPE(%)": 5.944995424933264
}