Feature,Importance
0.01,85.57393176924897
cm3_g,1.8658746497487382
AV_cm3_g,1.758535432472699
LCD,1.6998237003894674
Has_OMS,1.5444683330235007
AV_VF,1.50240509958837
ASA_m2_g,1.3322434399043692
ASA_m2_cm3,1.2869884097122772
PLD,1.255448353327517
LFPD,0.8849360693370196
NASA_m2_cm3,0.6740927703225522
NASA_m2_g,0.5074135926627001
NAV_cm3_g,0.11383838026181069
