{
  "R2": 0.9862146745462368,
  "MAE": 0.011768862375498864,
  "RMSE": 0.000707458893577838,
  "MAPE(%)": 3.1768942875999406
}