{
  "R2": 0.949431699503596,
  "MAE": 0.03379321777957075,
  "RMSE": 0.006810315843334384,
  "MAPE(%)": 7.026898231985471
}