{
  "R2": 0.32513537003129234,
  "MAE": 0.1264356738316344,
  "RMSE": 0.049219097749206936,
  "MAPE(%)": 45.93567642618449
}