Feature,Importance
0.5,71.11743188782681
ASA_m2_g,7.030569545498181
ASA_m2_cm3,4.529480639818168
AV_VF,4.4222423493257725
AV_cm3_g,2.5505139197897155
cm3_g,2.5269370518044063
LCD,2.1579559170388376
PLD,1.6756244874720758
LFPD,1.61399811713156
Has_OMS,1.2761865915288133
NASA_m2_cm3,0.7079850025443111
NASA_m2_g,0.3105886920338437
NAV_cm3_g,0.08048579818753267
