{
  "R2": 0.9680170149267963,
  "MAE": 0.0911502962286293,
  "RMSE": 0.019449026369679025,
  "MAPE(%)": 4.697894002951529
}