Feature,Importance
0.1,72.23507440288584
ASA_m2_g,6.116242871357119
ASA_m2_cm3,5.205503856461435
AV_VF,3.502637823017442
cm3_g,2.388781642375146
AV_cm3_g,2.202508163622043
LCD,2.0301531752924444
PLD,1.9336240474384983
Has_OMS,1.7815873007598215
LFPD,1.669115042131326
NASA_m2_g,0.4583321360638891
NASA_m2_cm3,0.4208799617654183
NAV_cm3_g,0.05555957682959446
