{
  "R2": 0.9722356488468451,
  "MAE": 0.05815986409430854,
  "RMSE": 0.010354171565915565,
  "MAPE(%)": 4.0242988945878935
}