{
  "R2": 0.9707517326887198,
  "MAE": 0.0676785788534303,
  "RMSE": 0.01322765285717086,
  "MAPE(%)": 4.823103102714933
}