Feature,Importance
0.05,49.71454840839863
ASA_m2_g,13.572965980432189
ASA_m2_cm3,7.968851485397857
AV_cm3_g,6.539549148306313
AV_VF,6.3753827941612276
cm3_g,4.408620269526226
PLD,3.2946329014568887
LFPD,2.3536489716778277
LCD,2.1963829994393964
Has_OMS,1.854894521089566
NASA_m2_cm3,0.9239648391687351
NASA_m2_g,0.7368111432920463
NAV_cm3_g,0.05974653765308013
