temp,lowp,outp,seed,mode,qt_frac,train_ratio,out_root,model,R2,MAE,RMSE,MAPE(%)
273K,0.05,15,2028,lowq,0.75,0.5,./RUN_FULL_EXP,cat,0.9488939591914416,0.2370808683544375,0.12376415923886522,6.023485425753406
