{
  "R2": 0.9488939591914416,
  "MAE": 0.2370808683544375,
  "RMSE": 0.12376415923886522,
  "MAPE(%)": 6.023485425753406
}