Feature,Importance
0.01,82.0676856241825
ASA_m2_cm3,2.116134572445204
AV_VF,2.1091703192661866
PLD,2.0364950043048378
ASA_m2_g,2.0066348263498526
Has_OMS,1.9127730105002312
cm3_g,1.7650802948213289
LFPD,1.7223432167660437
AV_cm3_g,1.6740011167385374
LCD,1.4800254772676604
NASA_m2_cm3,0.7884274580593619
NASA_m2_g,0.2535118780979929
NAV_cm3_g,0.06771720120023152
