{
  "R2": 0.9852787758963881,
  "MAE": 0.0179585533222458,
  "RMSE": 0.0010098281037971867,
  "MAPE(%)": 3.3110325233114213
}