temp,lowp,outp,seed,mode,qt_frac,train_ratio,out_root,model,R2,MAE,RMSE,MAPE(%)
273K,0.01,1,2028,lowq,0.3,0.5,./RUN_FULL_EXP,cat,0.9852787758963881,0.0179585533222458,0.0010098281037971867,3.3110325233114213
