Feature,Importance
0.1,54.47992054930798
ASA_m2_g,14.157084457171216
AV_VF,6.243522361765214
ASA_m2_cm3,5.961403580459356
AV_cm3_g,5.756211740210543
cm3_g,3.2720910504485032
PLD,2.385939204046245
LFPD,2.366640200545002
LCD,2.2372585985812794
Has_OMS,1.4263324765063574
NASA_m2_cm3,0.8934574274848937
NASA_m2_g,0.7136707240445977
NAV_cm3_g,0.10646762942885557
