{
  "R2": 0.9600001412283496,
  "MAE": 0.16152309780392318,
  "RMSE": 0.0676046454723308,
  "MAPE(%)": 5.320499764258121
}