{
  "R2": 0.9665507247605972,
  "MAE": 0.06093670197420775,
  "RMSE": 0.008191062832300453,
  "MAPE(%)": 4.101957967162434
}