temp,lowp,outp,seed,mode,qt_frac,train_ratio,out_root,model,R2,MAE,RMSE,MAPE(%)
293K,0.01,5,2028,struct_with_input,0.65,0.65,./RUN_FULL_EXP,cat,0.9665507247605972,0.06093670197420775,0.008191062832300453,4.101957967162434
