{
  "R2": 0.9926914831505577,
  "MAE": 0.029508587941670633,
  "RMSE": 0.002054584100972911,
  "MAPE(%)": 2.2657465000299633
}