Feature,Importance
0.01,83.98169757809926
Has_OMS,2.0658187064328635
AV_cm3_g,2.0471139513707883
cm3_g,1.8982426968656607
LFPD,1.739343458306185
PLD,1.6881799083323792
ASA_m2_cm3,1.4448028574144034
LCD,1.4171267335955802
AV_VF,1.3289052583291023
ASA_m2_g,1.2794165541401281
NASA_m2_g,0.5157756236247764
NASA_m2_cm3,0.5155719628009419
NAV_cm3_g,0.07800471068792193
