{
  "R2": 0.9902339690765611,
  "MAE": 0.010358590622397568,
  "RMSE": 0.00024390015720682318,
  "MAPE(%)": 2.916121501065947
}