Feature,Importance
0.01,77.11568103279511
AV_VF,5.152156319125388
ASA_m2_g,3.1918687392786866
ASA_m2_cm3,2.8336741275052435
AV_cm3_g,2.824744731225896
cm3_g,1.761991873483094
LFPD,1.5316765671315336
Has_OMS,1.4887659346559383
PLD,1.444215113094036
LCD,1.4053766858533354
NASA_m2_cm3,0.6087397180984563
NASA_m2_g,0.5850434103919284
NAV_cm3_g,0.05606574736134232
