temp,lowp,outp,seed,mode,qt_frac,train_ratio,out_root,model,R2,MAE,RMSE,MAPE(%)
313K,0.01,5,2028,lowq,0.8,0.5,./RUN_FULL_EXP,cat,0.9726520526759556,0.038919766358819476,0.002979134246377203,3.497294827841641
