{
  "R2": 0.9726520526759556,
  "MAE": 0.038919766358819476,
  "RMSE": 0.002979134246377203,
  "MAPE(%)": 3.497294827841641
}