Feature,Importance
0.5,63.815178656191634
ASA_m2_g,11.477327028526858
ASA_m2_cm3,5.069039591824582
AV_cm3_g,4.8951596790246175
AV_VF,4.032398627173038
cm3_g,3.286318454996757
LFPD,1.7582771188693476
LCD,1.752567645836839
PLD,1.555297005234293
Has_OMS,1.163901207582325
NASA_m2_cm3,0.7501670322919503
NASA_m2_g,0.3441098211957896
NAV_cm3_g,0.10025813125195578
