{
  "R2": 0.9762451570842353,
  "MAE": 0.10501562456272921,
  "RMSE": 0.023845523218695455,
  "MAPE(%)": 4.394481400649179
}