temp,lowp,outp,seed,mode,qt_frac,train_ratio,out_root,model,R2,MAE,RMSE,MAPE(%)
293K,0.05,15,2025,lowq,0.3,0.5,./RUN_FULL_EXP,cat,0.960243149541786,0.1626520457566005,0.06591129690288622,5.3818828622970125
