{
  "R2": 0.960243149541786,
  "MAE": 0.1626520457566005,
  "RMSE": 0.06591129690288622,
  "MAPE(%)": 5.3818828622970125
}