Feature,Importance
cm3_g,14.27176049623113
PLD,13.757381398126219
AV_VF,13.22468643583014
ASA_m2_g,12.070977412255406
ASA_m2_cm3,10.775063414811425
Has_OMS,9.73273662101603
LCD,8.219905197680148
LFPD,7.676225444961835
AV_cm3_g,6.332903601184916
NASA_m2_g,1.9050458229852638
NASA_m2_cm3,1.6833713375289725
NAV_cm3_g,0.3499428173885271
