{
  "R2": 0.4089760191741617,
  "MAE": 0.3782229088115548,
  "RMSE": 0.2945184920213691,
  "MAPE(%)": 35.83448837628892
}