temp,lowp,outp,seed,mode,qt_frac,train_ratio,out_root,model,R2,MAE,RMSE,MAPE(%)
293K,0.01,15,2028,lowq,0.1,0.5,./RUN_FULL_EXP,cat,0.9578767606728248,0.17276587068095614,0.07729179706032091,5.790724058963094
