{
  "R2": 0.9578767606728248,
  "MAE": 0.17276587068095614,
  "RMSE": 0.07729179706032091,
  "MAPE(%)": 5.790724058963094
}