{
  "R2": 0.9514850460125075,
  "MAE": 0.1897488400996013,
  "RMSE": 0.08433131736810641,
  "MAPE(%)": 6.325082506358958
}