Feature,Importance
0.1,78.92816559760581
ASA_m2_cm3,3.824862845989168
ASA_m2_g,3.456085280973854
AV_cm3_g,2.8971846115376776
AV_VF,2.4167818533958307
cm3_g,1.996301935096793
LCD,1.7227239630385807
Has_OMS,1.3521446053305146
PLD,1.2028719117695958
LFPD,1.035566358479388
NASA_m2_g,0.6176351136977385
NASA_m2_cm3,0.45168614139332686
NAV_cm3_g,0.09798978169171463
