{
  "R2": 0.979303257616863,
  "MAE": 0.03521522335910215,
  "RMSE": 0.004202240772246777,
  "MAPE(%)": 3.2185571997547235
}