temp,lowp,outp,seed,mode,qt_frac,train_ratio,out_root,model,R2,MAE,RMSE,MAPE(%)
313K,0.1,5,2026,lowq,0.2,0.5,./RUN_FULL_EXP,cat,0.979303257616863,0.03521522335910215,0.004202240772246777,3.2185571997547235
