Feature,Importance
0.01,83.06851686536544
cm3_g,2.896027891323548
Has_OMS,2.6192049743357697
AV_cm3_g,1.90686161002889
ASA_m2_cm3,1.7147511659861285
AV_VF,1.6135794846516882
LFPD,1.3181774260769545
PLD,1.1339176128724304
ASA_m2_g,1.0641046552600244
LCD,1.063109251542253
NASA_m2_cm3,0.8274523845177382
NASA_m2_g,0.6747807576194572
NAV_cm3_g,0.09951592041967426
