{
  "R2": 0.9726540127600494,
  "MAE": 0.014107596628818523,
  "RMSE": 0.0014911056526820971,
  "MAPE(%)": 3.8779120137097784
}