temp,lowp,outp,seed,mode,qt_frac,train_ratio,out_root,model,R2,MAE,RMSE,MAPE(%)
293K,0.01,1,2028,struct_with_input,0.1,0.2,./RUN_FULL_EXP,cat,0.9726540127600494,0.014107596628818523,0.0014911056526820971,3.8779120137097784
