Feature,Importance
0.01,74.50105593890314
cm3_g,5.376354760712213
Has_OMS,5.207101670341249
LCD,2.6323072051120584
AV_cm3_g,2.59639178377426
AV_VF,2.123516401696741
LFPD,1.9087376262843836
ASA_m2_cm3,1.6509759141535827
ASA_m2_g,1.5376631604673139
PLD,1.0253569418518673
NASA_m2_g,0.757443899279239
NASA_m2_cm3,0.6421063273586325
NAV_cm3_g,0.04098837006533627
