{
  "R2": 0.9354042566967714,
  "MAE": 0.023142569650411254,
  "RMSE": 0.004495276264874673,
  "MAPE(%)": 7.136405451236405
}