temp,lowp,outp,seed,mode,qt_frac,train_ratio,out_root,model,R2,MAE,RMSE,MAPE(%)
313K,0.5,1,2027,lowq,0.55,0.5,./RUN_FULL_EXP,cat,0.9973808993351839,0.00351764233318578,2.398731624541818e-05,1.371786744275414
