{
  "R2": 0.9973808993351839,
  "MAE": 0.00351764233318578,
  "RMSE": 2.398731624541818e-05,
  "MAPE(%)": 1.371786744275414
}