{
  "R2": 0.963785125749136,
  "MAE": 0.09833753018152326,
  "RMSE": 0.023136817424867173,
  "MAPE(%)": 4.962577352506343
}