Feature,Importance
0.1,59.00768406200611
ASA_m2_g,12.205287784434299
ASA_m2_cm3,6.112397085378088
AV_cm3_g,5.3527050949588615
AV_VF,4.963989442978526
cm3_g,3.45508840561231
LCD,2.327879388938225
LFPD,2.122479496405171
PLD,1.9736041904567236
Has_OMS,1.1901850265324558
NASA_m2_cm3,0.8474308004915735
NASA_m2_g,0.37428801744904877
NAV_cm3_g,0.06698120435861481
