{
  "R2": 0.9907250679893593,
  "MAE": 0.01019534489131992,
  "RMSE": 0.0002584164038049697,
  "MAPE(%)": 2.8618988668497085
}