{
  "R2": 0.9496438699774331,
  "MAE": 0.19854812963577412,
  "RMSE": 0.0932037436584932,
  "MAPE(%)": 7.1035373991169175
}