{
  "R2": 0.9427652812479742,
  "MAE": 0.2423128734404268,
  "RMSE": 0.1366397676168986,
  "MAPE(%)": 5.9472706875079675
}