{
  "R2": 0.9599382662143974,
  "MAE": 0.1668903515586275,
  "RMSE": 0.0559693949253444,
  "MAPE(%)": 5.378823470598762
}