Feature,Importance
0.01,86.87725500558982
AV_cm3_g,1.736565137557965
cm3_g,1.6216066263883164
LFPD,1.5771335982212809
ASA_m2_g,1.5445492928246896
PLD,1.5360618068415592
AV_VF,1.4204393519174268
Has_OMS,0.9917708321118537
LCD,0.9002334585776224
ASA_m2_cm3,0.8978816750798363
NASA_m2_cm3,0.5478158947658978
NASA_m2_g,0.31294979798357825
NAV_cm3_g,0.03573752214014686
