{
  "R2": 0.9779254536440466,
  "MAE": 0.012335487603114929,
  "RMSE": 0.0015636948763749672,
  "MAPE(%)": 3.2745921104013935
}