{
  "R2": 0.9837984725695158,
  "MAE": 0.01844318480281892,
  "RMSE": 0.0011798965692204355,
  "MAPE(%)": 3.2971098022988152
}