temp,lowp,outp,seed,mode,qt_frac,train_ratio,out_root,model,R2,MAE,RMSE,MAPE(%)
273K,0.01,1,2025,struct_with_input,0.3,0.6,./RUN_FULL_EXP,cat,0.9837984725695158,0.01844318480281892,0.0011798965692204355,3.2971098022988152
