temp,lowp,outp,seed,mode,qt_frac,train_ratio,out_root,model,R2,MAE,RMSE,MAPE(%)
273K,0.01,1,2025,struct_with_input,0.3,0.6,./RUN_FULL_EXP,cat,0.9868872254765378,0.017630162851853946,0.0008992230316581081,3.2286484079576905
