{
  "R2": 0.9868872254765378,
  "MAE": 0.017630162851853946,
  "RMSE": 0.0008992230316581081,
  "MAPE(%)": 3.2286484079576905
}