{
  "R2": 0.95736593870849,
  "MAE": 0.015929598038459027,
  "RMSE": 0.0031092574632057197,
  "MAPE(%)": 3.825549813756974
}