{
  "R2": 0.9773997736749159,
  "MAE": 0.05183925501189147,
  "RMSE": 0.010398955820896406,
  "MAPE(%)": 3.316194585905226
}