Feature,Importance
0.01,55.37797833712993
ASA_m2_g,7.983291459176478
ASA_m2_cm3,7.2389743346131326
cm3_g,6.296111534685985
AV_VF,5.977422881848542
PLD,3.629940448157465
AV_cm3_g,3.5329868085129887
Has_OMS,3.2344608108635917
LCD,3.152444611546433
LFPD,2.34899515353029
NASA_m2_g,0.6370339591803715
NASA_m2_cm3,0.5432038132313555
NAV_cm3_g,0.04715584752343912
