{
  "R2": 0.940806955408564,
  "MAE": 0.2139308336159298,
  "RMSE": 0.1085605312386039,
  "MAPE(%)": 7.401742003672364
}