temp,lowp,outp,seed,mode,qt_frac,train_ratio,out_root,model,R2,MAE,RMSE,MAPE(%)
313K,HENRY,5,2025,lowq,0.05,0.5,./RUN_FULL_EXP,cat,0.9825606652787947,0.03617400116091674,0.004536127842982739,3.375578864283814
