{
  "R2": 0.9825606652787947,
  "MAE": 0.03617400116091674,
  "RMSE": 0.004536127842982739,
  "MAPE(%)": 3.375578864283814
}