{
  "R2": 0.959108590453667,
  "MAE": 0.22987179702985908,
  "RMSE": 0.12421088969536805,
  "MAPE(%)": 6.43962369973941
}