temp,lowp,outp,seed,mode,qt_frac,train_ratio,out_root,model,R2,MAE,RMSE,MAPE(%)
273K,0.1,15,2026,lowq,0.05,0.5,./RUN_FULL_EXP,cat,0.959108590453667,0.22987179702985908,0.12421088969536805,6.43962369973941
