{
  "R2": 0.9729962516156111,
  "MAE": 0.10888185220182758,
  "RMSE": 0.025789988650031015,
  "MAPE(%)": 4.55440918474019
}