Feature,Importance
0.05,67.24504142413039
ASA_m2_g,6.146955975227968
ASA_m2_cm3,5.889570703243577
AV_VF,5.181891349908691
AV_cm3_g,3.194762541151177
cm3_g,2.4408315762894817
PLD,2.332516867747364
LCD,2.31287826621202
Has_OMS,2.2233294279925677
LFPD,1.701582851324388
NASA_m2_g,0.7275331308403463
NASA_m2_cm3,0.5121040919633271
NAV_cm3_g,0.09100179396870253
