temp,lowp,outp,seed,mode,qt_frac,train_ratio,out_root,model,R2,MAE,RMSE,MAPE(%)
273K,0.05,5,2026,lowq,0.15,0.5,./RUN_FULL_EXP,cat,0.9574763440966639,0.105930519211461,0.03057650921822766,5.487674364570592
