{
  "R2": 0.9574763440966639,
  "MAE": 0.105930519211461,
  "RMSE": 0.03057650921822766,
  "MAPE(%)": 5.487674364570592
}