{
  "R2": 0.9807166889126889,
  "MAE": 0.05489762647112821,
  "RMSE": 0.009659841854427783,
  "MAPE(%)": 4.080086830374477
}