{
  "R2": 0.9617281334407203,
  "MAE": 0.021583090501768303,
  "RMSE": 0.006248559662288786,
  "MAPE(%)": 3.5327468181668378
}