Feature,Importance
0.05,61.5367215937919
ASA_m2_g,13.814396729416535
ASA_m2_cm3,5.048216790018291
AV_VF,4.48800136207741
AV_cm3_g,3.9826402431555934
cm3_g,3.0999696587184364
LCD,2.1190619305827854
PLD,2.0054723788394933
LFPD,1.6309533757218608
Has_OMS,1.1829799559531766
NASA_m2_g,0.5010685252556557
NASA_m2_cm3,0.49431699967800274
NAV_cm3_g,0.09620045679086438
