{
  "R2": 0.9615772011559053,
  "MAE": 0.11324159131744284,
  "RMSE": 0.039403783776854745,
  "MAPE(%)": 4.58474694284081
}