Feature,Importance
0.5,92.33822689308606
AV_cm3_g,1.3718788674740277
cm3_g,1.3295707536873713
AV_VF,0.7779866393170691
Has_OMS,0.7013579969936659
LCD,0.6980138280305861
ASA_m2_cm3,0.6595484462102013
PLD,0.46407721801422774
NASA_m2_g,0.3988275708449694
LFPD,0.3958589816955903
NASA_m2_cm3,0.3725484262073618
ASA_m2_g,0.36094487304060585
NAV_cm3_g,0.13115950539825524
