{
  "R2": 0.9966043049051238,
  "MAE": 0.0059562628511629235,
  "RMSE": 9.432788345708623e-05,
  "MAPE(%)": 1.6605004086214386
}