Feature,Importance
0.05,88.97552207877123
cm3_g,2.0193002886612867
ASA_m2_cm3,1.3426393098008804
ASA_m2_g,1.2232522274575175
LCD,1.1415833529356456
PLD,1.0869958225179641
AV_cm3_g,0.9165634912065549
AV_VF,0.8969931740405398
Has_OMS,0.8331422125174238
LFPD,0.7885546905453441
NASA_m2_g,0.5052219082851162
NASA_m2_cm3,0.19391861136055263
NAV_cm3_g,0.0763128318999397
