{
  "R2": 0.9847307180861662,
  "MAE": 0.00625566041416748,
  "RMSE": 0.0004175048510287153,
  "MAPE(%)": 2.3246241295565624
}