temp,lowp,outp,seed,mode,qt_frac,train_ratio,out_root,model,R2,MAE,RMSE,MAPE(%)
273K,HENRY,1,2025,lowq,0.3,0.5,./RUN_FULL_EXP,cat,0.9868742267925157,0.01625751713289284,0.0009755957820918608,2.8809872277008868
