{
  "R2": 0.9868742267925157,
  "MAE": 0.01625751713289284,
  "RMSE": 0.0009755957820918608,
  "MAPE(%)": 2.8809872277008868
}