{
  "R2": 0.9826768396642327,
  "MAE": 0.019828469758822742,
  "RMSE": 0.0012040991935414462,
  "MAPE(%)": 3.7144170988129215
}