temp,lowp,outp,seed,mode,qt_frac,train_ratio,out_root,model,R2,MAE,RMSE,MAPE(%)
273K,0.01,1,2026,struct_with_input,0.3,0.3,./RUN_FULL_EXP,cat,0.9840302230125013,0.01969686741365096,0.0011222364836689087,3.6681932534376496
