{
  "R2": 0.9840302230125013,
  "MAE": 0.01969686741365096,
  "RMSE": 0.0011222364836689087,
  "MAPE(%)": 3.6681932534376496
}