Feature,Importance
0.01,85.1993273797143
AV_cm3_g,2.1508077999785296
AV_VF,1.7005467713104312
Has_OMS,1.664013021593129
cm3_g,1.5131068343849365
LCD,1.4844821958451562
LFPD,1.4331323481866292
PLD,1.311010066232093
ASA_m2_cm3,1.2685827293502348
ASA_m2_g,0.8233130480652096
NASA_m2_cm3,0.791908775051488
NASA_m2_g,0.5848363373160503
NAV_cm3_g,0.07493269297179986
