temp,lowp,outp,seed,mode,qt_frac,train_ratio,out_root,model,R2,MAE,RMSE,MAPE(%)
293K,0.01,1,2028,struct_with_input,0.65,0.65,./RUN_FULL_EXP,cat,0.9903123867117084,0.009496059860234472,0.00017311274210204172,2.6018308480690746
