{
  "R2": 0.9903123867117084,
  "MAE": 0.009496059860234472,
  "RMSE": 0.00017311274210204172,
  "MAPE(%)": 2.6018308480690746
}