{
  "R2": 0.3971769708254328,
  "MAE": 0.1194851426702955,
  "RMSE": 0.04127367532565885,
  "MAPE(%)": 49.72312836700593
}