Feature,Importance
0.1,72.32127467963763
ASA_m2_g,6.684359978486023
ASA_m2_cm3,5.035819230903024
AV_VF,3.37122284500402
AV_cm3_g,2.414755737469795
LCD,2.235042907008713
cm3_g,1.951704348647283
LFPD,1.6323584725586076
PLD,1.498279705207222
Has_OMS,1.4917812742646124
NASA_m2_g,0.7745832646431031
NASA_m2_cm3,0.5201667783300232
NAV_cm3_g,0.06865077783997962
