{
  "R2": 0.9705281560872525,
  "MAE": 0.05958868699257835,
  "RMSE": 0.012347018654912152,
  "MAPE(%)": 4.15201515624232
}