{
  "R2": 0.8932706726165534,
  "MAE": 0.11216107508007214,
  "RMSE": 0.03137062025573716,
  "MAPE(%)": 10.021393687561496
}