{
  "R2": 0.9896127508935396,
  "MAE": 0.009660994672803321,
  "RMSE": 0.00018604446739254086,
  "MAPE(%)": 2.6634789517041177
}