Feature,Importance
0.01,54.262636459705064
ASA_m2_g,14.47797043141852
AV_cm3_g,6.146740350708901
AV_VF,6.071098176958119
ASA_m2_cm3,5.278051490700903
cm3_g,3.5647543055200543
PLD,2.8442976877201698
LCD,2.34705989650297
LFPD,2.2208256277054317
Has_OMS,1.2104147847312998
NASA_m2_cm3,0.81731540124953
NASA_m2_g,0.6932786711517177
NAV_cm3_g,0.06555671592730782
