{
  "R2": 0.9707271955115898,
  "MAE": 0.1609799584841475,
  "RMSE": 0.05557657971824811,
  "MAPE(%)": 5.865277758194626
}