Feature,Importance
0.5,89.98020321908453
AV_cm3_g,2.1015656257169772
cm3_g,1.687009706650048
AV_VF,1.042528375549428
Has_OMS,0.9870629724978783
LCD,0.7893136328693228
LFPD,0.7133911393161366
ASA_m2_cm3,0.6829553518766556
PLD,0.6321644850017479
NASA_m2_cm3,0.6008893139457568
ASA_m2_g,0.480941600264072
NASA_m2_g,0.23403462364090294
NAV_cm3_g,0.06793995358656826
