{
  "R2": 0.9960885648048416,
  "MAE": 0.006272181733415315,
  "RMSE": 0.00011591605343695219,
  "MAPE(%)": 1.712610646669623
}