{
  "R2": 0.9907009879045716,
  "MAE": 0.013989125034491226,
  "RMSE": 0.0005092807542890488,
  "MAPE(%)": 2.627160153708776
}