Feature,Importance
0.1,84.15575691320576
cm3_g,2.236086239903268
AV_cm3_g,2.223265888811585
ASA_m2_g,1.7572529667845194
AV_VF,1.660825722358497
ASA_m2_cm3,1.5188112645914398
Has_OMS,1.3124600326225173
LCD,1.3060863969105072
LFPD,1.2999477526235885
PLD,1.0669941254921482
NASA_m2_cm3,0.7540027678432597
NASA_m2_g,0.5824588575927158
NAV_cm3_g,0.12605107126017062
