temp,lowp,outp,seed,mode,qt_frac,train_ratio,out_root,model,R2,MAE,RMSE,MAPE(%)
273K,0.1,1,2029,lowq,0.35,0.5,./RUN_FULL_EXP,cat,0.9893375697450557,0.01490082046356007,0.0006853603433992336,2.7297244454438507
