{
  "R2": 0.9893375697450557,
  "MAE": 0.01490082046356007,
  "RMSE": 0.0006853603433992336,
  "MAPE(%)": 2.7297244454438507
}