{
  "R2": 0.949155240474958,
  "MAE": 0.24536967607469395,
  "RMSE": 0.13526201283020983,
  "MAPE(%)": 6.335031945539106
}