Feature,Importance
0.01,58.30535819121286
ASA_m2_g,9.767426842869623
ASA_m2_cm3,6.965625564728679
AV_VF,6.300737075755892
AV_cm3_g,5.8673054742346595
cm3_g,3.2850651315971127
PLD,2.298810767014125
LCD,2.095474490660823
LFPD,1.9556933565995014
Has_OMS,1.6076246054475511
NASA_m2_g,0.7586739031302147
NASA_m2_cm3,0.6960257887460198
NAV_cm3_g,0.09617880800290875
