temp,lowp,outp,seed,mode,qt_frac,train_ratio,out_root,model,R2,MAE,RMSE,MAPE(%)
293K,0.01,15,2028,lowq,0.5,0.5,./RUN_FULL_EXP,cat,0.9579263660041959,0.17772464143900302,0.06380557808819554,5.817505126572882
