{
  "R2": 0.9579263660041959,
  "MAE": 0.17772464143900302,
  "RMSE": 0.06380557808819554,
  "MAPE(%)": 5.817505126572882
}