Feature,Importance
HENRY,62.90073343354868
ASA_m2_g,11.197435861407552
ASA_m2_cm3,6.306999105324678
AV_VF,4.193609563020022
AV_cm3_g,4.166292027736995
cm3_g,2.9898998025736745
LCD,2.2836446110830666
PLD,2.1022654822138986
LFPD,1.4416547046642016
Has_OMS,0.9535102658389665
NASA_m2_cm3,0.7031389877580733
NASA_m2_g,0.683468671950407
NAV_cm3_g,0.07734748287977203
