{
  "R2": 0.9640747802990067,
  "MAE": 0.11244331043670504,
  "RMSE": 0.03576014022049148,
  "MAPE(%)": 4.522947541591623
}