Feature,Importance
0.5,57.13864992616284
ASA_m2_g,15.040374950386889
ASA_m2_cm3,5.498436007153664
AV_VF,5.0498440427736195
AV_cm3_g,4.5142205088492435
cm3_g,3.539537583184697
LCD,2.417862224103047
PLD,2.1955978701107233
LFPD,1.8082560462522979
Has_OMS,1.4846070306761723
NASA_m2_cm3,0.7267786578452504
NASA_m2_g,0.5124554501097066
NAV_cm3_g,0.07337970239186344
