{
  "R2": 0.9636586548834801,
  "MAE": 0.1560157439121748,
  "RMSE": 0.04967113736483061,
  "MAPE(%)": 4.954415330972734
}