{
  "R2": 0.9932917448136215,
  "MAE": 0.028478308410778693,
  "RMSE": 0.0018945602174085352,
  "MAPE(%)": 2.247516942036451
}