{
  "R2": 0.9845915423833848,
  "MAE": 0.0332075924882491,
  "RMSE": 0.002525853705039689,
  "MAPE(%)": 3.087453371568845
}