temp,lowp,outp,seed,mode,qt_frac,train_ratio,out_root,model,R2,MAE,RMSE,MAPE(%)
273K,0.1,15,2029,lowq,0.7,0.5,./RUN_FULL_EXP,cat,0.9551881602406633,0.2361493818996229,0.109914064793859,6.132931767784218
