{
  "R2": 0.9551881602406633,
  "MAE": 0.2361493818996229,
  "RMSE": 0.109914064793859,
  "MAPE(%)": 6.132931767784218
}