{
  "R2": 0.9927005425049032,
  "MAE": 0.008233931826198679,
  "RMSE": 0.0001806714299328866,
  "MAPE(%)": 2.258634167297489
}