Feature,Importance
0.05,58.9090254781894
ASA_m2_g,13.53831915714474
AV_VF,6.179508323162221
AV_cm3_g,5.5674540681367946
ASA_m2_cm3,4.469522056438682
cm3_g,3.4800758877363167
PLD,2.070378040544984
LCD,1.9707263614433794
LFPD,1.8896309649317802
Has_OMS,0.8458946684437135
NASA_m2_cm3,0.7150359461268859
NASA_m2_g,0.27409405082095323
NAV_cm3_g,0.09033499688013163
