temp,lowp,outp,seed,mode,qt_frac,train_ratio,out_root,model,R2,MAE,RMSE,MAPE(%)
293K,HENRY,5,2028,lowq,0.45,0.5,./RUN_FULL_EXP,cat,0.9701741243900447,0.058400573174826005,0.009075958084902769,4.015611833671128
