{
  "R2": 0.9701741243900447,
  "MAE": 0.058400573174826005,
  "RMSE": 0.009075958084902769,
  "MAPE(%)": 4.015611833671128
}