Feature,Importance
HENRY,58.10174233359627
ASA_m2_g,11.819909835893144
ASA_m2_cm3,7.58936435106223
AV_cm3_g,5.791889142864478
AV_VF,4.0797223389867385
cm3_g,3.4129900303611316
PLD,2.3116498675140735
LCD,2.1256718304333115
LFPD,1.8736325850282263
Has_OMS,1.2237438453003817
NASA_m2_g,0.8941119646868289
NASA_m2_cm3,0.7013328679778226
NAV_cm3_g,0.07423900629534937
