{
  "R2": 0.9556294249574051,
  "MAE": 0.1661075467351982,
  "RMSE": 0.057916615821304515,
  "MAPE(%)": 5.123621890955328
}