Feature,Importance
0.1,77.91838791857366
AV_VF,3.545941026086174
ASA_m2_g,3.5186215848748312
ASA_m2_cm3,2.9629411500155576
AV_cm3_g,2.798401833793131
LFPD,1.7701839755668367
Has_OMS,1.700652715102761
cm3_g,1.6771673562918947
PLD,1.407193639174624
LCD,1.2373019806273038
NASA_m2_cm3,0.7856824501293073
NASA_m2_g,0.6131101191784532
NAV_cm3_g,0.06441425058548306
