{
  "R2": 0.9820634338673615,
  "MAE": 0.03381503771637588,
  "RMSE": 0.0025683592421918027,
  "MAPE(%)": 3.0622649066259395
}