{
  "R2": 0.9518926421863807,
  "MAE": 0.24592605693158345,
  "RMSE": 0.12277188860152408,
  "MAPE(%)": 6.321229813977483
}