{
  "R2": 0.9727730892148734,
  "MAE": 0.11359017969484723,
  "RMSE": 0.03192005818171624,
  "MAPE(%)": 4.865249645464289
}