Feature,Importance
0.5,55.14681429778837
ASA_m2_g,13.759174175507642
AV_cm3_g,6.1832014639511765
ASA_m2_cm3,6.136103864850252
AV_VF,5.531931016017396
cm3_g,4.231665399272599
PLD,2.5241522147862767
LCD,2.3147244087069914
LFPD,1.7415518859806216
Has_OMS,1.1795098002063895
NASA_m2_cm3,0.6087889445199766
NASA_m2_g,0.5458532794600353
NAV_cm3_g,0.09652924895227906
