{
  "R2": 0.9578916172969832,
  "MAE": 0.2233199118541459,
  "RMSE": 0.11059848142095702,
  "MAPE(%)": 5.8073426596085955
}