Feature,Importance
0.01,83.511550585669
AV_cm3_g,2.3788660117718057
AV_VF,2.1130465031578636
cm3_g,2.1029103098169353
ASA_m2_g,1.9191699195982523
PLD,1.713636986770185
Has_OMS,1.5834604805274117
LCD,1.245233120077831
ASA_m2_cm3,1.0259725023493367
NASA_m2_cm3,0.8491447370082009
LFPD,0.8306141885600111
NASA_m2_g,0.6335505899682117
NAV_cm3_g,0.09284406472495109
