{
  "R2": 0.9106797185584051,
  "MAE": 0.021891091547680246,
  "RMSE": 0.006514520568367946,
  "MAPE(%)": 5.879906649171033
}