{
  "R2": 0.9679809653112806,
  "MAE": 0.1558628919638883,
  "RMSE": 0.05077542530181826,
  "MAPE(%)": 5.131211057773058
}