{
  "R2": 0.9923875856912953,
  "MAE": 0.0076363660587736885,
  "RMSE": 0.00012650173065695372,
  "MAPE(%)": 2.0450775463708055
}