Feature,Importance
0.01,75.65867386814513
ASA_m2_g,5.285201630146625
ASA_m2_cm3,4.360151506820724
cm3_g,2.5173408133867032
AV_cm3_g,2.2375856425023684
AV_VF,2.1997149994579273
LFPD,1.7210038530320364
PLD,1.5546261103695247
Has_OMS,1.5088504464266892
LCD,1.421376357270179
NASA_m2_cm3,0.7542986898740265
NASA_m2_g,0.6683913378670212
NAV_cm3_g,0.11278474470103063
