{
  "R2": 0.9754657619107314,
  "MAE": 0.0394757461889816,
  "RMSE": 0.0030007660480885767,
  "MAPE(%)": 3.6106168092369604
}