Feature,Importance
cm3_g,14.181896001712031
AV_VF,13.68156307285088
PLD,12.709249643945752
ASA_m2_cm3,12.373198282930362
Has_OMS,10.024012086900223
ASA_m2_g,9.786791039062901
LCD,8.782120393202833
LFPD,7.9906694888730785
AV_cm3_g,6.56546322310718
NASA_m2_g,1.8702643059790292
NASA_m2_cm3,1.6486473587504975
NAV_cm3_g,0.3861251026852298
