{
  "R2": 0.5436495180932726,
  "MAE": 0.3256974037490957,
  "RMSE": 0.23536751428930813,
  "MAPE(%)": 31.546299053018583
}