{
  "R2": 0.9108919860720465,
  "MAE": 0.2629728095908632,
  "RMSE": 0.1708284034158783,
  "MAPE(%)": 9.942466734969075
}