{
  "R2": 0.9562492613234302,
  "MAE": 0.1677539962324671,
  "RMSE": 0.06860955312949052,
  "MAPE(%)": 5.512974671081379
}