Feature,Importance
0.01,76.83202706804114
ASA_m2_g,4.442739525782122
AV_VF,3.1550699083384006
AV_cm3_g,2.9066413763418097
cm3_g,2.6371460352851397
ASA_m2_cm3,2.538222111318528
Has_OMS,1.9151739762494446
LCD,1.5945111993381313
LFPD,1.5439407894623174
PLD,1.1074338833904027
NASA_m2_cm3,0.8530121807443174
NASA_m2_g,0.4264716658613409
NAV_cm3_g,0.0476102798468806
