{
  "R2": 0.9769786655385188,
  "MAE": 0.04366151138710867,
  "RMSE": 0.005444681781634798,
  "MAPE(%)": 4.180697616504749
}