{
  "R2": 0.9864498165137952,
  "MAE": 0.01618336215930082,
  "RMSE": 0.000989002286653188,
  "MAPE(%)": 2.8841783561283663
}