{
  "R2": 0.9575175621778604,
  "MAE": 0.022357281154805432,
  "RMSE": 0.005367997391437314,
  "MAPE(%)": 3.5876163724896144
}