{
  "R2": 0.9924137722328658,
  "MAE": 0.007634080346034728,
  "RMSE": 0.00017405212068877712,
  "MAPE(%)": 2.0748695648055757
}