Feature,Importance
0.05,54.84663582902352
ASA_m2_g,13.197777277137485
ASA_m2_cm3,6.832320527239555
AV_VF,5.645641356554096
AV_cm3_g,5.040131081884619
cm3_g,3.7029297914574215
LCD,2.5494515080093154
PLD,2.353939250375447
Has_OMS,2.233499856499097
LFPD,1.9635604312928565
NASA_m2_cm3,0.9974407108390342
NASA_m2_g,0.5456397411555205
NAV_cm3_g,0.0910326385320186
