{
  "R2": 0.9560625195192135,
  "MAE": 0.1686309393230106,
  "RMSE": 0.06724233293257201,
  "MAPE(%)": 5.5001156712746635
}