Feature,Importance
Has_OMS,14.53284207196889
PLD,14.097308646448253
cm3_g,13.887536119151726
AV_VF,10.737782375860048
ASA_m2_cm3,10.079467999890431
LCD,9.678093749887553
LFPD,8.641263343238304
AV_cm3_g,8.126783642074267
ASA_m2_g,6.655243203635203
NASA_m2_cm3,1.7244205285339695
NASA_m2_g,1.6967553911198048
NAV_cm3_g,0.1425029281915464
