{
  "R2": 0.2860967027172189,
  "MAE": 0.1333908918035111,
  "RMSE": 0.051804217657843724,
  "MAPE(%)": 49.326792531823465
}