{
  "R2": 0.9608305224112954,
  "MAE": 0.07789444614186465,
  "RMSE": 0.019587785236111488,
  "MAPE(%)": 5.908291073827261
}