temp,lowp,outp,seed,mode,qt_frac,train_ratio,out_root,model,R2,MAE,RMSE,MAPE(%)
273K,0.01,1,2028,struct_with_input,0.17,0.35,./RUN_FULL_EXP,cat,0.9792515111102881,0.02063507195920812,0.001877412035223685,3.7403753479686594
