{
  "R2": 0.9792515111102881,
  "MAE": 0.02063507195920812,
  "RMSE": 0.001877412035223685,
  "MAPE(%)": 3.7403753479686594
}