Feature,Importance
0.01,50.96808701589792
ASA_m2_g,12.683804365792877
ASA_m2_cm3,9.224974178103
AV_cm3_g,6.039812910162978
AV_VF,5.028267414901
cm3_g,5.007955661213356
LCD,3.3677876612762954
PLD,2.8169517796934866
LFPD,1.8834712171763541
Has_OMS,1.2297429449547892
NASA_m2_g,0.8898749392014763
NASA_m2_cm3,0.7813020044557439
NAV_cm3_g,0.07796790717073229
