{
  "R2": 0.9552338603424566,
  "MAE": 0.23795019351670335,
  "RMSE": 0.12481008614930329,
  "MAPE(%)": 6.373755312293341
}