Feature,Importance
HENRY,49.23821569915657
ASA_m2_g,14.456265612589426
ASA_m2_cm3,8.201709041969702
AV_cm3_g,5.989536189008366
AV_VF,5.709454507378426
cm3_g,4.877642399911667
PLD,3.3502689171509217
LFPD,2.8096758093630343
LCD,2.4573774987644676
Has_OMS,1.2778086684416976
NASA_m2_cm3,0.9430051953777081
NASA_m2_g,0.542050974637364
NAV_cm3_g,0.14698948625063743
