{
  "R2": 0.9552355793421499,
  "MAE": 0.23479612079108741,
  "RMSE": 0.13037371783726753,
  "MAPE(%)": 6.5085950449198045
}