{
  "R2": 0.9894328277845317,
  "MAE": 0.0399943101353315,
  "RMSE": 0.0038591707803506833,
  "MAPE(%)": 3.3156102317236327
}