{
  "R2": 0.9628122892434827,
  "MAE": 0.16473465653264183,
  "RMSE": 0.07101110714117156,
  "MAPE(%)": 5.9271536073466295
}