{
  "R2": 0.9538046118676831,
  "MAE": 0.10257154232391398,
  "RMSE": 0.024980683729299118,
  "MAPE(%)": 5.094843387054532
}