Feature,Importance
0.05,75.12807256424107
ASA_m2_g,5.9616645038869915
ASA_m2_cm3,3.5042903007902804
AV_VF,3.3110514007776537
AV_cm3_g,2.5470092698327154
Has_OMS,1.8430901991566686
cm3_g,1.8028558360249478
LCD,1.6093197179151346
LFPD,1.554515119650238
PLD,1.5185244377090883
NASA_m2_g,0.5935725891242892
NASA_m2_cm3,0.5713038692386962
NAV_cm3_g,0.05473019165221133
