{
  "R2": 0.9819757044169327,
  "MAE": 0.03488142566656006,
  "RMSE": 0.002880994120752513,
  "MAPE(%)": 3.1942019443553114
}