Feature,Importance
HENRY,85.59640521012271
cm3_g,2.1617609987646436
AV_cm3_g,1.8092339262606254
Has_OMS,1.7214445447442868
ASA_m2_cm3,1.4657025922134503
LFPD,1.3670683070794614
LCD,1.3472823896685782
PLD,1.3407401429091381
AV_VF,1.2012426335403297
ASA_m2_g,0.9573479535620687
NASA_m2_g,0.516597951978742
NASA_m2_cm3,0.493030449941662
NAV_cm3_g,0.02214289921430289
