{
  "R2": 0.9874445680397985,
  "MAE": 0.008727145697027839,
  "RMSE": 0.0004914929996899159,
  "MAPE(%)": 2.2810992428800767
}