Feature,Importance
0.5,92.60516827132425
AV_cm3_g,1.4037728754599104
cm3_g,1.3086378675867458
AV_VF,0.8390024398025695
LCD,0.7850984714905335
ASA_m2_cm3,0.5814129802479572
ASA_m2_g,0.5529724802981473
NASA_m2_cm3,0.4562359620534829
PLD,0.4024213514041507
NASA_m2_g,0.39773536412191945
Has_OMS,0.329785711982784
LFPD,0.2597788385417641
NAV_cm3_g,0.07797738568580873
