{
  "R2": 0.9971677022038016,
  "MAE": 0.0034761888611728404,
  "RMSE": 2.3768857131601006e-05,
  "MAPE(%)": 1.3368941927439029
}