{
  "R2": 0.9621613252171283,
  "MAE": 0.1641068729667521,
  "RMSE": 0.06585594258022949,
  "MAPE(%)": 5.5612890690660155
}