temp,lowp,outp,seed,mode,qt_frac,train_ratio,out_root,model,R2,MAE,RMSE,MAPE(%)
293K,HENRY,5,2028,lowq,0.15,0.5,./RUN_FULL_EXP,cat,0.9742553009372151,0.059337210841288186,0.010515684812252566,4.147775327977237
