{
  "R2": 0.9742553009372151,
  "MAE": 0.059337210841288186,
  "RMSE": 0.010515684812252566,
  "MAPE(%)": 4.147775327977237
}