{
  "R2": 0.9794873800299411,
  "MAE": 0.013529366641992077,
  "RMSE": 0.0009998639427869344,
  "MAPE(%)": 3.883071880465793
}