{
  "R2": 0.9724628528478445,
  "MAE": 0.05818691356418513,
  "RMSE": 0.009435082533664357,
  "MAPE(%)": 3.995759489984895
}