temp,lowp,outp,seed,mode,qt_frac,train_ratio,out_root,model,R2,MAE,RMSE,MAPE(%)
293K,HENRY,5,2028,lowq,0.3,0.5,./RUN_FULL_EXP,cat,0.9724628528478445,0.05818691356418513,0.009435082533664357,3.995759489984895
