Feature,Importance
0.1,57.80465170067547
ASA_m2_g,12.02953239795374
AV_cm3_g,7.4193510763188035
ASA_m2_cm3,5.549214462234674
AV_VF,5.422110571926369
cm3_g,2.8994264231583333
PLD,2.080309136482618
LFPD,2.0718937848297965
LCD,1.8863969646408802
Has_OMS,1.087130412068244
NASA_m2_cm3,0.8560123938300487
NASA_m2_g,0.806260228874484
NAV_cm3_g,0.0877104470065325
