{
  "R2": 0.9947770811362087,
  "MAE": 0.02450662131646115,
  "RMSE": 0.0012144901569133143,
  "MAPE(%)": 1.926618596328281
}