{
  "R2": 0.9482759867673223,
  "MAE": 0.16684745790025302,
  "RMSE": 0.07911124579788625,
  "MAPE(%)": 5.400804737830741
}