Feature,Importance
0.5,60.07510647322293
ASA_m2_g,8.7179201911043
AV_cm3_g,7.30357495082493
AV_VF,7.1528781842554015
ASA_m2_cm3,6.089864215097632
cm3_g,2.393975133180825
PLD,2.2629631611712844
LFPD,1.8376327986253447
LCD,1.7398135262953973
Has_OMS,1.2294595487771849
NASA_m2_cm3,0.6221906873843915
NASA_m2_g,0.5367352487036424
NAV_cm3_g,0.03788588135670163
