{
  "R2": 0.9636000056251736,
  "MAE": 0.1524473418965684,
  "RMSE": 0.045088218780130966,
  "MAPE(%)": 4.8759540170616305
}