Feature,Importance
0.01,63.81685796092191
ASA_m2_g,7.241545844930802
ASA_m2_cm3,6.699567359154814
AV_VF,5.85864805729301
AV_cm3_g,3.203062630695512
LFPD,2.6974954942162817
PLD,2.6722939320985644
LCD,2.365956160969813
Has_OMS,1.9373237956202602
cm3_g,1.8413426942770628
NASA_m2_cm3,0.9138503970547256
NASA_m2_g,0.7104753236568712
NAV_cm3_g,0.041580349110368495
