{
  "R2": 0.9525458318761107,
  "MAE": 0.10089080159500025,
  "RMSE": 0.021659914926023788,
  "MAPE(%)": 5.033933852255313
}