Feature,Importance
PLD,16.081701657947566
LFPD,14.253173662217252
Has_OMS,13.361769445682866
LCD,12.780816283231893
cm3_g,12.238603592707236
AV_cm3_g,7.776293346673276
AV_VF,7.726333788178371
ASA_m2_cm3,6.969587823924541
ASA_m2_g,5.7540466785722515
NASA_m2_g,1.8377177366608126
NASA_m2_cm3,1.2074476574231685
NAV_cm3_g,0.012508326780757065
