{
  "R2": 0.17088095552261562,
  "MAE": 0.14962046863256895,
  "RMSE": 0.0593819952245081,
  "MAPE(%)": 65.62504217278232
}