{
  "R2": 0.9677762612147741,
  "MAE": 0.06928251703223832,
  "RMSE": 0.015651779052071674,
  "MAPE(%)": 5.236346773107437
}