Feature,Importance
0.1,88.82287921815401
cm3_g,1.9149380430527752
AV_cm3_g,1.5483175107720686
AV_VF,1.3900144068360272
LCD,1.1690562101112343
Has_OMS,1.0706901089800254
PLD,0.9220198763768797
ASA_m2_cm3,0.8724463010053849
ASA_m2_g,0.8418536628959842
LFPD,0.7940168735467605
NASA_m2_cm3,0.3590635266321853
NASA_m2_g,0.19612340994102054
NAV_cm3_g,0.09858085169564068
