{
  "R2": 0.995099013750593,
  "MAE": 0.00403393847158021,
  "RMSE": 3.174501273647449e-05,
  "MAPE(%)": 1.520920490189856
}