Feature,Importance
0.05,61.3759579228446
ASA_m2_g,11.182971233661316
AV_cm3_g,5.452901074309316
ASA_m2_cm3,5.129893316352197
AV_VF,4.348722388787244
cm3_g,3.540825462335664
LCD,2.018094417191229
PLD,1.9633114031512826
LFPD,1.9620286777772975
Has_OMS,1.4659563400867135
NASA_m2_cm3,0.9181916558129929
NASA_m2_g,0.47951241406408984
NAV_cm3_g,0.16163369362605332
