{
  "R2": 0.9711991713332985,
  "MAE": 0.11155748806773069,
  "RMSE": 0.025194799245121892,
  "MAPE(%)": 4.534582439732221
}