Feature,Importance
0.01,63.0753578571464
ASA_m2_g,6.63301664066855
ASA_m2_cm3,6.478208015903384
AV_VF,6.128928592623572
AV_cm3_g,5.93697673648962
cm3_g,2.713758319904542
PLD,2.2828131810648995
LCD,2.0624583508434515
Has_OMS,1.6785541677910452
LFPD,1.5542794609209818
NASA_m2_cm3,0.7291023353664847
NASA_m2_g,0.5859498745384332
NAV_cm3_g,0.1405964667386646
