{
  "R2": 0.9686255272851994,
  "MAE": 0.11905663880498485,
  "RMSE": 0.029964952831969104,
  "MAPE(%)": 4.86987168136817
}