temp,lowp,outp,seed,mode,qt_frac,train_ratio,out_root,model,R2,MAE,RMSE,MAPE(%)
313K,0.01,15,2028,lowq,0.45,0.5,./RUN_FULL_EXP,cat,0.9686255272851994,0.11905663880498485,0.029964952831969104,4.86987168136817
