Feature,Importance
0.1,50.624149802381794
ASA_m2_g,15.40200665455658
ASA_m2_cm3,6.950445056172564
AV_cm3_g,6.133756093318334
AV_VF,5.621969768122125
cm3_g,4.156713648869784
PLD,3.246166585926472
LFPD,2.8409456298651015
LCD,2.1203262493082717
Has_OMS,1.3894162917435076
NASA_m2_cm3,0.9107538021405096
NASA_m2_g,0.5381903754179345
NAV_cm3_g,0.06516004217704016
