temp,lowp,outp,seed,mode,qt_frac,train_ratio,out_root,model,R2,MAE,RMSE,MAPE(%)
273K,0.1,15,2028,lowq,0.05,0.5,./RUN_FULL_EXP,cat,0.9569039959238423,0.23661781918328317,0.1302746690422415,6.432471193924765
