{
  "R2": 0.9569039959238423,
  "MAE": 0.23661781918328317,
  "RMSE": 0.1302746690422415,
  "MAPE(%)": 6.432471193924765
}