Feature,Importance
ASA_m2_g,15.22212556433798
cm3_g,14.955690542819164
AV_VF,12.303578184435118
ASA_m2_cm3,11.449599060820477
PLD,10.947325946931619
AV_cm3_g,9.236461787597914
LFPD,7.845324243496482
LCD,7.1755774380765
Has_OMS,7.007674572098714
NASA_m2_g,1.8342988378831249
NASA_m2_cm3,1.7680490296138847
NAV_cm3_g,0.25429479188902115
