{
  "R2": 0.699327847055808,
  "MAE": 0.5353181978015403,
  "RMSE": 0.5641630617053606,
  "MAPE(%)": 22.144642067209535
}