{
  "R2": 0.9707407038987695,
  "MAE": 0.1071793005512448,
  "RMSE": 0.02333785709414008,
  "MAPE(%)": 4.163344312187491
}