{
  "R2": 0.9779724646583594,
  "MAE": 0.04994724721112353,
  "RMSE": 0.010709917712620256,
  "MAPE(%)": 3.1379118540061914
}