Feature,Importance
0.5,70.27811839690388
ASA_m2_g,6.1058066403039035
AV_VF,4.991474020707081
ASA_m2_cm3,4.739729927939633
AV_cm3_g,3.314179145121808
cm3_g,2.413351131901823
LFPD,1.9670588334375059
LCD,1.9175716570078634
PLD,1.695769748511226
Has_OMS,1.5866305893736359
NASA_m2_cm3,0.5646004961619856
NASA_m2_g,0.37049356034378295
NAV_cm3_g,0.05521585228587121
