{
  "R2": 0.9684583947831306,
  "MAE": 0.08778409969110758,
  "RMSE": 0.01721001052271766,
  "MAPE(%)": 4.425202133456836
}