Feature,Importance
0.01,71.30597345266519
ASA_m2_cm3,5.141577968123727
AV_VF,4.829869315171367
ASA_m2_g,4.469472583328901
AV_cm3_g,2.9240013690155817
PLD,2.0226489501864533
cm3_g,2.0080280659771503
LCD,1.9404248971278009
LFPD,1.7187985974603839
Has_OMS,1.6250421164019737
NASA_m2_cm3,1.0412164926624774
NASA_m2_g,0.8799112695160153
NAV_cm3_g,0.0930349223630117
