{
  "R2": 0.9694884085272509,
  "MAE": 0.060976747014711334,
  "RMSE": 0.008086852226875677,
  "MAPE(%)": 4.2410100380941405
}