{
  "R2": 0.951152396277571,
  "MAE": 0.19915903883292668,
  "RMSE": 0.09210559220233511,
  "MAPE(%)": 7.594688588226245
}