{
  "R2": 0.8640715450758538,
  "MAE": 0.12998436617503673,
  "RMSE": 0.039021663751131204,
  "MAPE(%)": 11.065048011538147
}