Feature,Importance
0.5,90.78064748254677
AV_cm3_g,1.4282325682112489
Has_OMS,1.4137980529273875
LCD,1.2234701537251755
ASA_m2_g,0.9616895205280177
cm3_g,0.7949878679250788
AV_VF,0.7229518007063824
NASA_m2_cm3,0.6891739562855256
ASA_m2_cm3,0.5828989996267117
LFPD,0.571529702161633
PLD,0.5616900050414636
NASA_m2_g,0.20034153493787657
NAV_cm3_g,0.06858835537672937
