{
  "R2": 0.9972359237800705,
  "MAE": 0.0037064704453629743,
  "RMSE": 2.7116689471465746e-05,
  "MAPE(%)": 1.4672477015871008
}