Feature,Importance
0.1,56.586111725534025
ASA_m2_g,10.484239648395832
AV_cm3_g,8.286326944208536
ASA_m2_cm3,5.8706684337591675
AV_VF,5.827523751120627
cm3_g,3.103307506512181
PLD,2.662444954431468
LFPD,2.056042555312422
LCD,1.998313382528084
Has_OMS,1.5400983321530783
NASA_m2_g,0.9630720318816948
NASA_m2_cm3,0.5272145855464206
NAV_cm3_g,0.09463614861647374
