{
  "R2": 0.961759867864594,
  "MAE": 0.16212568832645272,
  "RMSE": 0.0705293137959828,
  "MAPE(%)": 5.486197317017522
}