Feature,Importance
HENRY,60.36357836421128
ASA_m2_g,10.961467923922223
ASA_m2_cm3,6.342441032969708
AV_cm3_g,5.727874339540626
AV_VF,5.209598707613764
cm3_g,3.612283931030724
LCD,2.141828136091202
PLD,1.8060595730940938
LFPD,1.637770476497985
Has_OMS,1.0423623909195168
NASA_m2_g,0.5727319196307629
NASA_m2_cm3,0.5148928151064986
NAV_cm3_g,0.06711038937161722
