temp,lowp,outp,seed,mode,qt_frac,train_ratio,out_root,model,R2,MAE,RMSE,MAPE(%)
313K,HENRY,15,2026,lowq,0.1,0.5,./RUN_FULL_EXP,cat,0.9752750432241856,0.11015132154037717,0.02807637990895969,4.718278199264909
