{
  "R2": 0.9752750432241856,
  "MAE": 0.11015132154037717,
  "RMSE": 0.02807637990895969,
  "MAPE(%)": 4.718278199264909
}