{
  "R2": 0.9650186070730137,
  "MAE": 0.16135933801009664,
  "RMSE": 0.05605191228120176,
  "MAPE(%)": 5.346312706065526
}