{
  "R2": 0.9570600199661421,
  "MAE": 0.024713655767060434,
  "RMSE": 0.007017107452457719,
  "MAPE(%)": 4.044783735742517
}