{
  "R2": 0.968300365316808,
  "MAE": 0.024946597781559828,
  "RMSE": 0.0047946974207721,
  "MAPE(%)": 4.322881297036341
}