Feature,Importance
0.5,90.87119428508198
AV_cm3_g,1.5928550397766326
cm3_g,1.315624528751744
Has_OMS,1.2935820834394216
PLD,0.8466703648422141
ASA_m2_cm3,0.8391577016825056
AV_VF,0.6683227004705107
LFPD,0.6320671927982094
LCD,0.6199378339021914
NASA_m2_g,0.5173820715498073
NASA_m2_cm3,0.4309835884551433
ASA_m2_g,0.33500018439151835
NAV_cm3_g,0.0372224248581119
