{
  "R2": 0.9917449727428646,
  "MAE": 0.007574836036197542,
  "RMSE": 0.00044074951922497887,
  "MAPE(%)": 1.9938097191247537
}