temp,lowp,outp,seed,mode,qt_frac,train_ratio,out_root,model,R2,MAE,RMSE,MAPE(%)
293K,0.5,1,2028,lowq,0.1,0.5,./RUN_FULL_EXP,cat,0.9917449727428646,0.007574836036197542,0.00044074951922497887,1.9938097191247537
