{
  "R2": 0.948150300542289,
  "MAE": 0.023327034405916745,
  "RMSE": 0.008567143513081311,
  "MAPE(%)": 3.7423679424252185
}