{
  "R2": 0.9910429080229844,
  "MAE": 0.03705446504194005,
  "RMSE": 0.003074001194578366,
  "MAPE(%)": 2.9558328864588668
}