{
  "R2": 0.981452948731538,
  "MAE": 0.05394483804269692,
  "RMSE": 0.00785305669598259,
  "MAPE(%)": 3.8751070833503083
}