{
  "R2": 0.9916787264646674,
  "MAE": 0.03323058739898922,
  "RMSE": 0.00313375615472228,
  "MAPE(%)": 2.705796555050888
}