Feature,Importance
0.1,64.17320499414646
AV_VF,6.5716523137601905
ASA_m2_cm3,6.301333114260594
AV_cm3_g,6.178707968740405
ASA_m2_g,5.97568538575166
cm3_g,2.3429613294239355
PLD,2.0907857131726906
LFPD,1.8742949775463207
LCD,1.5940748750487799
Has_OMS,1.3867326424952278
NASA_m2_cm3,0.7515568421929394
NASA_m2_g,0.6692994000726162
NAV_cm3_g,0.08971044338818777
