{
  "R2": 0.9714383626024006,
  "MAE": 0.11280238311575166,
  "RMSE": 0.027061479495208582,
  "MAPE(%)": 4.6254507957662945
}