temp,lowp,outp,seed,mode,qt_frac,train_ratio,out_root,model,R2,MAE,RMSE,MAPE(%)
313K,0.1,15,2028,lowq,0.45,0.5,./RUN_FULL_EXP,cat,0.9714383626024006,0.11280238311575166,0.027061479495208582,4.6254507957662945
