{
  "R2": 0.9501663721072021,
  "MAE": 0.026606543278269692,
  "RMSE": 0.00849274352923961,
  "MAPE(%)": 4.33043833922573
}