Feature,Importance
0.01,80.70680283532913
ASA_m2_g,3.326291047161752
ASA_m2_cm3,2.7233141511815555
Has_OMS,2.2295279156233243
AV_VF,2.064780787826318
PLD,1.9354644153485578
AV_cm3_g,1.8569149351112042
LFPD,1.4088813159682039
LCD,1.2239765274586871
cm3_g,1.1567691807321405
NASA_m2_cm3,0.6651306337332314
NASA_m2_g,0.6648384549416213
NAV_cm3_g,0.037307799584289175
