{
  "R2": 0.9468313841412987,
  "MAE": 0.025137190125745605,
  "RMSE": 0.009199902738661836,
  "MAPE(%)": 3.897841415043076
}