Feature,Importance
0.01,71.17089935566045
ASA_m2_g,5.318627388178971
ASA_m2_cm3,4.248340356970426
AV_VF,3.373958502755646
Has_OMS,2.8758960312592152
cm3_g,2.724958273327346
AV_cm3_g,2.1200504224039243
PLD,2.0008756565863797
LFPD,1.9813260470570027
LCD,1.7578013689472567
NASA_m2_g,1.2803061936013092
NASA_m2_cm3,0.9961401763123137
NAV_cm3_g,0.1508202269397316
