{
  "R2": 0.9555065346257274,
  "MAE": 0.08540092077719347,
  "RMSE": 0.019612784919549462,
  "MAPE(%)": 6.371244619946613
}