Feature,Importance
0.01,63.01112468455343
ASA_m2_g,12.096643763946743
ASA_m2_cm3,5.977297651623683
AV_VF,4.603916507147019
AV_cm3_g,3.523201409129384
cm3_g,2.7130629410513056
LCD,1.9878214417340692
PLD,1.9705695872645381
LFPD,1.4194214030794576
Has_OMS,1.1045200936719148
NASA_m2_g,0.8873239031172604
NASA_m2_cm3,0.6053922719192696
NAV_cm3_g,0.09970434176194318
