{
  "R2": 0.9664980810888875,
  "MAE": 0.1161143831513041,
  "RMSE": 0.02568743204548738,
  "MAPE(%)": 4.552751982465474
}