temp,lowp,outp,seed,mode,qt_frac,train_ratio,out_root,model,R2,MAE,RMSE,MAPE(%)
313K,0.01,15,2026,lowq,0.8,0.5,./RUN_FULL_EXP,cat,0.9664980810888875,0.1161143831513041,0.02568743204548738,4.552751982465474
