{
  "R2": 0.977153445311067,
  "MAE": 0.037166882682833906,
  "RMSE": 0.00586733741106232,
  "MAPE(%)": 3.4796321385624793
}