temp,lowp,outp,seed,mode,qt_frac,train_ratio,out_root,model,R2,MAE,RMSE,MAPE(%)
313K,0.1,5,2026,lowq,0.1,0.5,./RUN_FULL_EXP,cat,0.977153445311067,0.037166882682833906,0.00586733741106232,3.4796321385624793
