Feature,Importance
0.01,50.77914734936493
ASA_m2_g,17.70307982403715
ASA_m2_cm3,6.46386151546623
AV_VF,5.608885053777355
AV_cm3_g,4.507558468670425
cm3_g,3.621819330326364
PLD,3.2622005226189286
LFPD,2.5100231318529826
LCD,2.3367399826602364
Has_OMS,1.464777280470213
NASA_m2_cm3,0.8467933268002038
NASA_m2_g,0.8331471454883729
NAV_cm3_g,0.061967068466603235
