{
  "R2": 0.9539611266418574,
  "MAE": 0.24101990366616166,
  "RMSE": 0.1132766372902934,
  "MAPE(%)": 6.066707177411974
}