Feature,Importance
0.01,86.66974344690121
AV_cm3_g,2.057439033971343
cm3_g,1.7887668955205802
AV_VF,1.6026151244293767
Has_OMS,1.4245683078275708
LCD,1.3139423245256368
PLD,1.2370206745294252
ASA_m2_cm3,1.2195955720081504
LFPD,1.0724713618447634
ASA_m2_g,0.8382432606958186
NASA_m2_cm3,0.5033161660158766
NASA_m2_g,0.21854110052057327
NAV_cm3_g,0.053736731209694966
