temp,lowp,outp,seed,mode,qt_frac,train_ratio,out_root,model,R2,MAE,RMSE,MAPE(%)
293K,0.01,1,2028,struct_with_input,0.8,0.8,./RUN_FULL_EXP,cat,0.9887428123264147,0.009064015787808384,0.00015963332831350833,2.4763291636436766
