{
  "R2": 0.9887428123264147,
  "MAE": 0.009064015787808384,
  "RMSE": 0.00015963332831350833,
  "MAPE(%)": 2.4763291636436766
}