{
  "R2": 0.9575931463240648,
  "MAE": 0.23486019170669056,
  "RMSE": 0.11335769690996476,
  "MAPE(%)": 6.235529140380833
}