{
  "R2": 0.5324575555837459,
  "MAE": 0.32702533850447413,
  "RMSE": 0.23133460088330868,
  "MAPE(%)": 31.08273862496649
}