{
  "R2": 0.9929421750602686,
  "MAE": 0.007126956662704118,
  "RMSE": 0.0001343110324644859,
  "MAPE(%)": 1.910609297011249
}