{
  "R2": 0.4286769357274882,
  "MAE": 0.17974844235057055,
  "RMSE": 0.07925875775493085,
  "MAPE(%)": 50.13873945123719
}