temp,lowp,outp,seed,mode,qt_frac,train_ratio,out_root,model,R2,MAE,RMSE,MAPE(%)
273K,0.01,1,2029,struct,0.0,0.65,./RUN_FULL_EXP,cat,0.4286769357274882,0.17974844235057055,0.07925875775493085,50.13873945123719
