{
  "R2": 0.9404355830313569,
  "MAE": 0.024844152995011696,
  "RMSE": 0.009081136589108104,
  "MAPE(%)": 3.6336280754162447
}