Feature,Importance
HENRY,72.36221399917837
ASA_m2_g,5.741851171658993
ASA_m2_cm3,4.47977590263718
AV_VF,3.7410160276299287
AV_cm3_g,2.4720046380607497
cm3_g,2.3662699426307316
LCD,2.1654589644413225
Has_OMS,1.8317974645907658
PLD,1.74701469441575
LFPD,1.697691697673372
NASA_m2_cm3,0.922794802485533
NASA_m2_g,0.4062474998750019
NAV_cm3_g,0.06586319472230567
