{
  "R2": 0.9656938488836642,
  "MAE": 0.055630934013033595,
  "RMSE": 0.007330872812127629,
  "MAPE(%)": 3.763631942186479
}