Feature,Importance
0.5,81.22699367806574
ASA_m2_g,4.356096814729435
cm3_g,2.8050997440893886
AV_cm3_g,2.2704690703595753
ASA_m2_cm3,2.253596771556899
AV_VF,2.1918029504090994
LCD,1.4039403763918217
LFPD,0.978732060023099
Has_OMS,0.8467492253327067
PLD,0.7806196403455332
NASA_m2_cm3,0.5326141634711401
NASA_m2_g,0.24634794152319262
NAV_cm3_g,0.10693756370236088
