{
  "R2": 0.9840856672717929,
  "MAE": 0.0334647910055831,
  "RMSE": 0.004394159944974981,
  "MAPE(%)": 3.1398990287352575
}