temp,lowp,outp,seed,mode,qt_frac,train_ratio,out_root,model,R2,MAE,RMSE,MAPE(%)
313K,0.5,5,2029,lowq,0.05,0.5,./RUN_FULL_EXP,cat,0.9840856672717929,0.0334647910055831,0.004394159944974981,3.1398990287352575
