Feature,Importance
0.5,74.80194867410623
ASA_m2_g,5.461767372458657
ASA_m2_cm3,4.333591579408701
AV_VF,3.322293312154977
AV_cm3_g,3.0940911141907934
cm3_g,1.7840143645560558
Has_OMS,1.638070877549721
LFPD,1.6223420418269132
PLD,1.4645232257043967
LCD,1.2927606840992316
NASA_m2_cm3,0.6867435375998581
NASA_m2_g,0.3949275873545668
NAV_cm3_g,0.10292562898989406
