{
  "R2": 0.9765809326270585,
  "MAE": 0.0520523252798567,
  "RMSE": 0.006505776318454726,
  "MAPE(%)": 3.5434815616231132
}