temp,lowp,outp,seed,mode,qt_frac,train_ratio,out_root,model,R2,MAE,RMSE,MAPE(%)
293K,0.5,5,2027,lowq,0.5,0.5,./RUN_FULL_EXP,cat,0.9765809326270585,0.0520523252798567,0.006505776318454726,3.5434815616231132
