{
  "R2": 0.979163517751966,
  "MAE": 0.03219013410201436,
  "RMSE": 0.0024545050316429,
  "MAPE(%)": 2.873851257795477
}