Feature,Importance
0.1,86.18515926574923
AV_cm3_g,1.9489426698742407
Has_OMS,1.944827281376024
cm3_g,1.8904114243376822
AV_VF,1.4031564779756451
LFPD,1.3638686886261016
PLD,1.2440897436370157
LCD,1.2252694278396878
ASA_m2_g,0.9228397072065225
ASA_m2_cm3,0.9196711874266984
NASA_m2_g,0.5112118382996713
NASA_m2_cm3,0.40619597880471353
NAV_cm3_g,0.034356308846761566
