{
  "R2": 0.9899337157603534,
  "MAE": 0.008825116062926006,
  "RMSE": 0.0004209343127584463,
  "MAPE(%)": 2.3898288051753576
}