{
  "R2": 0.9702749954983269,
  "MAE": 0.11348046750127004,
  "RMSE": 0.026562242270990875,
  "MAPE(%)": 4.605684272344558
}