Feature,Importance
0.05,88.68730173578966
AV_cm3_g,1.8359294418569816
cm3_g,1.3166384169984673
Has_OMS,1.3068790072144996
AV_VF,1.2257078674180915
LCD,1.1114261742209952
LFPD,1.0672160368263326
ASA_m2_cm3,0.8805715023389341
PLD,0.6727328591464068
ASA_m2_g,0.622915755037301
NASA_m2_cm3,0.6091751679119825
NASA_m2_g,0.5616135711596465
NAV_cm3_g,0.10189246408072508
