{
  "R2": 0.9933173845715598,
  "MAE": 0.004783332504608146,
  "RMSE": 4.730765418943704e-05,
  "MAPE(%)": 1.8009298256978363
}