temp,lowp,outp,seed,mode,qt_frac,train_ratio,out_root,model,R2,MAE,RMSE,MAPE(%)
313K,0.05,1,2029,lowq,0.75,0.5,./RUN_FULL_EXP,cat,0.9933173845715598,0.004783332504608146,4.730765418943704e-05,1.8009298256978363
