{
  "R2": 0.9564601841913924,
  "MAE": 0.0827863240512751,
  "RMSE": 0.021256904568392115,
  "MAPE(%)": 6.71869931978548
}