{
  "R2": 0.9842251808845008,
  "MAE": 0.016601271240516708,
  "RMSE": 0.0006677767228557231,
  "MAPE(%)": 3.062304167243101
}