{
  "R2": 0.9804823136840014,
  "MAE": 0.03805611850519299,
  "RMSE": 0.005417504486293463,
  "MAPE(%)": 3.5646373476034254
}