{
  "R2": 0.9663314020209255,
  "MAE": 0.015384243645310592,
  "RMSE": 0.002374659911973936,
  "MAPE(%)": 4.187494049475982
}