Feature,Importance
0.01,55.06835419215056
ASA_m2_g,12.154764450167573
AV_VF,6.419952741894727
AV_cm3_g,6.318324585545545
ASA_m2_cm3,6.233244206273185
cm3_g,2.787452161522161
PLD,2.7114743687676324
LCD,2.547612875804477
LFPD,2.193200490292399
Has_OMS,1.5957786985640008
NASA_m2_cm3,0.9511892069494897
NASA_m2_g,0.9191499518541668
NAV_cm3_g,0.09950207021405565
