{
  "R2": 0.9527136534728298,
  "MAE": 0.17107822017037508,
  "RMSE": 0.06883904139151595,
  "MAPE(%)": 5.3881077149379
}