temp,lowp,outp,seed,mode,qt_frac,train_ratio,out_root,model,R2,MAE,RMSE,MAPE(%)
293K,0.01,15,2027,lowq,0.6,0.5,./RUN_FULL_EXP,cat,0.9527136534728298,0.17107822017037508,0.06883904139151595,5.3881077149379
