{
  "R2": 0.9722351581773098,
  "MAE": 0.15344242670022923,
  "RMSE": 0.05286387640264748,
  "MAPE(%)": 5.532840948171438
}