{
  "R2": 0.9732921366607451,
  "MAE": 0.060128838081242315,
  "RMSE": 0.008461929499817642,
  "MAPE(%)": 4.131009246184228
}