Feature,Importance
0.01,60.55765282105279
ASA_m2_g,9.61645111212978
AV_cm3_g,7.603709338172305
AV_VF,5.6581752968209935
ASA_m2_cm3,5.0882887042896074
cm3_g,2.265381005134943
LCD,2.083737064775463
PLD,2.0794453604615204
LFPD,1.678051914345276
Has_OMS,1.5677799924765607
NASA_m2_cm3,1.016753934685284
NASA_m2_g,0.680316377111002
NAV_cm3_g,0.10425707854444445
