temp,lowp,outp,seed,mode,qt_frac,train_ratio,out_root,model,R2,MAE,RMSE,MAPE(%)
313K,0.01,15,2027,lowq,0.4,0.5,./RUN_FULL_EXP,cat,0.9580108802553434,0.12418336774084393,0.042448261980390915,4.997868966272176
