{
  "R2": 0.9580108802553434,
  "MAE": 0.12418336774084393,
  "RMSE": 0.042448261980390915,
  "MAPE(%)": 4.997868966272176
}