temp,lowp,outp,seed,mode,qt_frac,train_ratio,out_root,model,R2,MAE,RMSE,MAPE(%)
293K,0.5,15,2029,lowq,0.75,0.5,./RUN_FULL_EXP,cat,0.9612124852781249,0.15797393768262,0.05023220614628695,4.982338601008302
