{
  "R2": 0.9612124852781249,
  "MAE": 0.15797393768262,
  "RMSE": 0.05023220614628695,
  "MAPE(%)": 4.982338601008302
}