{
  "R2": 0.9674324369623034,
  "MAE": 0.0611655238571783,
  "RMSE": 0.007783346389967726,
  "MAPE(%)": 4.150125423149017
}