{
  "R2": 0.9924254293629946,
  "MAE": 0.006898990283041863,
  "RMSE": 0.00010721069743074667,
  "MAPE(%)": 1.8386095981766832
}