temp,lowp,outp,seed,mode,qt_frac,train_ratio,out_root,model,R2,MAE,RMSE,MAPE(%)
293K,0.1,1,2026,lowq,0.8,0.5,./RUN_FULL_EXP,cat,0.9924254293629946,0.006898990283041863,0.00010721069743074667,1.8386095981766832
