{
  "R2": 0.9637213797307973,
  "MAE": 0.16544295410038504,
  "RMSE": 0.05664879687076749,
  "MAPE(%)": 5.510882048582533
}