temp,lowp,outp,seed,mode,qt_frac,train_ratio,out_root,model,R2,MAE,RMSE,MAPE(%)
293K,0.1,15,2026,lowq,0.4,0.5,./RUN_FULL_EXP,cat,0.9637213797307973,0.16544295410038504,0.05664879687076749,5.510882048582533
