temp,lowp,outp,seed,mode,qt_frac,train_ratio,out_root,model,R2,MAE,RMSE,MAPE(%)
273K,0.01,1,2029,lowq,0.25,0.5,./RUN_FULL_EXP,cat,0.9871328954280442,0.01750080486020921,0.0009788188400961845,3.22030108012493
