{
  "R2": 0.9871328954280442,
  "MAE": 0.01750080486020921,
  "RMSE": 0.0009788188400961845,
  "MAPE(%)": 3.22030108012493
}