{
  "R2": 0.9850900021871443,
  "MAE": 0.019189333388101467,
  "RMSE": 0.00124658017540835,
  "MAPE(%)": 3.5604724988412975
}