{
  "R2": 0.9785129868887642,
  "MAE": 0.019522765654432474,
  "RMSE": 0.001743593491602214,
  "MAPE(%)": 3.6157083432684654
}