Feature,Importance
0.05,84.19977153157755
ASA_m2_cm3,2.4797463527483297
AV_VF,1.9690574665944938
AV_cm3_g,1.688053937023178
PLD,1.5833589945538207
ASA_m2_g,1.5049104094422727
Has_OMS,1.4697059007625586
cm3_g,1.4578186320910458
LCD,1.2838004807936332
LFPD,1.0131244846667873
NASA_m2_g,0.6548827624055729
NASA_m2_cm3,0.5799771623252887
NAV_cm3_g,0.11579188501543101
