temp,lowp,outp,seed,mode,qt_frac,train_ratio,out_root,model,R2,MAE,RMSE,MAPE(%)
273K,0.05,1,2026,lowq,0.35,0.5,./RUN_FULL_EXP,cat,0.98657495418823,0.01588463875813549,0.0008851917688990174,2.834623627991486
