{
  "R2": 0.98657495418823,
  "MAE": 0.01588463875813549,
  "RMSE": 0.0008851917688990174,
  "MAPE(%)": 2.834623627991486
}