{
  "R2": 0.9465704338998464,
  "MAE": 0.266657185682916,
  "RMSE": 0.1641821560136781,
  "MAPE(%)": 7.868887794284564
}