temp,lowp,outp,seed,mode,qt_frac,train_ratio,out_root,model,R2,MAE,RMSE,MAPE(%)
313K,0.1,15,2028,lowq,0.35,0.5,./RUN_FULL_EXP,cat,0.971496986429295,0.11263544402620883,0.027489125650296972,4.6058084934461165
