{
  "R2": 0.971496986429295,
  "MAE": 0.11263544402620883,
  "RMSE": 0.027489125650296972,
  "MAPE(%)": 4.6058084934461165
}