{
  "R2": 0.9729139197254596,
  "MAE": 0.10376497058733594,
  "RMSE": 0.020702796376941834,
  "MAPE(%)": 4.067204549316981
}