Feature,Importance
0.5,92.15785455492396
AV_cm3_g,1.4473882249457708
ASA_m2_cm3,0.9647320325962254
Has_OMS,0.9399399731526092
AV_VF,0.7558318440678946
ASA_m2_g,0.733874422688418
cm3_g,0.7317350855609484
LFPD,0.7032094352926249
PLD,0.6271373000890645
LCD,0.4895682687093907
NASA_m2_cm3,0.22648567205800474
NASA_m2_g,0.1728918832648141
NAV_cm3_g,0.049351302650286345
