Feature,Importance
0.01,82.93580785988628
AV_cm3_g,2.493902811951334
ASA_m2_cm3,2.2244818205870214
AV_VF,2.145618636328368
Has_OMS,1.8843663486675286
PLD,1.8042160644085148
ASA_m2_g,1.4467995550429533
cm3_g,1.4188161257638106
LCD,1.3184893927181929
LFPD,1.1369423366209193
NASA_m2_cm3,0.6198734647231904
NASA_m2_g,0.5479980691530411
NAV_cm3_g,0.0226875141488748
