{
  "R2": 0.9847052626152792,
  "MAE": 0.02004977578161332,
  "RMSE": 0.0015773077553729307,
  "MAPE(%)": 3.5212466917795044
}