{
  "R2": 0.9951350570114434,
  "MAE": 0.006874853401424343,
  "RMSE": 0.00025510048339831223,
  "MAPE(%)": 1.9220834991142859
}