temp,lowp,outp,seed,mode,qt_frac,train_ratio,out_root,model,R2,MAE,RMSE,MAPE(%)
293K,0.5,1,2025,lowq,0.1,0.5,./RUN_FULL_EXP,cat,0.9951350570114434,0.006874853401424343,0.00025510048339831223,1.9220834991142859
