{
  "R2": 0.9607899838882997,
  "MAE": 0.12121108686836897,
  "RMSE": 0.050259795647643,
  "MAPE(%)": 5.109666755797445
}