{
  "R2": 0.960162693795066,
  "MAE": 0.22393472629794978,
  "RMSE": 0.11952320689554449,
  "MAPE(%)": 6.148164876728756
}