{
  "R2": 0.9846692865369747,
  "MAE": 0.01550870868157632,
  "RMSE": 0.0005369456492486011,
  "MAPE(%)": 2.8475066248579113
}