{
  "R2": 0.9829965434616071,
  "MAE": 0.017021731690770422,
  "RMSE": 0.0008449791445674771,
  "MAPE(%)": 3.1705699735407475
}