Feature,Importance
0.01,57.71163588147842
ASA_m2_g,10.80479805496259
AV_VF,7.346654972067023
AV_cm3_g,6.440685843075862
ASA_m2_cm3,5.837898261602902
cm3_g,2.5754590671600703
LCD,2.379057704538878
PLD,2.1557665771424057
LFPD,1.7359644255333897
Has_OMS,1.4100481557369577
NASA_m2_cm3,0.854900119027011
NASA_m2_g,0.5975405259753533
NAV_cm3_g,0.14959041169913395
