temp,lowp,outp,seed,mode,qt_frac,train_ratio,out_root,model,R2,MAE,RMSE,MAPE(%)
313K,0.01,15,2027,lowq,0.3,0.5,./RUN_FULL_EXP,cat,0.9640529243740903,0.12301153564123399,0.03774747691831235,5.10867942789997
