{
  "R2": 0.9640529243740903,
  "MAE": 0.12301153564123399,
  "RMSE": 0.03774747691831235,
  "MAPE(%)": 5.10867942789997
}