Feature,Importance
0.01,76.58886764373149
ASA_m2_g,4.990105404140496
AV_VF,3.3315746678274434
ASA_m2_cm3,3.199084864098456
cm3_g,2.394093446733959
AV_cm3_g,2.100343789014097
LCD,1.7738418053280909
PLD,1.7137763314988375
Has_OMS,1.4226664923663372
LFPD,1.4100587495244346
NASA_m2_cm3,0.5757141932696666
NASA_m2_g,0.4440576436220785
NAV_cm3_g,0.05581496884459997
