{
  "R2": 0.9765653419507375,
  "MAE": 0.041337140166547076,
  "RMSE": 0.005297320549281927,
  "MAPE(%)": 3.905896963602673
}