{
  "R2": 0.9657698976186668,
  "MAE": 0.023169336137925534,
  "RMSE": 0.005348043623083102,
  "MAPE(%)": 3.818112793476896
}