{
  "R2": 0.4385494699614364,
  "MAE": 0.18326226039439988,
  "RMSE": 0.09240388032035919,
  "MAPE(%)": 51.17789617258184
}