Feature,Importance
0.1,85.55001654240004
AV_cm3_g,2.015496501455062
AV_VF,1.8063907416721185
ASA_m2_cm3,1.6398030994847614
PLD,1.5746713107435544
cm3_g,1.505619880774183
Has_OMS,1.3275365379038875
ASA_m2_g,1.2906636921932066
LCD,1.2705079249083033
LFPD,1.0370756220554225
NASA_m2_cm3,0.6087745510979268
NASA_m2_g,0.3083674107923258
NAV_cm3_g,0.06507618451921017
