{
  "R2": 0.983749110410398,
  "MAE": 0.01722316368879471,
  "RMSE": 0.0016971567872207012,
  "MAPE(%)": 2.9442597485224984
}