temp,lowp,outp,seed,mode,qt_frac,train_ratio,out_root,model,R2,MAE,RMSE,MAPE(%)
273K,0.05,1,2027,lowq,0.45,0.5,./RUN_FULL_EXP,cat,0.9869915300317803,0.015243132647393647,0.0007228395545984241,2.724793962754571
