{
  "R2": 0.9869915300317803,
  "MAE": 0.015243132647393647,
  "RMSE": 0.0007228395545984241,
  "MAPE(%)": 2.724793962754571
}