{
  "R2": 0.9823906193516754,
  "MAE": 0.03642096703758033,
  "RMSE": 0.004391622474643015,
  "MAPE(%)": 3.3431495540637823
}