Feature,Importance
0.01,71.77403692098034
ASA_m2_g,5.405125422375179
AV_VF,5.25270411549136
ASA_m2_cm3,3.971021060309552
AV_cm3_g,2.8798733513702715
Has_OMS,2.0880881285954564
PLD,1.9546113249628292
cm3_g,1.7290736258646453
LCD,1.6723179622836637
LFPD,1.6370038307669204
NASA_m2_cm3,0.9243681063968924
NASA_m2_g,0.6020459029298931
NAV_cm3_g,0.1097302476730234
