{
  "R2": 0.9747166435463346,
  "MAE": 0.0632347251823066,
  "RMSE": 0.009276017181788032,
  "MAPE(%)": 4.354870433707505
}