{
  "R2": 0.9107601285196539,
  "MAE": 0.11082559062312299,
  "RMSE": 0.04407377407121967,
  "MAPE(%)": 10.270903489317188
}