Feature,Importance
0.05,60.16052153211713
ASA_m2_g,10.4420334167012
AV_VF,6.917532577620037
ASA_m2_cm3,5.670018197889059
AV_cm3_g,5.392747588804271
cm3_g,2.6666403893993973
LCD,2.233785447875432
PLD,1.9593559360733774
LFPD,1.6933468230438649
Has_OMS,1.149648457427492
NASA_m2_cm3,0.9371648900245146
NASA_m2_g,0.675277941411703
NAV_cm3_g,0.10192680161248777
