{
  "R2": 0.9698754179941463,
  "MAE": 0.10730734835872971,
  "RMSE": 0.022775808640096838,
  "MAPE(%)": 4.2368550263061
}