Feature,Importance
0.01,78.50446102236818
AV_VF,3.882656835493084
PLD,2.506484498104594
LFPD,2.3114253834158127
LCD,2.2819907628107736
AV_cm3_g,2.2793874787845803
cm3_g,2.177278186240671
ASA_m2_cm3,1.9523768404213637
Has_OMS,1.7007799042128258
ASA_m2_g,1.2625796566850782
NASA_m2_g,0.7282688944490353
NASA_m2_cm3,0.3852831405976168
NAV_cm3_g,0.027027396416383187
