{
  "R2": 0.9548851665828972,
  "MAE": 0.017247380705795626,
  "RMSE": 0.0032673169400975932,
  "MAPE(%)": 4.497033024556954
}