temp,lowp,outp,seed,mode,qt_frac,train_ratio,out_root,model,R2,MAE,RMSE,MAPE(%)
313K,0.05,5,2028,lowq,0.4,0.5,./RUN_FULL_EXP,cat,0.9821560000287646,0.03513493642731331,0.0030538654814816894,3.2281826590872407
