{
  "R2": 0.9821560000287646,
  "MAE": 0.03513493642731331,
  "RMSE": 0.0030538654814816894,
  "MAPE(%)": 3.2281826590872407
}