temp,lowp,outp,seed,mode,qt_frac,train_ratio,out_root,model,R2,MAE,RMSE,MAPE(%)
293K,0.01,5,2029,struct,0.0,0.4,./RUN_FULL_EXP,cat,0.511190440549874,0.33917402056496554,0.24251384144350144,33.30038442696074
