{
  "R2": 0.511190440549874,
  "MAE": 0.33917402056496554,
  "RMSE": 0.24251384144350144,
  "MAPE(%)": 33.30038442696074
}