{
  "R2": 0.9921628135737279,
  "MAE": 0.008341016719178283,
  "RMSE": 0.00019182205950307374,
  "MAPE(%)": 2.28512364328794
}