Feature,Importance
HENRY,70.53745128520244
ASA_m2_g,5.522229215680784
ASA_m2_cm3,4.686691629975405
AV_VF,4.2310255415311255
AV_cm3_g,3.831489601140422
cm3_g,2.26598599786857
LCD,1.9403712889273466
LFPD,1.7168245278434175
PLD,1.699080710328423
Has_OMS,1.6169168796646645
NASA_m2_cm3,1.0132752872763748
NASA_m2_g,0.8658694573036093
NAV_cm3_g,0.07278857725741279
