{
  "R2": 0.9688182519098838,
  "MAE": 0.059726629765551924,
  "RMSE": 0.012294217810707605,
  "MAPE(%)": 4.0374423676987
}