{
  "R2": 0.9666144144031426,
  "MAE": 0.16585953279268276,
  "RMSE": 0.05602342967737165,
  "MAPE(%)": 5.519139483522999
}