Feature,Importance
0.1,88.52501296018491
PLD,1.5864373761645638
cm3_g,1.5370085248516796
ASA_m2_g,1.4622778079534604
Has_OMS,1.2425658597517384
AV_VF,1.1735822686636568
LFPD,1.1157037349322707
AV_cm3_g,1.0158266092349342
LCD,0.9608333546805412
ASA_m2_cm3,0.5801785912748222
NASA_m2_cm3,0.4474756333145148
NASA_m2_g,0.27310896865148426
NAV_cm3_g,0.07998831034144001
