{
  "R2": 0.9958791049509819,
  "MAE": 0.004539261950407218,
  "RMSE": 4.041542672502908e-05,
  "MAPE(%)": 1.794686236631978
}