{
  "R2": 0.9667216980383022,
  "MAE": 0.06731450513389889,
  "RMSE": 0.013386639912582517,
  "MAPE(%)": 4.727396465712798
}