Feature,Importance
0.05,63.01455006176067
ASA_m2_g,8.81639804621763
ASA_m2_cm3,6.313795044780443
AV_VF,4.596132853829814
AV_cm3_g,4.16245401537093
LCD,2.6166171784588137
PLD,2.2865390693728602
cm3_g,2.1607768589007494
LFPD,2.1432047590175665
Has_OMS,2.067065509442527
NASA_m2_cm3,0.9753804875934242
NASA_m2_g,0.7955186055996784
NAV_cm3_g,0.05156750965489937
