{
  "R2": 0.9610038848669213,
  "MAE": 0.10078646807319486,
  "RMSE": 0.023284151734314057,
  "MAPE(%)": 5.057803204806941
}