{
  "R2": 0.9905555114231511,
  "MAE": 0.006829148724989524,
  "RMSE": 8.679346779795552e-05,
  "MAPE(%)": 2.697487694358143
}