Feature,Importance
0.5,53.322567403472135
ASA_m2_g,15.45214989659198
AV_cm3_g,6.312080458649329
AV_VF,6.190440315469743
ASA_m2_cm3,5.627595988931282
cm3_g,3.193081559735974
PLD,2.656110442879888
LCD,2.1432035301310695
LFPD,2.016071560247359
Has_OMS,1.4204612792112365
NASA_m2_cm3,0.9417494803933238
NASA_m2_g,0.6297947649347045
NAV_cm3_g,0.09469331935199284
