temp,lowp,outp,seed,mode,qt_frac,train_ratio,out_root,model,R2,MAE,RMSE,MAPE(%)
293K,0.5,15,2027,lowq,0.05,0.5,./RUN_FULL_EXP,cat,0.9671590704571674,0.1538699260996735,0.06137880695090291,5.387878862905717
