{
  "R2": 0.9671590704571674,
  "MAE": 0.1538699260996735,
  "RMSE": 0.06137880695090291,
  "MAPE(%)": 5.387878862905717
}