{
  "R2": 0.9933381468054017,
  "MAE": 0.004649967479973799,
  "RMSE": 4.431903174607372e-05,
  "MAPE(%)": 1.7496406450109112
}