temp,lowp,outp,seed,mode,qt_frac,train_ratio,out_root,model,R2,MAE,RMSE,MAPE(%)
313K,0.05,1,2026,lowq,0.8,0.5,./RUN_FULL_EXP,cat,0.9933381468054017,0.004649967479973799,4.431903174607372e-05,1.7496406450109112
