Feature,Importance
PLD,14.650810639209027
LFPD,13.555981710957601
cm3_g,13.377435451438878
AV_VF,10.136218707704966
LCD,10.057295721439466
AV_cm3_g,9.0642655092056
ASA_m2_cm3,7.994761485582589
ASA_m2_g,6.936569965848423
NASA_m2_g,5.145064478533446
Has_OMS,4.888979753953814
NASA_m2_cm3,3.9998763907859103
NAV_cm3_g,0.19274018534029216
