{
  "R2": 0.1912841929860576,
  "MAE": 0.2109040103689736,
  "RMSE": 0.12475385228140026,
  "MAPE(%)": 56.69711377315172
}