Feature,Importance
0.5,51.51935208184554
ASA_m2_g,14.935901385358846
AV_VF,6.835120933652883
ASA_m2_cm3,5.94896722529318
AV_cm3_g,5.846349733000316
cm3_g,4.7681186614586375
PLD,2.853943254569658
LFPD,2.447558624674052
LCD,1.6919709224384982
Has_OMS,1.355504264296464
NASA_m2_g,0.9630203256988902
NASA_m2_cm3,0.7299295092271719
NAV_cm3_g,0.10426307848586515
