{
  "R2": 0.965626084542158,
  "MAE": 0.21799375956721392,
  "RMSE": 0.09732688921665543,
  "MAPE(%)": 5.972279182546547
}