temp,lowp,outp,seed,mode,qt_frac,train_ratio,out_root,model,R2,MAE,RMSE,MAPE(%)
273K,0.1,1,2025,lowq,0.8,0.5,./RUN_FULL_EXP,cat,0.9885162599316916,0.013244013603982011,0.000405910350884172,2.3864940365516363
