{
  "R2": 0.9885162599316916,
  "MAE": 0.013244013603982011,
  "RMSE": 0.000405910350884172,
  "MAPE(%)": 2.3864940365516363
}