temp,lowp,outp,seed,mode,qt_frac,train_ratio,out_root,model,R2,MAE,RMSE,MAPE(%)
273K,HENRY,5,2028,lowq,0.4,0.5,./RUN_FULL_EXP,cat,0.9556807850926159,0.10444061009218103,0.027727923574314087,5.303253278618574
