{
  "R2": 0.9556807850926159,
  "MAE": 0.10444061009218103,
  "RMSE": 0.027727923574314087,
  "MAPE(%)": 5.303253278618574
}