Feature,Importance
0.01,79.66497291432086
Has_OMS,2.75829626132594
AV_VF,2.6805911375070277
AV_cm3_g,2.266892659868719
ASA_m2_g,2.1339159206287057
PLD,2.05967898811856
ASA_m2_cm3,1.8687477125677905
LFPD,1.836024830094904
cm3_g,1.7792938959552087
LCD,1.5874658671441797
NASA_m2_cm3,0.9288385856543406
NASA_m2_g,0.39985849798259443
NAV_cm3_g,0.03542272883117804
