Feature,Importance
0.1,61.29743121267144
ASA_m2_g,10.445977196645737
ASA_m2_cm3,5.885499518108236
AV_cm3_g,5.068844021493842
AV_VF,4.98461158195416
cm3_g,3.446574569460657
LCD,2.6758155238385175
PLD,2.0856460215081465
LFPD,1.5545832165930258
Has_OMS,1.3611253464175128
NASA_m2_g,0.5921327582123906
NASA_m2_cm3,0.5361514618800047
NAV_cm3_g,0.06560757121636208
