{
  "R2": 0.974352483853063,
  "MAE": 0.10854975938700108,
  "RMSE": 0.02693807192456537,
  "MAPE(%)": 4.620725763014337
}