{
  "R2": 0.9695777553635072,
  "MAE": 0.01171704524048216,
  "RMSE": 0.001985770877217146,
  "MAPE(%)": 3.0701955816557236
}