Feature,Importance
HENRY,86.39416071076107
cm3_g,1.7547436053676915
AV_VF,1.7101781180340865
LCD,1.5029972550672772
AV_cm3_g,1.3989464984924465
PLD,1.3765332094751481
ASA_m2_g,1.2907017124436964
LFPD,1.233365742140028
ASA_m2_cm3,1.2046816716618935
Has_OMS,1.1459176751934745
NASA_m2_cm3,0.617303936305255
NASA_m2_g,0.3472202577366888
NAV_cm3_g,0.023249607321237802
