{
  "R2": 0.9911306788485414,
  "MAE": 0.006974282003776662,
  "RMSE": 0.00012899822797339197,
  "MAPE(%)": 1.8319795867429218
}