temp,lowp,outp,seed,mode,qt_frac,train_ratio,out_root,model,R2,MAE,RMSE,MAPE(%)
293K,HENRY,1,2025,lowq,0.8,0.5,./RUN_FULL_EXP,cat,0.9911306788485414,0.006974282003776662,0.00012899822797339197,1.8319795867429218
