temp,lowp,outp,seed,mode,qt_frac,train_ratio,out_root,model,R2,MAE,RMSE,MAPE(%)
313K,0.05,5,2026,lowq,0.5,0.5,./RUN_FULL_EXP,cat,0.9796174940635639,0.03616275984359676,0.003030892602459437,3.2812753023953727
