{
  "R2": 0.9796174940635639,
  "MAE": 0.03616275984359676,
  "RMSE": 0.003030892602459437,
  "MAPE(%)": 3.2812753023953727
}