Feature,Importance
0.5,82.19800823375532
ASA_m2_g,3.064848601569456
AV_cm3_g,2.5040761995342087
AV_VF,2.4590637726747393
ASA_m2_cm3,2.456493359948905
cm3_g,1.6816936067111838
LCD,1.538128954971825
Has_OMS,1.2421489777045416
PLD,1.155659673847485
LFPD,0.8057701507749657
NASA_m2_g,0.4007936393412922
NASA_m2_cm3,0.38966546937847596
NAV_cm3_g,0.10364935978760223
