{
  "R2": 0.9865349431262999,
  "MAE": 0.030889497951047177,
  "RMSE": 0.0023854598821257096,
  "MAPE(%)": 2.8674105391030884
}