temp,lowp,outp,seed,mode,qt_frac,train_ratio,out_root,model,R2,MAE,RMSE,MAPE(%)
313K,0.5,5,2026,lowq,0.35,0.5,./RUN_FULL_EXP,cat,0.9865349431262999,0.030889497951047177,0.0023854598821257096,2.8674105391030884
