Feature,Importance
0.1,52.59773791851783
ASA_m2_g,13.481486926304854
ASA_m2_cm3,8.573967674724777
AV_cm3_g,5.983441010217843
AV_VF,5.115839609196765
cm3_g,3.8209472348413698
PLD,2.714264176892946
LCD,2.518846723875741
LFPD,2.2355773033221764
Has_OMS,1.348011902411377
NASA_m2_cm3,0.827191584558772
NASA_m2_g,0.6527812721457709
NAV_cm3_g,0.1299066629898013
