{
  "R2": 0.9547606080352526,
  "MAE": 0.23520104630073754,
  "RMSE": 0.12143489667980915,
  "MAPE(%)": 6.215085408467875
}