temp,lowp,outp,seed,mode,qt_frac,train_ratio,out_root,model,R2,MAE,RMSE,MAPE(%)
273K,0.1,15,2026,lowq,0.35,0.5,./RUN_FULL_EXP,cat,0.9547606080352526,0.23520104630073754,0.12143489667980915,6.215085408467875
