Feature,Importance
0.05,85.96313219436114
Has_OMS,2.556850367578944
AV_cm3_g,2.0581007665330415
cm3_g,1.836359306642885
LCD,1.4107978381254203
AV_VF,1.2235095738339916
ASA_m2_cm3,1.1727963781181627
ASA_m2_g,1.092138375311586
PLD,0.7458028573050328
LFPD,0.7012307736245648
NASA_m2_cm3,0.6665807766008073
NASA_m2_g,0.5124461913580676
NAV_cm3_g,0.0602546006063337
