Feature,Importance
0.5,92.53679440215618
ASA_m2_g,1.2434006862560123
cm3_g,0.8635939267487113
AV_cm3_g,0.8356171263145944
ASA_m2_cm3,0.7446527296149905
PLD,0.6807741146079992
AV_VF,0.5966141110440317
LCD,0.5665492926914817
Has_OMS,0.5544948682451915
LFPD,0.43636272468764087
NASA_m2_cm3,0.4306752562638964
NASA_m2_g,0.3581676523004561
NAV_cm3_g,0.1523031090687671
