temp,lowp,outp,seed,mode,qt_frac,train_ratio,out_root,model,R2,MAE,RMSE,MAPE(%)
273K,0.5,1,2027,lowq,0.75,0.5,./RUN_FULL_EXP,cat,0.9947628436383744,0.009411484521959545,0.0001907224247597149,1.701303583767618
