{
  "R2": 0.9947628436383744,
  "MAE": 0.009411484521959545,
  "RMSE": 0.0001907224247597149,
  "MAPE(%)": 1.701303583767618
}