{
  "R2": 0.9213617971251481,
  "MAE": 0.3381084824574265,
  "RMSE": 0.23679464984864956,
  "MAPE(%)": 10.050331806748845
}