{
  "R2": 0.9717576700674158,
  "MAE": 0.12230029887489477,
  "RMSE": 0.033831217214460314,
  "MAPE(%)": 5.327733075774107
}