temp,lowp,outp,seed,mode,qt_frac,train_ratio,out_root,model,R2,MAE,RMSE,MAPE(%)
313K,0.01,15,2028,lowq,0.05,0.5,./RUN_FULL_EXP,cat,0.9717576700674158,0.12230029887489477,0.033831217214460314,5.327733075774107
