Feature,Importance
0.5,56.32801547736208
ASA_m2_g,15.520387488737192
ASA_m2_cm3,5.505301597891213
AV_cm3_g,5.057551348098388
AV_VF,4.4377597109977005
cm3_g,4.0833914317631015
PLD,2.577952152862716
LFPD,2.1694579991824328
LCD,2.0873977793898564
Has_OMS,0.9928635467190471
NASA_m2_g,0.6209767190121533
NASA_m2_cm3,0.5377713286444973
NAV_cm3_g,0.08117341933964965
