temp,lowp,outp,seed,mode,qt_frac,train_ratio,out_root,model,R2,MAE,RMSE,MAPE(%)
293K,0.5,15,2025,lowq,0.05,0.5,./RUN_FULL_EXP,cat,0.9664825277128034,0.1558896593259814,0.06244936864721822,5.428652372552449
