{
  "R2": 0.9664825277128034,
  "MAE": 0.1558896593259814,
  "RMSE": 0.06244936864721822,
  "MAPE(%)": 5.428652372552449
}