Feature,Importance
0.05,76.0477914498357
ASA_m2_g,4.779875670979748
ASA_m2_cm3,3.915651555098623
AV_cm3_g,3.1703359848149515
AV_VF,2.6511865336906597
cm3_g,2.0332214997097875
LCD,1.6836825149788244
LFPD,1.5304989370635753
PLD,1.3698272178733875
Has_OMS,1.2121385834442198
NASA_m2_cm3,0.9074482750099927
NASA_m2_g,0.6549308203733036
NAV_cm3_g,0.043410957127253354
