{
  "R2": 0.9803467184410765,
  "MAE": 0.032800390728043256,
  "RMSE": 0.0023697709069395827,
  "MAPE(%)": 3.010687649279496
}