Feature,Importance
0.01,82.99970410226783
AV_VF,2.389226368081868
ASA_m2_cm3,1.9915046432449524
ASA_m2_g,1.9125639209135572
cm3_g,1.873504156708747
LCD,1.7331035289131447
AV_cm3_g,1.6404948764898515
PLD,1.6217167998749493
Has_OMS,1.1862495601004002
LFPD,1.0706273735108804
NASA_m2_g,0.8523024773985434
NASA_m2_cm3,0.6335764729913603
NAV_cm3_g,0.0954257195039218
