Feature,Importance
0.1,84.38239665697405
Has_OMS,2.3102096651022404
AV_VF,2.086072491536601
cm3_g,1.9505236943887365
ASA_m2_cm3,1.6669263138579393
ASA_m2_g,1.6340837018259646
AV_cm3_g,1.5603453839222285
LCD,1.1779091967631303
LFPD,1.1175365629969716
PLD,0.9289842734481588
NASA_m2_g,0.6870408603283639
NASA_m2_cm3,0.4409258254152457
NAV_cm3_g,0.05704537344033962
