{
  "R2": 0.9655579349446075,
  "MAE": 0.01936955255228763,
  "RMSE": 0.004774370685353765,
  "MAPE(%)": 2.9778694847890765
}