temp,lowp,outp,seed,mode,qt_frac,train_ratio,out_root,model,R2,MAE,RMSE,MAPE(%)
273K,0.1,1,2026,lowq,0.05,0.5,./RUN_FULL_EXP,cat,0.9655579349446075,0.01936955255228763,0.004774370685353765,2.9778694847890765
