{
  "R2": 0.9662870241978492,
  "MAE": 0.15272028584029113,
  "RMSE": 0.06261289908546744,
  "MAPE(%)": 5.257626164859256
}