{
  "R2": 0.9830201967737255,
  "MAE": 0.03438670343194708,
  "RMSE": 0.003010504912702989,
  "MAPE(%)": 3.136827302875014
}