Feature,Importance
0.5,80.8831081387588
ASA_m2_g,3.103114576719484
AV_cm3_g,3.092615313907808
AV_VF,2.479197650897331
ASA_m2_cm3,2.23062055848568
cm3_g,2.200693588066671
Has_OMS,1.4704674309449601
LCD,1.271027133324051
LFPD,1.0737105369302828
PLD,1.0495546407236942
NASA_m2_cm3,0.7303001104648434
NASA_m2_g,0.3447297919989466
NAV_cm3_g,0.0708605287774219
