{
  "R2": 0.9855346207267175,
  "MAE": 0.03096230053663405,
  "RMSE": 0.00239855584734909,
  "MAPE(%)": 2.8547037508005415
}