{
  "R2": 0.985314405751779,
  "MAE": 0.017554930318556546,
  "RMSE": 0.0009765445480291722,
  "MAPE(%)": 3.296189815759196
}