{
  "R2": 0.9881855093717877,
  "MAE": 0.016579171318762017,
  "RMSE": 0.0008062557390443779,
  "MAPE(%)": 3.045938676310328
}