temp,lowp,outp,seed,mode,qt_frac,train_ratio,out_root,model,R2,MAE,RMSE,MAPE(%)
273K,0.01,1,2025,struct_with_input,0.33,0.65,./RUN_FULL_EXP,cat,0.985314405751779,0.017554930318556546,0.0009765445480291722,3.296189815759196
