Feature,Importance
0.01,59.05708775886218
ASA_m2_g,10.9343220928983
ASA_m2_cm3,6.228827325305775
AV_VF,5.72570813519575
AV_cm3_g,5.61248754630179
cm3_g,2.6906295950402184
LFPD,2.6639907615871277
PLD,2.5989004493333945
Has_OMS,1.4970588875646222
LCD,1.4623512247508943
NASA_m2_cm3,0.790359937061698
NASA_m2_g,0.6703472879623187
NAV_cm3_g,0.06792899813594028
