{
  "R2": 0.94769795847058,
  "MAE": 0.1724580475868594,
  "RMSE": 0.07255746029783841,
  "MAPE(%)": 5.260379611741161
}