Feature,Importance
0.05,85.82615326770829
cm3_g,2.0902578825900098
AV_cm3_g,1.7027977882728202
LFPD,1.5658272739814802
Has_OMS,1.4401350867633056
AV_VF,1.354273166414266
ASA_m2_cm3,1.3476891349403484
PLD,1.258687435663017
ASA_m2_g,1.1294612530467143
LCD,1.0875447166033116
NASA_m2_g,0.901759962763429
NASA_m2_cm3,0.24089508614354394
NAV_cm3_g,0.05451794510947348
