{
  "R2": 0.9912240728975255,
  "MAE": 0.008910081012962293,
  "RMSE": 0.0003181295967610258,
  "MAPE(%)": 2.3912272363485942
}