Feature,Importance
0.5,90.62092921902341
ASA_m2_g,1.621568404969162
AV_cm3_g,1.009292977680674
cm3_g,0.9815950862289935
LCD,0.951469971966557
Has_OMS,0.8072690248444342
ASA_m2_cm3,0.786102803675481
PLD,0.7425147262118945
AV_VF,0.6942490599712859
NASA_m2_g,0.5862766265314804
LFPD,0.5491929099333035
NASA_m2_cm3,0.5350591926169526
NAV_cm3_g,0.11447999634638108
