{
  "R2": 0.9953674353479223,
  "MAE": 0.01087007229544691,
  "RMSE": 0.00038254185294465227,
  "MAPE(%)": 1.988278316986887
}