Feature,Importance
0.01,81.42896731427207
Has_OMS,3.047796586861406
ASA_m2_cm3,2.6185631691569498
AV_VF,2.2932211486839025
LFPD,1.9365347813366602
ASA_m2_g,1.7631213257033658
cm3_g,1.5695445539127775
LCD,1.5428384764306096
PLD,1.535166317726724
AV_cm3_g,0.972475794798365
NASA_m2_g,0.7852918985162293
NASA_m2_cm3,0.45889434663807765
NAV_cm3_g,0.04758428596286949
