{
  "R2": 0.9051113210851852,
  "MAE": 0.030626474658805032,
  "RMSE": 0.016101199535733596,
  "MAPE(%)": 4.761462199102746
}