{
  "R2": 0.9708568311353215,
  "MAE": 0.06001429522960456,
  "RMSE": 0.009361615138294897,
  "MAPE(%)": 4.042346359307757
}