Feature,Importance
0.5,92.34285721255549
ASA_m2_g,1.2285945506324598
AV_cm3_g,0.8604374951573543
ASA_m2_cm3,0.7285822498560954
Has_OMS,0.6980432364928368
cm3_g,0.6871979441833208
PLD,0.6357317585410881
LFPD,0.6135900530166695
LCD,0.6048301871088507
AV_VF,0.5637338205583788
NASA_m2_g,0.4694901631084519
NASA_m2_cm3,0.4367958469789894
NAV_cm3_g,0.13011548181001273
