{
  "R2": 0.9951381344959301,
  "MAE": 0.009806278125244866,
  "RMSE": 0.0002171848921443942,
  "MAPE(%)": 1.7848714047416159
}