temp,lowp,outp,seed,mode,qt_frac,train_ratio,out_root,model,R2,MAE,RMSE,MAPE(%)
273K,0.5,1,2027,lowq,0.6,0.5,./RUN_FULL_EXP,cat,0.9951381344959301,0.009806278125244866,0.0002171848921443942,1.7848714047416159
