{
  "R2": 0.9785824475586328,
  "MAE": 0.04227753674608313,
  "RMSE": 0.005400811041785743,
  "MAPE(%)": 4.036631358169456
}