temp,lowp,outp,seed,mode,qt_frac,train_ratio,out_root,model,R2,MAE,RMSE,MAPE(%)
313K,0.01,5,2028,lowq,0.1,0.5,./RUN_FULL_EXP,cat,0.9785824475586328,0.04227753674608313,0.005400811041785743,4.036631358169456
