Feature,Importance
HENRY,80.94838760920359
ASA_m2_cm3,2.3084577595188085
AV_VF,2.268946814579008
cm3_g,2.192122666513849
AV_cm3_g,1.9923167337775
PLD,1.9461204413967528
ASA_m2_g,1.9183167563505732
Has_OMS,1.9163804232983388
LCD,1.6053171513157602
LFPD,1.2961720504116343
NASA_m2_cm3,0.8368154219387391
NASA_m2_g,0.7245740727059597
NAV_cm3_g,0.04607209898946058
