{
  "R2": 0.9821147307910848,
  "MAE": 0.01696275446176265,
  "RMSE": 0.001458875600891365,
  "MAPE(%)": 2.9078227304737676
}