{
  "R2": 0.9585198721309773,
  "MAE": 0.24231118064747992,
  "RMSE": 0.12488023831499832,
  "MAPE(%)": 6.712917242938657
}