Feature,Importance
0.01,85.45454220632168
cm3_g,1.9162735894879173
PLD,1.698234723663976
ASA_m2_g,1.610026115447226
AV_VF,1.5952603163281618
Has_OMS,1.579013778670457
AV_cm3_g,1.511874671822377
LCD,1.4736043496067486
LFPD,1.1944184556059727
ASA_m2_cm3,1.0577822059255664
NASA_m2_cm3,0.4344635625861672
NASA_m2_g,0.4284108496928319
NAV_cm3_g,0.04609517484092313
