temp,lowp,outp,seed,mode,qt_frac,train_ratio,out_root,model,R2,MAE,RMSE,MAPE(%)
293K,0.01,1,2025,struct_with_input,0.55,0.55,./RUN_FULL_EXP,cat,0.988974970665077,0.010096900346121486,0.00022015320549242609,2.784999664578601
