{
  "R2": 0.988974970665077,
  "MAE": 0.010096900346121486,
  "RMSE": 0.00022015320549242609,
  "MAPE(%)": 2.784999664578601
}