{
  "R2": 0.9752343616986581,
  "MAE": 0.08994084618154916,
  "RMSE": 0.021285724877990676,
  "MAPE(%)": 4.962320420004443
}