{
  "R2": 0.9627742057131454,
  "MAE": 0.16491644133388514,
  "RMSE": 0.055111623888363825,
  "MAPE(%)": 5.3635502890688445
}