{
  "R2": 0.9615410321094305,
  "MAE": 0.16453230731655835,
  "RMSE": 0.05766163454358744,
  "MAPE(%)": 5.31726925639067
}