temp,lowp,outp,seed,mode,qt_frac,train_ratio,out_root,model,R2,MAE,RMSE,MAPE(%)
293K,0.1,15,2027,lowq,0.55,0.5,./RUN_FULL_EXP,cat,0.9615410321094305,0.16453230731655835,0.05766163454358744,5.31726925639067
