Feature,Importance
0.05,77.14371975611648
ASA_m2_g,4.991236078364554
ASA_m2_cm3,3.1758893040358194
AV_cm3_g,2.8436339185232575
AV_VF,2.773092007604336
cm3_g,2.1202026299970274
LCD,1.5123248867463308
PLD,1.4596188847537357
Has_OMS,1.458014648192891
LFPD,1.1613171906513502
NASA_m2_g,0.7019393643197404
NASA_m2_cm3,0.5951667681634589
NAV_cm3_g,0.0638445625310206
