{
  "R2": 0.9834934684852605,
  "MAE": 0.03495590943484084,
  "RMSE": 0.0034005882798505086,
  "MAPE(%)": 3.2423934979090268
}