temp,lowp,outp,seed,mode,qt_frac,train_ratio,out_root,model,R2,MAE,RMSE,MAPE(%)
313K,0.05,5,2026,lowq,0.2,0.5,./RUN_FULL_EXP,cat,0.9834934684852605,0.03495590943484084,0.0034005882798505086,3.2423934979090268
