{
  "R2": 0.9622152145412614,
  "MAE": 0.16680344568731484,
  "RMSE": 0.06087889460278064,
  "MAPE(%)": 5.4341018243048005
}