{
  "R2": 0.9792206415183332,
  "MAE": 0.03336511123593004,
  "RMSE": 0.002296774014235513,
  "MAPE(%)": 2.9471057932198876
}