Feature,Importance
cm3_g,15.308692370261564
AV_VF,14.062175509986433
ASA_m2_cm3,12.580477446117229
PLD,11.550881273930461
Has_OMS,10.098848635742215
ASA_m2_g,9.188906804024018
LFPD,8.981369497185275
LCD,7.942952198889468
AV_cm3_g,7.0981504119731165
NASA_m2_g,1.513953897864624
NASA_m2_cm3,1.467726731670563
NAV_cm3_g,0.20586522235500856
