{
  "R2": 0.39840848615650215,
  "MAE": 0.3811663413890221,
  "RMSE": 0.29628653708721353,
  "MAPE(%)": 36.891518264705574
}