Feature,Importance
0.1,48.830017200260606
ASA_m2_g,15.690291948340693
ASA_m2_cm3,8.180707067046175
AV_cm3_g,7.209182156891335
AV_VF,4.886176713398569
cm3_g,4.0102336138569985
PLD,2.923783558899534
LCD,2.3432922078947143
LFPD,2.3089156651028397
Has_OMS,1.7822174793608987
NASA_m2_cm3,1.006472890376088
NASA_m2_g,0.7250640184679844
NAV_cm3_g,0.10364548010353294
