{
  "R2": 0.9582827522726198,
  "MAE": 0.2344983877364099,
  "RMSE": 0.11604829586073669,
  "MAPE(%)": 6.21590338856903
}