Feature,Importance
0.5,89.62823373814481
AV_cm3_g,1.8279868854779118
Has_OMS,1.7189673078828809
ASA_m2_g,1.2251514215216417
cm3_g,1.0092754796123071
LCD,0.9463181810341086
LFPD,0.8245599052053422
AV_VF,0.7791564896829242
NASA_m2_cm3,0.6648363275360835
PLD,0.6058107816874798
ASA_m2_cm3,0.47870816500028657
NASA_m2_g,0.21569642992554047
NAV_cm3_g,0.07529888728867787
