{
  "R2": 0.9963887495502648,
  "MAE": 0.006214130349846287,
  "RMSE": 0.00010763603520567324,
  "MAPE(%)": 1.7295117762518784
}