Feature,Importance
0.01,80.93009200991204
AV_cm3_g,3.0112227436571244
Has_OMS,2.7875447850728583
cm3_g,2.4282025136558665
LFPD,2.3404170620227274
ASA_m2_g,1.739375774345921
LCD,1.6020811685798768
AV_VF,1.22114646789326
NASA_m2_cm3,1.0948779682635539
PLD,1.0390247022032284
ASA_m2_cm3,1.0056345469678765
NASA_m2_g,0.7176796264743335
NAV_cm3_g,0.08270063095129972
