{
  "R2": 0.9897090223916676,
  "MAE": 0.01139894589720779,
  "RMSE": 0.00038252841800372027,
  "MAPE(%)": 3.3027950531829395
}