Feature,Importance
HENRY,72.67624669537881
ASA_m2_g,6.2346207833987055
ASA_m2_cm3,4.183979359493875
AV_VF,3.5240872379093027
cm3_g,2.3835696786229015
AV_cm3_g,2.3814527912900774
LCD,2.2019186116333755
Has_OMS,1.962771270532628
PLD,1.7908139490330708
LFPD,1.53762064674867
NASA_m2_cm3,0.651243797237387
NASA_m2_g,0.37921474708647285
NAV_cm3_g,0.09246043163469686
