{
  "R2": 0.9667523683237546,
  "MAE": 0.05829233450342849,
  "RMSE": 0.008907228433681252,
  "MAPE(%)": 3.9189340837829567
}