temp,lowp,outp,seed,mode,qt_frac,train_ratio,out_root,model,R2,MAE,RMSE,MAPE(%)
293K,HENRY,5,2029,lowq,0.55,0.5,./RUN_FULL_EXP,cat,0.9667523683237546,0.05829233450342849,0.008907228433681252,3.9189340837829567
