{
  "R2": 0.9799271922881354,
  "MAE": 0.034483452959565286,
  "RMSE": 0.002560062293799778,
  "MAPE(%)": 3.1263508332071317
}