Feature,Importance
0.01,51.969054546582896
ASA_m2_g,14.35791575214216
ASA_m2_cm3,7.528520811217129
AV_cm3_g,6.250033158457593
AV_VF,5.015567029182723
cm3_g,3.918576074833769
PLD,2.923164053110293
LCD,2.5823916928257553
LFPD,2.1227507832800487
Has_OMS,1.810496985628125
NASA_m2_cm3,0.7729000971926246
NASA_m2_g,0.661526957212621
NAV_cm3_g,0.0871020583342611
