{
  "R2": 0.9514535784317881,
  "MAE": 0.2452804875285924,
  "RMSE": 0.11913989638784064,
  "MAPE(%)": 6.301150767043939
}