{
  "R2": 0.9621939704778633,
  "MAE": 0.07292065901414106,
  "RMSE": 0.018294805520770244,
  "MAPE(%)": 5.261140260173071
}