temp,lowp,outp,seed,mode,qt_frac,train_ratio,out_root,model,R2,MAE,RMSE,MAPE(%)
273K,0.05,5,2028,lowq,0.4,0.5,./RUN_FULL_EXP,cat,0.9583578521446334,0.10059637372126881,0.02495956047608258,5.15969844245253
