{
  "R2": 0.9583578521446334,
  "MAE": 0.10059637372126881,
  "RMSE": 0.02495956047608258,
  "MAPE(%)": 5.15969844245253
}