{
  "R2": 0.9675749445030923,
  "MAE": 0.16927721031717555,
  "RMSE": 0.06263072917081244,
  "MAPE(%)": 5.942497846031267
}