Feature,Importance
0.05,87.58426106373551
AV_cm3_g,2.06224710345857
cm3_g,1.6976033855406858
Has_OMS,1.5370378528350095
ASA_m2_cm3,1.443871758076214
LCD,1.3201770635939063
LFPD,0.9988473413546082
AV_VF,0.9738611498872191
PLD,0.89416216755221
NASA_m2_g,0.5750959410241601
ASA_m2_g,0.48166929077613085
NASA_m2_cm3,0.38206853135035124
NAV_cm3_g,0.049097350815419286
