{
  "R2": 0.9939503146992537,
  "MAE": 0.005475455590207682,
  "RMSE": 0.00011886668202542905,
  "MAPE(%)": 2.170043728771621
}