temp,lowp,outp,seed,mode,qt_frac,train_ratio,out_root,model,R2,MAE,RMSE,MAPE(%)
313K,0.05,1,2028,lowq,0.15,0.5,./RUN_FULL_EXP,cat,0.9939503146992537,0.005475455590207682,0.00011886668202542905,2.170043728771621
