{
  "R2": 0.989661213640314,
  "MAE": 0.009801192282290897,
  "RMSE": 0.0002245383590735126,
  "MAPE(%)": 2.7745871475402244
}