Feature,Importance
PLD,13.154438737658799
Has_OMS,12.866228096179183
AV_VF,11.852090377260495
ASA_m2_cm3,11.24025096185933
cm3_g,10.994031734410079
LCD,10.758908230023518
LFPD,9.609738960744938
AV_cm3_g,9.187206468626625
ASA_m2_g,6.128738216760307
NASA_m2_cm3,1.916341473540316
NASA_m2_g,1.897424625805
NAV_cm3_g,0.39460211713140675
