{
  "R2": 0.4028990427815451,
  "MAE": 0.1842886753875212,
  "RMSE": 0.09107853970041493,
  "MAPE(%)": 52.48536338165183
}