Feature,Importance
0.1,87.47769729504418
AV_cm3_g,2.1531347253857995
cm3_g,1.7949607287653813
ASA_m2_g,1.3219043742642904
Has_OMS,1.2307273876701086
LCD,1.2287307439760735
LFPD,1.0456902826048065
AV_VF,0.9230214395823801
ASA_m2_cm3,0.8332025127901663
PLD,0.6895922741616076
NASA_m2_cm3,0.6152387408679033
NASA_m2_g,0.6009220944397529
NAV_cm3_g,0.08517740044754835
