{
  "R2": 0.9719811717461713,
  "MAE": 0.009340989438259287,
  "RMSE": 0.0012035252135904084,
  "MAPE(%)": 2.399399408996752
}