{
  "R2": 0.3062120628806634,
  "MAE": 0.20461897438641508,
  "RMSE": 0.10676919032502075,
  "MAPE(%)": 55.61366614957143
}