temp,lowp,outp,seed,mode,qt_frac,train_ratio,out_root,model,R2,MAE,RMSE,MAPE(%)
273K,0.01,1,2028,struct,0.0,0.15,./RUN_FULL_EXP,cat,0.3062120628806634,0.20461897438641508,0.10676919032502075,55.61366614957143
