{
  "R2": 0.29628768875195277,
  "MAE": 0.20562007301308957,
  "RMSE": 0.11599687516689455,
  "MAPE(%)": 58.73144510576851
}