Feature,Importance
0.01,58.133431559513866
ASA_m2_g,12.95739863778254
ASA_m2_cm3,6.060742984646729
AV_VF,4.557416841759513
AV_cm3_g,4.243018700388833
cm3_g,4.01943036532988
LFPD,2.3778825112647914
PLD,2.3244749971698435
LCD,2.2071261418192676
Has_OMS,1.4349131274381042
NASA_m2_cm3,0.9575403593611765
NASA_m2_g,0.6024159508530197
NAV_cm3_g,0.12420782267243868
