{
  "R2": 0.9867388055635408,
  "MAE": 0.013805562412144017,
  "RMSE": 0.0004592046866775996,
  "MAPE(%)": 2.506573176144093
}