Feature,Importance
0.1,85.32247232302491
AV_cm3_g,2.432964107358116
AV_VF,1.628941134027498
ASA_m2_g,1.626697117271239
ASA_m2_cm3,1.5059300821048895
LCD,1.3937316461979457
Has_OMS,1.3415411057133284
PLD,1.315409920516346
cm3_g,1.202302492876371
LFPD,0.9616200081782283
NASA_m2_cm3,0.8780229886615332
NASA_m2_g,0.3092973777094305
NAV_cm3_g,0.08106969636017163
