{
  "R2": 0.9878914323141843,
  "MAE": 0.014383848620456335,
  "RMSE": 0.0005845367573055943,
  "MAPE(%)": 2.609009722094412
}