Feature,Importance
0.05,51.98754178170905
ASA_m2_g,11.938689990879812
ASA_m2_cm3,8.435821786067473
AV_cm3_g,6.967646719884409
AV_VF,5.0215987675610005
cm3_g,3.930851971249488
LCD,2.9039618996296177
PLD,2.7641930192192063
LFPD,2.3745841668119754
Has_OMS,1.808812664959688
NASA_m2_cm3,1.2213185198554948
NASA_m2_g,0.5311845562198723
NAV_cm3_g,0.11379415595290815
