temp,lowp,outp,seed,mode,qt_frac,train_ratio,out_root,model,R2,MAE,RMSE,MAPE(%)
273K,0.05,15,2029,lowq,0.5,0.5,./RUN_FULL_EXP,cat,0.9489309731640039,0.24363033291883923,0.13525309013198,6.258614590398129
