{
  "R2": 0.9489309731640039,
  "MAE": 0.24363033291883923,
  "RMSE": 0.13525309013198,
  "MAPE(%)": 6.258614590398129
}