Feature,Importance
HENRY,64.05349224503446
ASA_m2_g,11.179949408031241
ASA_m2_cm3,6.149084129205703
AV_VF,4.149319966682807
AV_cm3_g,3.7606640423376443
cm3_g,2.5477930810866947
PLD,1.9573338511674974
LCD,1.884163879280827
LFPD,1.556328288641216
Has_OMS,1.2635905987007137
NASA_m2_cm3,0.7228168626784306
NASA_m2_g,0.694191964873447
NAV_cm3_g,0.0812716822793175
