{
  "R2": 0.9693965531246678,
  "MAE": 0.10816358323594885,
  "RMSE": 0.02370102382059552,
  "MAPE(%)": 4.238451687073362
}