Feature,Importance
0.01,71.6782966031103
ASA_m2_g,6.239304323767592
ASA_m2_cm3,4.6539239301618816
AV_VF,3.697951590979304
AV_cm3_g,3.011964659368029
cm3_g,2.573718263732002
LCD,1.7990636416538526
LFPD,1.7865104552517963
PLD,1.6837858107681227
Has_OMS,1.5393678406389453
NASA_m2_cm3,0.7436006771622613
NASA_m2_g,0.5023657437887721
NAV_cm3_g,0.09014645961713635
