{
  "R2": 0.9698966493661784,
  "MAE": 0.0675639641414448,
  "RMSE": 0.013357233536968776,
  "MAPE(%)": 4.752953566391076
}