Feature,Importance
HENRY,85.29087370367331
cm3_g,2.1617867703451394
LCD,1.9013472316614957
AV_cm3_g,1.686063630618804
Has_OMS,1.6193738512318463
LFPD,1.5170107004528597
AV_VF,1.4919457149034863
PLD,1.3996758417809865
ASA_m2_cm3,1.121180918631286
ASA_m2_g,1.0677125040736004
NASA_m2_cm3,0.4325026760809614
NASA_m2_g,0.2685676255649063
NAV_cm3_g,0.04195883098134564
