{
  "R2": 0.9957384961345457,
  "MAE": 0.004310654087276893,
  "RMSE": 6.073104420715717e-05,
  "MAPE(%)": 1.6709646337455992
}