Feature,Importance
0.01,74.95355511695033
cm3_g,4.060708662068202
PLD,3.1637691334019307
AV_VF,3.099585791932392
ASA_m2_cm3,2.6117466930721736
LFPD,2.4718183780966445
ASA_m2_g,2.326009945555342
Has_OMS,2.3231439896943775
LCD,2.034359879485753
AV_cm3_g,1.1561895795109218
NASA_m2_g,0.937601341681589
NASA_m2_cm3,0.7808464449029743
NAV_cm3_g,0.08066504364734406
