{
  "R2": 0.8487912320549871,
  "MAE": 0.04780596442554402,
  "RMSE": 0.025133849085688883,
  "MAPE(%)": 11.258313430864755
}