temp,lowp,outp,seed,mode,qt_frac,train_ratio,out_root,model,R2,MAE,RMSE,MAPE(%)
273K,0.01,1,2027,struct_with_input,0.0,0.05,./RUN_FULL_EXP,cat,0.9318988383422728,0.036839904216513106,0.010281210839609426,7.764965590639841
