{
  "R2": 0.984915319414669,
  "MAE": 0.017573952634517415,
  "RMSE": 0.0010240564773305828,
  "MAPE(%)": 3.319929744938663
}