{
  "R2": 0.982147588068019,
  "MAE": 0.056919877960860614,
  "RMSE": 0.007302495972404988,
  "MAPE(%)": 5.003783159818025
}