{
  "R2": 0.9405513754850842,
  "MAE": 0.02579487176579172,
  "RMSE": 0.010112370549924914,
  "MAPE(%)": 4.050532974468745
}