{
  "R2": 0.9544210927459948,
  "MAE": 0.023299944649334155,
  "RMSE": 0.0069162327893876295,
  "MAPE(%)": 3.765383522374329
}