Feature,Importance
0.01,71.5174591251676
ASA_m2_g,5.992677377313977
ASA_m2_cm3,5.266259002966822
AV_VF,3.5065364179158536
AV_cm3_g,2.70187132990708
cm3_g,2.6256069614114725
PLD,2.195840543854097
LFPD,2.1098625542953666
LCD,1.6236163598561852
Has_OMS,1.4451366955537392
NASA_m2_g,0.4991150946782449
NASA_m2_cm3,0.4596841827590612
NAV_cm3_g,0.05633435432051174
