{
  "R2": 0.965927898619543,
  "MAE": 0.07188380517572682,
  "RMSE": 0.01666273067703041,
  "MAPE(%)": 5.13090340573832
}