Feature,Importance
0.01,54.81743202640815
ASA_m2_g,14.631794692308736
AV_VF,6.039394855573409
ASA_m2_cm3,5.831132724347041
AV_cm3_g,4.3937202580514105
cm3_g,4.075236366594429
PLD,2.7630536832726524
LCD,2.1527688027161225
LFPD,2.114346800002569
Has_OMS,1.7480643480057514
NASA_m2_cm3,0.7485114774045681
NASA_m2_g,0.6263129284026785
NAV_cm3_g,0.05823103691246832
