Feature,Importance
0.01,69.46006408320352
ASA_m2_g,7.170992178499496
ASA_m2_cm3,6.112408128624764
AV_VF,4.135676270040724
AV_cm3_g,2.376776954968934
LCD,2.3144819374219168
cm3_g,2.0117608860042013
PLD,1.9508150974943315
LFPD,1.9006905697308019
Has_OMS,1.3512773416833626
NASA_m2_cm3,0.6265376012544941
NASA_m2_g,0.549109985366509
NAV_cm3_g,0.03940896570693306
