temp,lowp,outp,seed,mode,qt_frac,train_ratio,out_root,model,R2,MAE,RMSE,MAPE(%)
293K,0.01,5,2025,struct_with_input,0.38,0.75,./RUN_FULL_EXP,cat,0.9705666569621823,0.06090161793796209,0.009120319882330705,4.326551474626905
