{
  "R2": 0.9705666569621823,
  "MAE": 0.06090161793796209,
  "RMSE": 0.009120319882330705,
  "MAPE(%)": 4.326551474626905
}