Feature,Importance
0.01,80.45803759623647
Has_OMS,3.468254047249744
ASA_m2_cm3,3.2129354479588663
AV_VF,2.756998270070003
AV_cm3_g,1.9067417197054293
cm3_g,1.587211334525277
ASA_m2_g,1.5539182989629856
PLD,1.3651100994334595
LFPD,1.2964518218895704
LCD,1.250882173361186
NASA_m2_cm3,0.7364236012047419
NASA_m2_g,0.35556491060410195
NAV_cm3_g,0.051470678798141316
