{
  "R2": 0.9484491124697962,
  "MAE": 0.025072305846776513,
  "RMSE": 0.008814409484390917,
  "MAPE(%)": 3.85340580922025
}