{
  "R2": 0.9570981676029304,
  "MAE": 0.10535117992009177,
  "RMSE": 0.0309620472877917,
  "MAPE(%)": 5.313318996100111
}