Feature,Importance
0.01,65.06858920681898
ASA_m2_g,7.63431821412049
ASA_m2_cm3,6.407519192823834
AV_VF,4.687041350239842
AV_cm3_g,3.247879249092668
LCD,2.751591791550691
cm3_g,2.5397367905586368
PLD,2.399820121464666
LFPD,2.3626738933792506
Has_OMS,1.6836189946060145
NASA_m2_cm3,0.732007310376809
NASA_m2_g,0.4521636569872957
NAV_cm3_g,0.033040227980821776
