temp,lowp,outp,seed,mode,qt_frac,train_ratio,out_root,model,R2,MAE,RMSE,MAPE(%)
273K,0.01,5,2029,lowq,0.15,0.5,./RUN_FULL_EXP,cat,0.9594692521141459,0.10739196943657148,0.030348465643346683,5.557336995391161
