{
  "R2": 0.9594692521141459,
  "MAE": 0.10739196943657148,
  "RMSE": 0.030348465643346683,
  "MAPE(%)": 5.557336995391161
}