{
  "R2": 0.9690357233493178,
  "MAE": 0.06473752515144843,
  "RMSE": 0.009775524991553378,
  "MAPE(%)": 4.538451136464384
}