Feature,Importance
0.5,91.76107046336027
AV_cm3_g,1.2137818821518438
cm3_g,1.1682184178979689
LCD,1.0046940884238145
ASA_m2_g,0.8405238520410645
AV_VF,0.8331327881826678
Has_OMS,0.7973744274940281
PLD,0.6682318502564417
LFPD,0.6354188748078009
ASA_m2_cm3,0.567503618927693
NASA_m2_cm3,0.3361127651478344
NAV_cm3_g,0.116478077268944
NASA_m2_g,0.05745889403964201
