{
  "R2": 0.9967636847912884,
  "MAE": 0.0034294534714585734,
  "RMSE": 2.2441420609552552e-05,
  "MAPE(%)": 1.2807392215909164
}