temp,lowp,outp,seed,mode,qt_frac,train_ratio,out_root,model,R2,MAE,RMSE,MAPE(%)
313K,0.5,1,2028,lowq,0.75,0.5,./RUN_FULL_EXP,cat,0.9967636847912884,0.0034294534714585734,2.2441420609552552e-05,1.2807392215909164
