Feature,Importance
0.1,72.80860635125208
ASA_m2_g,5.638803112282084
AV_VF,4.323986767438833
ASA_m2_cm3,4.118891287418033
AV_cm3_g,3.441017264163667
PLD,2.121829409822446
LFPD,1.676566127934052
LCD,1.6221578210680654
Has_OMS,1.616916135866635
cm3_g,1.5808863067473156
NASA_m2_cm3,0.5365188988304613
NASA_m2_g,0.4337966345280237
NAV_cm3_g,0.08002388264830741
