{
  "R2": 0.9754318018273688,
  "MAE": 0.057207739668057124,
  "RMSE": 0.008542492519826993,
  "MAPE(%)": 3.9550043621131468
}