{
  "R2": 0.9861571518296974,
  "MAE": 0.03083438446342168,
  "RMSE": 0.0022041930747693996,
  "MAPE(%)": 2.8040234681102505
}