temp,lowp,outp,seed,mode,qt_frac,train_ratio,out_root,model,R2,MAE,RMSE,MAPE(%)
313K,0.5,5,2027,lowq,0.45,0.5,./RUN_FULL_EXP,cat,0.9861571518296974,0.03083438446342168,0.0022041930747693996,2.8040234681102505
