{
  "R2": 0.9686053195525173,
  "MAE": 0.11056076730586903,
  "RMSE": 0.02522027296242562,
  "MAPE(%)": 4.3347901913410665
}