Feature,Importance
HENRY,59.82905774981464
ASA_m2_g,8.949842775038006
ASA_m2_cm3,7.823214578145672
AV_cm3_g,5.50768790957805
AV_VF,4.812800242666513
cm3_g,3.900313969282797
PLD,2.4999887818283
LCD,1.9254600196749543
LFPD,1.8930640467896447
Has_OMS,1.8209562913350108
NASA_m2_g,0.4795093735281114
NASA_m2_cm3,0.46191541810376274
NAV_cm3_g,0.09618884421455029
