{
  "R2": 0.9535029675136314,
  "MAE": 0.16906900918875487,
  "RMSE": 0.0716995172335,
  "MAPE(%)": 5.442098069395043
}