{
  "R2": 0.9506345057171516,
  "MAE": 0.2501738431450884,
  "RMSE": 0.1321815352680243,
  "MAPE(%)": 6.601418829565664
}