temp,lowp,outp,seed,mode,qt_frac,train_ratio,out_root,model,R2,MAE,RMSE,MAPE(%)
273K,0.01,15,2027,lowq,0.45,0.5,./RUN_FULL_EXP,cat,0.9506345057171516,0.2501738431450884,0.1321815352680243,6.601418829565664
