{
  "R2": 0.9494967681256864,
  "MAE": 0.24696522021791897,
  "RMSE": 0.13489099921888023,
  "MAPE(%)": 6.320545446261707
}