Feature,Importance
0.5,50.44232103604939
ASA_m2_g,13.902878713927342
AV_cm3_g,8.647175066631089
ASA_m2_cm3,7.9434724762272655
AV_VF,4.6095057007493745
cm3_g,4.1999537918322885
PLD,2.772817295459385
LFPD,2.2039745863239872
LCD,2.1948459346033884
Has_OMS,1.3072342359369755
NASA_m2_cm3,0.994570140727619
NASA_m2_g,0.6369172353973439
NAV_cm3_g,0.14433378613455142
