{
  "R2": 0.9559752248435157,
  "MAE": 0.22562505454086937,
  "RMSE": 0.1159110534024858,
  "MAPE(%)": 5.8005491040207895
}