Feature,Importance
0.5,76.55833650547991
ASA_m2_cm3,3.8806150532297914
ASA_m2_g,3.6008028163656816
AV_VF,3.2610153454202173
AV_cm3_g,3.2049859239044256
cm3_g,1.8246624517313892
Has_OMS,1.7154824406223836
LFPD,1.648354093721579
LCD,1.5547089830441163
PLD,1.5382880635989478
NASA_m2_g,0.5642915344077952
NASA_m2_cm3,0.5573379511584132
NAV_cm3_g,0.09111883731536298
