temp,lowp,outp,seed,mode,qt_frac,train_ratio,out_root,model,R2,MAE,RMSE,MAPE(%)
293K,0.5,5,2028,lowq,0.4,0.5,./RUN_FULL_EXP,cat,0.9775308525161202,0.05250360518474078,0.006851429399709472,3.55171223982762
