{
  "R2": 0.9775308525161202,
  "MAE": 0.05250360518474078,
  "RMSE": 0.006851429399709472,
  "MAPE(%)": 3.55171223982762
}