Feature,Importance
HENRY,52.51727556972137
ASA_m2_g,14.44690104456805
ASA_m2_cm3,7.204537466746458
AV_cm3_g,6.185196272182625
AV_VF,5.146299008402984
cm3_g,3.4693935712045847
PLD,2.736889424326576
LCD,2.5418421067268198
LFPD,2.2664299781882242
Has_OMS,1.4076499862099245
NASA_m2_g,1.0547458529068927
NASA_m2_cm3,0.9344885845091989
NAV_cm3_g,0.08835113430629804
