{
  "R2": 0.95327711531311,
  "MAE": 0.23786342820723969,
  "RMSE": 0.11498679235028579,
  "MAPE(%)": 6.06282226132705
}