{
  "R2": 0.9680599421330941,
  "MAE": 0.06384248238866803,
  "RMSE": 0.010616916738258384,
  "MAPE(%)": 4.4331277232683455
}