Feature,Importance
0.1,60.268298428431834
ASA_m2_g,9.127945465868715
AV_cm3_g,6.837315078057915
ASA_m2_cm3,6.4245207363921955
AV_VF,5.618752568455951
cm3_g,2.8132385830434514
LCD,2.095041065782402
PLD,1.9617177788686444
LFPD,1.747759423248409
Has_OMS,1.4122308338740597
NASA_m2_g,0.8202849618177536
NASA_m2_cm3,0.8017740328168341
NAV_cm3_g,0.07112104334186048
