{
  "R2": 0.967534230053682,
  "MAE": 0.11244418641257316,
  "RMSE": 0.02500648042781121,
  "MAPE(%)": 4.487021280447577
}