{
  "R2": 0.9620685154229021,
  "MAE": 0.07283888472330187,
  "RMSE": 0.016161005266535706,
  "MAPE(%)": 5.239541366375963
}