{
  "R2": 0.956243831676562,
  "MAE": 0.16947177194489893,
  "RMSE": 0.06551092067262317,
  "MAPE(%)": 5.549040454025924
}