Feature,Importance
HENRY,86.28411716727703
cm3_g,2.0569841850433788
AV_cm3_g,1.9088089159340693
LCD,1.6309105746118144
ASA_m2_g,1.491375542014643
PLD,1.3844128348856768
ASA_m2_cm3,1.2957674386685987
Has_OMS,1.0843810923051018
AV_VF,0.8336617615710166
LFPD,0.8310008295387947
NASA_m2_g,0.6376803782415089
NASA_m2_cm3,0.4712870411864571
NAV_cm3_g,0.08961223872190908
