{
  "R2": 0.988634836124301,
  "MAE": 0.004968080587431908,
  "RMSE": 0.00019471981633228437,
  "MAPE(%)": 1.9829334126179612
}