temp,lowp,outp,seed,mode,qt_frac,train_ratio,out_root,model,R2,MAE,RMSE,MAPE(%)
313K,HENRY,1,2026,lowq,0.15,0.5,./RUN_FULL_EXP,cat,0.988634836124301,0.004968080587431908,0.00019471981633228437,1.9829334126179612
