Feature,Importance
HENRY,85.69094439476204
cm3_g,2.1954075947737426
AV_cm3_g,1.8352166519736328
LCD,1.7324923851883631
Has_OMS,1.4296876568241939
PLD,1.3957799845337242
ASA_m2_g,1.3756866201378748
LFPD,1.1658181076130316
AV_VF,1.0072881051424638
ASA_m2_cm3,0.9521935585486736
NASA_m2_g,0.6351487900131084
NASA_m2_cm3,0.5280514309183526
NAV_cm3_g,0.05628471957077873
