temp,lowp,outp,seed,mode,qt_frac,train_ratio,out_root,model,R2,MAE,RMSE,MAPE(%)
313K,HENRY,1,2027,lowq,0.75,0.5,./RUN_FULL_EXP,cat,0.9951870342383063,0.0037945066837840203,3.402139835689532e-05,1.4136432754074357
