{
  "R2": 0.9951870342383063,
  "MAE": 0.0037945066837840203,
  "RMSE": 3.402139835689532e-05,
  "MAPE(%)": 1.4136432754074357
}