temp,lowp,outp,seed,mode,qt_frac,train_ratio,out_root,model,R2,MAE,RMSE,MAPE(%)
273K,0.01,1,2026,lowq,0.15,0.5,./RUN_FULL_EXP,cat,0.9832759763606734,0.0194337715085284,0.001556763600138545,3.5885859744054884
