{
  "R2": 0.9832759763606734,
  "MAE": 0.0194337715085284,
  "RMSE": 0.001556763600138545,
  "MAPE(%)": 3.5885859744054884
}