temp,lowp,outp,seed,mode,qt_frac,train_ratio,out_root,model,R2,MAE,RMSE,MAPE(%)
293K,0.01,5,2026,struct,0.0,0.4,./RUN_FULL_EXP,cat,0.5401401019276767,0.32838526290341147,0.22139627201053766,32.20733877664289
