{
  "R2": 0.5401401019276767,
  "MAE": 0.32838526290341147,
  "RMSE": 0.22139627201053766,
  "MAPE(%)": 32.20733877664289
}