{
  "R2": 0.9626635486955851,
  "MAE": 0.007751349579647923,
  "RMSE": 0.0015140503232092138,
  "MAPE(%)": 2.338463729612195
}