{
  "R2": 0.9816809127654801,
  "MAE": 0.05520942640295937,
  "RMSE": 0.008765725752649143,
  "MAPE(%)": 3.992216375368554
}