{
  "R2": 0.5607796585893075,
  "MAE": 0.3222212467667922,
  "RMSE": 0.21117080967599713,
  "MAPE(%)": 31.362906296554836
}