Feature,Importance
0.5,91.4136640738828
cm3_g,1.420585271862079
AV_cm3_g,1.3294713540754928
LCD,0.8769730218472207
AV_VF,0.8735806671069561
PLD,0.7961567734296748
ASA_m2_cm3,0.7294083240485029
ASA_m2_g,0.6877330384324878
Has_OMS,0.6383222121976074
LFPD,0.44648747637761765
NASA_m2_g,0.3590305426486944
NASA_m2_cm3,0.34861597398349803
NAV_cm3_g,0.07997127010731235
