{
  "R2": 0.9969234473516827,
  "MAE": 0.003524891421318638,
  "RMSE": 2.4207519871145397e-05,
  "MAPE(%)": 1.3425833470836315
}