temp,lowp,outp,seed,mode,qt_frac,train_ratio,out_root,model,R2,MAE,RMSE,MAPE(%)
313K,0.5,1,2028,lowq,0.65,0.5,./RUN_FULL_EXP,cat,0.9969234473516827,0.003524891421318638,2.4207519871145397e-05,1.3425833470836315
