Feature,Importance
0.5,91.81594126568277
cm3_g,1.8217173860113718
AV_cm3_g,1.198271869500972
LCD,0.7246655038199573
AV_VF,0.7150100334959912
Has_OMS,0.6888515722253634
ASA_m2_cm3,0.6209562497024849
ASA_m2_g,0.5298597560131497
PLD,0.5066355540406235
NASA_m2_cm3,0.46457472658833376
LFPD,0.44237795690665666
NASA_m2_g,0.3432199616004937
NAV_cm3_g,0.12791816441185452
