{
  "R2": 0.9967110272327251,
  "MAE": 0.006050261158132503,
  "RMSE": 0.00010813300172240956,
  "MAPE(%)": 1.6782575109402529
}