temp,lowp,outp,seed,mode,qt_frac,train_ratio,out_root,model,R2,MAE,RMSE,MAPE(%)
293K,0.5,1,2026,lowq,0.25,0.5,./RUN_FULL_EXP,cat,0.9967110272327251,0.006050261158132503,0.00010813300172240956,1.6782575109402529
