{
  "R2": 0.9964954011648,
  "MAE": 0.00592869912759695,
  "RMSE": 7.70023135978948e-05,
  "MAPE(%)": 1.6366657442619232
}