Feature,Importance
0.01,66.20406920398071
ASA_m2_cm3,7.236622474153191
ASA_m2_g,5.5749055637420675
AV_VF,4.228663757064424
AV_cm3_g,3.9668570291668077
PLD,2.4464058050139115
cm3_g,2.4034872168442307
LCD,2.3173584929841566
LFPD,2.1703727562444564
Has_OMS,2.0429854514529917
NASA_m2_cm3,0.7286208439601921
NASA_m2_g,0.5814203900022151
NAV_cm3_g,0.09823101539062289
