{
  "R2": 0.9566289809222828,
  "MAE": 0.10562513966930044,
  "RMSE": 0.02666107196358091,
  "MAPE(%)": 5.448546939996116
}