{
  "R2": 0.9667521473695254,
  "MAE": 0.15659047341244756,
  "RMSE": 0.05072715970405618,
  "MAPE(%)": 5.083158721353506
}