{
  "R2": 0.9517338260169739,
  "MAE": 0.23811729721580613,
  "RMSE": 0.12549671065705575,
  "MAPE(%)": 6.141506069241
}