{
  "R2": 0.9612392916145377,
  "MAE": 0.23037905650151508,
  "RMSE": 0.11470780011982047,
  "MAPE(%)": 6.2943951980313395
}