{
  "R2": 0.9537921815433632,
  "MAE": 0.24117778759788983,
  "RMSE": 0.11876084563579327,
  "MAPE(%)": 6.2079127191518
}