Feature,Importance
0.01,63.73236746904554
ASA_m2_cm3,6.703839336620893
ASA_m2_g,6.569635298588684
AV_VF,5.930770652471854
AV_cm3_g,3.160288649181582
PLD,2.6213234892938932
cm3_g,2.615948384575958
LFPD,2.5711438916045384
LCD,2.414032041521243
Has_OMS,1.9518309755720171
NASA_m2_cm3,1.1784222113788436
NASA_m2_g,0.48804885928799774
NAV_cm3_g,0.062348740856951586
