{
  "R2": 0.9483991180065766,
  "MAE": 0.1033439644560778,
  "RMSE": 0.023748516865321277,
  "MAPE(%)": 5.136980801018309
}