temp,lowp,outp,seed,mode,qt_frac,train_ratio,out_root,model,R2,MAE,RMSE,MAPE(%)
273K,0.01,5,2029,lowq,0.75,0.5,./RUN_FULL_EXP,cat,0.9483991180065766,0.1033439644560778,0.023748516865321277,5.136980801018309
