Feature,Importance
0.05,76.6437079306669
ASA_m2_g,5.1325474541900595
ASA_m2_cm3,3.280962670838575
AV_VF,2.985378995203583
AV_cm3_g,2.9800833615793896
cm3_g,1.8157572454120556
LCD,1.6401393598895206
LFPD,1.4640657261278676
PLD,1.4025416043921535
Has_OMS,1.218179218421855
NASA_m2_cm3,0.6856175397714636
NASA_m2_g,0.6285968620120495
NAV_cm3_g,0.12242203149452172
