temp,lowp,outp,seed,mode,qt_frac,train_ratio,out_root,model,R2,MAE,RMSE,MAPE(%)
313K,0.05,5,2027,lowq,0.05,0.5,./RUN_FULL_EXP,cat,0.9793316823876752,0.03821461052408882,0.0053185143393927915,3.556243649888872
