{
  "R2": 0.9793316823876752,
  "MAE": 0.03821461052408882,
  "RMSE": 0.0053185143393927915,
  "MAPE(%)": 3.556243649888872
}