Feature,Importance
HENRY,77.77323737665884
ASA_m2_g,4.324948151377088
ASA_m2_cm3,3.336922154562378
AV_cm3_g,2.9233774394159755
AV_VF,2.700868482213183
cm3_g,2.346882448889578
LCD,1.6258187966363409
Has_OMS,1.437187345514396
LFPD,1.2132536434232775
PLD,1.1859630869788806
NASA_m2_cm3,0.6669807678673082
NASA_m2_g,0.39860097613751694
NAV_cm3_g,0.0659593303252517
