temp,lowp,outp,seed,mode,qt_frac,train_ratio,out_root,model,R2,MAE,RMSE,MAPE(%)
313K,HENRY,5,2029,lowq,0.7,0.5,./RUN_FULL_EXP,cat,0.9776132875272244,0.032916136988371966,0.002746780546844869,2.9426029721263927
