{
  "R2": 0.9776132875272244,
  "MAE": 0.032916136988371966,
  "RMSE": 0.002746780546844869,
  "MAPE(%)": 2.9426029721263927
}