{
  "R2": 0.9848971577242188,
  "MAE": 0.019254366569481617,
  "RMSE": 0.001230807198421648,
  "MAPE(%)": 3.5703582482110163
}