{
  "R2": 0.9815062446092823,
  "MAE": 0.019335991794077648,
  "RMSE": 0.0014806660092211022,
  "MAPE(%)": 3.572260532813318
}