Feature,Importance
HENRY,52.73529700789064
ASA_m2_g,15.4639578283292
ASA_m2_cm3,6.882833369591299
AV_cm3_g,5.901695513484638
AV_VF,5.487631907801905
cm3_g,3.2107034963787346
PLD,3.088898321409992
LCD,2.6651544322512133
LFPD,1.703499415899897
Has_OMS,1.1653737641491393
NASA_m2_g,0.9451645883165921
NASA_m2_cm3,0.6851150334523114
NAV_cm3_g,0.0646753210444444
