{
  "R2": 0.9504543719681726,
  "MAE": 0.2419985349304838,
  "RMSE": 0.1344349264103596,
  "MAPE(%)": 6.424763259933301
}