{
  "R2": 0.9678674396856791,
  "MAE": 0.02203606099030855,
  "RMSE": 0.005193626461370486,
  "MAPE(%)": 3.3692050804763807
}