{
  "R2": 0.9732522023528365,
  "MAE": 0.019765021150620034,
  "RMSE": 0.0033562850227592165,
  "MAPE(%)": 3.289074432322721
}