Feature,Importance
HENRY,53.04623445694374
ASA_m2_g,12.637487069069147
ASA_m2_cm3,7.490194770342875
AV_cm3_g,6.355386737733747
AV_VF,5.5769620329387415
cm3_g,3.5747030431645257
PLD,3.4044524458500254
LFPD,2.432012802017007
LCD,2.109869651804455
Has_OMS,1.8623179785142614
NASA_m2_cm3,0.8854384598994568
NASA_m2_g,0.5347523584923164
NAV_cm3_g,0.09018819322966813
