temp,lowp,outp,seed,mode,qt_frac,train_ratio,out_root,model,R2,MAE,RMSE,MAPE(%)
273K,HENRY,15,2028,lowq,0.65,0.5,./RUN_FULL_EXP,cat,0.9526928526366125,0.23755652368508412,0.1166714843498965,6.119543612124732
