{
  "R2": 0.9526928526366125,
  "MAE": 0.23755652368508412,
  "RMSE": 0.1166714843498965,
  "MAPE(%)": 6.119543612124732
}