Feature,Importance
0.01,82.638330659793
Has_OMS,3.432297012982345
PLD,2.8030143957474727
LCD,2.1642835369005353
ASA_m2_cm3,1.6430357061318437
AV_cm3_g,1.491531131060924
AV_VF,1.4630234964960347
cm3_g,1.4199524812933166
ASA_m2_g,1.0753245831359717
LFPD,1.0630178923288012
NASA_m2_cm3,0.40590250265347744
NAV_cm3_g,0.2306777940489242
NASA_m2_g,0.1696088074273412
