{
  "R2": 0.9321480025919602,
  "MAE": 0.01969763622417253,
  "RMSE": 0.004790358764669436,
  "MAPE(%)": 6.035495588035771
}