{
  "R2": 0.9686585777425625,
  "MAE": 0.08914767540727445,
  "RMSE": 0.017879466041038728,
  "MAPE(%)": 4.461857582983654
}