Feature,Importance
0.01,82.22945881536552
ASA_m2_cm3,2.1527481921235805
cm3_g,2.0947133517563166
PLD,2.0290051176445525
AV_VF,2.024567277255537
ASA_m2_g,1.9156116725903032
LFPD,1.6486706312640838
AV_cm3_g,1.5646057935616327
Has_OMS,1.498651359339808
LCD,1.1722448415946116
NASA_m2_cm3,0.9791968524655983
NASA_m2_g,0.6170132968093679
NAV_cm3_g,0.07351279822910578
