{
  "R2": 0.9863760226201037,
  "MAE": 0.01739573464861194,
  "RMSE": 0.000831968994761001,
  "MAPE(%)": 3.207270094315641
}