temp,lowp,outp,seed,mode,qt_frac,train_ratio,out_root,model,R2,MAE,RMSE,MAPE(%)
293K,HENRY,5,2027,lowq,0.55,0.5,./RUN_FULL_EXP,cat,0.9685755329105209,0.057051349822160674,0.008632284862682154,3.8287440500702283
