{
  "R2": 0.9685755329105209,
  "MAE": 0.057051349822160674,
  "RMSE": 0.008632284862682154,
  "MAPE(%)": 3.8287440500702283
}