{
  "R2": 0.9845801898723157,
  "MAE": 0.029224559328646444,
  "RMSE": 0.002011137641240557,
  "MAPE(%)": 2.6466218333436937
}