{
  "R2": 0.9889577175791974,
  "MAE": 0.009409851613754577,
  "RMSE": 0.0005573053536761405,
  "MAPE(%)": 2.4685299048487446
}