{
  "R2": 0.9797212321020599,
  "MAE": 0.010929521899337194,
  "RMSE": 0.0011368436073804196,
  "MAPE(%)": 2.7314673485384873
}