temp,lowp,outp,seed,mode,qt_frac,train_ratio,out_root,model,R2,MAE,RMSE,MAPE(%)
293K,0.05,1,2029,lowq,0.1,0.5,./RUN_FULL_EXP,cat,0.9797212321020599,0.010929521899337194,0.0011368436073804196,2.7314673485384873
