Feature,Importance
0.01,64.15886753896132
ASA_m2_cm3,7.244609956102794
ASA_m2_g,6.450996153748548
AV_VF,4.914303497855375
AV_cm3_g,3.0660925208281733
LCD,2.8229850318496057
PLD,2.708402545414637
cm3_g,2.527308681816263
LFPD,2.454136749673571
Has_OMS,1.8739962717441718
NASA_m2_cm3,0.8337125625894395
NASA_m2_g,0.8101407507024846
NAV_cm3_g,0.1344477387136258
