{
  "R2": 0.9622340852727312,
  "MAE": 0.10604574035941426,
  "RMSE": 0.02612709116783598,
  "MAPE(%)": 5.383988218036988
}