temp,lowp,outp,seed,mode,qt_frac,train_ratio,out_root,model,R2,MAE,RMSE,MAPE(%)
273K,0.01,5,2025,lowq,0.25,0.5,./RUN_FULL_EXP,cat,0.9622340852727312,0.10604574035941426,0.02612709116783598,5.383988218036988
