{
  "R2": 0.9878797439431504,
  "MAE": 0.0058711525173341834,
  "RMSE": 0.00029399725834163324,
  "MAPE(%)": 2.20526116862558
}