temp,lowp,outp,seed,mode,qt_frac,train_ratio,out_root,model,R2,MAE,RMSE,MAPE(%)
313K,0.05,1,2025,lowq,0.1,0.5,./RUN_FULL_EXP,cat,0.9878797439431504,0.0058711525173341834,0.00029399725834163324,2.20526116862558
