{
  "R2": 0.9791201645789926,
  "MAE": 0.03413149454898648,
  "RMSE": 0.0025668693612622365,
  "MAPE(%)": 3.074258676480576
}