Feature,Importance
0.01,83.82400788667843
AV_cm3_g,2.541180702567209
cm3_g,2.4618568583220544
Has_OMS,1.8369365837237834
AV_VF,1.744138028094833
LFPD,1.4511373090237354
ASA_m2_cm3,1.4237162876884706
PLD,1.399995241744861
LCD,1.1584667853446369
NASA_m2_cm3,0.923554371047893
ASA_m2_g,0.7132400137363684
NASA_m2_g,0.4567234607393967
NAV_cm3_g,0.06504647128830938
