{
  "R2": 0.990673194329003,
  "MAE": 0.010465883776075293,
  "RMSE": 0.0002884785587662465,
  "MAPE(%)": 2.88566759349896
}