Feature,Importance
HENRY,80.29341951940688
cm3_g,2.5257119226943137
AV_VF,2.4836405396633916
ASA_m2_g,2.461418499339143
ASA_m2_cm3,2.1761518510484934
PLD,1.9613720889161244
Has_OMS,1.9169998818261522
LFPD,1.6323665044507771
LCD,1.546094156977147
AV_cm3_g,1.500582763537432
NASA_m2_g,0.7414820418036012
NASA_m2_cm3,0.724477763847238
NAV_cm3_g,0.0362824664892911
