temp,lowp,outp,seed,mode,qt_frac,train_ratio,out_root,model,R2,MAE,RMSE,MAPE(%)
273K,HENRY,1,2027,lowq,0.5,0.5,./RUN_FULL_EXP,cat,0.985719860732429,0.01528526765236411,0.0007585037260291862,2.7249901073969665
