{
  "R2": 0.985719860732429,
  "MAE": 0.01528526765236411,
  "RMSE": 0.0007585037260291862,
  "MAPE(%)": 2.7249901073969665
}