Feature,Importance
0.1,53.135091037144996
ASA_m2_g,12.731495631996648
ASA_m2_cm3,8.023716025357794
AV_VF,5.232365726294946
cm3_g,4.732910461916638
AV_cm3_g,4.703865490585095
LCD,3.0757532898555824
PLD,2.615820306714232
LFPD,2.3121843730068954
Has_OMS,1.6618480194979117
NASA_m2_cm3,1.029190182174003
NASA_m2_g,0.6688292550925058
NAV_cm3_g,0.07693020036277852
