temp,lowp,outp,seed,mode,qt_frac,train_ratio,out_root,model,R2,MAE,RMSE,MAPE(%)
273K,0.1,15,2029,lowq,0.5,0.5,./RUN_FULL_EXP,cat,0.9508983598817242,0.2376412444582065,0.12604065954733357,6.138367143303141
