{
  "R2": 0.9508983598817242,
  "MAE": 0.2376412444582065,
  "RMSE": 0.12604065954733357,
  "MAPE(%)": 6.138367143303141
}