Feature,Importance
cm3_g,13.496293684595583
AV_VF,13.361588978570566
ASA_m2_cm3,12.009755554504379
PLD,11.599568397070568
ASA_m2_g,10.314511566695435
Has_OMS,9.799306844108294
LFPD,9.705135290018916
LCD,8.715722612273586
AV_cm3_g,6.968573193553282
NASA_m2_cm3,2.126339093140426
NASA_m2_g,1.729412924301099
NAV_cm3_g,0.17379186116784953
