{
  "R2": 0.4635353440374047,
  "MAE": 0.34954001176561034,
  "RMSE": 0.2680434595291046,
  "MAPE(%)": 32.91400656621441
}