temp,lowp,outp,seed,mode,qt_frac,train_ratio,out_root,model,R2,MAE,RMSE,MAPE(%)
293K,0.01,5,2026,lowq,0.35,0.5,./RUN_FULL_EXP,cat,0.9693182307421007,0.06359037399467392,0.00986813054940419,4.466805219897745
