{
  "R2": 0.9693182307421007,
  "MAE": 0.06359037399467392,
  "RMSE": 0.00986813054940419,
  "MAPE(%)": 4.466805219897745
}