{
  "R2": 0.9531088440611815,
  "MAE": 0.2417139954449105,
  "RMSE": 0.11663260979160321,
  "MAPE(%)": 6.237038612934123
}