{
  "R2": 0.967800303078952,
  "MAE": 0.06127377019813696,
  "RMSE": 0.010232092239481405,
  "MAPE(%)": 4.286236901492453
}