Feature,Importance
0.05,71.46687142659715
ASA_m2_g,6.149303644693207
ASA_m2_cm3,4.768180050942521
AV_cm3_g,3.4556842573282838
AV_VF,3.305715898658782
LCD,2.0618135593413687
cm3_g,2.0072974249879056
LFPD,1.849696314261394
Has_OMS,1.768266442480553
PLD,1.654276307694396
NASA_m2_g,0.7524311855937922
NASA_m2_cm3,0.6830783629756018
NAV_cm3_g,0.07738512444507244
