{
  "R2": 0.9702098900001377,
  "MAE": 0.06348115147618956,
  "RMSE": 0.013445497086470564,
  "MAPE(%)": 4.399053738294929
}