Feature,Importance
0.5,92.01484734047733
AV_cm3_g,1.1199499871684715
cm3_g,1.050118898498227
AV_VF,0.9757427127527414
ASA_m2_g,0.8535147506651413
Has_OMS,0.7963633575646464
PLD,0.6883784140251679
LFPD,0.6852610836687504
ASA_m2_cm3,0.6631298272839142
LCD,0.5216659511099031
NASA_m2_cm3,0.33306307099445465
NASA_m2_g,0.18316301526010198
NAV_cm3_g,0.11480159053115278
