temp,lowp,outp,seed,mode,qt_frac,train_ratio,out_root,model,R2,MAE,RMSE,MAPE(%)
293K,0.5,1,2028,lowq,0.5,0.5,./RUN_FULL_EXP,cat,0.9963613515789792,0.005928891913389545,7.99462651395255e-05,1.5943482264152204
