{
  "R2": 0.9963613515789792,
  "MAE": 0.005928891913389545,
  "RMSE": 7.99462651395255e-05,
  "MAPE(%)": 1.5943482264152204
}