{
  "R2": 0.982619361414792,
  "MAE": 0.0476758339566832,
  "RMSE": 0.008123704091619846,
  "MAPE(%)": 3.1119941463687137
}