Feature,Importance
0.01,84.62118935586415
ASA_m2_cm3,3.3897975840666628
AV_VF,1.8751240647501735
PLD,1.676183605956111
ASA_m2_g,1.4890006087948089
LCD,1.2499704378634755
cm3_g,1.1970761578954754
Has_OMS,1.1832458278558087
LFPD,1.1151660480093593
AV_cm3_g,1.0703140508181566
NASA_m2_g,0.5396717307967742
NASA_m2_cm3,0.5182550286888702
NAV_cm3_g,0.0750054986401821
