{
  "R2": 0.9709964104056412,
  "MAE": 0.0229345773479772,
  "RMSE": 0.004482952545529748,
  "MAPE(%)": 3.9025514330089432
}