{
  "R2": 0.9360795853871616,
  "MAE": 0.026137191679842603,
  "RMSE": 0.010490917511278229,
  "MAPE(%)": 4.096283901383879
}