temp,lowp,outp,seed,mode,qt_frac,train_ratio,out_root,model,R2,MAE,RMSE,MAPE(%)
273K,0.01,1,2026,struct_with_input,0.0,0.55,./RUN_FULL_EXP,cat,0.9360795853871616,0.026137191679842603,0.010490917511278229,4.096283901383879
