Feature,Importance
0.5,79.94058068509126
ASA_m2_g,4.4613758556370895
AV_VF,3.100605133967442
AV_cm3_g,2.9351028675075908
ASA_m2_cm3,2.1836862520331985
cm3_g,1.671810870397181
LCD,1.4779667604883986
Has_OMS,1.3879550774946672
PLD,1.1131983693308432
LFPD,1.1111717185390966
NASA_m2_g,0.32853198806642614
NASA_m2_cm3,0.2496524816759213
NAV_cm3_g,0.03836193977086872
