{
  "R2": 0.9884333332671358,
  "MAE": 0.030847574724646897,
  "RMSE": 0.002443111776600428,
  "MAPE(%)": 2.9489863687612585
}