Feature,Importance
0.5,63.32435709337078
ASA_m2_g,10.301939716272006
ASA_m2_cm3,5.390674659337524
AV_VF,5.195261822707792
AV_cm3_g,4.794040241041472
cm3_g,2.7865729283779532
PLD,1.967616472675006
LCD,1.8020840531510227
LFPD,1.5659902520867277
Has_OMS,1.309554982726568
NASA_m2_g,0.8699688013320044
NASA_m2_cm3,0.6112246892184598
NAV_cm3_g,0.08071428770267924
