{
  "R2": 0.9712494724806511,
  "MAE": 0.10574520514115526,
  "RMSE": 0.02271141609325662,
  "MAPE(%)": 4.184085426801521
}