{
  "R2": 0.9776032725650237,
  "MAE": 0.05735433750240816,
  "RMSE": 0.010878583383454023,
  "MAPE(%)": 4.333923501281331
}