Feature,Importance
PLD,13.990019053889252
cm3_g,13.333514123683699
AV_VF,12.350222214399794
ASA_m2_cm3,11.368576034310575
Has_OMS,10.434872264492691
LFPD,10.048863935337865
ASA_m2_g,9.540211051496057
AV_cm3_g,8.223215234874802
LCD,7.379555905445556
NASA_m2_g,1.5636535668900955
NASA_m2_cm3,1.4233255086364023
NAV_cm3_g,0.3439711065432097
