{
  "R2": 0.945548281403415,
  "MAE": 0.026150612752789633,
  "RMSE": 0.008139701267812023,
  "MAPE(%)": 4.280963984259599
}