{
  "R2": 0.9208661874050411,
  "MAE": 0.028113931802623723,
  "RMSE": 0.013324966589732113,
  "MAPE(%)": 4.492297297792439
}