{
  "R2": 0.4342386408245076,
  "MAE": 0.3632944505758323,
  "RMSE": 0.28275518691690843,
  "MAPE(%)": 33.04910222012053
}