{
  "R2": 0.9844790212103596,
  "MAE": 0.01009377118702129,
  "RMSE": 0.000862248174399973,
  "MAPE(%)": 2.5373631658249867
}