Feature,Importance
0.01,88.0237057431452
AV_VF,1.5589904171000735
cm3_g,1.548075016141501
LCD,1.519091866981537
AV_cm3_g,1.326327808043493
ASA_m2_cm3,1.2768068872600034
PLD,1.2067672956227224
ASA_m2_g,0.9109013583873287
LFPD,0.8033715739032068
Has_OMS,0.6774560318017129
NASA_m2_cm3,0.6495758811898503
NASA_m2_g,0.40732682527166264
NAV_cm3_g,0.09160329515169634
