{
  "R2": 0.9903746974891827,
  "MAE": 0.006710102032170999,
  "RMSE": 8.223389150098291e-05,
  "MAPE(%)": 2.6611849943882335
}