{
  "R2": 0.921993851835466,
  "MAE": 0.09350876431066338,
  "RMSE": 0.024348594241344407,
  "MAPE(%)": 7.688514605788469
}