Feature,Importance
0.01,82.7326670282462
ASA_m2_g,2.540102894672154
PLD,2.314337441134898
ASA_m2_cm3,2.0847657403362776
Has_OMS,1.8741637019297703
cm3_g,1.6986186255696378
NASA_m2_cm3,1.5833031599364462
AV_VF,1.4828130881423356
LFPD,1.198562896644263
AV_cm3_g,0.9461586320493154
LCD,0.8261457364629069
NASA_m2_g,0.5822540192716851
NAV_cm3_g,0.13610703560414614
