{
  "R2": 0.8927570918796751,
  "MAE": 0.033806149212865025,
  "RMSE": 0.01842218889922786,
  "MAPE(%)": 5.831040432612758
}