temp,lowp,outp,seed,mode,qt_frac,train_ratio,out_root,model,R2,MAE,RMSE,MAPE(%)
293K,HENRY,15,2028,lowq,0.05,0.5,./RUN_FULL_EXP,cat,0.9669140739643346,0.16278011161989075,0.060638007933242956,5.6794510322666705
