{
  "R2": 0.9669140739643346,
  "MAE": 0.16278011161989075,
  "RMSE": 0.060638007933242956,
  "MAPE(%)": 5.6794510322666705
}