{
  "R2": 0.9626315116985077,
  "MAE": 0.11422156320616714,
  "RMSE": 0.03773074882742988,
  "MAPE(%)": 4.620134268913618
}