Feature,Importance
0.5,92.59333063894135
cm3_g,1.3621981241736083
AV_cm3_g,1.067460333217484
ASA_m2_cm3,0.7352903773080894
LCD,0.7234899041747356
AV_VF,0.6708541312885878
Has_OMS,0.6507449386477897
LFPD,0.5353267926442864
PLD,0.47781774191502385
ASA_m2_g,0.46827377284571414
NASA_m2_g,0.2843020171703777
NASA_m2_cm3,0.26151522094721413
NAV_cm3_g,0.16939600672570262
