{
  "R2": 0.9615215288834644,
  "MAE": 0.10111353721519666,
  "RMSE": 0.026311130567173633,
  "MAPE(%)": 5.21435840134645
}