{
  "R2": 0.8779627058537194,
  "MAE": 0.11464503233931622,
  "RMSE": 0.03439611203919885,
  "MAPE(%)": 9.283880204651005
}