Feature,Importance
0.01,53.125803667290036
ASA_m2_g,15.13786075610478
ASA_m2_cm3,6.170419786399033
AV_cm3_g,5.668720288822197
AV_VF,5.085404131458672
cm3_g,3.748108039807915
PLD,3.091184530885459
LCD,2.6383598444812626
LFPD,2.0464966061154612
Has_OMS,1.1933583501172902
NASA_m2_g,1.0225818891266731
NASA_m2_cm3,0.9396859977340002
NAV_cm3_g,0.13201611165721275
