{
  "R2": 0.9484689118042063,
  "MAE": 0.24653079431557323,
  "RMSE": 0.12907732186094303,
  "MAPE(%)": 6.22592459405613
}