Feature,Importance
0.01,53.714053917758825
ASA_m2_g,13.292628058501942
AV_cm3_g,6.9345858005843635
ASA_m2_cm3,6.295141838731781
AV_VF,5.485072542145521
cm3_g,4.402473247677759
LCD,2.514808468622075
PLD,2.3387859078907236
LFPD,2.035290815230049
Has_OMS,1.4677968607049425
NASA_m2_cm3,0.9797499549216472
NASA_m2_g,0.44268397073730936
NAV_cm3_g,0.09692861649307682
