{
  "R2": 0.9620323222061895,
  "MAE": 0.168325607401376,
  "RMSE": 0.0610387688782862,
  "MAPE(%)": 5.473181242133595
}