{
  "R2": 0.952907804846344,
  "MAE": 0.022538392179527755,
  "RMSE": 0.002815213943652119,
  "MAPE(%)": 7.7543930128087535
}