{
  "R2": 0.9685561022404978,
  "MAE": 0.11087077663615134,
  "RMSE": 0.02452369773570509,
  "MAPE(%)": 4.390369408720025
}