Feature,Importance
0.01,63.486877689995104
ASA_m2_cm3,7.326166647498558
ASA_m2_g,7.147886612060679
AV_VF,4.9295015730244724
AV_cm3_g,3.587198995766089
PLD,2.6348483208428477
LCD,2.5663863529155613
LFPD,2.335975161634419
cm3_g,2.181052747647216
Has_OMS,1.7061636851908182
NASA_m2_g,1.1855054695816567
NASA_m2_cm3,0.8602959274997641
NAV_cm3_g,0.05214081634280655
