{
  "R2": 0.9524123749920493,
  "MAE": 0.10090606491943696,
  "RMSE": 0.022246102348549644,
  "MAPE(%)": 5.070235739778548
}