temp,lowp,outp,seed,mode,qt_frac,train_ratio,out_root,model,R2,MAE,RMSE,MAPE(%)
273K,0.01,5,2026,lowq,0.7,0.5,./RUN_FULL_EXP,cat,0.9524123749920493,0.10090606491943696,0.022246102348549644,5.070235739778548
