{
  "R2": 0.9676441633983882,
  "MAE": 0.06959969338679428,
  "RMSE": 0.016410086282209167,
  "MAPE(%)": 4.769022614036535
}