{
  "R2": 0.9745667755742577,
  "MAE": 0.057970183345074665,
  "RMSE": 0.008629200120421582,
  "MAPE(%)": 4.0252549895523195
}