{
  "R2": 0.9596746785439455,
  "MAE": 0.16976311778645808,
  "RMSE": 0.058222540323378806,
  "MAPE(%)": 5.404015200378316
}