Feature,Importance
0.01,83.82576419424998
AV_VF,2.4630566246277596
Has_OMS,2.3312711700301674
ASA_m2_cm3,2.0252471930414995
AV_cm3_g,1.6266319736640138
ASA_m2_g,1.5701712256362235
LCD,1.466593929508649
PLD,1.4232595149689367
cm3_g,1.3688236254825517
LFPD,0.9956178179519481
NASA_m2_cm3,0.6418076972637555
NASA_m2_g,0.23411495672229976
NAV_cm3_g,0.02764007685218334
