{
  "R2": 0.9518302339378376,
  "MAE": 0.025512902239168692,
  "RMSE": 0.007645477857328983,
  "MAPE(%)": 4.167962012618707
}