{
  "R2": 0.9368942574706358,
  "MAE": 0.025403776587573413,
  "RMSE": 0.01124987003430923,
  "MAPE(%)": 4.125299976143504
}