{
  "R2": 0.9619716187038426,
  "MAE": 0.15509414768252006,
  "RMSE": 0.06223838352553426,
  "MAPE(%)": 5.191529785993736
}