Feature,Importance
0.1,72.99090286386974
ASA_m2_g,5.173843567382583
ASA_m2_cm3,4.271557695290026
AV_VF,3.901854960277785
cm3_g,2.7099726086501317
AV_cm3_g,2.65728861462797
Has_OMS,2.032795819483317
LCD,1.8715274891539506
PLD,1.5475188672731508
LFPD,1.5288163678889428
NASA_m2_cm3,0.822489837749833
NASA_m2_g,0.4341722071744822
NAV_cm3_g,0.05725910117809037
