temp,lowp,outp,seed,mode,qt_frac,train_ratio,out_root,model,R2,MAE,RMSE,MAPE(%)
293K,0.1,5,2029,lowq,0.65,0.5,./RUN_FULL_EXP,cat,0.970083396585575,0.05718179888358949,0.007394974121195802,3.9151868447655342
