{
  "R2": 0.970083396585575,
  "MAE": 0.05718179888358949,
  "RMSE": 0.007394974121195802,
  "MAPE(%)": 3.9151868447655342
}