{
  "R2": 0.9753510551928262,
  "MAE": 0.060377709735843686,
  "RMSE": 0.009828065804708064,
  "MAPE(%)": 4.202101834109711
}