temp,lowp,outp,seed,mode,qt_frac,train_ratio,out_root,model,R2,MAE,RMSE,MAPE(%)
293K,0.05,5,2027,lowq,0.2,0.5,./RUN_FULL_EXP,cat,0.9753510551928262,0.060377709735843686,0.009828065804708064,4.202101834109711
