{
  "R2": 0.9496608130566377,
  "MAE": 0.015263748612403467,
  "RMSE": 0.0037210338550917074,
  "MAPE(%)": 3.6209029164659388
}