{
  "R2": 0.9708910118641619,
  "MAE": 0.060804213562961076,
  "RMSE": 0.011560857487972035,
  "MAPE(%)": 4.228230971898403
}