temp,lowp,outp,seed,mode,qt_frac,train_ratio,out_root,model,R2,MAE,RMSE,MAPE(%)
293K,HENRY,5,2026,lowq,0.15,0.5,./RUN_FULL_EXP,cat,0.9708910118641619,0.060804213562961076,0.011560857487972035,4.228230971898403
