{
  "R2": 0.9943508128446081,
  "MAE": 0.0038036230490814055,
  "RMSE": 3.692176004202105e-05,
  "MAPE(%)": 1.4109805863147926
}