Feature,Importance
0.05,85.53878872503581
AV_VF,1.8604104547450782
cm3_g,1.8296124228254305
Has_OMS,1.7995953890152983
AV_cm3_g,1.6997906504173426
LFPD,1.5544027907419846
ASA_m2_g,1.3565475558361026
PLD,1.075054239561564
ASA_m2_cm3,1.0352441715570737
LCD,0.9936073780285342
NASA_m2_cm3,0.7085599649141175
NASA_m2_g,0.4913055124688854
NAV_cm3_g,0.05708074485275721
