{
  "R2": 0.9923468255182678,
  "MAE": 0.00829443737590681,
  "RMSE": 0.00020378505184172186,
  "MAPE(%)": 2.2448429029796038
}