Feature,Importance
HENRY,51.01925807312092
ASA_m2_g,16.03940769900615
ASA_m2_cm3,8.487723630019333
AV_VF,5.173659270629008
AV_cm3_g,4.732509349301237
cm3_g,3.9831898485011203
PLD,2.763632136123079
LCD,2.4970315971696126
LFPD,2.222642466782961
Has_OMS,1.1563041419335105
NASA_m2_g,0.936299967229533
NASA_m2_cm3,0.8824998505614441
NAV_cm3_g,0.10584196962209251
