{
  "R2": 0.9467956031884065,
  "MAE": 0.24205254463855033,
  "RMSE": 0.12847968602455195,
  "MAPE(%)": 6.071158976912903
}