{
  "R2": 0.9699752703124206,
  "MAE": 0.1676064930480145,
  "RMSE": 0.05952392323514187,
  "MAPE(%)": 5.863397886752468
}