{
  "R2": 0.9931522961299217,
  "MAE": 0.03101377075864831,
  "RMSE": 0.0024098878515777028,
  "MAPE(%)": 2.428342230192566
}