{
  "R2": 0.9600809409862429,
  "MAE": 0.10344722993807214,
  "RMSE": 0.028320480165803533,
  "MAPE(%)": 5.265352693829085
}