temp,lowp,outp,seed,mode,qt_frac,train_ratio,out_root,model,R2,MAE,RMSE,MAPE(%)
273K,HENRY,5,2025,lowq,0.3,0.5,./RUN_FULL_EXP,cat,0.9600809409862429,0.10344722993807214,0.028320480165803533,5.265352693829085
