Feature,Importance
0.5,56.00523312039809
ASA_m2_g,15.322075474504878
AV_VF,5.962011834965072
ASA_m2_cm3,5.172257058965434
AV_cm3_g,5.167987311600806
cm3_g,2.998667903079408
LFPD,2.477069155947336
PLD,2.390901025230747
LCD,2.266761597027764
Has_OMS,0.9891293731811825
NASA_m2_cm3,0.7810447156981882
NASA_m2_g,0.3992992796661499
NAV_cm3_g,0.06756214973497332
