{
  "R2": 0.9715611112460738,
  "MAE": 0.15170506450667107,
  "RMSE": 0.050162378254300054,
  "MAPE(%)": 5.11159844267265
}