Feature,Importance
0.1,85.0386855887004
AV_cm3_g,2.3383346533374043
AV_VF,1.8401596215805747
ASA_m2_g,1.5708149788314623
PLD,1.4495896949064477
Has_OMS,1.4495450520248971
ASA_m2_cm3,1.377404089758171
cm3_g,1.234596372356481
LCD,1.1026801854841757
LFPD,0.9824071868972667
NASA_m2_cm3,0.7926832527824684
NASA_m2_g,0.7381349385337579
NAV_cm3_g,0.08496438480651604
