{
  "R2": 0.9881976967842637,
  "MAE": 0.015188628051323235,
  "RMSE": 0.000815727860736426,
  "MAPE(%)": 2.7151342795508735
}