Feature,Importance
0.01,79.79197871122182
Has_OMS,3.0630998055694603
ASA_m2_g,2.8442455420682338
AV_VF,2.7136925775380205
ASA_m2_cm3,2.610606723484819
AV_cm3_g,2.0049518549345007
LFPD,1.5169892906409583
cm3_g,1.4340066344463394
LCD,1.4144748639963056
PLD,1.1755359293652576
NASA_m2_cm3,0.7519716438915433
NASA_m2_g,0.5887851960369653
NAV_cm3_g,0.08966122680576047
