{
  "R2": 0.9839286640756195,
  "MAE": 0.018060291322375806,
  "RMSE": 0.0009726265349680919,
  "MAPE(%)": 3.408603987427091
}