Feature,Importance
PLD,14.602804981444288
Has_OMS,14.075630624166678
cm3_g,13.151739372928562
AV_VF,12.729977353969762
ASA_m2_cm3,10.29114328035882
LCD,9.654345512706804
LFPD,8.348927951710197
ASA_m2_g,6.439322827652374
AV_cm3_g,6.018419108020322
NASA_m2_g,2.5381323706656613
NASA_m2_cm3,1.8044857865233375
NAV_cm3_g,0.34507082985318566
