{
  "R2": 0.367191908412839,
  "MAE": 0.19523631240886916,
  "RMSE": 0.11879468335985431,
  "MAPE(%)": 53.1058588796973
}