Feature,Importance
0.01,73.55316890341186
ASA_m2_cm3,4.495460083021257
AV_VF,3.8774609741715635
ASA_m2_g,3.4300326454352716
AV_cm3_g,3.139649765031481
cm3_g,2.7652158187709905
LCD,2.078880142548056
Has_OMS,1.9903636442947
LFPD,1.734224419510761
PLD,1.4188301223988888
NASA_m2_g,0.8753324937536621
NASA_m2_cm3,0.636482460695084
NAV_cm3_g,0.004898526956421823
