{
  "R2": 0.9467527897196877,
  "MAE": 0.09637798118200688,
  "RMSE": 0.024949088610285605,
  "MAPE(%)": 7.811149074390827
}