{
  "R2": 0.9952448475382271,
  "MAE": 0.004035759011935612,
  "RMSE": 4.300795582518218e-05,
  "MAPE(%)": 1.560236662641762
}