{
  "R2": 0.971237435911187,
  "MAE": 0.10967868045365377,
  "RMSE": 0.024502910915983396,
  "MAPE(%)": 4.466009935516229
}