{
  "R2": 0.9936543841763419,
  "MAE": 0.004655980426084286,
  "RMSE": 4.1625136958954786e-05,
  "MAPE(%)": 1.7520888345430565
}