{
  "R2": 0.4017309641511637,
  "MAE": 0.12078575017383328,
  "RMSE": 0.04327897438742843,
  "MAPE(%)": 46.63257381953461
}