Feature,Importance
0.05,75.34585840096797
ASA_m2_g,4.802467035028839
AV_VF,3.7886023295323636
ASA_m2_cm3,3.4294499465645782
AV_cm3_g,2.4647218224143006
cm3_g,2.2506948365514696
Has_OMS,2.073439101737731
LFPD,1.7122493619853316
LCD,1.5493612804257657
PLD,1.4598116096114417
NASA_m2_cm3,0.6609511052033997
NASA_m2_g,0.3569453695421682
NAV_cm3_g,0.10544780043464247
