{
  "R2": 0.9811451409028831,
  "MAE": 0.03427205581321003,
  "RMSE": 0.002689545583947429,
  "MAPE(%)": 3.1376689662280812
}