temp,lowp,outp,seed,mode,qt_frac,train_ratio,out_root,model,R2,MAE,RMSE,MAPE(%)
313K,0.05,5,2025,lowq,0.55,0.5,./RUN_FULL_EXP,cat,0.9811451409028831,0.03427205581321003,0.002689545583947429,3.1376689662280812
