Feature,Importance
0.1,78.23092946885332
ASA_m2_g,5.275393137342228
ASA_m2_cm3,2.6855554065541414
AV_cm3_g,2.66491816616234
AV_VF,2.6286190010132193
LCD,1.7893096045807821
Has_OMS,1.5020285941776041
cm3_g,1.4938762222157382
PLD,1.2791559587444135
LFPD,0.9921446049507026
NASA_m2_g,0.7601885815784527
NASA_m2_cm3,0.620217409121827
NAV_cm3_g,0.07766384470524225
