temp,lowp,outp,seed,mode,qt_frac,train_ratio,out_root,model,R2,MAE,RMSE,MAPE(%)
313K,0.1,5,2026,lowq,0.65,0.5,./RUN_FULL_EXP,cat,0.97950729503431,0.033173664333550505,0.002608850738499676,2.950644612438618
