{
  "R2": 0.97950729503431,
  "MAE": 0.033173664333550505,
  "RMSE": 0.002608850738499676,
  "MAPE(%)": 2.950644612438618
}