temp,lowp,outp,seed,mode,qt_frac,train_ratio,out_root,model,R2,MAE,RMSE,MAPE(%)
273K,0.01,1,2025,struct,0.0,0.25,./RUN_FULL_EXP,cat,0.3373542495839177,0.19578140587485912,0.10879369753844985,54.19239228306058
