{
  "R2": 0.3373542495839177,
  "MAE": 0.19578140587485912,
  "RMSE": 0.10879369753844985,
  "MAPE(%)": 54.19239228306058
}