{
  "R2": 0.9003012936188297,
  "MAE": 0.11415409709169838,
  "RMSE": 0.03118815550988203,
  "MAPE(%)": 10.029399447462426
}