{
  "R2": 0.9776767370370697,
  "MAE": 0.05201157480033971,
  "RMSE": 0.0074777614974473995,
  "MAPE(%)": 3.563427992796795
}