Feature,Importance
HENRY,81.52990065735594
AV_VF,2.4534067228078045
ASA_m2_g,2.264305757460937
ASA_m2_cm3,2.0996891831208013
cm3_g,1.9482816370082396
Has_OMS,1.8610681781407301
LFPD,1.7291611162928184
PLD,1.7216244713746838
LCD,1.535146985549357
AV_cm3_g,1.4809649547246932
NASA_m2_cm3,0.8439275036108436
NASA_m2_g,0.4878128604867246
NAV_cm3_g,0.04470997206645347
