{
  "R2": 0.9875700077504517,
  "MAE": 0.013517481317683027,
  "RMSE": 0.0005017901183266949,
  "MAPE(%)": 2.4460979078983276
}