{
  "R2": 0.8905007926159649,
  "MAE": 0.11293092428015207,
  "RMSE": 0.03247578466613346,
  "MAPE(%)": 9.34079471551088
}