Feature,Importance
cm3_g,16.898661519345758
Has_OMS,14.379348366902844
PLD,12.855113110055504
AV_VF,11.893800567312981
LCD,11.479474415598629
LFPD,8.075843474560187
ASA_m2_cm3,7.663730566962045
ASA_m2_g,6.882266156371186
AV_cm3_g,6.140346894884475
NASA_m2_g,1.8905488688329999
NASA_m2_cm3,1.5794041370571643
NAV_cm3_g,0.26146192211623964
