{
  "R2": 0.2541645929549369,
  "MAE": 0.1339874628169725,
  "RMSE": 0.05412413842707046,
  "MAPE(%)": 56.67973490385074
}