{
  "R2": 0.9951000939055366,
  "MAE": 0.0049798652531092,
  "RMSE": 6.866283926374125e-05,
  "MAPE(%)": 2.030069306028757
}