temp,lowp,outp,seed,mode,qt_frac,train_ratio,out_root,model,R2,MAE,RMSE,MAPE(%)
313K,0.05,1,2028,lowq,0.25,0.5,./RUN_FULL_EXP,cat,0.9951000939055366,0.0049798652531092,6.866283926374125e-05,2.030069306028757
