{
  "R2": 0.9891463864985028,
  "MAE": 0.009916237355685111,
  "RMSE": 0.00021716351127443672,
  "MAPE(%)": 2.7535950372288447
}