temp,lowp,outp,seed,mode,qt_frac,train_ratio,out_root,model,R2,MAE,RMSE,MAPE(%)
293K,0.01,1,2025,lowq,0.55,0.5,./RUN_FULL_EXP,cat,0.9891463864985028,0.009916237355685111,0.00021716351127443672,2.7535950372288447
