Feature,Importance
0.1,86.37904816693323
ASA_m2_cm3,2.0045723134911957
ASA_m2_g,1.7154530948126046
AV_cm3_g,1.5497019886128043
AV_VF,1.5435818641811263
PLD,1.3383466728449984
cm3_g,1.1960051453866656
LCD,1.147236288206273
Has_OMS,1.091773116124273
LFPD,0.8972664698681395
NASA_m2_g,0.4846095721741124
NASA_m2_cm3,0.4740069709708313
NAV_cm3_g,0.17839833639377117
