{
  "R2": 0.9864331786280758,
  "MAE": 0.014467900657583103,
  "RMSE": 0.0006498871839719722,
  "MAPE(%)": 2.6543476011578733
}