Feature,Importance
0.01,71.40892608359388
ASA_m2_g,4.857464574940588
AV_VF,4.675940707159076
ASA_m2_cm3,4.44164471105289
AV_cm3_g,3.2847810985442045
PLD,2.363740959193018
cm3_g,1.9885209563691282
LCD,1.9317064296505777
LFPD,1.6967260956778525
Has_OMS,1.685587164687558
NASA_m2_cm3,0.9035511510654546
NASA_m2_g,0.7299840571830417
NAV_cm3_g,0.03142601088271388
