{
  "R2": 0.9696324954267772,
  "MAE": 0.06432638654698597,
  "RMSE": 0.009647038184210364,
  "MAPE(%)": 4.4886701177445865
}