Feature,Importance
0.1,89.10681382029057
Has_OMS,1.6443467137706778
cm3_g,1.5243590819604058
AV_cm3_g,1.4352534815588294
AV_VF,1.1943720389951844
LCD,1.0756294888516182
ASA_m2_g,0.9520363294043248
PLD,0.7714073509053335
ASA_m2_cm3,0.6957094305772197
NASA_m2_cm3,0.5971009734317625
LFPD,0.5408324994202224
NASA_m2_g,0.40793450177160195
NAV_cm3_g,0.05420428906223473
