{
  "R2": 0.9953136382778968,
  "MAE": 0.004401282463341572,
  "RMSE": 3.926651086420533e-05,
  "MAPE(%)": 1.692167720770463
}