Feature,Importance
0.1,57.06804721534778
ASA_m2_g,11.372509310965308
AV_cm3_g,8.077022703529435
ASA_m2_cm3,7.458252405403254
AV_VF,4.396519746814013
LCD,2.374510762040056
cm3_g,2.269117517234394
PLD,2.194644525440297
LFPD,1.8724437073415936
Has_OMS,1.3808926574008205
NASA_m2_g,0.8024368573176197
NASA_m2_cm3,0.6609284601245905
NAV_cm3_g,0.07267413104081595
