{
  "R2": 0.9651358470553912,
  "MAE": 0.16328635993607238,
  "RMSE": 0.05862078440581313,
  "MAPE(%)": 5.515108001401874
}