temp,lowp,outp,seed,mode,qt_frac,train_ratio,out_root,model,R2,MAE,RMSE,MAPE(%)
293K,0.1,15,2026,lowq,0.25,0.5,./RUN_FULL_EXP,cat,0.9651358470553912,0.16328635993607238,0.05862078440581313,5.515108001401874
