{
  "R2": 0.9612065826639371,
  "MAE": 0.09838563493753526,
  "RMSE": 0.023496370466713514,
  "MAPE(%)": 4.951033715250444
}