{
  "R2": 0.9576802977804653,
  "MAE": 0.2327317567395997,
  "RMSE": 0.12419850965842184,
  "MAPE(%)": 6.3329381744620425
}