temp,lowp,outp,seed,mode,qt_frac,train_ratio,out_root,model,R2,MAE,RMSE,MAPE(%)
273K,0.1,15,2025,lowq,0.1,0.5,./RUN_FULL_EXP,cat,0.9576802977804653,0.2327317567395997,0.12419850965842184,6.3329381744620425
