temp,lowp,outp,seed,mode,qt_frac,train_ratio,out_root,model,R2,MAE,RMSE,MAPE(%)
293K,HENRY,5,2026,lowq,0.55,0.5,./RUN_FULL_EXP,cat,0.9709870763080092,0.056680743999124795,0.007871059276271946,3.851728878640046
