{
  "R2": 0.9709870763080092,
  "MAE": 0.056680743999124795,
  "RMSE": 0.007871059276271946,
  "MAPE(%)": 3.851728878640046
}