{
  "R2": 0.9768332926750805,
  "MAE": 0.03711762846842115,
  "RMSE": 0.005806897204034124,
  "MAPE(%)": 3.486531747173807
}