Feature,Importance
0.01,56.45424318660654
ASA_m2_g,12.546197720528435
ASA_m2_cm3,7.639470957043028
AV_VF,4.955269924502372
AV_cm3_g,4.091317721995352
cm3_g,3.877186983812522
LCD,2.593498835660897
PLD,2.323059677413067
LFPD,2.128292987300292
Has_OMS,1.7343198204888148
NASA_m2_cm3,1.042038921779356
NASA_m2_g,0.49948270373139547
NAV_cm3_g,0.11562055913790109
