{
  "R2": 0.9511908230979652,
  "MAE": 0.17747455184226885,
  "RMSE": 0.07729934372609293,
  "MAPE(%)": 5.72652692837995
}