Feature,Importance
0.05,63.63075783328287
ASA_m2_cm3,7.838736079074036
ASA_m2_g,6.40618484342756
AV_VF,5.2142070556805455
AV_cm3_g,3.52900019317134
cm3_g,2.7496614843833833
PLD,2.595176532085829
LCD,2.50529958256794
LFPD,2.1547613812586865
Has_OMS,1.64707121913873
NASA_m2_cm3,0.993919140464732
NASA_m2_g,0.6662567338446158
NAV_cm3_g,0.0689679216197187
