temp,lowp,outp,seed,mode,qt_frac,train_ratio,out_root,model,R2,MAE,RMSE,MAPE(%)
273K,0.05,5,2029,lowq,0.75,0.5,./RUN_FULL_EXP,cat,0.956799967010231,0.09595451173850027,0.019952302960363974,4.694422138008416
