{
  "R2": 0.956799967010231,
  "MAE": 0.09595451173850027,
  "RMSE": 0.019952302960363974,
  "MAPE(%)": 4.694422138008416
}