{
  "R2": 0.9511950456813523,
  "MAE": 0.08779115041762964,
  "RMSE": 0.023201654186439973,
  "MAPE(%)": 6.661027365743652
}