{
  "R2": 0.9901596231276946,
  "MAE": 0.010477035063314193,
  "RMSE": 0.0002624869907258545,
  "MAPE(%)": 3.0298697020252088
}