Feature,Importance
HENRY,77.75148579927267
ASA_m2_g,3.9936073859430294
ASA_m2_cm3,3.6287239836679817
AV_cm3_g,3.4735461946087884
AV_VF,2.5788985365762374
cm3_g,1.8163556969555148
LCD,1.6597738210689614
PLD,1.2977145742433953
Has_OMS,1.2810346618008952
LFPD,1.1828238559323128
NASA_m2_g,0.7201667258850653
NASA_m2_cm3,0.5525661250844194
NAV_cm3_g,0.06330263896071066
