{
  "R2": 0.9795679670810222,
  "MAE": 0.03359241958658757,
  "RMSE": 0.0028915198535597562,
  "MAPE(%)": 3.0303932640254705
}