{
  "R2": 0.9824204607061406,
  "MAE": 0.029405757949942952,
  "RMSE": 0.0019335822282547453,
  "MAPE(%)": 2.6316036523147015
}