temp,lowp,outp,seed,mode,qt_frac,train_ratio,out_root,model,R2,MAE,RMSE,MAPE(%)
313K,0.5,5,2029,lowq,0.75,0.5,./RUN_FULL_EXP,cat,0.9824204607061406,0.029405757949942952,0.0019335822282547453,2.6316036523147015
