temp,lowp,outp,seed,mode,qt_frac,train_ratio,out_root,model,R2,MAE,RMSE,MAPE(%)
313K,0.5,5,2025,lowq,0.15,0.5,./RUN_FULL_EXP,cat,0.9831773605615244,0.03218418094316559,0.003806958615304643,2.9752581358504653
