{
  "R2": 0.9831773605615244,
  "MAE": 0.03218418094316559,
  "RMSE": 0.003806958615304643,
  "MAPE(%)": 2.9752581358504653
}