{
  "R2": 0.9733370000907426,
  "MAE": 0.06208390363500708,
  "RMSE": 0.012596907799859449,
  "MAPE(%)": 4.225137397017966
}