{
  "R2": 0.9666308358405278,
  "MAE": 0.16442321876365731,
  "RMSE": 0.06197766194265734,
  "MAPE(%)": 5.773554753163196
}