{
  "R2": 0.960656099067261,
  "MAE": 0.16090133734879564,
  "RMSE": 0.0704867735390215,
  "MAPE(%)": 5.467811864545355
}