{
  "R2": 0.9569377986164778,
  "MAE": 0.008166629144558438,
  "RMSE": 0.001733320067438728,
  "MAPE(%)": 2.762847038741298
}