{
  "R2": 0.978942186647373,
  "MAE": 0.05244451040847115,
  "RMSE": 0.00970263642201325,
  "MAPE(%)": 3.35951749411965
}