{
  "R2": 0.9777490362632288,
  "MAE": 0.011359796664069943,
  "RMSE": 0.0016096418700543267,
  "MAPE(%)": 2.58025030361727
}