{
  "R2": 0.968056344302056,
  "MAE": 0.1104406066837086,
  "RMSE": 0.04018671987901114,
  "MAPE(%)": 4.583252863591265
}