{
  "R2": 0.9765810038105707,
  "MAE": 0.10577863107117447,
  "RMSE": 0.02498287135239088,
  "MAPE(%)": 4.498625961396798
}