Feature,Importance
0.01,81.54137100916708
ASA_m2_cm3,3.1000812922857124
Has_OMS,2.3945550511813654
ASA_m2_g,2.319438158161454
AV_VF,2.2610506986002714
PLD,1.59866667806352
cm3_g,1.586172986682812
LCD,1.4887166422663622
LFPD,1.2325907434155812
AV_cm3_g,1.1840494380407165
NASA_m2_g,0.6950350474025008
NASA_m2_cm3,0.5525780574117315
NAV_cm3_g,0.045694197320898314
