{
  "R2": 0.9762235431720074,
  "MAE": 0.021236612363283967,
  "RMSE": 0.0032901969034263086,
  "MAPE(%)": 3.7479440072127717
}