temp,lowp,outp,seed,mode,qt_frac,train_ratio,out_root,model,R2,MAE,RMSE,MAPE(%)
273K,0.01,1,2026,struct_with_input,0.0,0.8,./RUN_FULL_EXP,cat,0.9762235431720074,0.021236612363283967,0.0032901969034263086,3.7479440072127717
