temp,lowp,outp,seed,mode,qt_frac,train_ratio,out_root,model,R2,MAE,RMSE,MAPE(%)
273K,0.01,1,2026,struct_with_input,0.0,0.8,./RUN_FULL_EXP,cat,0.9404355830313569,0.024844152995011696,0.009081136589108104,3.6336280754162447
