{
  "R2": 0.40487733722561026,
  "MAE": 0.18421831416409562,
  "RMSE": 0.09823835033995601,
  "MAPE(%)": 54.51994253501062
}