{
  "R2": 0.42027566710861586,
  "MAE": 0.18148660092522706,
  "RMSE": 0.0903029666827042,
  "MAPE(%)": 54.41756144474365
}