{
  "R2": 0.9961130451789634,
  "MAE": 0.0052185868940825735,
  "RMSE": 5.40809992676042e-05,
  "MAPE(%)": 1.3836504753787688
}