temp,lowp,outp,seed,mode,qt_frac,train_ratio,out_root,model,R2,MAE,RMSE,MAPE(%)
273K,HENRY,5,2029,lowq,0.5,0.5,./RUN_FULL_EXP,cat,0.9565880822763204,0.10198744081878863,0.024674785746850787,5.218043537674726
