{
  "R2": 0.9565880822763204,
  "MAE": 0.10198744081878863,
  "RMSE": 0.024674785746850787,
  "MAPE(%)": 5.218043537674726
}