Feature,Importance
0.5,92.41490361705243
AV_cm3_g,1.4236255595701368
cm3_g,1.178591616416946
AV_VF,0.9328996962227659
LCD,0.8304823022874865
ASA_m2_g,0.5989752795463751
PLD,0.5964426442013466
Has_OMS,0.537329978049988
ASA_m2_cm3,0.4444847484392002
NASA_m2_g,0.4220386186165801
LFPD,0.3054968153174796
NASA_m2_cm3,0.18241713988540198
NAV_cm3_g,0.13231198439384326
