{
  "R2": 0.9959227927120075,
  "MAE": 0.005659462130065039,
  "RMSE": 7.119343855130341e-05,
  "MAPE(%)": 1.523793980678386
}