{
  "R2": 0.9648160461365514,
  "MAE": 0.070582901424485,
  "RMSE": 0.014821536439586029,
  "MAPE(%)": 4.930746923843525
}