Feature,Importance
0.01,57.649268818572
ASA_m2_g,13.172734868573551
ASA_m2_cm3,6.182186675582135
AV_cm3_g,5.163330242602623
AV_VF,5.00658566819701
cm3_g,2.864396174092149
LCD,2.4973824600920134
PLD,2.4104674482251593
LFPD,1.6518815563098157
Has_OMS,1.634562123909806
NASA_m2_cm3,0.9360330689279031
NASA_m2_g,0.7329022926136964
NAV_cm3_g,0.09826860230212528
