{
  "R2": 0.9605195338912924,
  "MAE": 0.17108269642805757,
  "RMSE": 0.060349894274825525,
  "MAPE(%)": 5.580453434427056
}