{
  "R2": 0.971458779891472,
  "MAE": 0.10782002683374588,
  "RMSE": 0.03591556068965329,
  "MAPE(%)": 4.698767784101222
}