temp,lowp,outp,seed,mode,qt_frac,train_ratio,out_root,model,R2,MAE,RMSE,MAPE(%)
273K,0.01,1,2027,struct,0.0,0.8,./RUN_FULL_EXP,cat,0.4165207000924217,0.18240469639296095,0.09195495452318814,46.22300308181994
