{
  "R2": 0.4165207000924217,
  "MAE": 0.18240469639296095,
  "RMSE": 0.09195495452318814,
  "MAPE(%)": 46.22300308181994
}