{
  "R2": 0.4309006203485434,
  "MAE": 0.18844732208942722,
  "RMSE": 0.09963035067667832,
  "MAPE(%)": 48.11421853950997
}