Feature,Importance
0.5,92.87391957995096
AV_cm3_g,1.23015593648358
LCD,1.068519409588346
cm3_g,0.923975407093215
AV_VF,0.832980121523534
ASA_m2_cm3,0.5705180025891694
ASA_m2_g,0.533304145601319
NASA_m2_cm3,0.44307195454535425
Has_OMS,0.4383482268698376
NASA_m2_g,0.34991824854468356
PLD,0.33556532980484666
LFPD,0.27701983741076036
NAV_cm3_g,0.12270379999440251
