{
  "R2": 0.9971242432108929,
  "MAE": 0.0036050676541324435,
  "RMSE": 2.585658546674837e-05,
  "MAPE(%)": 1.3951440259577472
}