Feature,Importance
0.5,50.84772707561296
ASA_m2_g,17.377080797678857
AV_VF,6.332988590184319
ASA_m2_cm3,6.056639537374689
AV_cm3_g,5.932070183555518
cm3_g,3.1899797483385326
PLD,2.9135429295619093
LFPD,2.4170761613153697
LCD,1.9174614101403866
Has_OMS,1.3146569429340194
NASA_m2_cm3,0.8604170677720059
NASA_m2_g,0.7437816256604324
NAV_cm3_g,0.09657792987101198
