{
  "R2": 0.9565627697281346,
  "MAE": 0.22629458471443836,
  "RMSE": 0.1024822301697386,
  "MAPE(%)": 5.8164790441764165
}