Feature,Importance
HENRY,57.846950252559346
ASA_m2_g,10.621840980739078
AV_VF,6.575785861574835
AV_cm3_g,6.564731377308621
ASA_m2_cm3,6.177707065378396
cm3_g,2.495720124090006
PLD,2.4604109883417924
LCD,2.3677316581377332
LFPD,1.9019805625223172
Has_OMS,1.522262818870842
NASA_m2_cm3,0.8673482342475263
NASA_m2_g,0.5335087389270465
NAV_cm3_g,0.06402133730244172
