{
  "R2": 0.961708173764859,
  "MAE": 0.16011021603629186,
  "RMSE": 0.05201967421021475,
  "MAPE(%)": 5.201199283183615
}