temp,lowp,outp,seed,mode,qt_frac,train_ratio,out_root,model,R2,MAE,RMSE,MAPE(%)
293K,HENRY,15,2028,lowq,0.65,0.5,./RUN_FULL_EXP,cat,0.961708173764859,0.16011021603629186,0.05201967421021475,5.201199283183615
