{
  "R2": 0.9586222464852926,
  "MAE": 0.16930508779659179,
  "RMSE": 0.07129972766320895,
  "MAPE(%)": 5.677078298148584
}