Feature,Importance
HENRY,86.07114960058914
AV_cm3_g,2.0896582856573875
cm3_g,1.725061096023059
Has_OMS,1.6660511436587928
LFPD,1.3664620757456962
ASA_m2_g,1.3414818196365859
LCD,1.3171649839877668
AV_VF,1.2637858747151782
PLD,1.0788097240000984
ASA_m2_cm3,1.023928857371092
NASA_m2_cm3,0.5966212486982777
NASA_m2_g,0.3788234336030467
NAV_cm3_g,0.08100185631392007
