temp,lowp,outp,seed,mode,qt_frac,train_ratio,out_root,model,R2,MAE,RMSE,MAPE(%)
293K,HENRY,1,2029,lowq,0.7,0.5,./RUN_FULL_EXP,cat,0.9922431809273187,0.006972007669825698,0.00012813770631013734,1.8497789339624278
