{
  "R2": 0.9922431809273187,
  "MAE": 0.006972007669825698,
  "RMSE": 0.00012813770631013734,
  "MAPE(%)": 1.8497789339624278
}