Feature,Importance
0.1,77.50715256813761
ASA_m2_g,5.668292460747688
AV_VF,3.427383409393529
ASA_m2_cm3,2.4908103735205622
AV_cm3_g,2.080805286686879
cm3_g,1.9826992509735817
LFPD,1.5846265368471064
LCD,1.5727952722188816
PLD,1.3445179464640367
Has_OMS,1.3263217015678923
NASA_m2_g,0.4778822874187611
NASA_m2_cm3,0.4583674878936233
NAV_cm3_g,0.07834541812983696
