{
  "R2": 0.9832577654566669,
  "MAE": 0.03441479897292804,
  "RMSE": 0.0035486210095319877,
  "MAPE(%)": 3.2410447738342194
}