temp,lowp,outp,seed,mode,qt_frac,train_ratio,out_root,model,R2,MAE,RMSE,MAPE(%)
273K,0.1,5,2026,lowq,0.1,0.5,./RUN_FULL_EXP,cat,0.9670550948301797,0.1002861063425781,0.026186736431712855,5.356071615758217
