{
  "R2": 0.9670550948301797,
  "MAE": 0.1002861063425781,
  "RMSE": 0.026186736431712855,
  "MAPE(%)": 5.356071615758217
}