{
  "R2": 0.9371492667792051,
  "MAE": 0.02739643521380741,
  "RMSE": 0.011689172456923363,
  "MAPE(%)": 4.2518238927791145
}