temp,lowp,outp,seed,mode,qt_frac,train_ratio,out_root,model,R2,MAE,RMSE,MAPE(%)
273K,0.01,1,2025,struct_with_input,0.0,0.55,./RUN_FULL_EXP,cat,0.9670160990433246,0.022273146601259074,0.004910690570898575,4.072054144558258
