temp,lowp,outp,seed,mode,qt_frac,train_ratio,out_root,model,R2,MAE,RMSE,MAPE(%)
273K,0.5,1,2028,lowq,0.15,0.5,./RUN_FULL_EXP,cat,0.9926779980718816,0.012582405058304177,0.0008690363670902026,2.1442999452775147
