{
  "R2": 0.9926779980718816,
  "MAE": 0.012582405058304177,
  "RMSE": 0.0008690363670902026,
  "MAPE(%)": 2.1442999452775147
}