temp,lowp,outp,seed,mode,qt_frac,train_ratio,out_root,model,R2,MAE,RMSE,MAPE(%)
273K,0.01,1,2026,lowq,0.8,0.5,./RUN_FULL_EXP,cat,0.9858421080839982,0.01528417185484614,0.0004963210969118955,2.8622077051623767
