{
  "R2": 0.9858421080839982,
  "MAE": 0.01528417185484614,
  "RMSE": 0.0004963210969118955,
  "MAPE(%)": 2.8622077051623767
}