temp,lowp,outp,seed,mode,qt_frac,train_ratio,out_root,model,R2,MAE,RMSE,MAPE(%)
293K,HENRY,15,2025,lowq,0.55,0.5,./RUN_FULL_EXP,cat,0.9568640931590346,0.1631755878260913,0.06493315102660122,5.169257013928956
