{
  "R2": 0.9568640931590346,
  "MAE": 0.1631755878260913,
  "RMSE": 0.06493315102660122,
  "MAPE(%)": 5.169257013928956
}