Feature,Importance
HENRY,84.12504611112851
LCD,2.1875110560920774
cm3_g,2.1774049897954777
AV_cm3_g,2.066250860274939
ASA_m2_g,1.9798565681528733
Has_OMS,1.477936754646314
PLD,1.3081346745633637
LFPD,1.1052030825492645
ASA_m2_cm3,1.0266056765689864
AV_VF,1.0162422958220632
NASA_m2_cm3,0.7716587820420576
NASA_m2_g,0.6767072478106047
NAV_cm3_g,0.08144190055348088
