{
  "R2": 0.9952107010795541,
  "MAE": 0.004154199926589908,
  "RMSE": 5.485054313863124e-05,
  "MAPE(%)": 1.6373836194630331
}