temp,lowp,outp,seed,mode,qt_frac,train_ratio,out_root,model,R2,MAE,RMSE,MAPE(%)
293K,0.5,5,2028,lowq,0.15,0.5,./RUN_FULL_EXP,cat,0.9792830236751047,0.05525627491550227,0.008764523794304842,3.8708202792883633
