{
  "R2": 0.9792830236751047,
  "MAE": 0.05525627491550227,
  "RMSE": 0.008764523794304842,
  "MAPE(%)": 3.8708202792883633
}