{
  "R2": 0.9599910167876837,
  "MAE": 0.02478870348321783,
  "RMSE": 0.005833935426944605,
  "MAPE(%)": 4.370419230924727
}