{
  "R2": 0.951892050450133,
  "MAE": 0.17039915249364876,
  "RMSE": 0.07211465830672054,
  "MAPE(%)": 5.491496109124659
}