temp,lowp,outp,seed,mode,qt_frac,train_ratio,out_root,model,R2,MAE,RMSE,MAPE(%)
293K,0.05,15,2025,lowq,0.5,0.5,./RUN_FULL_EXP,cat,0.951892050450133,0.17039915249364876,0.07211465830672054,5.491496109124659
