Feature,Importance
0.1,56.07089241592597
ASA_m2_g,13.60390275437268
AV_VF,6.570641122483641
ASA_m2_cm3,5.697859206793676
AV_cm3_g,4.83012978575041
cm3_g,3.2104119421337947
PLD,2.461303949769166
LFPD,2.4119022938362
LCD,1.998018274747833
Has_OMS,1.5914558415807998
NASA_m2_cm3,0.7963058677480853
NASA_m2_g,0.6711487471546417
NAV_cm3_g,0.08602779770311583
