{
  "R2": 0.9617820930300476,
  "MAE": 0.1650952076284327,
  "RMSE": 0.05490652909090627,
  "MAPE(%)": 5.401463494484366
}