Feature,Importance
0.01,84.67481595367872
ASA_m2_g,1.9461145973012097
AV_cm3_g,1.8836651184783173
LCD,1.6652689893956938
cm3_g,1.6336293989569726
Has_OMS,1.523492256057916
AV_VF,1.445686507308141
LFPD,1.2465419755041136
ASA_m2_cm3,1.2083666725002045
PLD,1.1396491102434383
NASA_m2_g,0.925970606854198
NASA_m2_cm3,0.6171048320007814
NAV_cm3_g,0.08969398172031659
