{
  "R2": 0.988842689000703,
  "MAE": 0.00930027649487525,
  "RMSE": 0.0001607474545920186,
  "MAPE(%)": 2.538636296997354
}