{
  "R2": 0.9658975038408387,
  "MAE": 0.16822283595165313,
  "RMSE": 0.06427665283291262,
  "MAPE(%)": 5.966964607751944
}