{
  "R2": 0.3722074694302435,
  "MAE": 0.18806991945543086,
  "RMSE": 0.09712503171681554,
  "MAPE(%)": 52.943464513487385
}