Feature,Importance
0.1,48.9032319282716
ASA_m2_g,20.06182965335925
ASA_m2_cm3,6.887434931834737
AV_VF,4.707998351623978
cm3_g,4.447583311030787
AV_cm3_g,4.307650398291767
PLD,3.0506105018444947
LFPD,2.4951208330015424
LCD,2.2725363885112317
Has_OMS,1.320578803712993
NASA_m2_cm3,0.8690444435248781
NASA_m2_g,0.6247332239586065
NAV_cm3_g,0.051647231034126224
