{
  "R2": 0.9507242755277456,
  "MAE": 0.24453791595025723,
  "RMSE": 0.1183007651406089,
  "MAPE(%)": 6.115624710554785
}