{
  "R2": 0.24274326507071575,
  "MAE": 0.1356481714551719,
  "RMSE": 0.05511089384513844,
  "MAPE(%)": 51.096785371370636
}