{
  "R2": 0.9738786394964536,
  "MAE": 0.04863884686679454,
  "RMSE": 0.005176055236759489,
  "MAPE(%)": 3.262218634811582
}