temp,lowp,outp,seed,mode,qt_frac,train_ratio,out_root,model,R2,MAE,RMSE,MAPE(%)
293K,0.5,5,2025,lowq,0.8,0.5,./RUN_FULL_EXP,cat,0.9738786394964536,0.04863884686679454,0.005176055236759489,3.262218634811582
