Feature,Importance
HENRY,80.29302893377786
ASA_m2_g,2.4210394210208865
AV_cm3_g,2.251894910994322
ASA_m2_cm3,2.1339604251475577
LCD,2.0694955173809944
cm3_g,1.9655606092593372
AV_VF,1.9652383182741093
LFPD,1.7937652555126025
Has_OMS,1.7305232132783017
PLD,1.417440056298925
NASA_m2_cm3,0.9617512529660545
NASA_m2_g,0.9344414983794515
NAV_cm3_g,0.061860587709589354
