{
  "R2": 0.9859351323863357,
  "MAE": 0.0160580401501881,
  "RMSE": 0.0010388072993790197,
  "MAPE(%)": 2.876167201522303
}