Feature,Importance
0.01,64.68478885870094
ASA_m2_g,10.017657129889818
ASA_m2_cm3,5.281383588252369
AV_VF,4.454764464641283
cm3_g,3.972496641178054
AV_cm3_g,3.5264800335651527
LCD,2.108197391287235
PLD,1.9233188570222122
LFPD,1.5922774044284012
Has_OMS,1.055537170856845
NASA_m2_g,0.6828865800275499
NASA_m2_cm3,0.5390765528855375
NAV_cm3_g,0.16113532726456217
