{
  "R2": 0.966830123050621,
  "MAE": 0.12318557024710484,
  "RMSE": 0.030027341894773296,
  "MAPE(%)": 4.9889468958857
}