Feature,Importance
HENRY,81.42023076589379
ASA_m2_g,2.497922421310915
AV_VF,2.382040474031009
cm3_g,2.106355633401397
Has_OMS,2.023622176296758
PLD,1.9088836949021832
ASA_m2_cm3,1.7675114810854975
LFPD,1.6749910942251813
LCD,1.500085673497296
AV_cm3_g,1.3436274468144467
NASA_m2_cm3,0.7597981320002102
NASA_m2_g,0.568040079664766
NAV_cm3_g,0.046890926876534164
