temp,lowp,outp,seed,mode,qt_frac,train_ratio,out_root,model,R2,MAE,RMSE,MAPE(%)
273K,HENRY,1,2028,lowq,0.65,0.5,./RUN_FULL_EXP,cat,0.9867752134856415,0.01389235139263009,0.0005802259004332406,2.5131350278868667
