{
  "R2": 0.9867752134856415,
  "MAE": 0.01389235139263009,
  "RMSE": 0.0005802259004332406,
  "MAPE(%)": 2.5131350278868667
}