{
  "R2": 0.9351147127729175,
  "MAE": 0.24165146563266948,
  "RMSE": 0.12138245256388057,
  "MAPE(%)": 9.200969838248946
}