Feature,Importance
cm3_g,14.86277985271066
PLD,13.884190978044957
Has_OMS,13.674701269502371
AV_VF,10.567567097403325
ASA_m2_cm3,10.052200060171469
LCD,9.8735850532017
LFPD,8.614798046170899
ASA_m2_g,7.160983068432898
AV_cm3_g,6.43257523312323
NASA_m2_g,2.3867893769524646
NASA_m2_cm3,2.0191224620929957
NAV_cm3_g,0.4707075021930291
