{
  "R2": 0.4267317976381453,
  "MAE": 0.18419152680957293,
  "RMSE": 0.09977021466427898,
  "MAPE(%)": 50.08685200962573
}