Feature,Importance
0.1,88.56587861570736
Has_OMS,1.9238678546668115
AV_cm3_g,1.522382056900838
LCD,1.4169154014208518
AV_VF,1.175547507644503
cm3_g,1.151469994627453
ASA_m2_g,0.943402845928686
ASA_m2_cm3,0.894513134200501
NASA_m2_cm3,0.7237025944693142
LFPD,0.6573749195874725
PLD,0.6046002334594595
NASA_m2_g,0.3403123609087328
NAV_cm3_g,0.08003248047801753
