{
  "R2": 0.9952199461688302,
  "MAE": 0.004767215734726946,
  "RMSE": 5.0389315824026275e-05,
  "MAPE(%)": 1.9042605596935653
}