temp,lowp,outp,seed,mode,qt_frac,train_ratio,out_root,model,R2,MAE,RMSE,MAPE(%)
313K,0.1,1,2029,lowq,0.45,0.5,./RUN_FULL_EXP,cat,0.9952199461688302,0.004767215734726946,5.0389315824026275e-05,1.9042605596935653
