Feature,Importance
0.01,59.34133033584952
ASA_m2_g,10.147305565051244
AV_VF,5.169323569507907
ASA_m2_cm3,4.964443378159345
AV_cm3_g,4.689636423180324
cm3_g,3.8306467090964027
LFPD,3.4394203257165303
PLD,2.4754289718887628
LCD,2.4617440657319003
Has_OMS,2.0120211791584386
NASA_m2_cm3,0.6814143189596636
NASA_m2_g,0.6623473814515471
NAV_cm3_g,0.124937776248425
