{
  "R2": 0.9480621402248186,
  "MAE": 0.19998631709909195,
  "RMSE": 0.091883024171627,
  "MAPE(%)": 7.007621357626624
}