{
  "R2": 0.9901633913473155,
  "MAE": 0.009421204981052004,
  "RMSE": 0.0001684552600678065,
  "MAPE(%)": 2.640111950048353
}