{
  "R2": 0.9697614176972059,
  "MAE": 0.10738898598178544,
  "RMSE": 0.022845149401674474,
  "MAPE(%)": 4.185280746387072
}