{
  "R2": 0.9710761106375115,
  "MAE": 0.06274418908214653,
  "RMSE": 0.009717960587247798,
  "MAPE(%)": 4.356741168542224
}