{
  "R2": 0.9851905777106849,
  "MAE": 0.01842038242312126,
  "RMSE": 0.0009811799687109483,
  "MAPE(%)": 3.4585909931647674
}