temp,lowp,outp,seed,mode,qt_frac,train_ratio,out_root,model,R2,MAE,RMSE,MAPE(%)
273K,0.01,1,2026,struct_with_input,0.35,0.35,./RUN_FULL_EXP,cat,0.9851905777106849,0.01842038242312126,0.0009811799687109483,3.4585909931647674
