{
  "R2": 0.9886479433827825,
  "MAE": 0.011823182241221761,
  "RMSE": 0.00035108670078983563,
  "MAPE(%)": 3.3883985914162538
}