{
  "R2": 0.9705298431916658,
  "MAE": 0.1521242087987581,
  "RMSE": 0.05056425123127321,
  "MAPE(%)": 5.2096226176176845
}