temp,lowp,outp,seed,mode,qt_frac,train_ratio,out_root,model,R2,MAE,RMSE,MAPE(%)
293K,0.5,15,2028,lowq,0.2,0.5,./RUN_FULL_EXP,cat,0.9705298431916658,0.1521242087987581,0.05056425123127321,5.2096226176176845
