{
  "R2": 0.9953402993813802,
  "MAE": 0.0254339273312687,
  "RMSE": 0.001484998820089714,
  "MAPE(%)": 2.0650281325305433
}