Feature,Importance
0.01,70.06479719749458
ASA_m2_g,6.762678095749557
ASA_m2_cm3,5.131557575926064
AV_VF,4.178004939761268
AV_cm3_g,2.9664760650770465
LCD,2.1372448003473026
PLD,1.960253184653708
cm3_g,1.777494696188677
LFPD,1.7222851701675237
Has_OMS,1.7132077012611522
NASA_m2_cm3,0.9913584935626406
NASA_m2_g,0.5216699712313317
NAV_cm3_g,0.07297210857914872
