temp,lowp,outp,seed,mode,qt_frac,train_ratio,out_root,model,R2,MAE,RMSE,MAPE(%)
293K,0.01,5,2027,struct_with_input,0.65,0.65,./RUN_FULL_EXP,cat,0.9694609193373144,0.059998758865270216,0.0073823141484506615,4.1502781046878106
