{
  "R2": 0.9694609193373144,
  "MAE": 0.059998758865270216,
  "RMSE": 0.0073823141484506615,
  "MAPE(%)": 4.1502781046878106
}