temp,lowp,outp,seed,mode,qt_frac,train_ratio,out_root,model,R2,MAE,RMSE,MAPE(%)
273K,0.01,1,2025,struct_with_input,0.55,0.55,./RUN_FULL_EXP,cat,0.9842592088713996,0.01682433079271909,0.0007682985603770827,3.1741027537704873
