{
  "R2": 0.9842592088713996,
  "MAE": 0.01682433079271909,
  "RMSE": 0.0007682985603770827,
  "MAPE(%)": 3.1741027537704873
}