Feature,Importance
0.01,83.98146667416594
cm3_g,2.5272739019389676
AV_cm3_g,2.0184427759801897
LFPD,1.9693116589060313
Has_OMS,1.8314203055730527
AV_VF,1.6646591054622146
PLD,1.564297129064958
ASA_m2_cm3,1.5638763464284982
ASA_m2_g,1.067006712019005
LCD,1.005008415648937
NASA_m2_cm3,0.37722439548259745
NASA_m2_g,0.33235973784675266
NAV_cm3_g,0.09765284148286002
