temp,lowp,outp,seed,mode,qt_frac,train_ratio,out_root,model,R2,MAE,RMSE,MAPE(%)
313K,0.01,1,2028,lowq,0.3,0.5,./RUN_FULL_EXP,cat,0.9917221651690884,0.00688481957317804,0.00010920642615670684,2.8692141068786126
