{
  "R2": 0.9917221651690884,
  "MAE": 0.00688481957317804,
  "RMSE": 0.00010920642615670684,
  "MAPE(%)": 2.8692141068786126
}