{
  "R2": 0.9420093180942449,
  "MAE": 0.21611058659244745,
  "RMSE": 0.10840764858449119,
  "MAPE(%)": 7.95400314742044
}