{
  "R2": 0.9616792857333596,
  "MAE": 0.11506767667684335,
  "RMSE": 0.04412118198027593,
  "MAPE(%)": 4.739737412250955
}