Feature,Importance
0.05,64.60620912880607
ASA_m2_g,7.9273374727361645
ASA_m2_cm3,6.645141707909926
AV_VF,4.737557023793168
AV_cm3_g,3.02744194490294
LCD,2.5995974670028636
cm3_g,2.5631310439056616
PLD,2.3252881667241407
LFPD,2.126037104953043
Has_OMS,1.8516768231878018
NASA_m2_cm3,1.1172969620565707
NASA_m2_g,0.38326412375995
NAV_cm3_g,0.09002103026168606
