{
  "R2": 0.9482226010939728,
  "MAE": 0.09985382875578583,
  "RMSE": 0.022634931841743273,
  "MAPE(%)": 4.946950283233077
}