{
  "R2": 0.9873660343649455,
  "MAE": 0.007820814894909702,
  "RMSE": 0.00030508240097479507,
  "MAPE(%)": 3.230492631211121
}