{
  "R2": 0.9496623927090017,
  "MAE": 0.24354241176730101,
  "RMSE": 0.11870036958584036,
  "MAPE(%)": 6.1110553568891675
}