temp,lowp,outp,seed,mode,qt_frac,train_ratio,out_root,model,R2,MAE,RMSE,MAPE(%)
273K,0.5,15,2025,lowq,0.05,0.5,./RUN_FULL_EXP,cat,0.9632171325431544,0.22202986057523666,0.10977827113603726,6.259332788403479
