{
  "R2": 0.9632171325431544,
  "MAE": 0.22202986057523666,
  "RMSE": 0.10977827113603726,
  "MAPE(%)": 6.259332788403479
}