temp,lowp,outp,seed,mode,qt_frac,train_ratio,out_root,model,R2,MAE,RMSE,MAPE(%)
273K,0.01,1,2026,struct_with_input,0.5,0.5,./RUN_FULL_EXP,cat,0.9870877279905613,0.016841126095665224,0.0006854070063861044,3.147700524560377
