Feature,Importance
HENRY,85.68936431484657
AV_cm3_g,2.643695923284643
Has_OMS,1.9105377161570667
LFPD,1.6085182181812123
cm3_g,1.2832105381514487
ASA_m2_g,1.2264968012920108
LCD,1.189793157088473
AV_VF,1.1105624134298175
PLD,1.0066603497948912
ASA_m2_cm3,0.9427811896557919
NASA_m2_cm3,0.7386093933433144
NASA_m2_g,0.5791629229532105
NAV_cm3_g,0.07060706182153992
