{
  "R2": 0.9925940390257537,
  "MAE": 0.007328352979096145,
  "RMSE": 0.00013031841510275548,
  "MAPE(%)": 1.9482351164194198
}