Feature,Importance
0.1,88.7733045884054
cm3_g,1.626027089014704
AV_cm3_g,1.3511559641490416
ASA_m2_g,1.2099791456393818
PLD,1.209718169787778
LFPD,1.1149284431611677
AV_VF,1.0747267311350328
ASA_m2_cm3,0.9911612472655476
Has_OMS,0.990540386540106
LCD,0.6754865720271641
NASA_m2_g,0.4731123204553598
NASA_m2_cm3,0.4346302100786247
NAV_cm3_g,0.075229132340681
