temp,lowp,outp,seed,mode,qt_frac,train_ratio,out_root,model,R2,MAE,RMSE,MAPE(%)
313K,0.1,1,2027,lowq,0.45,0.5,./RUN_FULL_EXP,cat,0.9956748317610292,0.004503956347214334,4.534685240936846e-05,1.7559061869618526
