{
  "R2": 0.9956748317610292,
  "MAE": 0.004503956347214334,
  "RMSE": 4.534685240936846e-05,
  "MAPE(%)": 1.7559061869618526
}