{
  "R2": 0.9537632012960474,
  "MAE": 0.08701133157163195,
  "RMSE": 0.021492598504536654,
  "MAPE(%)": 6.608344029129622
}