{
  "R2": 0.928286509863701,
  "MAE": 0.24540858758187148,
  "RMSE": 0.13436344428274416,
  "MAPE(%)": 9.166551119636724
}