{
  "R2": 0.9933587041028723,
  "MAE": 0.027677528847531246,
  "RMSE": 0.0017879113949975146,
  "MAPE(%)": 2.1459644672460283
}