temp,lowp,outp,seed,mode,qt_frac,train_ratio,out_root,model,R2,MAE,RMSE,MAPE(%)
273K,0.05,5,2027,lowr,0.6,0.5,./RUN_FULL_EXP,cat,0.9639361144052501,0.10571439752169394,0.030996412749821397,5.674660948126409
