{
  "R2": 0.9771668327326635,
  "MAE": 0.042169116352200525,
  "RMSE": 0.005109981395341645,
  "MAPE(%)": 4.043133954495553
}