{
  "R2": 0.9951583443546467,
  "MAE": 0.004930772405615622,
  "RMSE": 5.525951217594353e-05,
  "MAPE(%)": 1.9715479770963051
}