{
  "R2": 0.971690350095024,
  "MAE": 0.1066664296051675,
  "RMSE": 0.02237432029939804,
  "MAPE(%)": 4.23567201645271
}