{
  "R2": 0.9942135859713109,
  "MAE": 0.02233098264952431,
  "RMSE": 0.0010915877245354303,
  "MAPE(%)": 1.6507215734249108
}