{
  "R2": 0.9785317024442071,
  "MAE": 0.03351100746913408,
  "RMSE": 0.002519619047736746,
  "MAPE(%)": 2.9857076750644316
}