Feature,Importance
HENRY,77.88307614448975
ASA_m2_g,3.6379817256229727
AV_VF,3.542793368775471
ASA_m2_cm3,2.9456676581026855
AV_cm3_g,2.6247344500740266
Has_OMS,2.0305909030093607
cm3_g,1.9128937515466764
LFPD,1.6490586915157257
LCD,1.2342066231312432
PLD,1.1999937426361276
NASA_m2_cm3,0.8280611375605516
NASA_m2_g,0.4229788113116249
NAV_cm3_g,0.08796299222376423
