{
  "R2": 0.9789319140885826,
  "MAE": 0.033793086691701495,
  "RMSE": 0.002835059142148683,
  "MAPE(%)": 3.045811345193601
}