temp,lowp,outp,seed,mode,qt_frac,train_ratio,out_root,model,R2,MAE,RMSE,MAPE(%)
313K,HENRY,5,2029,lowq,0.6,0.5,./RUN_FULL_EXP,cat,0.9789319140885826,0.033793086691701495,0.002835059142148683,3.045811345193601
