{
  "R2": 0.9667702678506713,
  "MAE": 0.06035445773539332,
  "RMSE": 0.007288817711768169,
  "MAPE(%)": 4.066565411733112
}