{
  "R2": 0.9665974793565891,
  "MAE": 0.006367231331561578,
  "RMSE": 0.001344503008998861,
  "MAPE(%)": 2.103053730272595
}