Feature,Importance
0.05,64.82454811244097
ASA_m2_g,8.999886811200303
ASA_m2_cm3,5.457085486992269
AV_VF,4.477174672452937
AV_cm3_g,3.0595557693669635
LCD,2.6462299544217736
PLD,2.333720990422229
LFPD,2.2594776916424317
cm3_g,2.258456232583164
Has_OMS,1.8740084525927134
NASA_m2_cm3,1.2108484361657625
NASA_m2_g,0.5208725240816515
NAV_cm3_g,0.07813486563685558
