temp,lowp,outp,seed,mode,qt_frac,train_ratio,out_root,model,R2,MAE,RMSE,MAPE(%)
273K,0.05,5,2029,lowq,0.05,0.5,./RUN_FULL_EXP,cat,0.9610884724268616,0.10519807023154862,0.032427766041427976,5.443776815107312
