{
  "R2": 0.9610884724268616,
  "MAE": 0.10519807023154862,
  "RMSE": 0.032427766041427976,
  "MAPE(%)": 5.443776815107312
}