{
  "R2": 0.9557469075586713,
  "MAE": 0.23821972849333586,
  "RMSE": 0.11917079796071493,
  "MAPE(%)": 6.290975089232466
}