{
  "R2": 0.9537756700272898,
  "MAE": 0.09913269450790543,
  "RMSE": 0.023113280279025573,
  "MAPE(%)": 4.93741177964232
}