temp,lowp,outp,seed,mode,qt_frac,train_ratio,out_root,model,R2,MAE,RMSE,MAPE(%)
273K,0.05,5,2025,lowq,0.65,0.5,./RUN_FULL_EXP,cat,0.9537756700272898,0.09913269450790543,0.023113280279025573,4.93741177964232
