Feature,Importance
0.1,72.72502280091007
ASA_m2_g,5.781164000132947
ASA_m2_cm3,4.869326863789256
AV_VF,3.7328438706472826
cm3_g,2.6691059370076315
AV_cm3_g,2.50555886620003
LCD,1.8082342382209704
Has_OMS,1.5583760338164856
LFPD,1.488377396316522
PLD,1.4771897222721406
NASA_m2_cm3,0.8089070709482565
NASA_m2_g,0.46219709098892486
NAV_cm3_g,0.11369610874949429
