{
  "R2": 0.9703028993267357,
  "MAE": 0.06102937832358681,
  "RMSE": 0.011302414852513843,
  "MAPE(%)": 4.168961230036534
}