{
  "R2": 0.9509855411183066,
  "MAE": 0.08345296630870755,
  "RMSE": 0.014749063528672274,
  "MAPE(%)": 7.133352458002413
}