temp,lowp,outp,seed,mode,qt_frac,train_ratio,out_root,model,R2,MAE,RMSE,MAPE(%)
313K,0.01,15,2027,lowq,0.25,0.5,./RUN_FULL_EXP,cat,0.9723323365187431,0.11994699154995396,0.029361340252845786,5.044091707679533
