{
  "R2": 0.9723323365187431,
  "MAE": 0.11994699154995396,
  "RMSE": 0.029361340252845786,
  "MAPE(%)": 5.044091707679533
}