{
  "R2": 0.985855331785463,
  "MAE": 0.017505492094981874,
  "RMSE": 0.0009068621299049057,
  "MAPE(%)": 3.251120139101846
}