temp,lowp,outp,seed,mode,qt_frac,train_ratio,out_root,model,R2,MAE,RMSE,MAPE(%)
273K,0.01,1,2027,lowq,0.35,0.5,./RUN_FULL_EXP,cat,0.985855331785463,0.017505492094981874,0.0009068621299049057,3.251120139101846
