{
  "R2": 0.8553859955764213,
  "MAE": 0.134695555991742,
  "RMSE": 0.04337412536253432,
  "MAPE(%)": 11.069113703177939
}