Feature,Importance
0.05,84.99206323420192
cm3_g,2.4122229227869965
AV_cm3_g,2.3445051243775423
Has_OMS,1.7666517981857162
ASA_m2_g,1.6584525089103757
LCD,1.2543579052623208
ASA_m2_cm3,1.1631441048432718
LFPD,1.0841964949867129
PLD,0.9370951643410255
AV_VF,0.9263325930105971
NASA_m2_cm3,0.8448218684940739
NASA_m2_g,0.506755173996235
NAV_cm3_g,0.1094011066031775
