{
  "R2": 0.9914945298673946,
  "MAE": 0.009309234158194825,
  "RMSE": 0.00036097161856890603,
  "MAPE(%)": 2.4819561760744264
}