temp,lowp,outp,seed,mode,qt_frac,train_ratio,out_root,model,R2,MAE,RMSE,MAPE(%)
293K,0.05,1,2027,lowq,0.15,0.5,./RUN_FULL_EXP,cat,0.9914945298673946,0.009309234158194825,0.00036097161856890603,2.4819561760744264
