Feature,Importance
0.5,63.11934298277869
ASA_m2_g,10.760995808894423
ASA_m2_cm3,4.989581734038499
AV_cm3_g,4.75095212704025
AV_VF,4.604604004403827
cm3_g,3.981332016733091
LCD,2.0858424427159834
PLD,1.7407084043692875
LFPD,1.6583240643103774
Has_OMS,1.0446936375864868
NASA_m2_cm3,0.8230654809208033
NASA_m2_g,0.3234489599674006
NAV_cm3_g,0.11710833624085625
