{
  "R2": 0.9726087683061202,
  "MAE": 0.10689823368633919,
  "RMSE": 0.025497156595940852,
  "MAPE(%)": 4.3113222180787805
}