{
  "R2": 0.994959282187753,
  "MAE": 0.004407109422679632,
  "RMSE": 4.2828712158553094e-05,
  "MAPE(%)": 1.7013116926823046
}