temp,lowp,outp,seed,mode,qt_frac,train_ratio,out_root,model,R2,MAE,RMSE,MAPE(%)
273K,0.05,1,2025,lowq,0.6,0.5,./RUN_FULL_EXP,cat,0.9870311181578799,0.014779831007212972,0.0005979389573241287,2.6754465886454986
