{
  "R2": 0.9870311181578799,
  "MAE": 0.014779831007212972,
  "RMSE": 0.0005979389573241287,
  "MAPE(%)": 2.6754465886454986
}