{
  "R2": 0.967807557741458,
  "MAE": 0.015408551063122868,
  "RMSE": 0.0019779507569230416,
  "MAPE(%)": 4.226366645288594
}