{
  "R2": 0.9505416277082132,
  "MAE": 0.1701518601635121,
  "RMSE": 0.06868788919048416,
  "MAPE(%)": 5.35404508042305
}