Feature,Importance
ASA_m2_g,15.873866725069517
cm3_g,15.508892058218535
AV_VF,14.261072213012836
ASA_m2_cm3,12.814110299927085
PLD,10.530741142051275
Has_OMS,7.3318892557569955
AV_cm3_g,7.117006680895063
LFPD,7.060878242634579
LCD,6.22073835424501
NASA_m2_cm3,1.5251917565399902
NASA_m2_g,1.2895676463905057
NAV_cm3_g,0.46604562525859977
