{
  "R2": 0.7264325561381589,
  "MAE": 0.5028350728794487,
  "RMSE": 0.5221221622186726,
  "MAPE(%)": 20.92435915333211
}