Feature,Importance
HENRY,85.42833848918787
AV_cm3_g,2.117717500010701
cm3_g,1.9144067767527597
LCD,1.746198339040515
PLD,1.432252888290075
Has_OMS,1.4047602274981827
AV_VF,1.3625604140826155
ASA_m2_g,1.2867046519673868
ASA_m2_cm3,1.0963481798669132
LFPD,0.8936071724272304
NASA_m2_cm3,0.6435547191195393
NASA_m2_g,0.5980009295969572
NAV_cm3_g,0.07554971215928212
