{
  "R2": 0.9928343640034033,
  "MAE": 0.00788219608448133,
  "RMSE": 0.00021605261684447307,
  "MAPE(%)": 2.1350640946281776
}