temp,lowp,outp,seed,mode,qt_frac,train_ratio,out_root,model,R2,MAE,RMSE,MAPE(%)
273K,0.01,1,2027,struct_with_input,0.25,0.5,./RUN_FULL_EXP,cat,0.9806200554033236,0.018802955564687873,0.0015126232311772727,3.397514968716663
