temp,lowp,outp,seed,mode,qt_frac,train_ratio,out_root,model,R2,MAE,RMSE,MAPE(%)
293K,0.5,5,2028,lowq,0.2,0.5,./RUN_FULL_EXP,cat,0.9807250366784913,0.05234403138890207,0.007381819596466816,3.658921877448023
