{
  "R2": 0.9807250366784913,
  "MAE": 0.05234403138890207,
  "RMSE": 0.007381819596466816,
  "MAPE(%)": 3.658921877448023
}