Feature,Importance
0.01,85.46627871384491
AV_cm3_g,2.0041320539739327
AV_VF,1.730754978073893
ASA_m2_cm3,1.6072607623533848
PLD,1.5580769734732298
ASA_m2_g,1.514599358449277
cm3_g,1.511324823691585
LFPD,1.4277023043542876
LCD,1.1990823258179035
Has_OMS,1.0550724670139129
NASA_m2_cm3,0.5978041253139468
NASA_m2_g,0.28529873978993886
NAV_cm3_g,0.04261237384977464
