{
  "R2": 0.9722875716814207,
  "MAE": 0.0140255728472977,
  "RMSE": 0.0021411493959349387,
  "MAPE(%)": 3.230087574160492
}