{
  "R2": 0.9824069080915927,
  "MAE": 0.04362190950280919,
  "RMSE": 0.00827679419105644,
  "MAPE(%)": 2.8069035911071825
}