Feature,Importance
0.5,71.6506994275242
ASA_m2_g,5.8625449886219165
ASA_m2_cm3,5.37967333770199
AV_VF,4.802195517018778
AV_cm3_g,2.379320283444941
cm3_g,2.206669782701228
LCD,2.1001952196314795
PLD,1.8824150610087824
LFPD,1.5618981402040115
Has_OMS,1.1756235988936996
NASA_m2_cm3,0.674209956965852
NASA_m2_g,0.2560831764689758
NAV_cm3_g,0.0684715098141524
