{
  "R2": 0.9649768433779222,
  "MAE": 0.08866088379154977,
  "RMSE": 0.017038022874039414,
  "MAPE(%)": 4.386806696004395
}