{
  "R2": 0.986358417181408,
  "MAE": 0.014627312985447094,
  "RMSE": 0.000619413514234835,
  "MAPE(%)": 2.655150070734654
}