Feature,Importance
0.5,63.07192135788289
ASA_m2_g,13.462898558174194
ASA_m2_cm3,4.846250338537841
AV_VF,4.536681654946428
AV_cm3_g,3.268743016504743
cm3_g,3.2135731288381177
LCD,2.115238852252664
PLD,1.819681450388505
LFPD,1.6642982096159509
Has_OMS,1.0704432851160797
NASA_m2_cm3,0.43874922392412435
NASA_m2_g,0.41280325805300416
NAV_cm3_g,0.07871766576546073
