{
  "R2": 0.9748179078082904,
  "MAE": 0.10590608532399824,
  "RMSE": 0.023947623504003746,
  "MAPE(%)": 4.351398523115688
}