Feature,Importance
0.1,71.06384803333644
ASA_m2_cm3,5.585840741090466
ASA_m2_g,5.149421044258886
AV_VF,3.6777562056203563
AV_cm3_g,3.0831362668851163
Has_OMS,2.193068416071329
PLD,2.039144080472132
cm3_g,1.9700646520494722
LFPD,1.8041445272472745
LCD,1.7658977079241165
NASA_m2_cm3,0.8254081095095024
NASA_m2_g,0.7040703997925268
NAV_cm3_g,0.13819981574238763
