{
  "R2": 0.9733061100091637,
  "MAE": 0.05734593840681921,
  "RMSE": 0.00815983100130014,
  "MAPE(%)": 3.9057150765296513
}