temp,lowp,outp,seed,mode,qt_frac,train_ratio,out_root,model,R2,MAE,RMSE,MAPE(%)
293K,0.5,1,2025,lowq,0.65,0.5,./RUN_FULL_EXP,cat,0.9966265699443987,0.00546775132123739,5.8941648073518336e-05,1.4940118286856179
