{
  "R2": 0.9966265699443987,
  "MAE": 0.00546775132123739,
  "RMSE": 5.8941648073518336e-05,
  "MAPE(%)": 1.4940118286856179
}