{
  "R2": 0.9756841469031389,
  "MAE": 0.02445829355044646,
  "RMSE": 0.002360034458827152,
  "MAPE(%)": 4.647283177826401
}