{
  "R2": 0.977823435509676,
  "MAE": 0.024123311917859415,
  "RMSE": 0.002162411829831313,
  "MAPE(%)": 4.67670660860858
}