{
  "R2": 0.9537899415260723,
  "MAE": 0.024585362344399772,
  "RMSE": 0.0066533598302666724,
  "MAPE(%)": 4.28168614702968
}