{
  "R2": 0.9938321875623073,
  "MAE": 0.028052592719222808,
  "RMSE": 0.0017406627523569769,
  "MAPE(%)": 2.193007778200279
}