{
  "R2": 0.964198054834078,
  "MAE": 0.028108894538088708,
  "RMSE": 0.004244368479912823,
  "MAPE(%)": 5.628667468582495
}