Feature,Importance
0.1,77.33959985334839
ASA_m2_g,3.942302172091626
AV_VF,3.1051059856552143
cm3_g,3.013556073623281
ASA_m2_cm3,2.8008195708727297
AV_cm3_g,2.633728201683543
Has_OMS,1.8778671186781126
LCD,1.6957670771742006
LFPD,1.3577147738918798
PLD,1.173571548502043
NASA_m2_cm3,0.5946227943015484
NASA_m2_g,0.384401753754044
NAV_cm3_g,0.08094307642339658
