{
  "R2": 0.9830232437936016,
  "MAE": 0.034048292456438256,
  "RMSE": 0.003068383391470788,
  "MAPE(%)": 3.1951487289936096
}