{
  "R2": 0.9948186747923139,
  "MAE": 0.005029499654704741,
  "RMSE": 5.472559258396264e-05,
  "MAPE(%)": 1.9993465791105205
}