Feature,Importance
0.01,78.92169832537517
cm3_g,2.872593275732579
LCD,2.441671124161592
Has_OMS,2.4120909785485605
AV_cm3_g,2.374441770870904
ASA_m2_cm3,2.282580020979879
ASA_m2_g,2.0439605166325223
AV_VF,2.037314664568863
PLD,1.7463910500016044
NASA_m2_cm3,1.2296015357531649
LFPD,1.0333264071617518
NASA_m2_g,0.5225038875705903
NAV_cm3_g,0.08182644264279994
