temp,lowp,outp,seed,mode,qt_frac,train_ratio,out_root,model,R2,MAE,RMSE,MAPE(%)
273K,0.01,1,2029,struct_with_input,0.25,0.25,./RUN_FULL_EXP,cat,0.9816307863415831,0.02027062037944125,0.0013784829857204023,3.846745531281158
