{
  "R2": 0.9816307863415831,
  "MAE": 0.02027062037944125,
  "RMSE": 0.0013784829857204023,
  "MAPE(%)": 3.846745531281158
}