{
  "R2": 0.9880021754991768,
  "MAE": 0.009657793001746937,
  "RMSE": 0.00022558745261876942,
  "MAPE(%)": 2.6612825767115904
}