Feature,Importance
0.01,84.40544791397664
AV_cm3_g,2.0633253366443647
Has_OMS,1.9627891810811007
cm3_g,1.783944122626467
ASA_m2_g,1.7065145675819886
LFPD,1.4848541394179453
AV_VF,1.3433719614169188
ASA_m2_cm3,1.2403354875460304
LCD,1.236858095450016
PLD,1.2250500858427327
NASA_m2_g,0.7860924521761068
NASA_m2_cm3,0.6950603032337025
NAV_cm3_g,0.06635635300599763
