temp,lowp,outp,seed,mode,qt_frac,train_ratio,out_root,model,R2,MAE,RMSE,MAPE(%)
293K,0.01,1,2029,lowq,0.15,0.5,./RUN_FULL_EXP,cat,0.9910613639433619,0.01066192599099149,0.0003873550009777263,3.0552812089692925
