{
  "R2": 0.9910613639433619,
  "MAE": 0.01066192599099149,
  "RMSE": 0.0003873550009777263,
  "MAPE(%)": 3.0552812089692925
}