{
  "R2": 0.9575861966213229,
  "MAE": 0.1687774431600533,
  "RMSE": 0.05558765317094002,
  "MAPE(%)": 5.21961337552176
}