Feature,Importance
PLD,15.688556273453298
Has_OMS,14.053239137925472
cm3_g,13.276729508075848
AV_VF,11.127809036384061
ASA_m2_cm3,9.634783660731559
LCD,9.402777020473788
AV_cm3_g,8.434086399934936
LFPD,7.736666699898335
ASA_m2_g,6.734425966072804
NASA_m2_g,1.811751594313906
NASA_m2_cm3,1.7956002960060227
NAV_cm3_g,0.3035744067299661
