Feature,Importance
PLD,15.410445774724076
Has_OMS,14.181763577324867
cm3_g,14.044629855695776
AV_VF,12.18363028068099
ASA_m2_cm3,9.722136920693654
LCD,8.753702293027327
LFPD,7.833745925858352
ASA_m2_g,6.7567212178140466
AV_cm3_g,6.665366423307825
NASA_m2_cm3,2.2386529367598818
NASA_m2_g,2.050095028112644
NAV_cm3_g,0.15910976600054622
