{
  "R2": 0.3802801707106577,
  "MAE": 0.1903661048434138,
  "RMSE": 0.09940292465986661,
  "MAPE(%)": 56.51505184893259
}