Feature,Importance
0.05,72.85493333509335
ASA_m2_g,5.086082289781216
ASA_m2_cm3,4.96429799908188
AV_VF,3.752726709531433
AV_cm3_g,2.866216141450978
LCD,2.386629604558886
cm3_g,1.9172019652114038
Has_OMS,1.8963614917984297
PLD,1.6868032217671938
LFPD,1.2055424172749751
NASA_m2_g,0.6852432525679556
NASA_m2_cm3,0.6373866672650735
NAV_cm3_g,0.06057490461723637
