temp,lowp,outp,seed,mode,qt_frac,train_ratio,out_root,model,R2,MAE,RMSE,MAPE(%)
293K,0.05,5,2026,lowq,0.5,0.5,./RUN_FULL_EXP,cat,0.9685964165609466,0.059983689601392574,0.008848154274370343,4.086951828580743
