{
  "R2": 0.9685964165609466,
  "MAE": 0.059983689601392574,
  "RMSE": 0.008848154274370343,
  "MAPE(%)": 4.086951828580743
}