{
  "R2": 0.9502219670259671,
  "MAE": 0.24227133227780245,
  "RMSE": 0.11709744655739239,
  "MAPE(%)": 6.181421970918534
}