{
  "R2": 0.9934220946438718,
  "MAE": 0.007498563395539627,
  "RMSE": 0.0001303471593570146,
  "MAPE(%)": 2.0626257931781833
}