temp,lowp,outp,seed,mode,qt_frac,train_ratio,out_root,model,R2,MAE,RMSE,MAPE(%)
293K,0.1,1,2025,lowq,0.55,0.5,./RUN_FULL_EXP,cat,0.9934220946438718,0.007498563395539627,0.0001303471593570146,2.0626257931781833
