{
  "R2": 0.995496782999378,
  "MAE": 0.004036873882816445,
  "RMSE": 3.5894886340618866e-05,
  "MAPE(%)": 1.5284280284066623
}