temp,lowp,outp,seed,mode,qt_frac,train_ratio,out_root,model,R2,MAE,RMSE,MAPE(%)
313K,0.01,1,2027,lowq,0.3,0.5,./RUN_FULL_EXP,cat,0.9919935537983582,0.006997050382496503,0.00010304568616075034,2.9280645007590165
