{
  "R2": 0.9919935537983582,
  "MAE": 0.006997050382496503,
  "RMSE": 0.00010304568616075034,
  "MAPE(%)": 2.9280645007590165
}