Feature,Importance
0.01,63.64966854740464
ASA_m2_g,10.250051878957892
ASA_m2_cm3,5.981560452367702
AV_VF,5.112524052411862
AV_cm3_g,3.733622705734366
cm3_g,3.040710131957003
LCD,2.136549831211907
PLD,2.1279295556837106
LFPD,1.3891563347307734
Has_OMS,1.160610749534025
NASA_m2_g,0.7003326479601244
NASA_m2_cm3,0.5980851625085969
NAV_cm3_g,0.11919794953744281
