{
  "R2": 0.9653822733586103,
  "MAE": 0.12223150039351154,
  "RMSE": 0.028225008599538096,
  "MAPE(%)": 4.757700976512152
}