Feature,Importance
HENRY,80.60718236926479
ASA_m2_cm3,2.6390714214359225
AV_VF,2.2887000516512117
AV_cm3_g,2.2128052905732667
Has_OMS,2.0050042589095978
ASA_m2_g,1.9767006515868726
cm3_g,1.9052235803819844
PLD,1.8678299834979986
LCD,1.7094816694090582
LFPD,1.288189153060888
NASA_m2_cm3,0.7488779517976533
NASA_m2_g,0.6634124390121968
NAV_cm3_g,0.08752117941854823
