temp,lowp,outp,seed,mode,qt_frac,train_ratio,out_root,model,R2,MAE,RMSE,MAPE(%)
273K,HENRY,1,2025,lowq,0.5,0.5,./RUN_FULL_EXP,cat,0.9864503667953775,0.015374093980569914,0.0007182009240198821,2.827463897192274
