{
  "R2": 0.9864503667953775,
  "MAE": 0.015374093980569914,
  "RMSE": 0.0007182009240198821,
  "MAPE(%)": 2.827463897192274
}