{
  "R2": 0.9842934419558982,
  "MAE": 0.01826345461763081,
  "RMSE": 0.0015833644495530383,
  "MAPE(%)": 3.107561321555978
}