Feature,Importance
0.01,86.0514837188268
cm3_g,1.738187985723807
AV_cm3_g,1.6095925115768563
LCD,1.5203725586572496
PLD,1.5099043151716887
LFPD,1.4833307243710672
ASA_m2_cm3,1.394250714862345
AV_VF,1.3762843358820933
Has_OMS,1.3728456692285032
ASA_m2_g,1.0726037878763253
NASA_m2_cm3,0.46932042443062527
NASA_m2_g,0.3852716520660426
NAV_cm3_g,0.016551601326587142
