{
  "R2": 0.9874181365530071,
  "MAE": 0.009586236550674799,
  "RMSE": 0.00017615613552502858,
  "MAPE(%)": 2.624862763624445
}