Feature,Importance
HENRY,62.80034799276486
ASA_m2_g,10.23568076152962
ASA_m2_cm3,6.601103713218057
AV_VF,4.7534656474535435
AV_cm3_g,4.073828895818026
cm3_g,3.0554102244941315
LFPD,1.9652178603281487
PLD,1.8224964394063745
LCD,1.8028106579930443
Has_OMS,1.4828162830172704
NASA_m2_cm3,0.8978029530223208
NASA_m2_g,0.39821608120518837
NAV_cm3_g,0.11080248974939472
