{
  "R2": 0.9596824681791798,
  "MAE": 0.11428119315991962,
  "RMSE": 0.03684273015931141,
  "MAPE(%)": 4.614086219563179
}