temp,lowp,outp,seed,mode,qt_frac,train_ratio,out_root,model,R2,MAE,RMSE,MAPE(%)
273K,0.01,1,2029,struct_with_input,0.15,0.3,./RUN_FULL_EXP,cat,0.9793579355908709,0.02099470025083393,0.0019805366693388493,3.900170134284695
