{
  "R2": 0.9701951262101278,
  "MAE": 0.021892640522839485,
  "RMSE": 0.0028447976711035937,
  "MAPE(%)": 3.9235483965327513
}