{
  "R2": 0.9617867721711535,
  "MAE": 0.1591528347050371,
  "RMSE": 0.06786695848888379,
  "MAPE(%)": 5.3352090187427486
}