temp,lowp,outp,seed,mode,qt_frac,train_ratio,out_root,model,R2,MAE,RMSE,MAPE(%)
293K,0.1,15,2025,lowq,0.15,0.5,./RUN_FULL_EXP,cat,0.9617867721711535,0.1591528347050371,0.06786695848888379,5.3352090187427486
