Feature,Importance
HENRY,85.06387281810494
cm3_g,2.5616755786241017
LCD,1.9496970452118314
AV_cm3_g,1.8596373429295423
AV_VF,1.4082508996253755
ASA_m2_g,1.3435083982036422
ASA_m2_cm3,1.2134123432852877
Has_OMS,1.2064604848514275
PLD,1.0767441633155186
LFPD,0.807250493601011
NASA_m2_cm3,0.7299486686459583
NASA_m2_g,0.6424943841386849
NAV_cm3_g,0.13704737946266168
