{
  "R2": 0.992341062162241,
  "MAE": 0.007851729103869432,
  "RMSE": 0.0001910532784412168,
  "MAPE(%)": 2.149213600222105
}