{
  "R2": 0.9937360615863088,
  "MAE": 0.02604573061797148,
  "RMSE": 0.0018855547399133348,
  "MAPE(%)": 2.045773639420262
}