Feature,Importance
0.05,66.81413858789921
ASA_m2_cm3,7.259769252363926
ASA_m2_g,5.480211564080325
AV_VF,5.2714013867450005
AV_cm3_g,3.206567225284352
PLD,2.774564293738285
LFPD,2.4124257236847684
LCD,1.9127873392805717
cm3_g,1.735949341772873
Has_OMS,1.69005351585754
NASA_m2_cm3,0.872280553831749
NASA_m2_g,0.5067691257779152
NAV_cm3_g,0.06308208968348593
