{
  "R2": 0.9503344039486077,
  "MAE": 0.09980949124458934,
  "RMSE": 0.02145975040140249,
  "MAPE(%)": 5.004236909469693
}