Feature,Importance
0.5,92.35113796468058
cm3_g,1.2012970718061133
ASA_m2_g,1.0245161782632903
PLD,0.897732771732668
AV_cm3_g,0.820475392230392
ASA_m2_cm3,0.7273065150971365
Has_OMS,0.6696314175852327
LCD,0.5870325471653776
AV_VF,0.546950405612991
LFPD,0.4683703676546881
NASA_m2_g,0.3875666841979188
NASA_m2_cm3,0.2895323893412082
NAV_cm3_g,0.0284502946324059
