{
  "R2": 0.9925424607950336,
  "MAE": 0.004615065770939866,
  "RMSE": 0.00020046055966375681,
  "MAPE(%)": 1.692975965217859
}