Feature,Importance
0.05,61.09548868480751
ASA_m2_g,13.091519015460856
ASA_m2_cm3,5.63783754347253
AV_VF,4.708683140744469
AV_cm3_g,3.411782632440121
cm3_g,3.3244234832332302
PLD,2.21943447274282
LCD,2.035298519889336
LFPD,1.8373013010737942
Has_OMS,1.3057906418700163
NASA_m2_g,0.6586870074418895
NASA_m2_cm3,0.5925776737688995
NAV_cm3_g,0.08117588305451116
