{
  "R2": 0.9715700590105943,
  "MAE": 0.10881311526365786,
  "RMSE": 0.02452230685984477,
  "MAPE(%)": 4.375273497028515
}