Feature,Importance
HENRY,86.3596909856216
cm3_g,3.1164516916028546
ASA_m2_cm3,1.7953849415578251
AV_cm3_g,1.710210711540004
LCD,1.2950211188589849
Has_OMS,1.193957724389482
PLD,0.9723688908679315
AV_VF,0.9467531762219465
LFPD,0.9236283641729974
NASA_m2_g,0.73977149556713
ASA_m2_g,0.5451330347732808
NASA_m2_cm3,0.35720955409896055
NAV_cm3_g,0.04441831072703676
