temp,lowp,outp,seed,mode,qt_frac,train_ratio,out_root,model,R2,MAE,RMSE,MAPE(%)
313K,HENRY,1,2026,lowq,0.1,0.5,./RUN_FULL_EXP,cat,0.9906270386507823,0.005423253274779386,0.00023566157206471075,1.943990013025655
