{
  "R2": 0.9906270386507823,
  "MAE": 0.005423253274779386,
  "RMSE": 0.00023566157206471075,
  "MAPE(%)": 1.943990013025655
}