Feature,Importance
0.01,82.65821250208819
ASA_m2_cm3,2.8432585947561253
Has_OMS,2.420183137892227
AV_VF,2.1416655846229307
AV_cm3_g,1.8184095769831536
LCD,1.7198401020025786
ASA_m2_g,1.5678451404536253
LFPD,1.217709109423449
cm3_g,1.1417513000449049
PLD,1.1025845582661045
NASA_m2_cm3,0.7495288195405868
NASA_m2_g,0.5665641441536357
NAV_cm3_g,0.05244742977248875
