{
  "R2": 0.9334984750846325,
  "MAE": 0.026114200225020395,
  "RMSE": 0.01147901454524752,
  "MAPE(%)": 4.007613413687642
}