{
  "R2": 0.9514307408138318,
  "MAE": 0.025580147435867503,
  "RMSE": 0.00860831846182212,
  "MAPE(%)": 3.61506250632892
}