Feature,Importance
0.01,63.431865915506265
ASA_m2_g,10.350267610042556
ASA_m2_cm3,5.326377854839852
AV_cm3_g,5.2234882388668415
AV_VF,4.012040665887554
cm3_g,3.263325005759566
LCD,2.089833710509055
PLD,2.02798066950617
LFPD,1.7573041189178853
Has_OMS,1.2964888893984674
NASA_m2_cm3,0.6670678034101947
NASA_m2_g,0.40588308015073676
NAV_cm3_g,0.14807643720484445
