{
  "R2": 0.9609876338095247,
  "MAE": 0.12173188719862454,
  "RMSE": 0.037587977259791995,
  "MAPE(%)": 4.9417339314086846
}