Feature,Importance
0.1,75.18957750057915
ASA_m2_g,5.7831168708136715
AV_VF,3.3820542771857354
ASA_m2_cm3,3.3714811485439764
AV_cm3_g,2.6369506170730124
cm3_g,2.0466463885025608
Has_OMS,1.8371346458093223
LFPD,1.7645922458821026
LCD,1.618690974582216
PLD,1.2466277500587322
NASA_m2_cm3,0.530018656262371
NASA_m2_g,0.4983637420920951
NAV_cm3_g,0.0947451826150657
