{
  "R2": 0.9831324566911767,
  "MAE": 0.03399775307097202,
  "RMSE": 0.002884228100595749,
  "MAPE(%)": 3.103556205430796
}