temp,lowp,outp,seed,mode,qt_frac,train_ratio,out_root,model,R2,MAE,RMSE,MAPE(%)
313K,0.1,5,2025,lowq,0.4,0.5,./RUN_FULL_EXP,cat,0.9831324566911767,0.03399775307097202,0.002884228100595749,3.103556205430796
