Feature,Importance
0.1,72.62989259769974
ASA_m2_cm3,5.371154855360724
ASA_m2_g,5.318469305374472
AV_VF,4.3994602473716045
AV_cm3_g,2.596028059076197
cm3_g,2.310975910158343
LFPD,1.881460756194893
LCD,1.7792448868879764
PLD,1.5673451766201085
Has_OMS,1.0448739129911546
NASA_m2_g,0.6210555318305893
NASA_m2_cm3,0.4212714158761748
NAV_cm3_g,0.0587673445579913
