Feature,Importance
0.1,61.24042827937087
ASA_m2_g,11.10585961465951
ASA_m2_cm3,5.723922878351626
AV_cm3_g,5.159812200291311
AV_VF,4.351137904897075
cm3_g,3.7925713272584973
LCD,1.9736897931680666
LFPD,1.9348008192101753
PLD,1.8778345720002387
Has_OMS,1.3907785464520082
NASA_m2_cm3,0.8861683155470731
NASA_m2_g,0.4401327392944465
NAV_cm3_g,0.12286300949906817
