temp,lowp,outp,seed,mode,qt_frac,train_ratio,out_root,model,R2,MAE,RMSE,MAPE(%)
313K,0.1,15,2029,lowq,0.55,0.5,./RUN_FULL_EXP,cat,0.9703609984227551,0.11158831306439927,0.026187138068316965,4.528308192774337
