{
  "R2": 0.9703609984227551,
  "MAE": 0.11158831306439927,
  "RMSE": 0.026187138068316965,
  "MAPE(%)": 4.528308192774337
}