{
  "R2": 0.9953067182512894,
  "MAE": 0.02441627661858272,
  "RMSE": 0.0014733871963649534,
  "MAPE(%)": 1.9249096805570156
}