Feature,Importance
0.01,81.36792456803886
ASA_m2_g,2.747086784817751
ASA_m2_cm3,2.2000107802790287
Has_OMS,2.013740517448674
cm3_g,1.869915777131249
LFPD,1.841795730182201
LCD,1.7572358639721188
AV_VF,1.7421185645838908
PLD,1.4660078629186883
AV_cm3_g,1.4573325619016124
NASA_m2_cm3,0.9533309467508562
NASA_m2_g,0.5214963622494151
NAV_cm3_g,0.062003679725656416
