{
  "R2": 0.9855825820794731,
  "MAE": 0.014517946529489163,
  "RMSE": 0.0006700145704577547,
  "MAPE(%)": 2.595707071538258
}