Feature,Importance
0.1,63.69850573309305
AV_cm3_g,7.88815181529523
ASA_m2_g,6.318652561160365
AV_VF,6.244774914312987
ASA_m2_cm3,5.401543515735412
cm3_g,2.589704936549018
PLD,2.1665842115532326
LFPD,1.669367278443405
LCD,1.5574828150156326
Has_OMS,1.3691910567916237
NASA_m2_g,0.5746966671136708
NASA_m2_cm3,0.43199961397221553
NAV_cm3_g,0.08934488096417044
