{
  "R2": 0.9632768586881055,
  "MAE": 0.11514533815252248,
  "RMSE": 0.03840463383189404,
  "MAPE(%)": 4.677626553863946
}