Feature,Importance
HENRY,63.35105236894623
ASA_m2_g,6.764173740919345
AV_VF,6.733424864834443
AV_cm3_g,6.37715247634691
ASA_m2_cm3,6.035742679966968
cm3_g,2.2663555098399613
PLD,1.993074603708617
LFPD,1.8807936282906466
Has_OMS,1.671534117052618
LCD,1.5492993410889644
NASA_m2_g,0.6889463648030535
NASA_m2_cm3,0.5529890075638321
NAV_cm3_g,0.13546129663838186
