{
  "R2": 0.9711850456409312,
  "MAE": 0.11152849692321207,
  "RMSE": 0.02725857803434442,
  "MAPE(%)": 4.588712916139513
}