{
  "R2": 0.9402912885297151,
  "MAE": 0.10173365439423848,
  "RMSE": 0.02873970567826147,
  "MAPE(%)": 8.453601442731099
}