Feature,Importance
0.01,86.37481771906712
cm3_g,1.893613697051304
AV_cm3_g,1.701225763587592
LCD,1.536022465831244
ASA_m2_g,1.3747185738743743
Has_OMS,1.3145791421629425
LFPD,1.306120251245966
ASA_m2_cm3,1.3046400775629299
PLD,1.2596622702457954
AV_VF,1.176203375294816
NASA_m2_cm3,0.39903511275635284
NASA_m2_g,0.33939799409185906
NAV_cm3_g,0.019963557227714538
