{
  "R2": 0.9881763562009261,
  "MAE": 0.009670550629773261,
  "RMSE": 0.00019545407448956232,
  "MAPE(%)": 2.6841225487456892
}