temp,lowp,outp,seed,mode,qt_frac,train_ratio,out_root,model,R2,MAE,RMSE,MAPE(%)
293K,0.01,1,2025,lowq,0.7,0.5,./RUN_FULL_EXP,cat,0.9881763562009261,0.009670550629773261,0.00019545407448956232,2.6841225487456892
