Feature,Importance
0.01,83.60909354078332
AV_cm3_g,2.377785554586388
cm3_g,2.1566133762077406
Has_OMS,1.9923021654693787
AV_VF,1.7828378495282975
PLD,1.509254612705427
LFPD,1.4390483273458563
ASA_m2_cm3,1.361190732847566
LCD,1.3387253047314127
NASA_m2_cm3,0.9640738003840361
ASA_m2_g,0.9282829980514258
NASA_m2_g,0.4609884965217007
NAV_cm3_g,0.07980324083744493
