{
  "R2": 0.9911080293961668,
  "MAE": 0.010685899804035318,
  "RMSE": 0.00031895897998278653,
  "MAPE(%)": 3.074617436823524
}