temp,lowp,outp,seed,mode,qt_frac,train_ratio,out_root,model,R2,MAE,RMSE,MAPE(%)
293K,0.01,1,2028,lowq,0.2,0.5,./RUN_FULL_EXP,cat,0.9911080293961668,0.010685899804035318,0.00031895897998278653,3.074617436823524
