{
  "R2": 0.9863553837314767,
  "MAE": 0.01598835969293838,
  "RMSE": 0.0006214280223642017,
  "MAPE(%)": 2.969080333471936
}