{
  "R2": 0.9487725087649842,
  "MAE": 0.19408690951067292,
  "RMSE": 0.08878880178212717,
  "MAPE(%)": 6.5817402242614955
}