Feature,Importance
0.05,58.93456081448996
ASA_m2_g,13.78484088113519
ASA_m2_cm3,6.407610818496586
AV_cm3_g,4.3492290185583204
AV_VF,3.8930435220857484
cm3_g,3.106590840352979
LCD,2.3166394297778887
PLD,2.2907127439480592
LFPD,1.8603457869835676
Has_OMS,1.3570529380905296
NASA_m2_g,0.8628639563841844
NASA_m2_cm3,0.7851706619480814
NAV_cm3_g,0.0513385877488777
