{
  "R2": 0.9628341834046626,
  "MAE": 0.16153133568216488,
  "RMSE": 0.05250894971722585,
  "MAPE(%)": 5.180581585448722
}