{
  "R2": 0.9928497641948462,
  "MAE": 0.0076943524536564716,
  "RMSE": 0.0004229414978933008,
  "MAPE(%)": 2.166862613340485
}