{
  "R2": 0.9935955306389473,
  "MAE": 0.028859247446793808,
  "RMSE": 0.00215131525103124,
  "MAPE(%)": 2.3118079510798673
}