Feature,Importance
0.01,70.57073385993255
ASA_m2_g,6.448597078985896
ASA_m2_cm3,4.351999174931902
AV_VF,4.2503332321254605
AV_cm3_g,2.802389606579582
cm3_g,2.568760294845609
LCD,2.1841555485204442
LFPD,1.888885390018046
Has_OMS,1.796908517689861
PLD,1.7841168354882537
NASA_m2_cm3,0.9486767522739523
NASA_m2_g,0.35383242537998083
NAV_cm3_g,0.05061128322846275
