{
  "R2": 0.9713189056644267,
  "MAE": 0.06100953877686408,
  "RMSE": 0.009962142072508489,
  "MAPE(%)": 4.194213547858336
}