temp,lowp,outp,seed,mode,qt_frac,train_ratio,out_root,model,R2,MAE,RMSE,MAPE(%)
313K,0.1,1,2029,lowq,0.15,0.5,./RUN_FULL_EXP,cat,0.9907716758534217,0.005506646111452262,0.00019100070542331688,2.1366747873057177
