{
  "R2": 0.9907716758534217,
  "MAE": 0.005506646111452262,
  "RMSE": 0.00019100070542331688,
  "MAPE(%)": 2.1366747873057177
}