Feature,Importance
0.1,63.28666684101797
ASA_m2_g,13.129340059362088
AV_VF,4.95348685449747
ASA_m2_cm3,4.289362894499941
AV_cm3_g,4.253259781346891
cm3_g,2.1451406229057617
PLD,2.0164809147645792
LCD,1.9561646130169605
LFPD,1.7595693644007653
Has_OMS,1.041714347764298
NASA_m2_cm3,0.6576291559545262
NASA_m2_g,0.4786693046915173
NAV_cm3_g,0.03251524577722474
