temp,lowp,outp,seed,mode,qt_frac,train_ratio,out_root,model,R2,MAE,RMSE,MAPE(%)
313K,0.1,15,2025,lowq,0.75,0.5,./RUN_FULL_EXP,cat,0.9675059775324497,0.11246056561127148,0.025912729713587004,4.376812410111644
