{
  "R2": 0.9675059775324497,
  "MAE": 0.11246056561127148,
  "RMSE": 0.025912729713587004,
  "MAPE(%)": 4.376812410111644
}