Feature,Importance
0.01,87.89875309008963
PLD,1.8594454836891354
AV_cm3_g,1.6628049877680011
LCD,1.5428109566430819
cm3_g,1.409174439413425
AV_VF,1.3536173825059405
ASA_m2_cm3,1.1688060462848042
Has_OMS,0.8276123429127846
LFPD,0.7581038350828565
ASA_m2_g,0.7559838834979676
NASA_m2_g,0.34612780542183275
NASA_m2_cm3,0.30605202679835614
NAV_cm3_g,0.11070771989215751
