{
  "R2": 0.9926724925872654,
  "MAE": 0.007174065273263588,
  "RMSE": 0.0001055348940527824,
  "MAPE(%)": 3.0130916833086623
}