temp,lowp,outp,seed,mode,qt_frac,train_ratio,out_root,model,R2,MAE,RMSE,MAPE(%)
313K,0.01,1,2026,lowq,0.25,0.5,./RUN_FULL_EXP,cat,0.9926724925872654,0.007174065273263588,0.0001055348940527824,3.0130916833086623
