{
  "R2": 0.9763298267671876,
  "MAE": 0.0513607761733551,
  "RMSE": 0.006095363545026096,
  "MAPE(%)": 3.4755588493090883
}