Feature,Importance
0.01,64.97597640722552
ASA_m2_g,7.516118338443487
ASA_m2_cm3,6.4305532240382
AV_VF,4.680558952019955
AV_cm3_g,3.469485145879361
LCD,2.7818597837164494
PLD,2.2000950177287515
Has_OMS,2.197687411124432
LFPD,2.1648344344739625
cm3_g,2.144863966891849
NASA_m2_cm3,0.8701186902346372
NASA_m2_g,0.5127522432349596
NAV_cm3_g,0.05509638498844955
