{
  "R2": 0.9601605656559224,
  "MAE": 0.10336246774317498,
  "RMSE": 0.026327687848343936,
  "MAPE(%)": 5.271125203569788
}