{
  "R2": 0.8816208310548543,
  "MAE": 0.12293245003973939,
  "RMSE": 0.03503362006990194,
  "MAPE(%)": 10.567672198770357
}