Feature,Importance
0.5,80.97887153430965
ASA_m2_g,3.046376554233647
AV_VF,2.912027509827497
AV_cm3_g,2.796917130282509
ASA_m2_cm3,2.3484889047183737
cm3_g,1.5733828309354394
Has_OMS,1.525831203253602
LCD,1.2143706785479762
LFPD,1.186474871457978
PLD,1.1727356995066534
NASA_m2_cm3,0.6554816207189718
NASA_m2_g,0.4722531768906292
NAV_cm3_g,0.11678828531706822
