temp,lowp,outp,seed,mode,qt_frac,train_ratio,out_root,model,R2,MAE,RMSE,MAPE(%)
313K,0.5,5,2028,lowq,0.35,0.5,./RUN_FULL_EXP,cat,0.9863791084021853,0.0307759717300617,0.002387588863103815,2.8586533356235644
