{
  "R2": 0.9863791084021853,
  "MAE": 0.0307759717300617,
  "RMSE": 0.002387588863103815,
  "MAPE(%)": 2.8586533356235644
}