{
  "R2": 0.9535100862298096,
  "MAE": 0.23545441608689938,
  "RMSE": 0.1342072059873428,
  "MAPE(%)": 6.187722896761773
}