temp,lowp,outp,seed,mode,qt_frac,train_ratio,out_root,model,R2,MAE,RMSE,MAPE(%)
293K,HENRY,5,2027,lowq,0.5,0.5,./RUN_FULL_EXP,cat,0.9690208419294217,0.057994904150597874,0.00882655223784979,3.936036150285941
