{
  "R2": 0.9690208419294217,
  "MAE": 0.057994904150597874,
  "RMSE": 0.00882655223784979,
  "MAPE(%)": 3.936036150285941
}