{
  "R2": 0.973258678787591,
  "MAE": 0.020822161116850126,
  "RMSE": 0.0040688852780831975,
  "MAPE(%)": 3.557246481170584
}