temp,lowp,outp,seed,mode,qt_frac,train_ratio,out_root,model,R2,MAE,RMSE,MAPE(%)
293K,0.1,1,2027,lowq,0.3,0.5,./RUN_FULL_EXP,cat,0.9937374945077809,0.007648323094484657,0.00018268628726708096,2.0651954972392543
