{
  "R2": 0.9937374945077809,
  "MAE": 0.007648323094484657,
  "RMSE": 0.00018268628726708096,
  "MAPE(%)": 2.0651954972392543
}