Feature,Importance
0.05,70.21833545983623
ASA_m2_g,6.108918114367974
ASA_m2_cm3,5.66942273468037
AV_VF,3.4120927055972237
AV_cm3_g,3.112071700449344
LFPD,2.1289323955844597
PLD,2.0858409323695577
LCD,1.8681936691749823
Has_OMS,1.85469904865204
cm3_g,1.7410417485521215
NASA_m2_cm3,0.9796394479579139
NASA_m2_g,0.7351979892871239
NAV_cm3_g,0.08561405349064125
