temp,lowp,outp,seed,mode,qt_frac,train_ratio,out_root,model,R2,MAE,RMSE,MAPE(%)
293K,0.05,5,2027,lowq,0.55,0.5,./RUN_FULL_EXP,cat,0.970065792861138,0.05687869868507507,0.00814477657613413,3.830214585060971
