{
  "R2": 0.970065792861138,
  "MAE": 0.05687869868507507,
  "RMSE": 0.00814477657613413,
  "MAPE(%)": 3.830214585060971
}