Feature,Importance
0.05,83.75570059558873
ASA_m2_g,2.2375495103949063
AV_VF,1.9694582929742745
cm3_g,1.8992730381112857
AV_cm3_g,1.8333512466518738
Has_OMS,1.7370843586041906
ASA_m2_cm3,1.6661601011918736
LCD,1.3267729061788494
LFPD,1.2617235742104798
PLD,1.0065365385238303
NASA_m2_cm3,0.6917820306397738
NASA_m2_g,0.5128190817806711
NAV_cm3_g,0.10178872514927109
