{
  "R2": 0.9835720681719561,
  "MAE": 0.01758724144402449,
  "RMSE": 0.0016139420336267686,
  "MAPE(%)": 3.175978168381329
}