temp,lowp,outp,seed,mode,qt_frac,train_ratio,out_root,model,R2,MAE,RMSE,MAPE(%)
273K,0.05,1,2029,lowq,0.15,0.5,./RUN_FULL_EXP,cat,0.9835720681719561,0.01758724144402449,0.0016139420336267686,3.175978168381329
