{
  "R2": 0.9705051650364772,
  "MAE": 0.06514116464756993,
  "RMSE": 0.011248198787851675,
  "MAPE(%)": 4.464972427503896
}