Feature,Importance
HENRY,81.1653925405698
ASA_m2_g,2.598844671979946
ASA_m2_cm3,2.10374764217847
cm3_g,2.003728996773476
AV_VF,2.002504755445877
Has_OMS,1.8307115452918752
LFPD,1.7682628466140122
AV_cm3_g,1.6722739328971157
PLD,1.632376407490339
LCD,1.398501731054711
NASA_m2_cm3,1.0948571538021035
NASA_m2_g,0.6606052952750736
NAV_cm3_g,0.06819248062719668
