temp,lowp,outp,seed,mode,qt_frac,train_ratio,out_root,model,R2,MAE,RMSE,MAPE(%)
273K,HENRY,1,2027,lowq,0.55,0.5,./RUN_FULL_EXP,cat,0.9851507496457765,0.015299300106376243,0.0007228469644596628,2.7498329702664916
