{
  "R2": 0.9851507496457765,
  "MAE": 0.015299300106376243,
  "RMSE": 0.0007228469644596628,
  "MAPE(%)": 2.7498329702664916
}