Feature,Importance
0.5,76.10314625312958
ASA_m2_g,5.7143134275227245
ASA_m2_cm3,3.8240173716109065
AV_VF,3.315649504199346
AV_cm3_g,2.4754638749184936
cm3_g,2.2493368374729497
LCD,1.7538349288915278
Has_OMS,1.4130972140728153
PLD,1.161927929066928
LFPD,1.0605697880296476
NASA_m2_cm3,0.594184941636274
NASA_m2_g,0.23137650727001857
NAV_cm3_g,0.10308142217879662
