{
  "R2": 0.9797441758465415,
  "MAE": 0.053960060312989444,
  "RMSE": 0.007994787085411681,
  "MAPE(%)": 3.6422331580527043
}