{
  "R2": 0.9653251253785033,
  "MAE": 0.11298648183572867,
  "RMSE": 0.04149167579059701,
  "MAPE(%)": 4.766994491247751
}