{
  "R2": 0.9372900833159098,
  "MAE": 0.22395480023113257,
  "RMSE": 0.1187018359601628,
  "MAPE(%)": 8.240170351598396
}