{
  "R2": 0.9561320760048942,
  "MAE": 0.026858890596214526,
  "RMSE": 0.006715494528817718,
  "MAPE(%)": 4.837991778861015
}