{
  "R2": 0.9863380437594682,
  "MAE": 0.016516625208169614,
  "RMSE": 0.0011168106123190635,
  "MAPE(%)": 2.906580690645847
}