{
  "R2": 0.9963224228430116,
  "MAE": 0.0048194501163868345,
  "RMSE": 6.301514593051295e-05,
  "MAPE(%)": 1.9772911642909083
}