{
  "R2": 0.950410387561446,
  "MAE": 0.0804461582866868,
  "RMSE": 0.01568089514309044,
  "MAPE(%)": 6.61591501801183
}