temp,lowp,outp,seed,mode,qt_frac,train_ratio,out_root,model,R2,MAE,RMSE,MAPE(%)
313K,HENRY,5,2026,lowq,0.25,0.5,./RUN_FULL_EXP,cat,0.9815286346497267,0.03406951640000333,0.0035721125049954163,3.180011125017934
