{
  "R2": 0.9815286346497267,
  "MAE": 0.03406951640000333,
  "RMSE": 0.0035721125049954163,
  "MAPE(%)": 3.180011125017934
}