Feature,Importance
0.01,86.72616056554408
AV_cm3_g,1.9579709082856787
Has_OMS,1.5132977576043614
ASA_m2_cm3,1.4607432312844628
PLD,1.4430752715720223
LFPD,1.376181243041328
cm3_g,1.3249909688622694
AV_VF,1.1786467299944463
LCD,1.006386148518189
ASA_m2_g,0.9054269962846254
NASA_m2_cm3,0.6202294774211153
NASA_m2_g,0.4399408488092401
NAV_cm3_g,0.046949852778202315
