{
  "R2": 0.9765555113031376,
  "MAE": 0.00870804667573066,
  "RMSE": 0.0007532990729264621,
  "MAPE(%)": 3.281035679739188
}