{
  "R2": 0.9593511571501787,
  "MAE": 0.1726832995895943,
  "RMSE": 0.068974604402331,
  "MAPE(%)": 5.7801369521576715
}