temp,lowp,outp,seed,mode,qt_frac,train_ratio,out_root,model,R2,MAE,RMSE,MAPE(%)
313K,HENRY,5,2025,lowq,0.8,0.5,./RUN_FULL_EXP,cat,0.9791012628104541,0.03140933197898938,0.0022945179001919343,2.7620626734326286
