{
  "R2": 0.9791012628104541,
  "MAE": 0.03140933197898938,
  "RMSE": 0.0022945179001919343,
  "MAPE(%)": 2.7620626734326286
}