temp,lowp,outp,seed,mode,qt_frac,train_ratio,out_root,model,R2,MAE,RMSE,MAPE(%)
293K,0.01,15,2026,struct,0.0,0.65,./RUN_FULL_EXP,cat,0.7411497053326641,0.4934426579135811,0.5026282896246239,21.431772645987337
