{
  "R2": 0.7411497053326641,
  "MAE": 0.4934426579135811,
  "RMSE": 0.5026282896246239,
  "MAPE(%)": 21.431772645987337
}