{
  "R2": 0.9669650994168019,
  "MAE": 0.1619518241981409,
  "RMSE": 0.06135968087801075,
  "MAPE(%)": 5.6296542830102565
}