Feature,Importance
0.01,86.18014659940316
AV_cm3_g,2.06533426188467
cm3_g,1.6498854404803531
LCD,1.645951762387084
Has_OMS,1.5445092359604276
AV_VF,1.357126320608481
ASA_m2_cm3,1.2977403859132293
PLD,1.123350571652937
LFPD,1.083107115705664
ASA_m2_g,0.8664744379113308
NASA_m2_g,0.5858196905739278
NASA_m2_cm3,0.5650583799967126
NAV_cm3_g,0.035495797522017154
