temp,lowp,outp,seed,mode,qt_frac,train_ratio,out_root,model,R2,MAE,RMSE,MAPE(%)
293K,0.01,1,2028,struct_with_input,0.75,0.75,./RUN_FULL_EXP,cat,0.9895240999186417,0.009347008968236595,0.0001639369671115951,2.552393173302139
