{
  "R2": 0.9895240999186417,
  "MAE": 0.009347008968236595,
  "RMSE": 0.0001639369671115951,
  "MAPE(%)": 2.552393173302139
}