{
  "R2": 0.8550219386574129,
  "MAE": 0.13306533639356652,
  "RMSE": 0.043208582104730955,
  "MAPE(%)": 11.16206192124565
}