{
  "R2": 0.9739828370997401,
  "MAE": 0.058533462655387176,
  "RMSE": 0.011993895987732378,
  "MAPE(%)": 3.772578772282744
}