Feature,Importance
0.1,86.08592376726347
cm3_g,2.091067900084887
AV_cm3_g,2.03883876448811
Has_OMS,1.6501765813635458
ASA_m2_g,1.587485459806532
LCD,1.2374339297592074
AV_VF,1.0884370631358793
PLD,1.0863762549779878
LFPD,0.9725457366301635
ASA_m2_cm3,0.7555701002839934
NASA_m2_cm3,0.696077884071094
NASA_m2_g,0.6287182476899879
NAV_cm3_g,0.0813483104451408
