{
  "R2": 0.9929276752755996,
  "MAE": 0.008125797745383887,
  "RMSE": 0.00024347230192393602,
  "MAPE(%)": 2.174519408840223
}