Feature,Importance
0.01,80.7646662311423
cm3_g,4.647732238982595
LFPD,3.2161092597607626
PLD,2.597458448564482
LCD,1.767132344589071
AV_cm3_g,1.261223576621894
AV_VF,1.1930247803455138
ASA_m2_g,1.100466512239143
ASA_m2_cm3,1.0114067678021692
Has_OMS,0.9438653227510425
NASA_m2_g,0.7705904994362746
NASA_m2_cm3,0.6207243248493632
NAV_cm3_g,0.10559969291539455
