{
  "R2": 0.8786395014261513,
  "MAE": 0.02752211189774892,
  "RMSE": 0.00879204679847284,
  "MAPE(%)": 7.628047436912051
}