{
  "R2": 0.9898512778309199,
  "MAE": 0.009737080792747755,
  "RMSE": 0.00019967774434740166,
  "MAPE(%)": 2.743168527659855
}