{
  "R2": 0.9774348826046043,
  "MAE": 0.053887225779681955,
  "RMSE": 0.0104782904206871,
  "MAPE(%)": 3.558528149238107
}