{
  "R2": 0.9706005921504351,
  "MAE": 0.15283263846482156,
  "RMSE": 0.049727708298091214,
  "MAPE(%)": 5.160316541785128
}