Feature,Importance
0.01,59.30906974107348
ASA_m2_g,10.57079650426459
AV_cm3_g,6.0907241616356025
AV_VF,5.9462916763426215
ASA_m2_cm3,5.24601965821975
cm3_g,2.911377507438557
PLD,2.815951965061423
LFPD,2.2755518235396854
LCD,1.875491166568598
Has_OMS,1.4701864388227863
NASA_m2_cm3,0.8105703845506403
NASA_m2_g,0.5928406880235635
NAV_cm3_g,0.08512828445870897
