{
  "R2": 0.9591365266829419,
  "MAE": 0.1674133469470793,
  "RMSE": 0.06772646564597488,
  "MAPE(%)": 5.4779487489650665
}