Feature,Importance
0.1,86.7664633260901
AV_VF,1.7824993787867043
ASA_m2_cm3,1.6953406469099421
AV_cm3_g,1.5747966221727268
cm3_g,1.3311311921773985
ASA_m2_g,1.2715801657877597
PLD,1.2658456489948582
Has_OMS,1.1113502886890678
LCD,1.0246574145420062
LFPD,1.0093328994276987
NASA_m2_cm3,0.610415069127304
NASA_m2_g,0.4125811868651643
NAV_cm3_g,0.14400616042925843
