{
  "R2": 0.9902030211118305,
  "MAE": 0.01238570132576367,
  "RMSE": 0.0003378186228068892,
  "MAPE(%)": 2.278676571575258
}