Feature,Importance
0.01,87.97445920843832
cm3_g,2.5393692250925652
PLD,1.3868282819539206
ASA_m2_cm3,1.2468068380246171
ASA_m2_g,1.2038672155195267
AV_cm3_g,1.1439647767188976
AV_VF,1.046537816256155
Has_OMS,0.9846194559575221
LCD,0.9145030640406396
LFPD,0.8810270346943162
NASA_m2_cm3,0.44650515952369774
NASA_m2_g,0.2000492403884757
NAV_cm3_g,0.03146268339135431
