{
  "R2": 0.9680359714179055,
  "MAE": 0.015016791850979786,
  "RMSE": 0.0022994198282941312,
  "MAPE(%)": 3.641670688098148
}