{
  "R2": 0.9643588742272658,
  "MAE": 0.17356996140119366,
  "RMSE": 0.0668227665380419,
  "MAPE(%)": 6.064174074312259
}