Feature,Importance
0.01,70.2661234009887
ASA_m2_g,4.645759851679033
ASA_m2_cm3,4.4826354468184135
AV_VF,4.179371466049741
AV_cm3_g,3.2909557435459447
Has_OMS,3.1071281151606662
cm3_g,2.4414940755247563
LFPD,2.250182209718026
PLD,2.128325670256649
LCD,1.9539659783898
NASA_m2_cm3,0.6625650631716145
NASA_m2_g,0.4657959920184507
NAV_cm3_g,0.12569698667819415
