{
  "R2": 0.964138813342214,
  "MAE": 0.0723820907643298,
  "RMSE": 0.013755005403532689,
  "MAPE(%)": 5.192217812711906
}