Feature,Importance
0.05,84.77608737004526
Has_OMS,2.078710258419166
cm3_g,2.0465590905827957
LFPD,1.7386435037785766
AV_VF,1.5407954816459832
ASA_m2_g,1.5184987770372176
PLD,1.4982609765671164
ASA_m2_cm3,1.3899448506059995
AV_cm3_g,1.2588498409564173
LCD,1.227783488564317
NASA_m2_g,0.4306047854007458
NASA_m2_cm3,0.401549243635874
NAV_cm3_g,0.09371233276053044
