temp,lowp,outp,seed,mode,qt_frac,train_ratio,out_root,model,R2,MAE,RMSE,MAPE(%)
293K,0.05,1,2025,lowq,0.45,0.5,./RUN_FULL_EXP,cat,0.9915453211047327,0.008325945543725824,0.00019785903944124678,2.245868792795667
