{
  "R2": 0.9915453211047327,
  "MAE": 0.008325945543725824,
  "RMSE": 0.00019785903944124678,
  "MAPE(%)": 2.245868792795667
}