Feature,Importance
0.01,87.23593617861913
AV_VF,1.6748986428887194
cm3_g,1.6192043713296522
AV_cm3_g,1.6159552483023607
LCD,1.5995242505351779
ASA_m2_cm3,1.3061102079905926
ASA_m2_g,1.0420295313418615
PLD,0.9654214539505993
Has_OMS,0.9339220488762404
LFPD,0.7714589919364402
NASA_m2_g,0.6017210820532449
NASA_m2_cm3,0.5099433853785091
NAV_cm3_g,0.12387460679746543
