temp,lowp,outp,seed,mode,qt_frac,train_ratio,out_root,model,R2,MAE,RMSE,MAPE(%)
293K,0.01,1,2026,lowq,0.75,0.5,./RUN_FULL_EXP,cat,0.9897336968977628,0.009245053652166945,0.00015892643604581652,2.5352843053732808
