{
  "R2": 0.9897336968977628,
  "MAE": 0.009245053652166945,
  "RMSE": 0.00015892643604581652,
  "MAPE(%)": 2.5352843053732808
}