{
  "R2": 0.9589821605207725,
  "MAE": 0.12761407947026418,
  "RMSE": 0.052577081944086036,
  "MAPE(%)": 5.412316308426928
}