{
  "R2": 0.9952388411444719,
  "MAE": 0.004771957191951164,
  "RMSE": 6.361195494773958e-05,
  "MAPE(%)": 1.9187532542274133
}