temp,lowp,outp,seed,mode,qt_frac,train_ratio,out_root,model,R2,MAE,RMSE,MAPE(%)
313K,0.1,1,2027,lowq,0.3,0.5,./RUN_FULL_EXP,cat,0.9952388411444719,0.004771957191951164,6.361195494773958e-05,1.9187532542274133
