{
  "R2": 0.975129055446132,
  "MAE": 0.05212516910447236,
  "RMSE": 0.011546595718653043,
  "MAPE(%)": 3.3946910542127817
}