Feature,Importance
0.01,83.35124683872536
cm3_g,2.2761291469628455
ASA_m2_g,2.0546840712116805
LFPD,1.8094949979048842
LCD,1.7826057275029616
Has_OMS,1.7374772740473963
AV_cm3_g,1.4595105183798707
ASA_m2_cm3,1.4148074661973538
PLD,1.1154080485116373
AV_VF,1.0889674760500656
NASA_m2_g,1.0129964899948758
NASA_m2_cm3,0.8601690218405816
NAV_cm3_g,0.03650292267051303
