temp,lowp,outp,seed,mode,qt_frac,train_ratio,out_root,model,R2,MAE,RMSE,MAPE(%)
293K,0.01,1,2027,lowq,0.25,0.5,./RUN_FULL_EXP,cat,0.9910748871420033,0.010261582750108026,0.00026663351158891577,2.9816882781764735
