{
  "R2": 0.9910748871420033,
  "MAE": 0.010261582750108026,
  "RMSE": 0.00026663351158891577,
  "MAPE(%)": 2.9816882781764735
}