Feature,Importance
0.01,85.8622596933802
cm3_g,2.0241581961444233
AV_VF,1.8826439392374559
AV_cm3_g,1.7539881313067325
Has_OMS,1.642020472578217
LCD,1.4134571568509675
ASA_m2_g,1.35586150721096
PLD,1.3247076546546346
ASA_m2_cm3,1.0269812047746114
LFPD,0.8925871237272525
NASA_m2_cm3,0.4623878400710215
NASA_m2_g,0.3027508119192043
NAV_cm3_g,0.05619626814431347
