{
  "R2": 0.9897292901336013,
  "MAE": 0.009596963223146248,
  "RMSE": 0.00018217628413280492,
  "MAPE(%)": 2.66689794899607
}