temp,lowp,outp,seed,mode,qt_frac,train_ratio,out_root,model,R2,MAE,RMSE,MAPE(%)
293K,0.01,1,2028,lowq,0.65,0.5,./RUN_FULL_EXP,cat,0.9897292901336013,0.009596963223146248,0.00018217628413280492,2.66689794899607
