temp,lowp,outp,seed,mode,qt_frac,train_ratio,out_root,model,R2,MAE,RMSE,MAPE(%)
313K,0.01,15,2025,lowq,0.15,0.5,./RUN_FULL_EXP,cat,0.9720103398231524,0.11883062342745955,0.030831733748803714,5.153995811565565
