{
  "R2": 0.9720103398231524,
  "MAE": 0.11883062342745955,
  "RMSE": 0.030831733748803714,
  "MAPE(%)": 5.153995811565565
}