{
  "R2": 0.9744216639698515,
  "MAE": 0.05607797808799413,
  "RMSE": 0.009602916005520835,
  "MAPE(%)": 3.8634334404527904
}