{
  "R2": 0.514947155627603,
  "MAE": 0.3322169443343677,
  "RMSE": 0.2412252687568784,
  "MAPE(%)": 30.849146358743813
}