{
  "R2": 0.9907768606333839,
  "MAE": 0.00976183706500767,
  "RMSE": 0.00022940085395127603,
  "MAPE(%)": 2.677124223898423
}