Feature,Importance
0.5,61.19856658493154
ASA_m2_g,10.944867212580535
ASA_m2_cm3,6.826742341587671
AV_VF,4.3778460486419535
AV_cm3_g,4.3378798250383666
cm3_g,3.327107305465398
LCD,2.135313220555907
PLD,2.1270847870578673
LFPD,1.8362569101752464
Has_OMS,1.1886794950002086
NASA_m2_g,0.8563281853252687
NASA_m2_cm3,0.7196349990107631
NAV_cm3_g,0.1236930846292719
