{
  "R2": 0.9662065102454069,
  "MAE": 0.1574592870237799,
  "RMSE": 0.049777838245120096,
  "MAPE(%)": 5.175773887625727
}