{
  "R2": 0.9576131174900795,
  "MAE": 0.23119824122184887,
  "RMSE": 0.10401296056942476,
  "MAPE(%)": 5.813552168155693
}