Feature,Importance
0.05,87.71196501684162
AV_VF,1.7150561320044921
cm3_g,1.6909324181562466
AV_cm3_g,1.6563922316284394
Has_OMS,1.257511313524579
ASA_m2_cm3,1.140292062971552
LCD,1.0445597758645004
ASA_m2_g,0.9775565813460502
PLD,0.8771424035927583
LFPD,0.783478115523809
NASA_m2_g,0.6498176822152236
NASA_m2_cm3,0.34777623538119173
NAV_cm3_g,0.14752003094958
