{
  "R2": 0.992999041189801,
  "MAE": 0.0077139526945677024,
  "RMSE": 0.00013098425337830245,
  "MAPE(%)": 2.0792755553060642
}