temp,lowp,outp,seed,mode,qt_frac,train_ratio,out_root,model,R2,MAE,RMSE,MAPE(%)
293K,0.05,1,2026,lowq,0.6,0.5,./RUN_FULL_EXP,cat,0.992999041189801,0.0077139526945677024,0.00013098425337830245,2.0792755553060642
