temp,lowp,outp,seed,mode,qt_frac,train_ratio,out_root,model,R2,MAE,RMSE,MAPE(%)
273K,0.5,5,2027,lowq,0.4,0.5,./RUN_FULL_EXP,cat,0.967395871103014,0.08904340010880406,0.019171415366524672,4.452380773261792
