{
  "R2": 0.967395871103014,
  "MAE": 0.08904340010880406,
  "RMSE": 0.019171415366524672,
  "MAPE(%)": 4.452380773261792
}