Feature,Importance
HENRY,76.68402718231792
ASA_m2_g,5.720861877119089
AV_VF,3.324970508004678
cm3_g,2.697079770327058
AV_cm3_g,2.399421687035431
ASA_m2_cm3,2.06951572748119
LCD,1.7330373252713165
Has_OMS,1.7318092899231297
LFPD,1.2463672089797164
PLD,1.0208529682357725
NASA_m2_cm3,0.9640359089422734
NASA_m2_g,0.3296060775519306
NAV_cm3_g,0.07841446881049068
