{
  "R2": 0.9780562910434291,
  "MAE": 0.03700969227064934,
  "RMSE": 0.005882576224423554,
  "MAPE(%)": 3.464142502442386
}