Feature,Importance
0.01,87.28166249214948
AV_cm3_g,1.5988343801154778
cm3_g,1.5844105491955012
AV_VF,1.4333930673406945
LCD,1.424298533874686
ASA_m2_g,1.387227953329199
ASA_m2_cm3,1.170261303200358
Has_OMS,1.1327307737081773
PLD,0.9518401341258221
NASA_m2_g,0.7468531237620818
LFPD,0.7414848982695489
NASA_m2_cm3,0.4326125452031318
NAV_cm3_g,0.11439024572584872
