{
  "R2": 0.9895432475537991,
  "MAE": 0.009537533532846205,
  "RMSE": 0.00018655596927914892,
  "MAPE(%)": 2.6579065292736677
}