{
  "R2": 0.9888387778859146,
  "MAE": 0.04400072864414088,
  "RMSE": 0.004385810792951909,
  "MAPE(%)": 3.77681441066174
}