{
  "R2": 0.9942478119673115,
  "MAE": 0.004387909278413838,
  "RMSE": 4.291862251700346e-05,
  "MAPE(%)": 1.6504292560014056
}