temp,lowp,outp,seed,mode,qt_frac,train_ratio,out_root,model,R2,MAE,RMSE,MAPE(%)
313K,0.1,1,2028,lowq,0.7,0.5,./RUN_FULL_EXP,cat,0.9942478119673115,0.004387909278413838,4.291862251700346e-05,1.6504292560014056
