Feature,Importance
0.5,71.41905212274686
AV_VF,5.936280598198908
ASA_m2_cm3,4.970537955637688
ASA_m2_g,4.858508248707341
AV_cm3_g,3.1923252635004222
LFPD,1.9299215554927112
PLD,1.8439022914026426
LCD,1.6919273073656607
cm3_g,1.5679537057831328
Has_OMS,1.4144912338981062
NASA_m2_cm3,0.6353426369502885
NASA_m2_g,0.45562084780891954
NAV_cm3_g,0.08413623250731465
