temp,lowp,outp,seed,mode,qt_frac,train_ratio,out_root,model,R2,MAE,RMSE,MAPE(%)
273K,0.5,5,2028,lowq,0.75,0.5,./RUN_FULL_EXP,cat,0.9583016131197616,0.08942235248543123,0.017681798775468497,4.42969081566765
