{
  "R2": 0.9583016131197616,
  "MAE": 0.08942235248543123,
  "RMSE": 0.017681798775468497,
  "MAPE(%)": 4.42969081566765
}