Feature,Importance
0.1,83.87742326355239
ASA_m2_g,2.2265593373320325
ASA_m2_cm3,2.1432309143383486
AV_cm3_g,1.834563411244151
AV_VF,1.692641019696727
PLD,1.4753140029188376
LCD,1.4054760509844313
cm3_g,1.3258096645083108
Has_OMS,1.1732957556725876
LFPD,1.146190764764496
NASA_m2_cm3,0.95239847628868
NASA_m2_g,0.6820956838336639
NAV_cm3_g,0.06500165486538462
