{
  "R2": 0.9856518224974031,
  "MAE": 0.016106065833186193,
  "RMSE": 0.001205662907237046,
  "MAPE(%)": 2.933343153950294
}