Feature,Importance
0.5,64.46648792217236
ASA_m2_g,10.145221761908793
AV_VF,5.112770393094395
ASA_m2_cm3,5.008121866015749
AV_cm3_g,4.510039188681154
cm3_g,2.928065220829188
PLD,1.8505215601972473
LCD,1.8304877221772298
LFPD,1.7107742070454073
Has_OMS,1.311965146481283
NASA_m2_cm3,0.7468070864616336
NASA_m2_g,0.2823388894237183
NAV_cm3_g,0.09639903551185135
