{
  "R2": 0.9735972993342468,
  "MAE": 0.10914374026223574,
  "RMSE": 0.025766799138102276,
  "MAPE(%)": 4.483128045333759
}