{
  "R2": 0.961046549360864,
  "MAE": 0.15962157782475409,
  "RMSE": 0.05201684896824114,
  "MAPE(%)": 5.093252230411191
}