Feature,Importance
0.1,64.0428979252698
ASA_m2_g,10.972211520118039
AV_VF,5.642393230617702
ASA_m2_cm3,5.219539632472283
AV_cm3_g,3.1419826072667902
cm3_g,2.913828368728309
LCD,2.3417920469966824
PLD,1.7861285749553726
LFPD,1.6424531133749223
Has_OMS,1.094311557801031
NASA_m2_cm3,0.5837672416364738
NASA_m2_g,0.5678444579108824
NAV_cm3_g,0.05084972285174063
