{
  "R2": 0.9694284916299326,
  "MAE": 0.10873353966207343,
  "RMSE": 0.024414269014047422,
  "MAPE(%)": 4.310412815434821
}