Feature,Importance
0.01,56.099542951228614
ASA_m2_g,13.145859507078475
ASA_m2_cm3,6.988567348789483
AV_cm3_g,5.058467173466118
AV_VF,5.007168479063382
cm3_g,3.335985118221786
PLD,2.3713219388310964
LCD,2.2966139837045825
LFPD,2.090916435662727
Has_OMS,1.9103235755260508
NASA_m2_cm3,1.0774510801156107
NASA_m2_g,0.5278406499546662
NAV_cm3_g,0.08994175835740338
