{
  "R2": 0.9588870472414984,
  "MAE": 0.17258714271452713,
  "RMSE": 0.060328851904376986,
  "MAPE(%)": 5.589651348338849
}