temp,lowp,outp,seed,mode,qt_frac,train_ratio,out_root,model,R2,MAE,RMSE,MAPE(%)
293K,0.01,15,2029,lowq,0.55,0.5,./RUN_FULL_EXP,cat,0.9588870472414984,0.17258714271452713,0.060328851904376986,5.589651348338849
