{
  "R2": 0.957947114498635,
  "MAE": 0.23482809048171763,
  "RMSE": 0.11664447912676001,
  "MAPE(%)": 6.355321682879045
}