Feature,Importance
0.01,87.17581459165304
AV_VF,1.9179440470036955
LCD,1.8484149466660085
cm3_g,1.6601077133917297
PLD,1.6135252562268532
AV_cm3_g,1.3699588919091241
ASA_m2_g,1.1396426584144081
ASA_m2_cm3,1.039360699180796
LFPD,0.7544497317754657
Has_OMS,0.6704662016052125
NASA_m2_cm3,0.4250355790490274
NASA_m2_g,0.26807683455081627
NAV_cm3_g,0.11720284857383272
