{
  "R2": 0.9640236946907256,
  "MAE": 0.015534281128083543,
  "RMSE": 0.002638179574030241,
  "MAPE(%)": 3.6662984732093014
}