temp,lowp,outp,seed,mode,qt_frac,train_ratio,out_root,model,R2,MAE,RMSE,MAPE(%)
293K,HENRY,5,2025,lowq,0.6,0.5,./RUN_FULL_EXP,cat,0.9679300211400241,0.058610977473042614,0.00823650810435476,3.986790363636631
