{
  "R2": 0.9679300211400241,
  "MAE": 0.058610977473042614,
  "RMSE": 0.00823650810435476,
  "MAPE(%)": 3.986790363636631
}