Feature,Importance
0.5,55.230084409368345
ASA_m2_g,12.690807825419178
AV_VF,6.801379000436088
AV_cm3_g,6.723742823790642
ASA_m2_cm3,5.481340665464878
cm3_g,3.6812084272549144
PLD,2.5324603915149786
LCD,2.2126878129099654
LFPD,1.9883743677399077
Has_OMS,1.4199382167031684
NASA_m2_cm3,0.6733590076782557
NASA_m2_g,0.49802916864391045
NAV_cm3_g,0.06658788307576285
