{
  "R2": 0.9539415258152413,
  "MAE": 0.2264538889719432,
  "RMSE": 0.1111065384517941,
  "MAPE(%)": 5.7097254853007104
}