temp,lowp,outp,seed,mode,qt_frac,train_ratio,out_root,model,R2,MAE,RMSE,MAPE(%)
273K,0.5,15,2028,lowq,0.65,0.5,./RUN_FULL_EXP,cat,0.9539415258152413,0.2264538889719432,0.1111065384517941,5.7097254853007104
