Feature,Importance
HENRY,63.711864910592766
ASA_m2_g,10.178588975838768
ASA_m2_cm3,5.855256775938237
AV_VF,4.57592866768045
AV_cm3_g,3.7041961132600534
cm3_g,3.4109923084709135
LCD,2.238719779406997
PLD,2.0509605463314204
LFPD,1.5341629043393048
Has_OMS,1.302928707015511
NASA_m2_cm3,0.7432602355571946
NASA_m2_g,0.5981462586672455
NAV_cm3_g,0.09499381690112545
