{
  "R2": 0.9706046339425756,
  "MAE": 0.10783355136923581,
  "RMSE": 0.02431450451828172,
  "MAPE(%)": 4.345121249225035
}