Feature,Importance
0.01,77.05462329770282
ASA_m2_g,4.6462662209985535
AV_VF,3.5881097689485197
ASA_m2_cm3,3.055809710119422
AV_cm3_g,2.3206157300325105
LFPD,1.8931330428131554
cm3_g,1.6667243452672933
Has_OMS,1.566353530114102
PLD,1.5191824109057392
LCD,1.3051778780862644
NASA_m2_cm3,0.7309339539853267
NASA_m2_g,0.5661287534432046
NAV_cm3_g,0.08694135758305363
