{
  "R2": 0.9759410240755668,
  "MAE": 0.039765502908177125,
  "RMSE": 0.003103678599579592,
  "MAPE(%)": 3.611335988425367
}