{
  "R2": 0.9566414857863964,
  "MAE": 0.22576730665025418,
  "RMSE": 0.09988546110512424,
  "MAPE(%)": 5.681197375948713
}