Feature,Importance
0.01,78.40128084949188
Has_OMS,4.040217760501367
AV_cm3_g,2.5939107486752797
cm3_g,2.5510193938839802
AV_VF,2.18145080963932
ASA_m2_cm3,2.061097224222962
PLD,1.8990342027466558
LCD,1.6313862070883192
LFPD,1.6101566300288104
ASA_m2_g,1.2498139985922192
NASA_m2_g,0.8493466127785329
NASA_m2_cm3,0.8446103251012149
NAV_cm3_g,0.08667523724944964
