{
  "R2": 0.9632680750435475,
  "MAE": 0.024937862000094804,
  "RMSE": 0.003468364137304386,
  "MAPE(%)": 4.776745369120994
}