{
  "R2": 0.5682701898484366,
  "MAE": 0.4261076363865473,
  "RMSE": 0.36412987390801665,
  "MAPE(%)": 29.359397749305057
}