temp,lowp,outp,seed,mode,qt_frac,train_ratio,out_root,model,R2,MAE,RMSE,MAPE(%)
293K,HENRY,5,2028,lowq,0.8,0.5,./RUN_FULL_EXP,cat,0.9633935103389974,0.055402808143752424,0.007643043802740252,3.732790062506634
