{
  "R2": 0.9633935103389974,
  "MAE": 0.055402808143752424,
  "RMSE": 0.007643043802740252,
  "MAPE(%)": 3.732790062506634
}