Feature,Importance
0.05,82.99691424310373
ASA_m2_g,2.113944109417932
cm3_g,1.9623552077562445
ASA_m2_cm3,1.9538113804400137
AV_cm3_g,1.7944566854642694
Has_OMS,1.7181661161294164
PLD,1.6574069735605759
AV_VF,1.5225379403449553
LCD,1.4795059316634724
LFPD,0.9827124046276637
NASA_m2_cm3,0.9157433931223391
NASA_m2_g,0.8280456998605428
NAV_cm3_g,0.07439991450887652
