{
  "R2": 0.9877018207756592,
  "MAE": 0.016171321430546205,
  "RMSE": 0.0009141623484366932,
  "MAPE(%)": 2.936943780535585
}