{
  "R2": 0.9616500653767802,
  "MAE": 0.16606170193614825,
  "RMSE": 0.07246583758798665,
  "MAPE(%)": 6.106817580683698
}