Feature,Importance
0.01,79.50876018384393
ASA_m2_cm3,3.5304395975455436
Has_OMS,2.5696674388011114
AV_VF,2.411056572277054
PLD,2.1396787518708194
ASA_m2_g,1.964608674619188
AV_cm3_g,1.8102719331851143
cm3_g,1.7746740750918009
LCD,1.6098497914321943
LFPD,1.492022406508497
NASA_m2_cm3,0.6645831411883126
NASA_m2_g,0.4548261309284904
NAV_cm3_g,0.06956130270795648
