{
  "R2": 0.9851184241534409,
  "MAE": 0.017903862444690763,
  "RMSE": 0.0009067567843839727,
  "MAPE(%)": 3.309056818930472
}