{
  "R2": 0.9855193070540178,
  "MAE": 0.01806233526072523,
  "RMSE": 0.0008771585457512687,
  "MAPE(%)": 3.3566079803843953
}