Feature,Importance
0.05,83.14163223660647
ASA_m2_g,2.168354455847668
AV_cm3_g,2.112492518892449
ASA_m2_cm3,1.829851316225593
AV_VF,1.7514422154233122
PLD,1.5919109663425586
cm3_g,1.485613817225106
LCD,1.4824044384784587
Has_OMS,1.4197182825814252
LFPD,1.3000618211602182
NASA_m2_cm3,0.8364303312546235
NASA_m2_g,0.8027331335601593
NAV_cm3_g,0.0773544664019495
