{
  "R2": 0.9872960043309197,
  "MAE": 0.014240586924947035,
  "RMSE": 0.000512255071712464,
  "MAPE(%)": 2.567116889079163
}