temp,lowp,outp,seed,mode,qt_frac,train_ratio,out_root,model,R2,MAE,RMSE,MAPE(%)
273K,0.05,1,2027,lowq,0.7,0.5,./RUN_FULL_EXP,cat,0.9872960043309197,0.014240586924947035,0.000512255071712464,2.567116889079163
