{
  "R2": 0.9710112647433536,
  "MAE": 0.08993141718368558,
  "RMSE": 0.019743127840431616,
  "MAPE(%)": 4.662128280683396
}