temp,lowp,outp,seed,mode,qt_frac,train_ratio,out_root,model,R2,MAE,RMSE,MAPE(%)
273K,0.5,5,2025,lowq,0.2,0.5,./RUN_FULL_EXP,cat,0.9710112647433536,0.08993141718368558,0.019743127840431616,4.662128280683396
