Feature,Importance
0.01,81.96731120615097
ASA_m2_g,3.03500193675444
ASA_m2_cm3,2.8176594386194305
Has_OMS,1.9964616982302326
AV_VF,1.7282654113172762
LFPD,1.5240354574627886
PLD,1.4592311931076518
AV_cm3_g,1.426463456999674
LCD,1.3140161235416137
cm3_g,1.2112100095163354
NASA_m2_cm3,0.8905572362866178
NASA_m2_g,0.593874280532188
NAV_cm3_g,0.035912551480789125
