{
  "R2": 0.9868197329740607,
  "MAE": 0.01480055341661867,
  "RMSE": 0.000473982147250306,
  "MAPE(%)": 2.8073278301493483
}