{
  "R2": 0.9837772813638408,
  "MAE": 0.015210235751261666,
  "RMSE": 0.0005713414198016434,
  "MAPE(%)": 2.8123406350705484
}