{
  "R2": 0.9632324494412366,
  "MAE": 0.17659493307956972,
  "RMSE": 0.0693691894866417,
  "MAPE(%)": 6.342567836630413
}