{
  "R2": 0.9874533500487813,
  "MAE": 0.01709690922096504,
  "RMSE": 0.0007605625854753456,
  "MAPE(%)": 3.1487079639500517
}