temp,lowp,outp,seed,mode,qt_frac,train_ratio,out_root,model,R2,MAE,RMSE,MAPE(%)
273K,0.01,1,2027,lowq,0.4,0.5,./RUN_FULL_EXP,cat,0.9874533500487813,0.01709690922096504,0.0007605625854753456,3.1487079639500517
