{
  "R2": 0.9562256310951953,
  "MAE": 0.10226594408477672,
  "RMSE": 0.02564718031136886,
  "MAPE(%)": 5.103669218710611
}