Feature,Importance
0.05,59.03439704704775
ASA_m2_g,8.806251447773628
AV_cm3_g,7.344461772332307
AV_VF,6.385280768092623
ASA_m2_cm3,6.222362975952642
cm3_g,2.73235500422691
PLD,2.2397210300618235
LCD,2.1891794501652306
Has_OMS,1.7180333374263608
LFPD,1.6432821761588399
NASA_m2_cm3,0.9064373383426266
NASA_m2_g,0.6962187196077205
NAV_cm3_g,0.08201893281155108
