temp,lowp,outp,seed,mode,qt_frac,train_ratio,out_root,model,R2,MAE,RMSE,MAPE(%)
313K,0.05,15,2027,lowq,0.3,0.5,./RUN_FULL_EXP,cat,0.9732843511085364,0.1109059855536163,0.026919641684124303,4.621923148146024
