{
  "R2": 0.9732843511085364,
  "MAE": 0.1109059855536163,
  "RMSE": 0.026919641684124303,
  "MAPE(%)": 4.621923148146024
}