{
  "R2": 0.99566360702188,
  "MAE": 0.005482398975872872,
  "RMSE": 6.40038441964481e-05,
  "MAPE(%)": 1.4574632258833617
}