{
  "R2": 0.995966054618064,
  "MAE": 0.006390701686323639,
  "RMSE": 0.00015597460613773153,
  "MAPE(%)": 1.802840979483498
}