Feature,Importance
0.01,60.98407135256232
ASA_m2_g,14.01941241642009
ASA_m2_cm3,5.841583339601235
AV_VF,4.493715979716485
AV_cm3_g,3.4952443515446023
cm3_g,3.0045931413120366
LCD,2.214908782232966
PLD,1.9514827704861664
LFPD,1.6799607589808896
Has_OMS,1.183085223524434
NASA_m2_cm3,0.5870614039075516
NASA_m2_g,0.4298548419606253
NAV_cm3_g,0.11502563775059202
