{
  "R2": 0.9691243936917844,
  "MAE": 0.12226999601240793,
  "RMSE": 0.03026293649103471,
  "MAPE(%)": 4.9830280249036765
}