{
  "R2": 0.9599177325513267,
  "MAE": 0.2336348777234804,
  "RMSE": 0.1168886026233034,
  "MAPE(%)": 6.379453294103637
}