Feature,Importance
0.1,67.09094903941255
ASA_m2_cm3,8.080318629048364
ASA_m2_g,5.633532614957532
AV_VF,4.001669059121468
AV_cm3_g,3.057398260966542
PLD,2.402863267259321
LCD,2.319248281035073
LFPD,2.0853011708751548
cm3_g,2.0406296583476986
Has_OMS,1.530697402140474
NASA_m2_g,0.8783609373463114
NASA_m2_cm3,0.7314511863085605
NAV_cm3_g,0.1475804931809727
