{
  "R2": 0.9576810113030858,
  "MAE": 0.0969343107054216,
  "RMSE": 0.021955809193448687,
  "MAPE(%)": 4.910548408819386
}