temp,lowp,outp,seed,mode,qt_frac,train_ratio,out_root,model,R2,MAE,RMSE,MAPE(%)
273K,0.1,5,2026,lowq,0.6,0.5,./RUN_FULL_EXP,cat,0.9576810113030858,0.0969343107054216,0.021955809193448687,4.910548408819386
