Feature,Importance
0.01,82.67920917590496
ASA_m2_cm3,2.6494921083336327
AV_cm3_g,2.1323793079486566
AV_VF,1.924592746793275
PLD,1.7752889284130284
Has_OMS,1.7099260080855117
LCD,1.6393444191901694
cm3_g,1.5182700991552978
ASA_m2_g,1.3206751402689199
LFPD,1.1974929112597532
NASA_m2_g,0.8092999992613535
NASA_m2_cm3,0.5439312793657258
NAV_cm3_g,0.10009787601969415
