{
  "R2": 0.9851464940450197,
  "MAE": 0.019010505915683616,
  "RMSE": 0.0012446913642992488,
  "MAPE(%)": 3.4812366644795505
}