temp,lowp,outp,seed,mode,qt_frac,train_ratio,out_root,model,R2,MAE,RMSE,MAPE(%)
273K,0.01,1,2026,lowq,0.2,0.5,./RUN_FULL_EXP,cat,0.9851464940450197,0.019010505915683616,0.0012446913642992488,3.4812366644795505
