Feature,Importance
HENRY,51.5511192976399
ASA_m2_g,12.865905573897221
ASA_m2_cm3,9.041667854946391
AV_cm3_g,6.934475829500808
AV_VF,4.4378523540022154
cm3_g,4.148198350404521
PLD,2.963983751704814
LCD,2.498336730189045
LFPD,2.448481061917805
Has_OMS,1.5858175556315173
NASA_m2_cm3,0.9921981221416748
NASA_m2_g,0.45247460578486953
NAV_cm3_g,0.07948891223924336
