temp,lowp,outp,seed,mode,qt_frac,train_ratio,out_root,model,R2,MAE,RMSE,MAPE(%)
273K,HENRY,15,2029,lowq,0.45,0.5,./RUN_FULL_EXP,cat,0.9528274523835096,0.24092874282262708,0.12082801905454588,6.231805088254947
