{
  "R2": 0.9528274523835096,
  "MAE": 0.24092874282262708,
  "RMSE": 0.12082801905454588,
  "MAPE(%)": 6.231805088254947
}