Feature,Importance
0.01,85.8875148927117
Has_OMS,1.9996248713860232
AV_cm3_g,1.7080379999046484
PLD,1.6197574229297844
cm3_g,1.6003221594488803
ASA_m2_cm3,1.2795964479894513
LCD,1.2141350346730693
AV_VF,1.1315078381459027
NASA_m2_cm3,1.0920609087856465
ASA_m2_g,0.9920368397151792
LFPD,0.891788493126775
NASA_m2_g,0.5369463695834602
NAV_cm3_g,0.046670721599491934
