{
  "R2": 0.9675331537966148,
  "MAE": 0.014318867649914913,
  "RMSE": 0.002457155362510098,
  "MAPE(%)": 3.354572609434223
}