Feature,Importance
HENRY,86.32801896812657
cm3_g,2.2602734794649653
AV_cm3_g,2.046477290385898
LFPD,1.6398312307343332
LCD,1.4529422921934425
Has_OMS,1.4023259430663293
AV_VF,1.311242152321441
ASA_m2_g,1.0508907618063315
PLD,0.8287671763675768
ASA_m2_cm3,0.6432672362923127
NASA_m2_cm3,0.5354680876413969
NASA_m2_g,0.4484233345499934
NAV_cm3_g,0.05207204704938599
