{
  "R2": 0.9959881213825468,
  "MAE": 0.0037176951979459028,
  "RMSE": 2.907317906722515e-05,
  "MAPE(%)": 1.3844798021523337
}