{
  "R2": 0.969898737035807,
  "MAE": 0.02757381319077144,
  "RMSE": 0.0035183203284224903,
  "MAPE(%)": 5.779626811025343
}