{
  "R2": 0.9659216497387676,
  "MAE": 0.02777489374551931,
  "RMSE": 0.00400784626038342,
  "MAPE(%)": 5.551099357258808
}