Feature,Importance
0.01,78.25342805042057
ASA_m2_g,4.495992116779362
AV_VF,3.42986300450243
ASA_m2_cm3,3.0133748229318393
AV_cm3_g,2.5208495882695776
LCD,1.609391883615525
cm3_g,1.5529463428044288
Has_OMS,1.3899689685408512
PLD,1.2899395086141991
LFPD,1.1865757058447712
NASA_m2_g,0.7102314602622486
NASA_m2_cm3,0.49823754418242794
NAV_cm3_g,0.04920100323177845
