temp,lowp,outp,seed,mode,qt_frac,train_ratio,out_root,model,R2,MAE,RMSE,MAPE(%)
313K,0.01,5,2026,lowq,0.8,0.5,./RUN_FULL_EXP,cat,0.9731402570637631,0.038925419963332174,0.0029099544257425868,3.4992804970600666
