{
  "R2": 0.9731402570637631,
  "MAE": 0.038925419963332174,
  "RMSE": 0.0029099544257425868,
  "MAPE(%)": 3.4992804970600666
}