Feature,Importance
0.01,56.18781045903584
ASA_m2_g,14.41531474724963
AV_cm3_g,6.322576759489285
ASA_m2_cm3,5.491586701348058
AV_VF,4.75453896580123
cm3_g,2.895975932299068
PLD,2.2754006189027405
LCD,2.1169232054790337
LFPD,2.0378140164643357
Has_OMS,1.8980592850158344
NASA_m2_cm3,0.9644139452174473
NASA_m2_g,0.5769208381281018
NAV_cm3_g,0.06266452556942512
