{
  "R2": 0.95156770036744,
  "MAE": 0.17599446048767772,
  "RMSE": 0.08006017233872316,
  "MAPE(%)": 5.732104762844478
}