Feature,Importance
0.1,87.32212682705506
cm3_g,1.8742281784244181
AV_VF,1.595856491452532
AV_cm3_g,1.4563975361651267
LFPD,1.229741563929929
LCD,1.1936826796862143
Has_OMS,1.1808250049359146
PLD,1.120301085621141
ASA_m2_cm3,1.0287807271659697
ASA_m2_g,0.9049624184110282
NASA_m2_cm3,0.6660187428036817
NASA_m2_g,0.41258731130589266
NAV_cm3_g,0.01449143304310158
