{
  "R2": 0.9925085813401533,
  "MAE": 0.007163880571851318,
  "RMSE": 0.00012331958918529155,
  "MAPE(%)": 1.9053441410273728
}