Feature,Importance
0.1,65.8249210246916
ASA_m2_g,8.616472172550395
ASA_m2_cm3,5.548679531457483
AV_VF,4.256490512172553
AV_cm3_g,3.3235747987228663
cm3_g,2.6007269020556074
LCD,2.471898023772842
PLD,2.157632353181115
LFPD,2.0168364460963883
Has_OMS,1.8681068674934302
NASA_m2_cm3,0.8027931562768968
NASA_m2_g,0.45253984555719357
NAV_cm3_g,0.05932836597161694
