temp,lowp,outp,seed,mode,qt_frac,train_ratio,out_root,model,R2,MAE,RMSE,MAPE(%)
273K,0.1,5,2029,lowq,0.35,0.5,./RUN_FULL_EXP,cat,0.9546860937128132,0.10486972578594934,0.028864994694219652,5.276601218427363
