{
  "R2": 0.9546860937128132,
  "MAE": 0.10486972578594934,
  "RMSE": 0.028864994694219652,
  "MAPE(%)": 5.276601218427363
}