Feature,Importance
PLD,14.365970570156781
cm3_g,13.416211165887336
Has_OMS,12.701016314426962
AV_VF,11.118527432960393
LCD,10.122494559551376
ASA_m2_cm3,9.795010048293502
LFPD,8.492678720828978
AV_cm3_g,8.1245391790678
ASA_m2_g,7.282972799158276
NASA_m2_cm3,2.719083688763856
NASA_m2_g,1.710973970458079
NAV_cm3_g,0.15052155044665974
