{
  "R2": 0.36075379872448154,
  "MAE": 0.12521634339272905,
  "RMSE": 0.0492329273152542,
  "MAPE(%)": 47.77187912015432
}