Feature,Importance
0.1,62.25685640289531
ASA_m2_g,12.979028400246893
ASA_m2_cm3,5.224841783380416
AV_cm3_g,4.180878726799753
AV_VF,4.0837978900921925
cm3_g,3.4228330663505506
PLD,2.2475782197273126
LCD,1.8834619049726928
LFPD,1.8746460030172039
Has_OMS,0.882599809743322
NASA_m2_cm3,0.4845232982837733
NASA_m2_g,0.4153960622261084
NAV_cm3_g,0.06355843226446051
