{
  "R2": 0.9654032723982311,
  "MAE": 0.11362452990315171,
  "RMSE": 0.04249792983467264,
  "MAPE(%)": 4.876517254402941
}