temp,lowp,outp,seed,mode,qt_frac,train_ratio,out_root,model,R2,MAE,RMSE,MAPE(%)
313K,0.1,15,2025,lowq,0.05,0.5,./RUN_FULL_EXP,cat,0.9654032723982311,0.11362452990315171,0.04249792983467264,4.876517254402941
