Feature,Importance
Has_OMS,15.370864440165258
cm3_g,15.210135567769798
PLD,13.154655094750673
AV_VF,11.830392385279273
LCD,10.24781200786431
ASA_m2_cm3,9.317650312580952
LFPD,8.292040307472531
AV_cm3_g,6.545009611725628
ASA_m2_g,6.174245110352306
NASA_m2_g,1.9384993644597024
NASA_m2_cm3,1.691495201301589
NAV_cm3_g,0.22720059627796765
