{
  "R2": 0.37135454640097443,
  "MAE": 0.12058567612504836,
  "RMSE": 0.046504680920394094,
  "MAPE(%)": 45.41056492835097
}