Feature,Importance
0.01,84.47262893202833
cm3_g,2.046377794087869
AV_cm3_g,2.0226093620719072
LFPD,1.6070145778984515
LCD,1.5890620203385308
ASA_m2_cm3,1.5657297492827766
ASA_m2_g,1.5585298097635725
AV_VF,1.4830021666941224
PLD,1.2680650041075459
Has_OMS,1.1846843924202215
NASA_m2_cm3,0.5579159973370512
NASA_m2_g,0.539691621299692
NAV_cm3_g,0.10468857266995042
