{
  "R2": 0.9921248463393111,
  "MAE": 0.00957680891108368,
  "RMSE": 0.00020040033968247756,
  "MAPE(%)": 2.6616428164114128
}