{
  "R2": 0.9827322846941949,
  "MAE": 0.012544698903105488,
  "RMSE": 0.000596761299538129,
  "MAPE(%)": 3.667521053960584
}