{
  "R2": 0.9958600293572554,
  "MAE": 0.004251412822252832,
  "RMSE": 4.054792884420819e-05,
  "MAPE(%)": 1.6570044996936393
}