temp,lowp,outp,seed,mode,qt_frac,train_ratio,out_root,model,R2,MAE,RMSE,MAPE(%)
313K,HENRY,1,2027,lowq,0.5,0.5,./RUN_FULL_EXP,cat,0.9958600293572554,0.004251412822252832,4.054792884420819e-05,1.6570044996936393
