{
  "R2": 0.9707036047926608,
  "MAE": 0.11275927395867694,
  "RMSE": 0.02841536351834226,
  "MAPE(%)": 4.609859847776384
}