temp,lowp,outp,seed,mode,qt_frac,train_ratio,out_root,model,R2,MAE,RMSE,MAPE(%)
313K,0.1,15,2027,lowq,0.4,0.5,./RUN_FULL_EXP,cat,0.9707036047926608,0.11275927395867694,0.02841536351834226,4.609859847776384
