Feature,Importance
0.01,53.09294730455275
ASA_m2_g,16.509842367463158
ASA_m2_cm3,6.491244915309666
AV_cm3_g,5.607960292988924
AV_VF,4.602939510956367
cm3_g,3.891039336701882
PLD,2.5151297202933773
LCD,2.379618152735542
LFPD,2.008584105298056
Has_OMS,1.3319311245699437
NASA_m2_cm3,1.0652050796977874
NASA_m2_g,0.42162387513971733
NAV_cm3_g,0.08193421429280034
