{
  "R2": 0.9808373426815392,
  "MAE": 0.03353364073044889,
  "RMSE": 0.00272467593153826,
  "MAPE(%)": 3.013519959435328
}