{
  "R2": 0.9703944910697533,
  "MAE": 0.06416329961096526,
  "RMSE": 0.009350052816632986,
  "MAPE(%)": 4.435061062504119
}