{
  "R2": 0.5418450084021069,
  "MAE": 0.3207077812187152,
  "RMSE": 0.2169431093850471,
  "MAPE(%)": 30.327261778483262
}