Feature,Importance
0.5,71.1096619889071
ASA_m2_g,6.54880596084187
ASA_m2_cm3,5.323161938655996
AV_VF,4.157647026294026
AV_cm3_g,2.8341702593976623
cm3_g,2.4525142429476423
LCD,2.0886995499544123
PLD,1.8658127988290492
LFPD,1.2922437954432904
Has_OMS,1.0639993169122293
NASA_m2_g,0.6684361137821971
NASA_m2_cm3,0.47582477542624996
NAV_cm3_g,0.11902223260825881
