{
  "R2": 0.9712899609832636,
  "MAE": 0.09207027024834832,
  "RMSE": 0.021852370326053278,
  "MAPE(%)": 4.743394477213823
}