Feature,Importance
0.01,64.44371438966495
ASA_m2_g,9.069499672802241
AV_VF,6.080284858471766
ASA_m2_cm3,5.007901602993016
AV_cm3_g,4.7388916529453144
PLD,2.3561964273491784
cm3_g,2.136843591653468
LFPD,1.7903543019066686
LCD,1.6013285543349982
Has_OMS,1.5306128488446247
NASA_m2_cm3,0.700250472498096
NASA_m2_g,0.4738221219941495
NAV_cm3_g,0.07029950454153071
