{
  "R2": 0.9673860252396248,
  "MAE": 0.12208711050099849,
  "RMSE": 0.028813661954159964,
  "MAPE(%)": 4.8658986665115815
}