{
  "R2": 0.9873865481660309,
  "MAE": 0.015600042734707463,
  "RMSE": 0.0008462915529028796,
  "MAPE(%)": 2.735971214932192
}