Feature,Importance
0.5,89.7716931205638
cm3_g,1.398577741395148
Has_OMS,1.3248087583185175
AV_cm3_g,1.2872085742976258
LFPD,1.2157968155993293
PLD,1.0173862591821148
AV_VF,0.8496691600526229
ASA_m2_cm3,0.8474881658182506
LCD,0.7594899177213732
ASA_m2_g,0.7161351801741017
NASA_m2_cm3,0.4314768713273415
NASA_m2_g,0.3267678092616029
NAV_cm3_g,0.053501626288203506
