{
  "R2": 0.9957409607316964,
  "MAE": 0.0038428073817415166,
  "RMSE": 6.076080531757825e-05,
  "MAPE(%)": 1.5028128978412347
}