Feature,Importance
0.5,77.98956557377645
AV_VF,3.863453460953498
ASA_m2_g,3.471920628626867
ASA_m2_cm3,3.295943680848379
AV_cm3_g,3.1227726604186765
LCD,1.571834591752514
Has_OMS,1.5640293075278173
PLD,1.3808081721218752
cm3_g,1.3122327455044192
LFPD,1.2622653177585679
NASA_m2_cm3,0.6177221483977324
NASA_m2_g,0.48842041551774845
NAV_cm3_g,0.05903129679546308
