{
  "R2": 0.9768120534169256,
  "MAE": 0.05329567316879813,
  "RMSE": 0.008031078084553615,
  "MAPE(%)": 3.6021985561383927
}