{
  "R2": 0.9879839157208488,
  "MAE": 0.044044357843616544,
  "RMSE": 0.004626823186978061,
  "MAPE(%)": 3.6448035058600987
}