{
  "R2": 0.9687207047423182,
  "MAE": 0.12096659296741297,
  "RMSE": 0.029043057132528048,
  "MAPE(%)": 4.9661765811533805
}