{
  "R2": 0.9424658329195809,
  "MAE": 0.10298283063865747,
  "RMSE": 0.024079878404480295,
  "MAPE(%)": 5.036313261798556
}