{
  "R2": 0.9923289117631978,
  "MAE": 0.007893437960896232,
  "RMSE": 0.00019119357675260608,
  "MAPE(%)": 2.1388939885571436
}