Feature,Importance
0.05,70.95138562496572
ASA_m2_cm3,5.750567808590861
ASA_m2_g,4.263117026194251
AV_cm3_g,4.230678777654991
AV_VF,3.473407705791506
LFPD,1.9864638798375664
LCD,1.9458207896539077
Has_OMS,1.926623090192533
PLD,1.8800059167361254
cm3_g,1.8080033498986199
NASA_m2_g,0.8668315578481202
NASA_m2_cm3,0.7950099632051141
NAV_cm3_g,0.12208450943072632
