{
  "R2": 0.9736695746353269,
  "MAE": 0.05812982566782308,
  "RMSE": 0.008057245797294088,
  "MAPE(%)": 3.969251330731675
}