temp,lowp,outp,seed,mode,qt_frac,train_ratio,out_root,model,R2,MAE,RMSE,MAPE(%)
293K,0.05,5,2027,lowq,0.45,0.5,./RUN_FULL_EXP,cat,0.9736695746353269,0.05812982566782308,0.008057245797294088,3.969251330731675
