Feature,Importance
0.1,85.23256990154968
cm3_g,2.7976810085774013
ASA_m2_cm3,1.8109027906281556
Has_OMS,1.731794928040284
AV_cm3_g,1.6602495366033299
ASA_m2_g,1.2837302718036998
AV_VF,1.172991107760625
LFPD,1.039376661133723
PLD,0.9784644233014503
LCD,0.9585847152270892
NASA_m2_cm3,0.6789458106721598
NASA_m2_g,0.5481604384098896
NAV_cm3_g,0.10654840629252454
