temp,lowp,outp,seed,mode,qt_frac,train_ratio,out_root,model,R2,MAE,RMSE,MAPE(%)
293K,0.1,1,2027,lowq,0.05,0.5,./RUN_FULL_EXP,cat,0.9808016404333014,0.010223747646149287,0.0010792176709854093,2.595602525688238
