{
  "R2": 0.9808016404333014,
  "MAE": 0.010223747646149287,
  "RMSE": 0.0010792176709854093,
  "MAPE(%)": 2.595602525688238
}