Feature,Importance
0.05,87.12718111322566
cm3_g,1.8043885830248805
ASA_m2_g,1.5566055720209717
PLD,1.4184381708373417
AV_VF,1.3707919287584434
Has_OMS,1.3695588992057794
AV_cm3_g,1.133057983823937
ASA_m2_cm3,1.079699451360849
LCD,0.9737936314227371
LFPD,0.7987032865105504
NASA_m2_cm3,0.6540489044645508
NASA_m2_g,0.6462206157603457
NAV_cm3_g,0.06751185958395503
