Feature,Importance
0.01,69.44531568761941
ASA_m2_g,6.451294584304685
ASA_m2_cm3,5.754624250547304
AV_VF,3.7842832522710186
AV_cm3_g,2.9343557155324627
cm3_g,2.271122498022209
LCD,2.233493237274498
LFPD,2.197190380130443
Has_OMS,1.746375597530544
PLD,1.716029321967173
NASA_m2_g,0.875936901065914
NASA_m2_cm3,0.4852596186989818
NAV_cm3_g,0.10471895503539055
