{
  "R2": 0.968744911416688,
  "MAE": 0.06581847351976128,
  "RMSE": 0.012078297613641755,
  "MAPE(%)": 4.605304710039769
}