{
  "R2": 0.9602555990013436,
  "MAE": 0.10222614400047751,
  "RMSE": 0.025227206986499873,
  "MAPE(%)": 5.130308114657004
}