{
  "R2": 0.9574287638189138,
  "MAE": 0.026176725153523914,
  "RMSE": 0.006800176204364045,
  "MAPE(%)": 4.281218806235519
}