Feature,Importance
0.01,79.65809857596683
Has_OMS,2.8449653009162983
cm3_g,2.5245773829317715
AV_cm3_g,2.510374417136784
LFPD,2.163660053962627
ASA_m2_g,2.1160400030665603
LCD,1.856584742849416
ASA_m2_cm3,1.5039912308100327
NASA_m2_cm3,1.3808214869270559
AV_VF,1.3614586189735551
PLD,1.3547218365141336
NASA_m2_g,0.6445578049693302
NAV_cm3_g,0.08014854497558985
