temp,lowp,outp,seed,mode,qt_frac,train_ratio,out_root,model,R2,MAE,RMSE,MAPE(%)
293K,0.01,1,2029,struct_with_input,0.2,0.2,./RUN_FULL_EXP,cat,0.9879830795648018,0.012186084569786404,0.0004154051516857086,3.642245383971734
