{
  "R2": 0.9879830795648018,
  "MAE": 0.012186084569786404,
  "RMSE": 0.0004154051516857086,
  "MAPE(%)": 3.642245383971734
}