{
  "R2": 0.3349233841781859,
  "MAE": 0.12602213364678386,
  "RMSE": 0.04766530365266798,
  "MAPE(%)": 52.176776774018364
}