Feature,Importance
0.01,71.7957575591216
ASA_m2_cm3,5.004459888352448
ASA_m2_g,4.918549017034256
AV_VF,4.216383582437801
AV_cm3_g,2.889775199868007
cm3_g,2.5326289671392455
LCD,2.1608313193949606
Has_OMS,1.9464908427078293
PLD,1.7208636656461032
LFPD,1.5603366151466564
NASA_m2_cm3,0.7360224037352495
NASA_m2_g,0.4251981280239212
NAV_cm3_g,0.0927028113919006
