{
  "R2": 0.9702169363915827,
  "MAE": 0.058949709942603366,
  "RMSE": 0.007376606098299442,
  "MAPE(%)": 4.055092513627171
}