{
  "R2": 0.9910896009200343,
  "MAE": 0.010244733557771203,
  "RMSE": 0.00026404538295844655,
  "MAPE(%)": 2.915295331492734
}