{
  "R2": 0.7534032202929247,
  "MAE": 0.4907427917361033,
  "RMSE": 0.47361574945155444,
  "MAPE(%)": 19.73441947460519
}