{
  "R2": 0.9719324552207469,
  "MAE": 0.021863215903197324,
  "RMSE": 0.0037451466924998053,
  "MAPE(%)": 3.8307566226188827
}