temp,lowp,outp,seed,mode,qt_frac,train_ratio,out_root,model,R2,MAE,RMSE,MAPE(%)
273K,0.01,1,2028,lowq,0.05,0.5,./RUN_FULL_EXP,cat,0.9719324552207469,0.021863215903197324,0.0037451466924998053,3.8307566226188827
