Feature,Importance
0.5,92.255118877297
cm3_g,1.6827007865084023
AV_cm3_g,1.3514500874487234
LCD,0.8840978242726173
AV_VF,0.6821005546491493
ASA_m2_cm3,0.5301117043047039
Has_OMS,0.4774688758185775
ASA_m2_g,0.4686416156677243
NASA_m2_g,0.4321188473192517
PLD,0.4301884173838404
NASA_m2_cm3,0.36570192333456764
LFPD,0.31922552430671935
NAV_cm3_g,0.12107496168874485
