{
  "R2": 0.9961458347594626,
  "MAE": 0.005832980026250864,
  "RMSE": 7.78031155298373e-05,
  "MAPE(%)": 1.581933858340636
}