Feature,Importance
0.05,85.86634187637112
AV_cm3_g,2.2511915860973706
Has_OMS,1.9174760767307697
cm3_g,1.7636649715872945
LCD,1.4751453491638298
ASA_m2_cm3,1.348022259253122
AV_VF,1.3071033394996912
LFPD,1.095138379439423
PLD,1.0684558817259566
ASA_m2_g,0.8906678341582897
NASA_m2_cm3,0.6663368981493124
NASA_m2_g,0.2897061304347523
NAV_cm3_g,0.06074941738905076
