{
  "R2": 0.9945265717667351,
  "MAE": 0.00518241772879393,
  "RMSE": 8.621270028751157e-05,
  "MAPE(%)": 2.0948898335263046
}