temp,lowp,outp,seed,mode,qt_frac,train_ratio,out_root,model,R2,MAE,RMSE,MAPE(%)
313K,0.05,1,2029,lowq,0.2,0.5,./RUN_FULL_EXP,cat,0.9945265717667351,0.00518241772879393,8.621270028751157e-05,2.0948898335263046
