{
  "R2": 0.9630700488796378,
  "MAE": 0.09688501126480524,
  "RMSE": 0.023451676384484702,
  "MAPE(%)": 4.92845420780244
}