temp,lowp,outp,seed,mode,qt_frac,train_ratio,out_root,model,R2,MAE,RMSE,MAPE(%)
273K,0.1,5,2026,lowq,0.3,0.5,./RUN_FULL_EXP,cat,0.9630700488796378,0.09688501126480524,0.023451676384484702,4.92845420780244
