{
  "R2": 0.9746472428954678,
  "MAE": 0.11024749634703479,
  "RMSE": 0.028244918276898234,
  "MAPE(%)": 4.7005434172950995
}