{
  "R2": 0.9640982809575871,
  "MAE": 0.0733871970544869,
  "RMSE": 0.013759501308622824,
  "MAPE(%)": 5.178969652133877
}