Feature,Importance
0.01,82.45286427511515
AV_cm3_g,2.7976974058352417
cm3_g,2.01964586473913
Has_OMS,1.9287545292752943
AV_VF,1.9103381398354278
LCD,1.5842224280684056
ASA_m2_cm3,1.5463096338587397
LFPD,1.536852242358726
ASA_m2_g,1.3939240191662825
PLD,1.2699713094549099
NASA_m2_g,0.771373127695754
NASA_m2_cm3,0.6311387403239594
NAV_cm3_g,0.15690828427300899
