temp,lowp,outp,seed,mode,qt_frac,train_ratio,out_root,model,R2,MAE,RMSE,MAPE(%)
293K,0.01,1,2027,struct_with_input,0.12,0.25,./RUN_FULL_EXP,cat,0.9844387763079149,0.01240807017492681,0.0006873348604087887,3.4420626354602106
