{
  "R2": 0.9844387763079149,
  "MAE": 0.01240807017492681,
  "RMSE": 0.0006873348604087887,
  "MAPE(%)": 3.4420626354602106
}