Feature,Importance
0.01,84.12611471511595
cm3_g,1.9132122216578007
ASA_m2_g,1.8799422917843729
Has_OMS,1.737718284187876
AV_cm3_g,1.6226384443411277
LCD,1.5133992996456551
ASA_m2_cm3,1.414014481626597
PLD,1.3719163082554233
LFPD,1.300974367480312
NASA_m2_cm3,1.1858360536945654
AV_VF,1.1309109040902794
NASA_m2_g,0.7036878082483752
NAV_cm3_g,0.0996348198716544
