{
  "R2": 0.9887348224428846,
  "MAE": 0.010343048417854514,
  "RMSE": 0.00024070290036426136,
  "MAPE(%)": 2.903194124567959
}