{
  "R2": 0.8524088636334998,
  "MAE": 0.04818776570159899,
  "RMSE": 0.022735535499944587,
  "MAPE(%)": 10.09716891272098
}