{
  "R2": 0.9621513823553615,
  "MAE": 0.00815858647656917,
  "RMSE": 0.001534819453264724,
  "MAPE(%)": 2.52829698285665
}