{
  "R2": 0.9910544193992595,
  "MAE": 0.036357779223564854,
  "RMSE": 0.00353595338080627,
  "MAPE(%)": 2.9193481593748705
}