Feature,Importance
0.01,63.05030001317304
ASA_m2_g,7.37849667269964
ASA_m2_cm3,7.0716725376168545
AV_VF,5.369388244376715
PLD,2.8216790451341396
AV_cm3_g,2.80565458846046
LCD,2.783535216743634
cm3_g,2.598660026730902
LFPD,2.3031661189141954
Has_OMS,2.2479586472259308
NASA_m2_cm3,0.8433359342521668
NASA_m2_g,0.6593111273939083
NAV_cm3_g,0.06684182727841817
