{
  "R2": 0.9618263596917095,
  "MAE": 0.10536493525482687,
  "RMSE": 0.027154773759136958,
  "MAPE(%)": 5.428393188822232
}