temp,lowp,outp,seed,mode,qt_frac,train_ratio,out_root,model,R2,MAE,RMSE,MAPE(%)
273K,0.01,5,2025,lowq,0.2,0.5,./RUN_FULL_EXP,cat,0.9618263596917095,0.10536493525482687,0.027154773759136958,5.428393188822232
