temp,lowp,outp,seed,mode,qt_frac,train_ratio,out_root,model,R2,MAE,RMSE,MAPE(%)
293K,0.01,1,2028,lowq,0.55,0.5,./RUN_FULL_EXP,cat,0.9898811758507949,0.009604521009886895,0.00019966916079370322,2.691687246201751
