{
  "R2": 0.9898811758507949,
  "MAE": 0.009604521009886895,
  "RMSE": 0.00019966916079370322,
  "MAPE(%)": 2.691687246201751
}