Feature,Importance
0.01,69.66212351245399
ASA_m2_g,7.420138681830071
ASA_m2_cm3,5.031320605938698
AV_VF,4.05961511478266
AV_cm3_g,3.423787860215693
Has_OMS,1.7578173036395377
cm3_g,1.757303887462095
LFPD,1.7428469722960562
LCD,1.7375223613240751
PLD,1.7350198936721775
NASA_m2_cm3,0.8864132154496622
NASA_m2_g,0.6632372826352892
NAV_cm3_g,0.12285330829997916
