{
  "R2": 0.9639781566594677,
  "MAE": 0.07211543847813465,
  "RMSE": 0.01726429686518647,
  "MAPE(%)": 5.124335921588281
}