Feature,Importance
0.01,55.96866780261746
ASA_m2_g,14.769903989360845
ASA_m2_cm3,6.133540867138543
AV_VF,5.650862880370719
cm3_g,3.916542285289989
AV_cm3_g,3.778253158355859
PLD,2.3411925422523185
LCD,2.2608001176124155
LFPD,2.231853362519975
Has_OMS,1.3248458346640077
NASA_m2_cm3,0.8458268771248686
NASA_m2_g,0.6862210327739955
NAV_cm3_g,0.09148924991901063
