temp,lowp,outp,seed,mode,qt_frac,train_ratio,out_root,model,R2,MAE,RMSE,MAPE(%)
293K,0.01,15,2025,lowq,0.35,0.5,./RUN_FULL_EXP,cat,0.9545088365865886,0.17485417095158987,0.07405457387363383,5.770572427349713
