{
  "R2": 0.9545088365865886,
  "MAE": 0.17485417095158987,
  "RMSE": 0.07405457387363383,
  "MAPE(%)": 5.770572427349713
}