temp,lowp,outp,seed,mode,qt_frac,train_ratio,out_root,model,R2,MAE,RMSE,MAPE(%)
273K,0.5,1,2026,lowq,0.7,0.5,./RUN_FULL_EXP,cat,0.9951669178374243,0.009462522115151846,0.000189676962780195,1.7139867158454458
