{
  "R2": 0.9951669178374243,
  "MAE": 0.009462522115151846,
  "RMSE": 0.000189676962780195,
  "MAPE(%)": 1.7139867158454458
}