Feature,Importance
0.1,88.54707087313133
AV_cm3_g,1.6768477267765525
AV_VF,1.6257515313108462
cm3_g,1.6070837842280314
PLD,1.0597083407392045
ASA_m2_cm3,1.0233749196186996
LCD,0.9846874619858702
ASA_m2_g,0.8393194281589915
LFPD,0.7943545963100198
Has_OMS,0.715150757034239
NASA_m2_cm3,0.5989557744540409
NASA_m2_g,0.39638142527957876
NAV_cm3_g,0.13131338097259437
