{
  "R2": 0.985444688034141,
  "MAE": 0.009882921548112546,
  "RMSE": 0.0008933565842922836,
  "MAPE(%)": 2.4487452598130623
}