{
  "R2": 0.9771126454149244,
  "MAE": 0.0409456126504764,
  "RMSE": 0.0037864127000477132,
  "MAPE(%)": 3.776929754912507
}