temp,lowp,outp,seed,mode,qt_frac,train_ratio,out_root,model,R2,MAE,RMSE,MAPE(%)
313K,0.01,5,2025,lowq,0.45,0.5,./RUN_FULL_EXP,cat,0.9771126454149244,0.0409456126504764,0.0037864127000477132,3.776929754912507
