Feature,Importance
0.01,78.22989984124766
ASA_m2_g,4.110073387831275
ASA_m2_cm3,4.033819704256694
AV_cm3_g,2.7367227970845915
AV_VF,2.4415318104326347
cm3_g,2.1369990518143003
LCD,1.5798082079804752
PLD,1.3161964832953246
Has_OMS,1.2505236753843278
LFPD,1.1162344552182157
NASA_m2_cm3,0.5248787002739256
NASA_m2_g,0.4325973283525867
NAV_cm3_g,0.09071455682799082
