{
  "R2": 0.9780527675600621,
  "MAE": 0.0391680550116772,
  "RMSE": 0.002967388142875938,
  "MAPE(%)": 3.6276264133377674
}