temp,lowp,outp,seed,mode,qt_frac,train_ratio,out_root,model,R2,MAE,RMSE,MAPE(%)
313K,0.01,5,2026,lowq,0.6,0.5,./RUN_FULL_EXP,cat,0.9780527675600621,0.0391680550116772,0.002967388142875938,3.6276264133377674
