{
  "R2": 0.9666884949999689,
  "MAE": 0.07153051919296498,
  "RMSE": 0.016269583004570133,
  "MAPE(%)": 5.079558519443517
}