Feature,Importance
0.05,70.60988440919833
ASA_m2_g,6.229603105591741
ASA_m2_cm3,6.048403066774619
AV_VF,3.469123399101481
AV_cm3_g,3.2892131622088825
cm3_g,1.9400403801320738
LFPD,1.9125340460125644
PLD,1.7916970087577735
LCD,1.5394430081043586
Has_OMS,1.3192923644108066
NASA_m2_cm3,1.0072770947831757
NASA_m2_g,0.7314562354774556
NAV_cm3_g,0.11203271944670831
