{
  "R2": 0.9729126119143855,
  "MAE": 0.06203355858411707,
  "RMSE": 0.012326961405869528,
  "MAPE(%)": 4.352421583091115
}