{
  "R2": 0.9949029978584579,
  "MAE": 0.004791268004670483,
  "RMSE": 4.5659489199470996e-05,
  "MAPE(%)": 1.8630052244683892
}