temp,lowp,outp,seed,mode,qt_frac,train_ratio,out_root,model,R2,MAE,RMSE,MAPE(%)
313K,0.05,1,2028,lowq,0.55,0.5,./RUN_FULL_EXP,cat,0.9949029978584579,0.004791268004670483,4.5659489199470996e-05,1.8630052244683892
