{
  "R2": 0.9740285845284021,
  "MAE": 0.03794802012098712,
  "RMSE": 0.00729296795169754,
  "MAPE(%)": 3.5961269018141158
}