{
  "R2": 0.9826791997995463,
  "MAE": 0.047878005740228685,
  "RMSE": 0.008147312950735222,
  "MAPE(%)": 3.2238139527566356
}