{
  "R2": 0.9670817782397995,
  "MAE": 0.1678754597840124,
  "RMSE": 0.06348915716125622,
  "MAPE(%)": 5.936115714338653
}