Feature,Importance
0.05,62.85245997706338
ASA_m2_g,9.772532197986186
ASA_m2_cm3,5.976793570021047
AV_VF,4.8952339818089445
AV_cm3_g,4.113006933877608
cm3_g,3.9220157002874787
LCD,2.083028884866993
PLD,1.896638428536112
LFPD,1.6314677897159644
NASA_m2_g,0.9516057489180303
Has_OMS,0.9464403838030143
NASA_m2_cm3,0.8427328522553442
NAV_cm3_g,0.11604355085991
