{
  "R2": 0.9722312393414418,
  "MAE": 0.1130703460085042,
  "RMSE": 0.027563085049394462,
  "MAPE(%)": 4.719886559324923
}