Feature,Importance
0.05,57.16188315283614
ASA_m2_g,14.553858815459085
ASA_m2_cm3,6.261129125849028
AV_cm3_g,5.702563880828305
AV_VF,3.8906353132737417
PLD,2.499097185860256
LCD,2.4669094817704345
cm3_g,2.3237373351521207
LFPD,1.8567521106887301
Has_OMS,1.3349327934309245
NASA_m2_g,1.0057542730832167
NASA_m2_cm3,0.838704878399629
NAV_cm3_g,0.10404165336834993
