{
  "R2": 0.9642626794198758,
  "MAE": 0.16409471065191797,
  "RMSE": 0.0564671646011739,
  "MAPE(%)": 5.3454962543476165
}