{
  "R2": 0.9928902368168024,
  "MAE": 0.006899380629175321,
  "RMSE": 0.00010207980783516425,
  "MAPE(%)": 2.8233470556993785
}