temp,lowp,outp,seed,mode,qt_frac,train_ratio,out_root,model,R2,MAE,RMSE,MAPE(%)
313K,0.01,1,2029,lowq,0.25,0.5,./RUN_FULL_EXP,cat,0.9928902368168024,0.006899380629175321,0.00010207980783516425,2.8233470556993785
