{
  "R2": 0.9645923395062612,
  "MAE": 0.11944349997924286,
  "RMSE": 0.03655768166573926,
  "MAPE(%)": 4.893098301222506
}