{
  "R2": 0.9865216011179175,
  "MAE": 0.030728006909034326,
  "RMSE": 0.0022574078864350446,
  "MAPE(%)": 2.820938965355071
}