temp,lowp,outp,seed,mode,qt_frac,train_ratio,out_root,model,R2,MAE,RMSE,MAPE(%)
293K,0.05,5,2026,lowq,0.15,0.5,./RUN_FULL_EXP,cat,0.9711133194875642,0.0604287474017835,0.011757199196486993,4.2339009245583075
