{
  "R2": 0.9711133194875642,
  "MAE": 0.0604287474017835,
  "RMSE": 0.011757199196486993,
  "MAPE(%)": 4.2339009245583075
}