temp,lowp,outp,seed,mode,qt_frac,train_ratio,out_root,model,R2,MAE,RMSE,MAPE(%)
293K,0.1,1,2027,lowq,0.75,0.5,./RUN_FULL_EXP,cat,0.9925038065756926,0.007052697254732632,0.00011516069705027807,1.8787795691993188
