{
  "R2": 0.9925038065756926,
  "MAE": 0.007052697254732632,
  "RMSE": 0.00011516069705027807,
  "MAPE(%)": 1.8787795691993188
}