Feature,Importance
0.01,78.76433335380145
PLD,3.554901901457468
cm3_g,3.3581081996837403
Has_OMS,2.8778604805137507
LFPD,2.1405968231103296
AV_VF,1.9751170182154765
AV_cm3_g,1.9234431685729063
LCD,1.406010586353522
ASA_m2_g,1.2637167635746167
NASA_m2_cm3,1.0595391734511785
ASA_m2_cm3,1.023686338745431
NASA_m2_g,0.6109915583661463
NAV_cm3_g,0.0416946341540122
