{
  "R2": 0.9365082787955206,
  "MAE": 0.020122424314382895,
  "RMSE": 0.0043917985829410745,
  "MAPE(%)": 5.577592178287246
}