Feature,Importance
0.01,58.71555613823345
ASA_m2_g,13.384605169227543
ASA_m2_cm3,5.827198953601329
AV_VF,5.441332014403358
AV_cm3_g,3.9372908602936727
cm3_g,3.628840007968869
LFPD,2.7430908862272134
PLD,2.1438810113621516
LCD,1.873496462247389
Has_OMS,1.1049104123097575
NASA_m2_cm3,0.6412903932702574
NASA_m2_g,0.4849901019339202
NAV_cm3_g,0.07351758892112363
