{
  "R2": 0.9518963222334182,
  "MAE": 0.17401796078522805,
  "RMSE": 0.07310850418585237,
  "MAPE(%)": 5.617850580615431
}