temp,lowp,outp,seed,mode,qt_frac,train_ratio,out_root,model,R2,MAE,RMSE,MAPE(%)
293K,0.01,15,2025,lowq,0.5,0.5,./RUN_FULL_EXP,cat,0.9518963222334182,0.17401796078522805,0.07310850418585237,5.617850580615431
