{
  "R2": 0.9504703166418725,
  "MAE": 0.10436814467252312,
  "RMSE": 0.025049523602954142,
  "MAPE(%)": 5.215758389090029
}