temp,lowp,outp,seed,mode,qt_frac,train_ratio,out_root,model,R2,MAE,RMSE,MAPE(%)
273K,0.01,5,2028,lowq,0.65,0.5,./RUN_FULL_EXP,cat,0.9504703166418725,0.10436814467252312,0.025049523602954142,5.215758389090029
