{
  "R2": 0.9972009171692352,
  "MAE": 0.0037888833924937587,
  "RMSE": 4.0465142888917664e-05,
  "MAPE(%)": 1.5335662296856143
}