temp,lowp,outp,seed,mode,qt_frac,train_ratio,out_root,model,R2,MAE,RMSE,MAPE(%)
313K,0.5,1,2026,lowq,0.25,0.5,./RUN_FULL_EXP,cat,0.9972009171692352,0.0037888833924937587,4.0465142888917664e-05,1.5335662296856143
