Feature,Importance
0.1,53.38214835114421
ASA_m2_g,14.071254325977645
AV_VF,6.7226070013580514
AV_cm3_g,5.953866320948741
ASA_m2_cm3,5.5808077482629725
cm3_g,3.817919569100396
LCD,2.4752623407229524
PLD,2.3944360119443124
LFPD,2.1863382962881723
Has_OMS,1.7421106860673043
NASA_m2_cm3,0.9740901359041108
NASA_m2_g,0.6386304722550112
NAV_cm3_g,0.06052874002609658
