{
  "R2": 0.9656676026417813,
  "MAE": 0.16426665254731243,
  "RMSE": 0.05629689293757038,
  "MAPE(%)": 5.4867317818478005
}