{
  "R2": 0.951497867403567,
  "MAE": 0.1853099005526936,
  "RMSE": 0.08281973094467286,
  "MAPE(%)": 6.107924991180705
}