Feature,Importance
0.5,64.27894281107997
ASA_m2_g,13.554271023244251
ASA_m2_cm3,4.8050835011341935
AV_VF,3.84748016579785
AV_cm3_g,3.6093809287893475
cm3_g,2.1092554924762528
LCD,1.913078231746919
LFPD,1.8711538695928929
PLD,1.5948529589903837
Has_OMS,1.2567491552174108
NASA_m2_g,0.5507478651209005
NASA_m2_cm3,0.5074390627521169
NAV_cm3_g,0.1015649340575155
