{
  "R2": 0.9748208828328974,
  "MAE": 0.10460496506275908,
  "RMSE": 0.023325843318830735,
  "MAPE(%)": 4.29552129308415
}