temp,lowp,outp,seed,mode,qt_frac,train_ratio,out_root,model,R2,MAE,RMSE,MAPE(%)
313K,0.5,15,2025,lowq,0.45,0.5,./RUN_FULL_EXP,cat,0.9748208828328974,0.10460496506275908,0.023325843318830735,4.29552129308415
