{
  "R2": 0.9149404182998094,
  "MAE": 0.10107009676941948,
  "RMSE": 0.026463542834100993,
  "MAPE(%)": 8.248955191128807
}