Feature,Importance
0.05,84.12387162603088
AV_VF,2.1316439482397085
ASA_m2_cm3,2.092616887284666
AV_cm3_g,1.7691980866946677
PLD,1.69284902930642
ASA_m2_g,1.6599874551535203
cm3_g,1.4582973065952667
Has_OMS,1.3318018392223887
LFPD,1.2946168999610712
LCD,1.2294629976812683
NASA_m2_cm3,0.7360786921871532
NASA_m2_g,0.42591112413508236
NAV_cm3_g,0.05366410750788134
