{
  "R2": 0.9836279605879034,
  "MAE": 0.01409301229911586,
  "RMSE": 0.0006004811571535216,
  "MAPE(%)": 2.5894347223321943
}