{
  "R2": 0.9895494676218332,
  "MAE": 0.011056433423944073,
  "RMSE": 0.0003024075340530313,
  "MAPE(%)": 3.185283523092515
}