Feature,Importance
0.01,54.92946341479326
ASA_m2_g,11.555165082450324
AV_cm3_g,7.214241760908374
ASA_m2_cm3,6.375682668783901
AV_VF,5.961171148519328
cm3_g,3.83970621275424
LCD,2.3795367197922994
PLD,2.3032204279050776
LFPD,1.9607355629558991
Has_OMS,1.716177227460297
NASA_m2_cm3,0.9774293076237442
NASA_m2_g,0.7032400357292956
NAV_cm3_g,0.0842304303239568
