{
  "R2": 0.9634236921895016,
  "MAE": 0.1700172409045604,
  "RMSE": 0.0624050830163382,
  "MAPE(%)": 5.775610313261684
}