temp,lowp,outp,seed,mode,qt_frac,train_ratio,out_root,model,R2,MAE,RMSE,MAPE(%)
293K,0.01,15,2027,lowq,0.25,0.5,./RUN_FULL_EXP,cat,0.9634236921895016,0.1700172409045604,0.0624050830163382,5.775610313261684
