Feature,Importance
HENRY,50.27673816317994
ASA_m2_g,16.535879361477292
ASA_m2_cm3,7.0522619407859075
AV_cm3_g,5.012906416617027
cm3_g,4.540261580696776
AV_VF,4.507282809076429
PLD,3.2589290615976236
LCD,2.7921901604573653
LFPD,2.520592916458529
Has_OMS,1.347539941026784
NASA_m2_g,1.1748389207997905
NASA_m2_cm3,0.8954345555617779
NAV_cm3_g,0.08514417226475152
