{
  "R2": 0.960419297238246,
  "MAE": 0.23113792799203017,
  "RMSE": 0.11566917581535904,
  "MAPE(%)": 6.3075387815942685
}