{
  "R2": 0.9726420397028613,
  "MAE": 0.012359176278242394,
  "RMSE": 0.0019779608336405606,
  "MAPE(%)": 3.164385096610439
}