Feature,Importance
HENRY,60.27479588728811
ASA_m2_g,11.752320084955263
ASA_m2_cm3,6.0042432841640405
AV_VF,5.166211721781802
AV_cm3_g,4.7178153398900555
cm3_g,3.331501323105305
PLD,2.1925976017751236
LCD,2.0108386002169314
LFPD,1.8640201346771064
Has_OMS,1.241367324010021
NASA_m2_cm3,0.8834959203607237
NASA_m2_g,0.5021222024803144
NAV_cm3_g,0.05867057529518346
