{
  "R2": 0.9700012960084382,
  "MAE": 0.10736746897820439,
  "RMSE": 0.023161894596188337,
  "MAPE(%)": 4.1990120478731665
}