temp,lowp,outp,seed,mode,qt_frac,train_ratio,out_root,model,R2,MAE,RMSE,MAPE(%)
313K,HENRY,15,2029,lowq,0.75,0.5,./RUN_FULL_EXP,cat,0.9700012960084382,0.10736746897820439,0.023161894596188337,4.1990120478731665
