Feature,Importance
HENRY,87.26237574004443
cm3_g,2.0870895001229295
AV_VF,1.5970869161179508
LFPD,1.5039568875423552
LCD,1.3361264698975706
PLD,1.175979201973336
ASA_m2_g,1.165357322668911
ASA_m2_cm3,1.1269345525323589
Has_OMS,1.0451190823878347
AV_cm3_g,0.955769067930201
NASA_m2_g,0.3887069838854633
NASA_m2_cm3,0.2567080698155519
NAV_cm3_g,0.09879020508109355
