{
  "R2": 0.9957971916436957,
  "MAE": 0.003889961778271301,
  "RMSE": 3.5685487284185355e-05,
  "MAPE(%)": 1.477565133445984
}