temp,lowp,outp,seed,mode,qt_frac,train_ratio,out_root,model,R2,MAE,RMSE,MAPE(%)
313K,HENRY,1,2025,lowq,0.6,0.5,./RUN_FULL_EXP,cat,0.9957971916436957,0.003889961778271301,3.5685487284185355e-05,1.477565133445984
