temp,lowp,outp,seed,mode,qt_frac,train_ratio,out_root,model,R2,MAE,RMSE,MAPE(%)
273K,0.5,5,2029,lowq,0.1,0.5,./RUN_FULL_EXP,cat,0.9746733703445087,0.08930928984204582,0.020337452474812178,4.7502835444049945
