{
  "R2": 0.9746733703445087,
  "MAE": 0.08930928984204582,
  "RMSE": 0.020337452474812178,
  "MAPE(%)": 4.7502835444049945
}