temp,lowp,outp,seed,mode,qt_frac,train_ratio,out_root,model,R2,MAE,RMSE,MAPE(%)
313K,0.5,5,2027,lowq,0.75,0.5,./RUN_FULL_EXP,cat,0.9830155909453595,0.029201492655280617,0.0018694864018451872,2.575993619999759
