{
  "R2": 0.9830155909453595,
  "MAE": 0.029201492655280617,
  "RMSE": 0.0018694864018451872,
  "MAPE(%)": 2.575993619999759
}