Feature,Importance
0.5,71.19906428366872
ASA_m2_cm3,5.883067880462831
ASA_m2_g,5.409436616469761
AV_VF,4.326337884531765
AV_cm3_g,3.3123091161654177
cm3_g,2.177260558463911
LCD,2.0620573665764366
PLD,1.9767220758972572
LFPD,1.5708537194368122
Has_OMS,1.261615016100215
NASA_m2_cm3,0.3970689849525547
NASA_m2_g,0.34629493263995503
NAV_cm3_g,0.07791156463435538
