{
  "R2": 0.9721408834946651,
  "MAE": 0.08971505925138448,
  "RMSE": 0.019419113980386697,
  "MAPE(%)": 4.569024322430619
}