{
  "R2": 0.9680057600655962,
  "MAE": 0.1607763229320074,
  "RMSE": 0.05502243486165846,
  "MAPE(%)": 5.540644338703567
}