temp,lowp,outp,seed,mode,qt_frac,train_ratio,out_root,model,R2,MAE,RMSE,MAPE(%)
293K,0.05,15,2028,lowq,0.2,0.5,./RUN_FULL_EXP,cat,0.9680057600655962,0.1607763229320074,0.05502243486165846,5.540644338703567
