{
  "R2": 0.993863822456356,
  "MAE": 0.024444094088462057,
  "RMSE": 0.001411340169824548,
  "MAPE(%)": 1.8927926734039497
}