{
  "R2": 0.9749632816567114,
  "MAE": 0.056655292959950636,
  "RMSE": 0.008583726225031616,
  "MAPE(%)": 3.9869699860979866
}