Feature,Importance
0.01,86.46596204025808
LFPD,1.8994696141970635
AV_cm3_g,1.736525765203921
cm3_g,1.6257699452187382
ASA_m2_cm3,1.4684413698027217
PLD,1.4324835667830937
AV_VF,1.3250221180638373
ASA_m2_g,1.200044695956495
LCD,1.0946486534628324
Has_OMS,0.7188719578404874
NASA_m2_cm3,0.6076914148414437
NASA_m2_g,0.38190063272132624
NAV_cm3_g,0.043168225649958814
