{
  "R2": 0.9765765118252082,
  "MAE": 0.008119210678047504,
  "RMSE": 0.0006131240364896415,
  "MAPE(%)": 3.1539712592217723
}