temp,lowp,outp,seed,mode,qt_frac,train_ratio,out_root,model,R2,MAE,RMSE,MAPE(%)
313K,0.01,1,2025,lowq,0.1,0.5,./RUN_FULL_EXP,cat,0.9765765118252082,0.008119210678047504,0.0006131240364896415,3.1539712592217723
