{
  "R2": 0.9759409698351917,
  "MAE": 0.10868513671009145,
  "RMSE": 0.026565910650219692,
  "MAPE(%)": 4.566220055486468
}