{
  "R2": 0.9603435584513722,
  "MAE": 0.1841152957418137,
  "RMSE": 0.07172126221005112,
  "MAPE(%)": 6.345316843415919
}