{
  "R2": 0.9899049268735183,
  "MAE": 0.009402092090532565,
  "RMSE": 0.00016744356379860763,
  "MAPE(%)": 2.5841426184495235
}