Feature,Importance
0.5,73.6774435928814
ASA_m2_cm3,4.970278791206802
AV_VF,4.64584844302567
ASA_m2_g,4.385105930655766
AV_cm3_g,2.69653163349501
cm3_g,2.1018833413042097
PLD,1.9055690175156572
LFPD,1.812979364698046
LCD,1.4280212786462425
Has_OMS,1.3987748686073933
NASA_m2_cm3,0.4545199493021867
NASA_m2_g,0.407485521944949
NAV_cm3_g,0.11555826671668046
