{
  "R2": 0.965085820142006,
  "MAE": 0.089220799415873,
  "RMSE": 0.01834479024602,
  "MAPE(%)": 4.464297769630601
}