temp,lowp,outp,seed,mode,qt_frac,train_ratio,out_root,model,R2,MAE,RMSE,MAPE(%)
273K,0.5,1,2025,lowq,0.6,0.5,./RUN_FULL_EXP,cat,0.9948558292786216,0.010129033155314113,0.00023015669796209553,1.8521715117518882
