{
  "R2": 0.9948558292786216,
  "MAE": 0.010129033155314113,
  "RMSE": 0.00023015669796209553,
  "MAPE(%)": 1.8521715117518882
}