Feature,Importance
0.01,47.64350060640203
ASA_m2_g,18.891806185281155
ASA_m2_cm3,7.098026401680182
AV_VF,5.483808547219884
AV_cm3_g,5.402531324032316
cm3_g,3.901300292504678
PLD,3.3016668415051313
LCD,2.751691035841027
LFPD,2.2659449433
Has_OMS,1.5034089154992127
NASA_m2_cm3,0.9314441836265478
NASA_m2_g,0.7420339157115922
NAV_cm3_g,0.08283680739623442
