{
  "R2": 0.9480550739954962,
  "MAE": 0.24393898885939058,
  "RMSE": 0.11899457950258992,
  "MAPE(%)": 6.133542844797784
}