{
  "R2": 0.9730933142107351,
  "MAE": 0.012763760905692914,
  "RMSE": 0.0017652808863286502,
  "MAPE(%)": 3.3772811299414522
}