{
  "R2": 0.9867755476719418,
  "MAE": 0.016077999653064046,
  "RMSE": 0.0006124908964339126,
  "MAPE(%)": 2.9605948590002216
}