temp,lowp,outp,seed,mode,qt_frac,train_ratio,out_root,model,R2,MAE,RMSE,MAPE(%)
273K,0.01,1,2027,struct_with_input,0.6,0.6,./RUN_FULL_EXP,cat,0.9867979285770608,0.01609957284804378,0.0006161407528409766,2.9757729705390457
