{
  "R2": 0.9867979285770608,
  "MAE": 0.01609957284804378,
  "RMSE": 0.0006161407528409766,
  "MAPE(%)": 2.9757729705390457
}