Feature,Importance
0.1,61.38187741986597
ASA_m2_g,12.533416527282162
AV_VF,4.716217012239097
AV_cm3_g,4.641493613584427
ASA_m2_cm3,4.49828651972058
cm3_g,3.876593720273659
LCD,2.201904942793561
PLD,1.939806757013408
LFPD,1.6909441601764232
Has_OMS,1.1407243141297578
NASA_m2_cm3,0.8852695551851099
NASA_m2_g,0.47088354778428937
NAV_cm3_g,0.022581909951563645
