{
  "R2": 0.9693104764189123,
  "MAE": 0.10975828930670196,
  "RMSE": 0.023904937159294065,
  "MAPE(%)": 4.345674820399406
}