Feature,Importance
0.1,90.81599220425997
LCD,1.41313925183046
cm3_g,1.1153811128546776
AV_VF,1.083720074038974
AV_cm3_g,1.0368183458070561
ASA_m2_g,0.8874129476509656
ASA_m2_cm3,0.8653635497109392
Has_OMS,0.7532600594964378
PLD,0.6326779975620566
NASA_m2_cm3,0.4807529676410247
LFPD,0.4330483615351823
NASA_m2_g,0.390344412629962
NAV_cm3_g,0.09208871498229199
