{
  "R2": 0.9957773335637522,
  "MAE": 0.004343189786049626,
  "RMSE": 3.785228155696627e-05,
  "MAPE(%)": 1.6772345844318148
}