temp,lowp,outp,seed,mode,qt_frac,train_ratio,out_root,model,R2,MAE,RMSE,MAPE(%)
313K,0.1,1,2026,lowq,0.55,0.5,./RUN_FULL_EXP,cat,0.9957773335637522,0.004343189786049626,3.785228155696627e-05,1.6772345844318148
