{
  "R2": 0.9667444274351514,
  "MAE": 0.06958679609725912,
  "RMSE": 0.014083039611424944,
  "MAPE(%)": 4.6021298374024315
}