Feature,Importance
0.05,89.57668640005976
cm3_g,1.4729622732970535
AV_VF,1.2483330354331992
LFPD,1.1325322795090351
PLD,1.120500855038716
AV_cm3_g,1.109905904835791
Has_OMS,0.9915291701560818
ASA_m2_cm3,0.9820999771493036
LCD,0.8712289615765971
ASA_m2_g,0.7169908089191918
NASA_m2_g,0.42610344900763825
NASA_m2_cm3,0.3238895076647317
NAV_cm3_g,0.027237377352903092
