{
  "R2": 0.9943535686241247,
  "MAE": 0.004644756715484815,
  "RMSE": 4.2720463927879136e-05,
  "MAPE(%)": 1.7738144441467474
}