Feature,Importance
0.5,63.53644225892434
ASA_m2_g,8.363446583357568
AV_VF,6.756091639752402
AV_cm3_g,6.404182643613562
ASA_m2_cm3,4.245371367069316
cm3_g,3.2348480685766727
LFPD,1.906564315113023
PLD,1.8183077002120775
LCD,1.5233758267979685
Has_OMS,0.9922621380321809
NASA_m2_cm3,0.6671911343896297
NASA_m2_g,0.46876742908841995
NAV_cm3_g,0.08314889507284935
