Feature,Importance
HENRY,71.75419920995368
ASA_m2_cm3,5.294147901221461
ASA_m2_g,4.769758879853508
AV_VF,4.022820551326895
AV_cm3_g,3.065091624829865
Has_OMS,2.3356588627160098
LCD,2.089764935187243
cm3_g,2.0176104173711287
PLD,1.7332813930135789
LFPD,1.4793764987526472
NASA_m2_g,0.7157934086777012
NASA_m2_cm3,0.6260029525525326
NAV_cm3_g,0.09649336454376019
