{
  "R2": 0.9688708838556627,
  "MAE": 0.06210747068578278,
  "RMSE": 0.013335283352899518,
  "MAPE(%)": 4.213465112702835
}