Feature,Importance
0.5,63.454636014807065
ASA_m2_g,8.15432893464505
AV_VF,6.01417084051076
AV_cm3_g,5.97344513282468
ASA_m2_cm3,5.689578111506549
cm3_g,3.0868815929417974
PLD,2.1235746649007554
LCD,1.6883681283202143
LFPD,1.4568315179929723
Has_OMS,0.9701490991938597
NASA_m2_g,0.6828310305875067
NASA_m2_cm3,0.5915437869766242
NAV_cm3_g,0.11366114479219412
