{
  "R2": 0.9709429211079419,
  "MAE": 0.1078310253327539,
  "RMSE": 0.034407819415765435,
  "MAPE(%)": 4.65307816112162
}