Feature,Importance
0.01,68.9275923694043
ASA_m2_g,6.070298794539263
ASA_m2_cm3,4.397763765152278
AV_cm3_g,4.253290890909933
PLD,3.0575273354248473
AV_VF,2.81153057201831
cm3_g,2.717102079895114
LFPD,2.1644788835089726
Has_OMS,1.6884687574121267
LCD,1.4854521592482681
NASA_m2_cm3,1.3692358741511788
NASA_m2_g,0.9048024742273473
NAV_cm3_g,0.15245604410807334
