{
  "R2": 0.9348061686197741,
  "MAE": 0.0905378496076438,
  "RMSE": 0.032402757678464685,
  "MAPE(%)": 7.186927279131846
}