Feature,Importance
0.5,53.3360462338143
ASA_m2_g,14.732602808026835
ASA_m2_cm3,6.574897613629435
AV_cm3_g,6.351417229423584
AV_VF,6.296626319595748
cm3_g,3.1581093095707184
LCD,2.467928287431426
PLD,2.3822409054028872
LFPD,1.9568382715551647
Has_OMS,1.4806727475935808
NASA_m2_cm3,0.7603577623213649
NASA_m2_g,0.44290219649423596
NAV_cm3_g,0.05936031514073757
