{
  "R2": 0.9535397063386848,
  "MAE": 0.23216020711904772,
  "RMSE": 0.11698936892842778,
  "MAPE(%)": 6.121784636478271
}