Feature,Importance
0.01,62.706391186786156
ASA_m2_g,7.790697839364286
AV_cm3_g,6.995711549331719
AV_VF,6.576404613831458
ASA_m2_cm3,5.0024242975637225
cm3_g,2.506747753092123
PLD,2.219303862141738
LFPD,1.7625271206541955
LCD,1.6789140398980964
Has_OMS,1.2916528095270856
NASA_m2_cm3,0.6749576817017913
NASA_m2_g,0.6713846108470686
NAV_cm3_g,0.12288263526055855
