temp,lowp,outp,seed,mode,qt_frac,train_ratio,out_root,model,R2,MAE,RMSE,MAPE(%)
313K,0.01,15,2028,lowq,0.2,0.5,./RUN_FULL_EXP,cat,0.9721136368236598,0.11955155262117667,0.030526428780376928,5.059042965029508
