{
  "R2": 0.9721136368236598,
  "MAE": 0.11955155262117667,
  "RMSE": 0.030526428780376928,
  "MAPE(%)": 5.059042965029508
}