{
  "R2": 0.9947490140683644,
  "MAE": 0.004170958920436513,
  "RMSE": 3.6901528706607335e-05,
  "MAPE(%)": 1.5735541493148764
}