temp,lowp,outp,seed,mode,qt_frac,train_ratio,out_root,model,R2,MAE,RMSE,MAPE(%)
313K,0.1,1,2027,lowq,0.75,0.5,./RUN_FULL_EXP,cat,0.9947490140683644,0.004170958920436513,3.6901528706607335e-05,1.5735541493148764
