{
  "R2": 0.9783387544166077,
  "MAE": 0.018157046847359297,
  "RMSE": 0.0024204217645599625,
  "MAPE(%)": 2.942038071257147
}