Feature,Importance
0.01,85.52562766198216
AV_cm3_g,2.203344642982621
Has_OMS,2.181756281231328
cm3_g,1.9030597652155674
PLD,1.3898209122921508
ASA_m2_cm3,1.2881134539782872
AV_VF,1.2181608623621214
LCD,1.2019617585471762
ASA_m2_g,1.0704016567719408
LFPD,0.7535799189646606
NASA_m2_cm3,0.7469936567097379
NASA_m2_g,0.46972656293737974
NAV_cm3_g,0.047452866024865197
