{
  "R2": 0.9805406909952719,
  "MAE": 0.013239654915499081,
  "RMSE": 0.0012098663699596044,
  "MAPE(%)": 3.4747710807658225
}