Feature,Importance
0.1,57.79349657728762
ASA_m2_g,11.17177033145288
ASA_m2_cm3,7.668417371377254
AV_VF,4.782368423167145
AV_cm3_g,4.617364258064661
cm3_g,3.947636717605089
PLD,2.231455953994059
LCD,2.189442376261812
Has_OMS,1.9481063191259222
LFPD,1.7903954194971723
NASA_m2_cm3,1.1239929443148484
NASA_m2_g,0.6534380557066594
NAV_cm3_g,0.08211525214490517
