{
  "R2": 0.9556983879957286,
  "MAE": 0.16712181784103608,
  "RMSE": 0.06854907770314315,
  "MAPE(%)": 5.416156170033028
}