Feature,Importance
0.01,86.19335044324782
cm3_g,2.2444128878053338
PLD,1.6835241815524884
ASA_m2_cm3,1.5272275104593986
LFPD,1.4983601115640437
Has_OMS,1.4234034333300105
AV_cm3_g,1.333875350700839
ASA_m2_g,1.2510871955866807
AV_VF,1.1178824940833156
LCD,1.015297444312665
NASA_m2_cm3,0.38042332886111496
NASA_m2_g,0.26213879834640585
NAV_cm3_g,0.06901682014987569
