{
  "R2": 0.9915204349649904,
  "MAE": 0.006878029851524187,
  "RMSE": 8.998648002102284e-05,
  "MAPE(%)": 2.792649617221923
}