temp,lowp,outp,seed,mode,qt_frac,train_ratio,out_root,model,R2,MAE,RMSE,MAPE(%)
313K,0.01,1,2025,lowq,0.45,0.5,./RUN_FULL_EXP,cat,0.9915204349649904,0.006878029851524187,8.998648002102284e-05,2.792649617221923
