{
  "R2": 0.9604456913696828,
  "MAE": 0.09984437985189029,
  "RMSE": 0.02316690794035928,
  "MAPE(%)": 4.992888455372518
}