temp,lowp,outp,seed,mode,qt_frac,train_ratio,out_root,model,R2,MAE,RMSE,MAPE(%)
273K,0.1,5,2028,lowq,0.45,0.5,./RUN_FULL_EXP,cat,0.9604456913696828,0.09984437985189029,0.02316690794035928,4.992888455372518
