Feature,Importance
0.01,83.9464901894894
cm3_g,3.7683899056990904
PLD,2.2659487313534163
LCD,1.626076698348295
AV_cm3_g,1.5434082395402329
Has_OMS,1.4789476058603013
ASA_m2_g,1.3453258461703965
ASA_m2_cm3,1.1644569385199721
NASA_m2_cm3,1.0396975193744138
LFPD,0.7550463045072341
AV_VF,0.5480921254442183
NASA_m2_g,0.4285707002227885
NAV_cm3_g,0.08954919547025192
