{
  "R2": 0.9295536840977923,
  "MAE": 0.01865045229517587,
  "RMSE": 0.0051665396846846895,
  "MAPE(%)": 4.737768694576839
}