Feature,Importance
0.01,56.40789844923359
ASA_m2_g,8.279331493762408
ASA_m2_cm3,6.638480190978072
cm3_g,6.460544708954566
AV_cm3_g,6.366976286877191
AV_VF,4.39138845398326
LCD,2.712448908270144
Has_OMS,2.7115568870099827
PLD,2.369740676828022
LFPD,2.1442027396742462
NASA_m2_cm3,0.8915860624447598
NASA_m2_g,0.4241498088035808
NAV_cm3_g,0.2016953331801831
