{
  "R2": 0.9378929538700188,
  "MAE": 0.22641103239664656,
  "RMSE": 0.11805814153918492,
  "MAPE(%)": 9.478045059984316
}