{
  "R2": 0.9809215546164873,
  "MAE": 0.03429214591215348,
  "RMSE": 0.0027084757299782433,
  "MAPE(%)": 3.1096909324294577
}