temp,lowp,outp,seed,mode,qt_frac,train_ratio,out_root,model,R2,MAE,RMSE,MAPE(%)
273K,0.05,1,2029,lowq,0.65,0.5,./RUN_FULL_EXP,cat,0.9857846552116929,0.015019533492043555,0.0006003379640784274,2.764829387818948
