{
  "R2": 0.9857846552116929,
  "MAE": 0.015019533492043555,
  "RMSE": 0.0006003379640784274,
  "MAPE(%)": 2.764829387818948
}