{
  "R2": 0.9525442366401556,
  "MAE": 0.022009760219963568,
  "RMSE": 0.003092904916035899,
  "MAPE(%)": 7.444262644647659
}