Feature,Importance
0.1,62.05817734942005
ASA_m2_g,10.625510692561647
AV_VF,5.597325043210558
ASA_m2_cm3,5.589426151266172
AV_cm3_g,4.1651055724074055
cm3_g,3.025790785730801
LCD,2.0066696390140217
PLD,1.9616068274165501
LFPD,1.674114967005319
Has_OMS,1.4123009262624302
NASA_m2_cm3,0.9307479657652359
NASA_m2_g,0.8449015526154128
NAV_cm3_g,0.10832252732438313
