temp,lowp,outp,seed,mode,qt_frac,train_ratio,out_root,model,R2,MAE,RMSE,MAPE(%)
313K,0.1,15,2027,lowq,0.45,0.5,./RUN_FULL_EXP,cat,0.9702345607928058,0.11231099723596555,0.02736613853800838,4.567834329949021
