{
  "R2": 0.9702345607928058,
  "MAE": 0.11231099723596555,
  "RMSE": 0.02736613853800838,
  "MAPE(%)": 4.567834329949021
}