{
  "R2": 0.986711868015527,
  "MAE": 0.04203654412663011,
  "RMSE": 0.005954149744803781,
  "MAPE(%)": 2.9216483148976686
}