Feature,Importance
0.01,72.32797404267178
Has_OMS,5.662748388428044
cm3_g,3.990120502109472
AV_cm3_g,3.646887770056437
LCD,2.7330773243541295
AV_VF,2.556655712558432
PLD,2.1625094524148634
LFPD,1.551385771840854
ASA_m2_g,1.447627789610125
ASA_m2_cm3,1.4371914710107865
NASA_m2_cm3,1.3086493775798294
NASA_m2_g,1.0527221035689596
NAV_cm3_g,0.1224502937962557
