{
  "R2": 0.959508689367221,
  "MAE": 0.02206285227070645,
  "RMSE": 0.0026073012690972027,
  "MAPE(%)": 7.738082363710359
}