Feature,Importance
HENRY,76.73107989809745
ASA_m2_g,4.408682144947327
AV_VF,3.605957480653703
ASA_m2_cm3,3.249574114118317
AV_cm3_g,2.586526261522739
Has_OMS,1.9151674916947192
cm3_g,1.874522256770692
LFPD,1.7446491559610249
LCD,1.6975772312255397
PLD,1.316375079564346
NASA_m2_g,0.4404843337433431
NASA_m2_cm3,0.3605237455917626
NAV_cm3_g,0.0688808061090458
