{
  "R2": 0.9827232557666786,
  "MAE": 0.03471258967273715,
  "RMSE": 0.0038809321570036316,
  "MAPE(%)": 3.2146612879149985
}