{
  "R2": 0.9950181426412189,
  "MAE": 0.004272457943584676,
  "RMSE": 3.7569104807266306e-05,
  "MAPE(%)": 1.6153363713129592
}