{
  "R2": 0.953510100142136,
  "MAE": 0.23647842229168123,
  "RMSE": 0.115967154487526,
  "MAPE(%)": 6.186525736084611
}