{
  "R2": 0.9635618590992614,
  "MAE": 0.16915445478355232,
  "RMSE": 0.06065764435058503,
  "MAPE(%)": 5.522660597672805
}