{
  "R2": 0.9626899753215377,
  "MAE": 0.07210732272003895,
  "RMSE": 0.014670016009435958,
  "MAPE(%)": 4.914438683291811
}