Feature,Importance
0.05,64.9558710244797
ASA_m2_g,7.623603427421855
ASA_m2_cm3,6.220901884928735
AV_VF,4.391857058134856
AV_cm3_g,3.7094009829795684
LCD,2.928856533279054
cm3_g,2.4398794116718494
PLD,2.326325579331907
LFPD,2.019154092054251
Has_OMS,1.917717013137776
NASA_m2_cm3,0.8811282997155154
NASA_m2_g,0.484231944747707
NAV_cm3_g,0.1010727481172435
