{
  "R2": 0.9583851327319279,
  "MAE": 0.10224488310550363,
  "RMSE": 0.026385977484443244,
  "MAPE(%)": 5.186863372699575
}