{
  "R2": 0.9642954608341565,
  "MAE": 0.16138262031617961,
  "RMSE": 0.0674857396720927,
  "MAPE(%)": 5.7567741844513405
}