{
  "R2": 0.9613952318789937,
  "MAE": 0.00666042394035691,
  "RMSE": 0.0015595141396557305,
  "MAPE(%)": 1.9817053598359862
}