Feature,Importance
0.01,84.29833877970138
cm3_g,2.0669145890343787
ASA_m2_g,2.049379267800916
LFPD,1.7710489229902382
Has_OMS,1.6862734204478398
AV_cm3_g,1.515719584379018
LCD,1.4171832174787298
PLD,1.300019881396606
ASA_m2_cm3,1.2136792961534013
AV_VF,1.0627274782652907
NASA_m2_g,0.8501058831727293
NASA_m2_cm3,0.7264929908854377
NAV_cm3_g,0.042116688294048826
