{
  "R2": 0.9909355881341012,
  "MAE": 0.010305522992616714,
  "RMSE": 0.00027651056686791214,
  "MAPE(%)": 2.983416484273479
}