temp,lowp,outp,seed,mode,qt_frac,train_ratio,out_root,model,R2,MAE,RMSE,MAPE(%)
293K,0.01,1,2027,struct_with_input,0.25,0.5,./RUN_FULL_EXP,cat,0.9909355881341012,0.010305522992616714,0.00027651056686791214,2.983416484273479
