{
  "R2": 0.9871294558199338,
  "MAE": 0.013533397847102288,
  "RMSE": 0.00046078343302040874,
  "MAPE(%)": 2.465606171104493
}