{
  "R2": 0.9366942255715048,
  "MAE": 0.08266540485722411,
  "RMSE": 0.021951212840424887,
  "MAPE(%)": 6.377774690846468
}