{
  "R2": 0.44209671626189573,
  "MAE": 0.18248557435072116,
  "RMSE": 0.08642964817590527,
  "MAPE(%)": 53.454749950056346
}