Feature,Importance
0.01,83.17097832402654
ASA_m2_g,2.233805594807779
AV_cm3_g,2.2056780227872617
ASA_m2_cm3,2.0474461338572483
AV_VF,1.6810177377016453
PLD,1.622711254175723
LCD,1.5478695281905963
cm3_g,1.5244488928265394
Has_OMS,1.4962982956590567
LFPD,1.455595005449314
NASA_m2_cm3,0.6091723451927128
NASA_m2_g,0.36253378745722026
NAV_cm3_g,0.04244507786835283
