{
  "R2": 0.9826668882378954,
  "MAE": 0.017194789114904435,
  "RMSE": 0.0008148826212798642,
  "MAPE(%)": 3.1963614484032092
}