temp,lowp,outp,seed,mode,qt_frac,train_ratio,out_root,model,R2,MAE,RMSE,MAPE(%)
273K,0.01,1,2029,struct_with_input,0.55,0.55,./RUN_FULL_EXP,cat,0.9826668882378954,0.017194789114904435,0.0008148826212798642,3.1963614484032092
