{
  "R2": 0.9951389400459992,
  "MAE": 0.025084796428997323,
  "RMSE": 0.0014931556810520526,
  "MAPE(%)": 1.9779611276603821
}