{
  "R2": 0.9025339924655524,
  "MAE": 0.04126701623596249,
  "RMSE": 0.014725026695556684,
  "MAPE(%)": 8.749789185691936
}