{
  "R2": 0.9860359983770358,
  "MAE": 0.03960671957694484,
  "RMSE": 0.00645295068686137,
  "MAPE(%)": 2.621344498346293
}