{
  "R2": 0.984715311138761,
  "MAE": 0.015405820136194948,
  "RMSE": 0.0005245768797741728,
  "MAPE(%)": 2.8704117649389373
}