Feature,Importance
0.5,57.298883384733784
ASA_m2_g,15.796578185737435
AV_VF,5.616111216522657
ASA_m2_cm3,5.3084680210008806
AV_cm3_g,3.987292754152968
cm3_g,3.187621760225764
LCD,2.2990451722728276
PLD,2.235053693120978
LFPD,1.8122626315519115
Has_OMS,1.198675659259357
NASA_m2_cm3,0.7355420625409872
NASA_m2_g,0.44907656762352616
NAV_cm3_g,0.07538889125692166
