{
  "R2": 0.9632734819323926,
  "MAE": 0.1568816044829127,
  "RMSE": 0.050283372934367916,
  "MAPE(%)": 5.0381774279710765
}