Feature,Importance
ASA_m2_g,15.566051091366848
cm3_g,15.320599443376429
AV_VF,13.55064051798175
ASA_m2_cm3,12.626116306014383
PLD,10.816037857461575
LCD,7.774431460505264
AV_cm3_g,7.487045282982825
Has_OMS,7.0871751640701985
LFPD,6.0940512438465415
NASA_m2_cm3,1.7880276292756554
NASA_m2_g,1.3507424555671177
NAV_cm3_g,0.539081547551419
