temp,lowp,outp,seed,mode,qt_frac,train_ratio,out_root,model,R2,MAE,RMSE,MAPE(%)
293K,0.01,15,2029,struct,0.0,0.8,./RUN_FULL_EXP,cat,0.7360785542165487,0.501521498253385,0.4948849912490826,21.368398039743493
