{
  "R2": 0.7360785542165487,
  "MAE": 0.501521498253385,
  "RMSE": 0.4948849912490826,
  "MAPE(%)": 21.368398039743493
}