Feature,Importance
0.05,71.76808280776115
AV_VF,5.061871783509685
ASA_m2_cm3,5.006777879374453
ASA_m2_g,3.9731016030280446
AV_cm3_g,3.148167854961975
LFPD,2.008575268764588
PLD,2.0085517989992785
Has_OMS,1.9822192573078172
cm3_g,1.964715960919501
LCD,1.8598222984895996
NASA_m2_cm3,0.6499856941610582
NASA_m2_g,0.5170065596298669
NAV_cm3_g,0.051121233092973804
