{
  "R2": 0.9699137807526376,
  "MAE": 0.059633320104870456,
  "RMSE": 0.00947184963902985,
  "MAPE(%)": 4.09178304626065
}