{
  "R2": 0.6855555285119465,
  "MAE": 0.5426845246624303,
  "RMSE": 0.5929590267277919,
  "MAPE(%)": 23.328399512009508
}