{
  "R2": 0.9822361076361299,
  "MAE": 0.03993079032242407,
  "RMSE": 0.003552148413517302,
  "MAPE(%)": 3.8233185449009777
}