{
  "R2": 0.98986333549906,
  "MAE": 0.007081164645282236,
  "RMSE": 0.0001081657116850247,
  "MAPE(%)": 2.873742982956688
}