Feature,Importance
0.5,55.33648605251416
ASA_m2_g,13.179373597007219
AV_cm3_g,6.810853329635399
AV_VF,6.227137737796333
ASA_m2_cm3,5.385309646044117
cm3_g,3.4822785731208277
PLD,2.7223607047044496
LFPD,2.4022371757752192
LCD,1.7496012522617626
Has_OMS,1.2606145949856369
NASA_m2_cm3,0.7346586936832327
NASA_m2_g,0.6796295080072979
NAV_cm3_g,0.029459134464328223
