temp,lowp,outp,seed,mode,qt_frac,train_ratio,out_root,model,R2,MAE,RMSE,MAPE(%)
273K,0.5,15,2028,lowq,0.8,0.5,./RUN_FULL_EXP,cat,0.949323772912129,0.23101015600969624,0.1176343898143763,5.7248738440156055
