{
  "R2": 0.949323772912129,
  "MAE": 0.23101015600969624,
  "RMSE": 0.1176343898143763,
  "MAPE(%)": 5.7248738440156055
}