{
  "R2": 0.9743146419154116,
  "MAE": 0.06190408606616298,
  "RMSE": 0.01177487263595158,
  "MAPE(%)": 4.102229644357693
}