Feature,Importance
0.01,73.06139083533776
ASA_m2_g,5.5757110244562345
ASA_m2_cm3,4.481716404226845
AV_VF,4.452665913598381
AV_cm3_g,2.360568479497278
cm3_g,1.9261492870292771
PLD,1.8927976484353524
LCD,1.7800070108942132
LFPD,1.7475444194445033
Has_OMS,1.4878522468140056
NASA_m2_cm3,0.6342893606254981
NASA_m2_g,0.5455977752020265
NAV_cm3_g,0.05370959443862431
