{
  "R2": 0.9711349135894763,
  "MAE": 0.06451074326910095,
  "RMSE": 0.011003304257558228,
  "MAPE(%)": 4.544781865029847
}