{
  "R2": 0.9496579863723524,
  "MAE": 0.19130895708315118,
  "RMSE": 0.08871184656406945,
  "MAPE(%)": 6.399293961956609
}