{
  "R2": 0.9855960244900205,
  "MAE": 0.03438906488476919,
  "RMSE": 0.003998096940507283,
  "MAPE(%)": 3.3005765504816056
}