Feature,Importance
0.5,91.96258742763409
AV_cm3_g,1.1154418236523518
PLD,0.9903988924436589
LFPD,0.9311498614087129
cm3_g,0.8609567078782858
Has_OMS,0.7875749194030408
ASA_m2_g,0.780567416988246
LCD,0.6567414592231691
AV_VF,0.6508402973380631
ASA_m2_cm3,0.5721109780878575
NASA_m2_cm3,0.4163114171159368
NASA_m2_g,0.16920809510152016
NAV_cm3_g,0.10611070372507858
