{
  "R2": 0.9505243291563953,
  "MAE": 0.16895037834973348,
  "RMSE": 0.08264056409628882,
  "MAPE(%)": 5.51717920361515
}