temp,lowp,outp,seed,mode,qt_frac,train_ratio,out_root,model,R2,MAE,RMSE,MAPE(%)
293K,0.01,15,2025,struct_with_input,0.45,0.45,./RUN_FULL_EXP,cat,0.9585496973823459,0.17653130033658007,0.06481503782907713,5.750606552429112
