Feature,Importance
0.1,88.97929623610482
cm3_g,1.5923520606845565
AV_cm3_g,1.5540653261203097
Has_OMS,1.5191880013668317
LCD,1.2335711086873054
AV_VF,1.137655092469866
ASA_m2_cm3,0.9590833171590555
ASA_m2_g,0.917850259763163
PLD,0.6902030822142029
NASA_m2_cm3,0.5725403629852297
LFPD,0.5100354246492282
NASA_m2_g,0.27746800617690576
NAV_cm3_g,0.05669172161851507
