temp,lowp,outp,seed,mode,qt_frac,train_ratio,out_root,model,R2,MAE,RMSE,MAPE(%)
313K,0.1,1,2029,lowq,0.4,0.5,./RUN_FULL_EXP,cat,0.9959084607471907,0.004507456099013196,4.671919007944027e-05,1.7879797512730584
