{
  "R2": 0.9959084607471907,
  "MAE": 0.004507456099013196,
  "RMSE": 4.671919007944027e-05,
  "MAPE(%)": 1.7879797512730584
}