Feature,Importance
HENRY,82.28718576394901
Has_OMS,2.6227797982208227
AV_cm3_g,2.2919465270745625
ASA_m2_g,1.9029563941636405
ASA_m2_cm3,1.778437860074509
LFPD,1.6664956392082715
PLD,1.6316360625889665
cm3_g,1.56682132160073
AV_VF,1.5002862006612487
LCD,1.498525343410743
NASA_m2_cm3,0.6437288575748942
NASA_m2_g,0.5055194596865622
NAV_cm3_g,0.10368077178604683
