{
  "R2": 0.9743634767963302,
  "MAE": 0.019145065770914797,
  "RMSE": 0.0029506787622162315,
  "MAPE(%)": 3.128288726482268
}