{
  "R2": 0.9817113249104519,
  "MAE": 0.009550145224876043,
  "RMSE": 0.000985527434526073,
  "MAPE(%)": 2.4057419944630345
}