{
  "R2": 0.9910037092599664,
  "MAE": 0.007204058424732489,
  "RMSE": 0.00015672029055012563,
  "MAPE(%)": 1.9020559587405557
}