Feature,Importance
HENRY,70.43882977053353
ASA_m2_cm3,5.999880575720508
ASA_m2_g,5.422049618911494
AV_VF,4.387165686057232
AV_cm3_g,2.52503541898672
PLD,2.1189394131060397
LCD,2.085929432590499
cm3_g,2.0760797246665246
Has_OMS,1.89450878654392
LFPD,1.7765266801193413
NASA_m2_cm3,0.6463239094332003
NASA_m2_g,0.5906542059282416
NAV_cm3_g,0.038076777402738175
