temp,lowp,outp,seed,mode,qt_frac,train_ratio,out_root,model,R2,MAE,RMSE,MAPE(%)
293K,HENRY,5,2025,lowq,0.35,0.5,./RUN_FULL_EXP,cat,0.9745242346585845,0.05699736048070379,0.008526870821860714,3.9179224108433273
