{
  "R2": 0.9745242346585845,
  "MAE": 0.05699736048070379,
  "RMSE": 0.008526870821860714,
  "MAPE(%)": 3.9179224108433273
}