Feature,Importance
0.5,70.95045639584134
AV_VF,5.984166243134623
ASA_m2_g,5.143206081136318
ASA_m2_cm3,4.908909328090706
AV_cm3_g,3.0695039339293455
PLD,2.1952528463114733
LFPD,2.1161310108898124
cm3_g,1.9605390076703522
LCD,1.4010807016022933
Has_OMS,1.1819322055597739
NASA_m2_cm3,0.6540153086089312
NASA_m2_g,0.37257350315372095
NAV_cm3_g,0.06223343407131727
