{
  "R2": 0.9614787614087774,
  "MAE": 0.08897454848413476,
  "RMSE": 0.016858572917722397,
  "MAPE(%)": 4.391973433090677
}