Feature,Importance
0.01,72.06933193742492
ASA_m2_cm3,5.928027462931419
ASA_m2_g,5.173289336460855
AV_VF,4.0389672996751695
AV_cm3_g,2.672685875045758
cm3_g,2.1764028712362227
LFPD,2.0199257504575217
PLD,1.8600017803217086
LCD,1.8415924771958765
Has_OMS,1.0511927535145984
NASA_m2_cm3,0.5695307597572349
NASA_m2_g,0.5614137891165046
NAV_cm3_g,0.03763790686221256
