temp,lowp,outp,seed,mode,qt_frac,train_ratio,out_root,model,R2,MAE,RMSE,MAPE(%)
293K,0.01,5,2025,lowq,0.05,0.5,./RUN_FULL_EXP,cat,0.9708115368187642,0.06692599040137526,0.013582474427968024,4.737004152580688
