{
  "R2": 0.9708115368187642,
  "MAE": 0.06692599040137526,
  "RMSE": 0.013582474427968024,
  "MAPE(%)": 4.737004152580688
}