temp,lowp,outp,seed,mode,qt_frac,train_ratio,out_root,model,R2,MAE,RMSE,MAPE(%)
293K,0.5,15,2028,lowq,0.3,0.5,./RUN_FULL_EXP,cat,0.9624264062395447,0.15863926375192722,0.06262488282774283,5.178658921623095
