{
  "R2": 0.9624264062395447,
  "MAE": 0.15863926375192722,
  "RMSE": 0.06262488282774283,
  "MAPE(%)": 5.178658921623095
}