{
  "R2": 0.9752729092738719,
  "MAE": 0.02274715179333634,
  "RMSE": 0.0026025228252283417,
  "MAPE(%)": 4.176549457999241
}