{
  "R2": 0.9921662227999708,
  "MAE": 0.029019782938842636,
  "RMSE": 0.002213010973124153,
  "MAPE(%)": 2.3237698982301995
}