{
  "R2": 0.8898905432045479,
  "MAE": 0.1152939859415345,
  "RMSE": 0.032379275369684817,
  "MAPE(%)": 10.994045645105945
}