temp,lowp,outp,seed,mode,qt_frac,train_ratio,out_root,model,R2,MAE,RMSE,MAPE(%)
273K,0.5,5,2025,lowq,0.15,0.5,./RUN_FULL_EXP,cat,0.9732484174282364,0.09034132935462921,0.0204803703872624,4.678288301894282
