{
  "R2": 0.9732484174282364,
  "MAE": 0.09034132935462921,
  "RMSE": 0.0204803703872624,
  "MAPE(%)": 4.678288301894282
}