{
  "R2": 0.9841609874670222,
  "MAE": 0.017256374929280484,
  "RMSE": 0.0007855656512135555,
  "MAPE(%)": 3.139927505700863
}