temp,lowp,outp,seed,mode,qt_frac,train_ratio,out_root,model,R2,MAE,RMSE,MAPE(%)
273K,0.01,1,2026,lowq,0.55,0.5,./RUN_FULL_EXP,cat,0.9841609874670222,0.017256374929280484,0.0007855656512135555,3.139927505700863
