Feature,Importance
0.05,63.43980002766716
ASA_m2_cm3,8.03245422104616
ASA_m2_g,7.494742066774731
AV_VF,5.174665853105758
PLD,2.8113286801044883
AV_cm3_g,2.778351935341311
LFPD,2.471679365034735
cm3_g,2.421094170574959
LCD,2.1973762105492254
Has_OMS,1.794296822620785
NASA_m2_cm3,0.686961601330467
NASA_m2_g,0.6604455824770528
NAV_cm3_g,0.0368034633731354
