{
  "R2": 0.954417675589807,
  "MAE": 0.0997813156202764,
  "RMSE": 0.0219228665589426,
  "MAPE(%)": 5.057452019629155
}