Feature,Importance
0.01,89.97728034818252
LFPD,1.4840603820071778
cm3_g,1.3155896418912052
Has_OMS,1.085806084418023
PLD,1.017420609794345
LCD,1.0052455993040372
AV_cm3_g,0.9779079342959931
AV_VF,0.8642189760398008
ASA_m2_cm3,0.8563400388011524
ASA_m2_g,0.6215606701265851
NASA_m2_cm3,0.4620259029630438
NASA_m2_g,0.3027733095783328
NAV_cm3_g,0.029770502597800143
