{
  "R2": 0.9474318609290642,
  "MAE": 0.010397362230724079,
  "RMSE": 0.0020208473467902464,
  "MAPE(%)": 3.636572867678752
}