{
  "R2": 0.2632997197403064,
  "MAE": 0.21008678267901112,
  "RMSE": 0.12193688690329849,
  "MAPE(%)": 60.24815998040503
}