{
  "R2": 0.27475144946383945,
  "MAE": 0.20554940068781322,
  "RMSE": 0.11106562650890353,
  "MAPE(%)": 62.04231762056157
}