{
  "R2": 0.987411120744351,
  "MAE": 0.015947849629329353,
  "RMSE": 0.000586778736398802,
  "MAPE(%)": 2.958801323517403
}