{
  "R2": 0.9946690110140661,
  "MAE": 0.012370044941722969,
  "RMSE": 0.0006758079731746746,
  "MAPE(%)": 2.1523660627658208
}