Feature,Importance
HENRY,85.94245778266591
cm3_g,2.2860501474452857
LFPD,1.8472511936410205
AV_cm3_g,1.808900509718026
ASA_m2_g,1.3141393363468976
Has_OMS,1.2227566659372724
ASA_m2_cm3,1.1879010432003767
AV_VF,1.179039261721969
PLD,1.0577508705720724
LCD,0.9740489795328218
NASA_m2_g,0.7006230380850141
NASA_m2_cm3,0.4114086353721732
NAV_cm3_g,0.067672535761177
