temp,lowp,outp,seed,mode,qt_frac,train_ratio,out_root,model,R2,MAE,RMSE,MAPE(%)
313K,HENRY,1,2027,lowq,0.45,0.5,./RUN_FULL_EXP,cat,0.9959283151383868,0.0041283727173780345,4.248760042174381e-05,1.6082904394103779
