{
  "R2": 0.9959283151383868,
  "MAE": 0.0041283727173780345,
  "RMSE": 4.248760042174381e-05,
  "MAPE(%)": 1.6082904394103779
}