Feature,Importance
0.05,84.32990074385512
AV_cm3_g,2.609713319044962
ASA_m2_cm3,2.4002054559689463
AV_VF,1.692792615510959
ASA_m2_g,1.5066709012980517
PLD,1.3523596166992835
Has_OMS,1.2317665280673868
LCD,1.2004689423134405
LFPD,1.1656423175367092
cm3_g,1.1556972402222365
NASA_m2_g,0.6754557209963141
NASA_m2_cm3,0.6298983928000185
NAV_cm3_g,0.049428205686587436
