{
  "R2": 0.9937521093794692,
  "MAE": 0.030513284348853396,
  "RMSE": 0.002178121709166089,
  "MAPE(%)": 2.515584220258794
}