{
  "R2": 0.9678966601160816,
  "MAE": 0.11413833136288122,
  "RMSE": 0.04023474651366052,
  "MAPE(%)": 5.060807983237669
}