temp,lowp,outp,seed,mode,qt_frac,train_ratio,out_root,model,R2,MAE,RMSE,MAPE(%)
313K,0.5,1,2025,lowq,0.15,0.5,./RUN_FULL_EXP,cat,0.9919445048216954,0.004275689627045429,0.0001712534281823207,1.6104092493317628
