{
  "R2": 0.9919445048216954,
  "MAE": 0.004275689627045429,
  "RMSE": 0.0001712534281823207,
  "MAPE(%)": 1.6104092493317628
}