Feature,Importance
0.01,82.76059416774694
PLD,2.24519353366787
AV_VF,2.2191816440934375
cm3_g,2.142868202586765
ASA_m2_g,1.816318555376618
LCD,1.7303062830893552
LFPD,1.6752288245526543
ASA_m2_cm3,1.4058427746534683
AV_cm3_g,1.2893609445392775
Has_OMS,1.2715949910155835
NASA_m2_cm3,0.6242166471191865
NASA_m2_g,0.5949676065022759
NAV_cm3_g,0.22432582505656223
