{
  "R2": 0.7818770839820587,
  "MAE": 0.051147594545618076,
  "RMSE": 0.03667052399848472,
  "MAPE(%)": 8.476259093113208
}