{
  "R2": 0.8538692283412725,
  "MAE": 0.046690184298779205,
  "RMSE": 0.022519644775574724,
  "MAPE(%)": 9.872527001707716
}