Feature,Importance
0.1,89.65713332962927
ASA_m2_cm3,1.310267906980627
AV_VF,1.2378746042106283
AV_cm3_g,1.2340077267832341
cm3_g,1.2134781160002939
Has_OMS,1.1670778308132204
LFPD,0.9998260919421368
ASA_m2_g,0.9681790272904347
PLD,0.8479061577708975
LCD,0.5879199464615484
NASA_m2_cm3,0.38420101363810233
NASA_m2_g,0.3452906356194929
NAV_cm3_g,0.046837612860131946
