{
  "R2": 0.9956095437694782,
  "MAE": 0.004406274023626093,
  "RMSE": 3.9325456908194826e-05,
  "MAPE(%)": 1.718884640811977
}