Feature,Importance
0.1,89.27365600561146
AV_cm3_g,1.7139674160500584
Has_OMS,1.394131756624439
LCD,1.2141949136393198
cm3_g,1.07127211863401
AV_VF,1.0131450788193272
LFPD,0.8981493265970959
ASA_m2_g,0.8835420239455816
ASA_m2_cm3,0.8684723399114984
PLD,0.6676822572259395
NASA_m2_g,0.4815338861295696
NASA_m2_cm3,0.4518551207612259
NAV_cm3_g,0.06839775605050483
