{
  "R2": 0.9947173324689497,
  "MAE": 0.004235382279060521,
  "RMSE": 3.967686664651381e-05,
  "MAPE(%)": 1.5972148943489293
}