Feature,Importance
0.01,71.3076917102154
ASA_m2_cm3,5.42282064300369
AV_VF,4.1991087224511014
AV_cm3_g,4.100403200801234
ASA_m2_g,3.0940840346195086
Has_OMS,2.8123846040321627
cm3_g,2.386000068480877
PLD,1.95339607751076
LCD,1.9140502284227132
LFPD,1.745557991315312
NASA_m2_cm3,0.6268302246026279
NASA_m2_g,0.383556230337495
NAV_cm3_g,0.054116264207124745
