{
  "R2": 0.9693308637133209,
  "MAE": 0.06705071490030545,
  "RMSE": 0.01068649770680542,
  "MAPE(%)": 4.6954967008387305
}