{
  "R2": 0.4333750647424791,
  "MAE": 0.18065143549795937,
  "RMSE": 0.08929231994281467,
  "MAPE(%)": 51.99091021100729
}