{
  "R2": 0.46280964705014627,
  "MAE": 0.17721548009355984,
  "RMSE": 0.08098728124066995,
  "MAPE(%)": 51.57226958004595
}