Feature,Importance
0.1,85.57113573860153
AV_cm3_g,1.749527901619946
ASA_m2_g,1.734363332155064
cm3_g,1.6733531317452888
ASA_m2_cm3,1.625242889839071
AV_VF,1.6054619150578502
LCD,1.4025773144636366
Has_OMS,1.4001570323937085
PLD,1.1479671387021426
LFPD,0.8538187439623715
NASA_m2_cm3,0.7195702524417525
NASA_m2_g,0.4388614508666156
NAV_cm3_g,0.07796315815100353
