temp,lowp,outp,seed,mode,qt_frac,train_ratio,out_root,model,R2,MAE,RMSE,MAPE(%)
273K,0.1,1,2029,lowq,0.4,0.5,./RUN_FULL_EXP,cat,0.9862787312633549,0.015179096265041018,0.0008180530549221926,2.7870729264302905
