{
  "R2": 0.9862787312633549,
  "MAE": 0.015179096265041018,
  "RMSE": 0.0008180530549221926,
  "MAPE(%)": 2.7870729264302905
}