{
  "R2": 0.9850534018006929,
  "MAE": 0.04949077664543767,
  "RMSE": 0.006411710155117453,
  "MAPE(%)": 4.192323625425255
}