{
  "R2": 0.9748166450662932,
  "MAE": 0.11131005892786273,
  "RMSE": 0.029676101372976316,
  "MAPE(%)": 4.738352658933251
}