temp,lowp,outp,seed,mode,qt_frac,train_ratio,out_root,model,R2,MAE,RMSE,MAPE(%)
313K,HENRY,15,2029,lowq,0.1,0.5,./RUN_FULL_EXP,cat,0.9748166450662932,0.11131005892786273,0.029676101372976316,4.738352658933251
