Feature,Importance
0.1,65.96753603598575
ASA_m2_g,8.655675930063857
ASA_m2_cm3,6.58566084551809
AV_cm3_g,4.106028414014145
AV_VF,3.9750525049013943
cm3_g,3.179909852169868
PLD,1.9007417000420943
LCD,1.8705489548141168
LFPD,1.2612729219103005
Has_OMS,1.2354192400441937
NASA_m2_g,0.6351393897152344
NASA_m2_cm3,0.541530007220013
NAV_cm3_g,0.0854842036009377
