{
  "R2": 0.9697748947595365,
  "MAE": 0.11287710831382235,
  "RMSE": 0.02689464691633259,
  "MAPE(%)": 4.6208485816649
}