temp,lowp,outp,seed,mode,qt_frac,train_ratio,out_root,model,R2,MAE,RMSE,MAPE(%)
313K,0.1,15,2026,lowq,0.5,0.5,./RUN_FULL_EXP,cat,0.9697748947595365,0.11287710831382235,0.02689464691633259,4.6208485816649
