Feature,Importance
0.01,83.12459147467396
ASA_m2_g,2.6930385656458142
AV_cm3_g,2.2224832954312697
ASA_m2_cm3,2.0279454018061838
AV_VF,1.7842623446990415
PLD,1.7685063900442715
cm3_g,1.511388584750905
LFPD,1.3169795311777577
Has_OMS,1.1256368878263892
LCD,1.0628239061036493
NASA_m2_cm3,0.7014235290456807
NASA_m2_g,0.5198839135400142
NAV_cm3_g,0.1410361752550542
