{
  "R2": 0.9700349621108869,
  "MAE": 0.023965420969699558,
  "RMSE": 0.004363481327943377,
  "MAPE(%)": 4.405483640564677
}