temp,lowp,outp,seed,mode,qt_frac,train_ratio,out_root,model,R2,MAE,RMSE,MAPE(%)
293K,0.01,5,2027,lowq,0.65,0.5,./RUN_FULL_EXP,cat,0.9676848255338185,0.06078183268656767,0.007949015140150902,4.189456327212817
