{
  "R2": 0.9676848255338185,
  "MAE": 0.06078183268656767,
  "RMSE": 0.007949015140150902,
  "MAPE(%)": 4.189456327212817
}