Feature,Importance
0.05,62.03099316363886
ASA_m2_g,10.84166074207641
ASA_m2_cm3,5.9414338585821955
AV_cm3_g,5.400132437731553
AV_VF,4.431623779868401
cm3_g,2.9923098734033324
LFPD,2.049266554914999
PLD,1.916580978521653
LCD,1.5826082919412412
Has_OMS,1.4002998472373853
NASA_m2_cm3,0.8192143186936415
NASA_m2_g,0.5233985404615535
NAV_cm3_g,0.07047761292879186
