temp,lowp,outp,seed,mode,qt_frac,train_ratio,out_root,model,R2,MAE,RMSE,MAPE(%)
313K,0.05,15,2029,lowq,0.3,0.5,./RUN_FULL_EXP,cat,0.9587547289539644,0.11633958233977038,0.04306082266159172,4.682947628941444
