{
  "R2": 0.9587547289539644,
  "MAE": 0.11633958233977038,
  "RMSE": 0.04306082266159172,
  "MAPE(%)": 4.682947628941444
}