Feature,Importance
0.1,51.011659904881206
ASA_m2_g,12.575582777692196
ASA_m2_cm3,7.464630786386039
AV_cm3_g,6.281766603632466
AV_VF,6.0949179227535115
cm3_g,5.132191184591677
PLD,3.167867718384588
LFPD,2.5952016470075656
LCD,2.451699862251062
Has_OMS,1.7255507987673873
NASA_m2_cm3,0.8488300168914985
NASA_m2_g,0.5657941051914577
NAV_cm3_g,0.08430667156933586
