{
  "R2": 0.9569770580530677,
  "MAE": 0.2325334698407627,
  "RMSE": 0.12272215225313728,
  "MAPE(%)": 6.317265282002203
}