{
  "R2": 0.9547831886720295,
  "MAE": 0.22326502500628312,
  "RMSE": 0.11334386550992437,
  "MAPE(%)": 5.8405476940750205
}