temp,lowp,outp,seed,mode,qt_frac,train_ratio,out_root,model,R2,MAE,RMSE,MAPE(%)
293K,0.01,15,2029,struct_with_input,0.65,0.65,./RUN_FULL_EXP,cat,0.9612685398176001,0.16582223091984094,0.05589280624564492,5.2906336250883905
