{
  "R2": 0.9550359321722516,
  "MAE": 0.1732598603698039,
  "RMSE": 0.07057718798759748,
  "MAPE(%)": 5.663377413858167
}