{
  "R2": 0.9787341313245821,
  "MAE": 0.051797641165498697,
  "RMSE": 0.009743366606798963,
  "MAPE(%)": 3.3654159986414642
}