Feature,Importance
0.05,77.70669062919653
ASA_m2_g,3.892634509706631
ASA_m2_cm3,3.126843292651416
AV_cm3_g,3.1000439205112365
AV_VF,3.0850199787705486
cm3_g,1.967225203113779
Has_OMS,1.7968223175669542
PLD,1.493660733822782
LFPD,1.3919636265731856
LCD,1.3300037032237717
NASA_m2_g,0.5327392012560448
NASA_m2_cm3,0.5163574245317328
NAV_cm3_g,0.059995459075367324
