{
  "R2": 0.9836211819640399,
  "MAE": 0.036099660483441966,
  "RMSE": 0.003575053026765865,
  "MAPE(%)": 3.3686596754008544
}