Feature,Importance
0.1,56.90329162205432
ASA_m2_g,12.936798690666556
ASA_m2_cm3,7.077531690488715
AV_cm3_g,5.085411820680596
AV_VF,4.691075334785189
cm3_g,3.4557832237239867
LCD,2.4918808101822356
PLD,2.365742013824112
LFPD,2.0940221560013916
Has_OMS,1.2614224008768138
NASA_m2_g,0.8297664473561523
NASA_m2_cm3,0.6698962695436608
NAV_cm3_g,0.13737751981627772
