{
  "R2": 0.9467955652187429,
  "MAE": 0.24432220174251076,
  "RMSE": 0.13928884414148435,
  "MAPE(%)": 6.2678812516104925
}