temp,lowp,outp,seed,mode,qt_frac,train_ratio,out_root,model,R2,MAE,RMSE,MAPE(%)
273K,0.1,15,2026,lowq,0.5,0.5,./RUN_FULL_EXP,cat,0.9467955652187429,0.24432220174251076,0.13928884414148435,6.2678812516104925
