Feature,Importance
0.1,76.02901760738212
ASA_m2_g,4.826990823597225
AV_VF,3.5445033640958172
ASA_m2_cm3,3.3555295454453486
cm3_g,2.585404872153209
AV_cm3_g,2.0401031700713874
Has_OMS,1.8631073966140619
LCD,1.6314901573302993
PLD,1.44896320774796
LFPD,1.2545888328797588
NASA_m2_cm3,0.7796859358766287
NASA_m2_g,0.510171314208989
NAV_cm3_g,0.13044377259718873
