{
  "R2": 0.9814230000987865,
  "MAE": 0.03474776484236932,
  "RMSE": 0.0030213368778583202,
  "MAPE(%)": 3.2358318738039777
}