{
  "R2": 0.971452350589239,
  "MAE": 0.04087459583654282,
  "RMSE": 0.0034971821080618526,
  "MAPE(%)": 3.6890434872502764
}