temp,lowp,outp,seed,mode,qt_frac,train_ratio,out_root,model,R2,MAE,RMSE,MAPE(%)
313K,0.01,5,2028,lowq,0.7,0.5,./RUN_FULL_EXP,cat,0.971452350589239,0.04087459583654282,0.0034971821080618526,3.6890434872502764
