Feature,Importance
HENRY,85.13890886269857
AV_cm3_g,2.075798306054699
cm3_g,1.824069662685655
LCD,1.7395524658374915
ASA_m2_g,1.5027283400388398
ASA_m2_cm3,1.4382405503469593
AV_VF,1.3162697078168222
PLD,1.3150399991235309
Has_OMS,1.2408685970588917
LFPD,1.1378308328569773
NASA_m2_cm3,0.6924768649819281
NASA_m2_g,0.453125661438602
NAV_cm3_g,0.1250901490610664
