temp,lowp,outp,seed,mode,qt_frac,train_ratio,out_root,model,R2,MAE,RMSE,MAPE(%)
293K,HENRY,1,2026,lowq,0.3,0.5,./RUN_FULL_EXP,cat,0.9933048190467015,0.007560045886536656,0.00018806311968541894,2.040582434746913
