{
  "R2": 0.9933048190467015,
  "MAE": 0.007560045886536656,
  "RMSE": 0.00018806311968541894,
  "MAPE(%)": 2.040582434746913
}