{
  "R2": 0.9923595713504383,
  "MAE": 0.007660470404764411,
  "RMSE": 0.0001260773219087291,
  "MAPE(%)": 2.0560726492183896
}