temp,lowp,outp,seed,mode,qt_frac,train_ratio,out_root,model,R2,MAE,RMSE,MAPE(%)
293K,0.01,5,2027,lowr,0.15,0.5,./RUN_FULL_EXP,cat,0.9696992402133089,0.06765152057584294,0.014777338976940302,4.9783469690346385
