Feature,Importance
0.5,58.495049290222
ASA_m2_g,14.836458531920565
AV_VF,5.853802428646945
ASA_m2_cm3,5.086309224678614
AV_cm3_g,3.3924028489265456
cm3_g,3.387009588688625
LFPD,2.222065857077543
PLD,2.182131267740444
LCD,2.168698109000297
Has_OMS,1.3217081193457143
NASA_m2_cm3,0.6033580980339428
NASA_m2_g,0.37713328165300014
NAV_cm3_g,0.07387335406574934
