{
  "R2": 0.9622454002793183,
  "MAE": 0.1574851665269503,
  "RMSE": 0.058108923332720795,
  "MAPE(%)": 5.12400010622599
}