Feature,Importance
0.5,63.42220989169695
ASA_m2_g,12.984950131763519
AV_cm3_g,4.700463830499306
ASA_m2_cm3,4.574966470884154
AV_VF,3.647551550483124
cm3_g,2.8698851529720706
LFPD,1.8239976443557964
LCD,1.8104260092806579
PLD,1.7578102496515593
Has_OMS,1.0708804314889457
NASA_m2_cm3,0.7901063866265301
NASA_m2_g,0.46314733424095056
NAV_cm3_g,0.08360491605642952
