{
  "R2": 0.9720408879049138,
  "MAE": 0.1074118399101547,
  "RMSE": 0.023691152183635586,
  "MAPE(%)": 4.262857129714431
}