Feature,Importance
0.05,76.04638785260929
ASA_m2_g,4.844525253191529
AV_VF,3.308989199053601
ASA_m2_cm3,3.2477356005920632
AV_cm3_g,2.5483872772365386
cm3_g,2.2485714388036278
Has_OMS,1.7889338702967919
PLD,1.6366822585264766
LCD,1.6016839703149937
LFPD,1.5944696687961417
NASA_m2_g,0.6140926938055589
NASA_m2_cm3,0.45917859430969904
NAV_cm3_g,0.060362322463677794
