{
  "R2": 0.9831953381995787,
  "MAE": 0.03485292643610974,
  "RMSE": 0.0028868614509325375,
  "MAPE(%)": 3.2052655128714407
}