Feature,Importance
0.5,58.836589131037094
ASA_m2_g,13.32307660200776
ASA_m2_cm3,5.3109526285767945
AV_VF,5.010291773933767
AV_cm3_g,4.73900097494849
cm3_g,3.748669359779297
LCD,2.127946137751907
PLD,2.034660863919196
LFPD,1.9727753313401604
Has_OMS,1.541694767046681
NASA_m2_cm3,0.8913799527840566
NASA_m2_g,0.37055441911152015
NAV_cm3_g,0.09240805776330191
