{
  "R2": 0.9678346128741759,
  "MAE": 0.15552058078640157,
  "RMSE": 0.05032551392912193,
  "MAPE(%)": 5.099685439416117
}