temp,lowp,outp,seed,mode,qt_frac,train_ratio,out_root,model,R2,MAE,RMSE,MAPE(%)
293K,0.5,15,2029,lowq,0.4,0.5,./RUN_FULL_EXP,cat,0.9678346128741759,0.15552058078640157,0.05032551392912193,5.099685439416117
