{
  "R2": 0.9472832901588275,
  "MAE": 0.2607363637878762,
  "RMSE": 0.15591353777430447,
  "MAPE(%)": 7.136522455708789
}