{
  "R2": 0.9519421445874662,
  "MAE": 0.18526072866666837,
  "RMSE": 0.08568221158199528,
  "MAPE(%)": 6.380623787932792
}