Feature,Importance
0.5,92.23918134611627
cm3_g,1.1672614876980378
LFPD,0.8402793453330667
AV_cm3_g,0.8363742803754486
Has_OMS,0.7866018224371774
ASA_m2_g,0.7785711797686516
ASA_m2_cm3,0.7328349422713264
AV_VF,0.726588376192532
PLD,0.6919554162938979
LCD,0.6823978065564312
NASA_m2_g,0.24319459664963797
NASA_m2_cm3,0.21655050787461627
NAV_cm3_g,0.0582088924329103
