{
  "R2": 0.99652421573844,
  "MAE": 0.0057729227246162175,
  "RMSE": 6.99231069837815e-05,
  "MAPE(%)": 1.5620230083532372
}