Feature,Importance
0.5,54.629176466083095
ASA_m2_g,14.609871585707724
AV_cm3_g,6.705812988151643
ASA_m2_cm3,6.398710563602787
AV_VF,4.3291250633635885
cm3_g,4.037522622698376
PLD,2.3139219583757082
LCD,2.1305743575632254
LFPD,2.0240154180191126
Has_OMS,1.2686840549227292
NASA_m2_g,0.7482993352722037
NASA_m2_cm3,0.6623590499600293
NAV_cm3_g,0.14192653627979362
