{
  "R2": 0.9596754707171805,
  "MAE": 0.22564611595608136,
  "RMSE": 0.10858929797010479,
  "MAPE(%)": 6.030392090048772
}