{
  "R2": 0.5251671633943501,
  "MAE": 0.3287558197633091,
  "RMSE": 0.22744416343705537,
  "MAPE(%)": 31.800106807071472
}