Feature,Importance
0.01,60.05657419959554
ASA_m2_g,16.079077626986187
ASA_m2_cm3,5.691769081224948
AV_VF,4.240533531162755
cm3_g,3.081181485486706
AV_cm3_g,2.7231922426294473
LCD,2.003771467597884
PLD,2.0015920543867205
LFPD,1.5756206722696655
Has_OMS,1.3165880987246619
NASA_m2_cm3,0.6423479376275085
NASA_m2_g,0.5001207735221475
NAV_cm3_g,0.0876308287858251
