{
  "R2": 0.9635183619473403,
  "MAE": 0.12054279852869133,
  "RMSE": 0.028798414785122864,
  "MAPE(%)": 4.647293350905859
}