Feature,Importance
HENRY,64.59385687420321
ASA_m2_cm3,7.7634930382962155
ASA_m2_g,6.768360627589805
AV_VF,4.276083836782258
LCD,3.0784523452554833
AV_cm3_g,2.968292809867058
cm3_g,2.3972726855429323
PLD,2.319566497981026
Has_OMS,2.1997895000004686
LFPD,1.9400795019046861
NASA_m2_cm3,0.9146134963033481
NASA_m2_g,0.6726000295247972
NAV_cm3_g,0.10753875674869806
