{
  "R2": 0.9552420368619529,
  "MAE": 0.10000632942969916,
  "RMSE": 0.023513528963679996,
  "MAPE(%)": 5.031657688672824
}