temp,lowp,outp,seed,mode,qt_frac,train_ratio,out_root,model,R2,MAE,RMSE,MAPE(%)
293K,0.01,1,2027,struct_with_input,0.0,0.15,./RUN_FULL_EXP,cat,0.9369300022983564,0.018946500389075353,0.0045727625802240825,5.466085855773981
