{
  "R2": 0.9369300022983564,
  "MAE": 0.018946500389075353,
  "RMSE": 0.0045727625802240825,
  "MAPE(%)": 5.466085855773981
}