Feature,Importance
0.01,71.833744949294
ASA_m2_cm3,4.865358244533901
ASA_m2_g,4.565202970112263
AV_VF,4.09229796104806
AV_cm3_g,2.8523131425735815
cm3_g,2.4656436183266757
PLD,2.0462113798268344
Has_OMS,1.9088838165012527
LCD,1.8760682731762373
LFPD,1.6940171290455266
NASA_m2_g,0.8791518433256249
NASA_m2_cm3,0.8201257363863387
NAV_cm3_g,0.10098093584971746
