{
  "R2": 0.9670169463235391,
  "MAE": 0.06464831865287257,
  "RMSE": 0.010113352262096042,
  "MAPE(%)": 4.487558528857012
}