{
  "R2": 0.9860906338369202,
  "MAE": 0.01591763478834866,
  "RMSE": 0.0005839790918260424,
  "MAPE(%)": 2.991937217454232
}