Feature,Importance
0.01,49.315040451667016
ASA_m2_g,14.85396170072915
ASA_m2_cm3,7.737225120965648
AV_cm3_g,6.22275560844191
AV_VF,6.064999454100226
cm3_g,4.8000774082721325
PLD,3.3223973043097588
LCD,2.5251378890729264
LFPD,2.3765104102210057
Has_OMS,1.354170883970524
NASA_m2_cm3,0.8096129089841538
NASA_m2_g,0.5777947555372465
NAV_cm3_g,0.04031610372828628
