{
  "R2": 0.948630325555041,
  "MAE": 0.2533263640458663,
  "RMSE": 0.14583736000253816,
  "MAPE(%)": 6.69746447911061
}