Feature,Importance
HENRY,51.72053342186587
ASA_m2_g,15.705943231758258
ASA_m2_cm3,6.076945910188211
AV_cm3_g,5.374585823771944
AV_VF,5.309529098118961
cm3_g,3.866653556859177
PLD,3.066539225247399
LCD,2.917173572682374
LFPD,2.254426973321586
Has_OMS,1.7372679486163234
NASA_m2_cm3,1.2676054711962534
NASA_m2_g,0.6278772512053435
NAV_cm3_g,0.07491851516830209
