{
  "R2": 0.942402888250931,
  "MAE": 0.2501615977318858,
  "RMSE": 0.14078502898602585,
  "MAPE(%)": 6.298033575224762
}