Feature,Importance
0.01,86.49444014704527
PLD,1.9087770563144322
LCD,1.5869332700909675
cm3_g,1.5248531888327785
AV_cm3_g,1.4875521044163287
ASA_m2_g,1.376904630384347
ASA_m2_cm3,1.256766741327301
Has_OMS,1.2216942741500507
LFPD,0.9658437576107901
AV_VF,0.9249056128402207
NASA_m2_g,0.6714113053706011
NASA_m2_cm3,0.44682668792093505
NAV_cm3_g,0.13309122369595122
