{
  "R2": 0.9443595482996691,
  "MAE": 0.015944105596753664,
  "RMSE": 0.004274166901897212,
  "MAPE(%)": 3.7100618574077133
}