Feature,Importance
0.05,65.32299166418329
ASA_m2_g,7.7550455681757535
ASA_m2_cm3,6.30152471951933
AV_VF,4.510790855611613
LCD,2.7785945622572825
AV_cm3_g,2.7497624956409275
cm3_g,2.499102222817691
PLD,2.3756301143129264
LFPD,2.057199604823906
Has_OMS,2.001447142490374
NASA_m2_cm3,0.9386728231987246
NASA_m2_g,0.6474965658197301
NAV_cm3_g,0.06174166114847503
