temp,lowp,outp,seed,mode,qt_frac,train_ratio,out_root,model,R2,MAE,RMSE,MAPE(%)
273K,0.05,5,2029,lowq,0.6,0.5,./RUN_FULL_EXP,cat,0.9544501885647814,0.09907524283623928,0.0237645897232773,5.0299358968138845
