{
  "R2": 0.9544501885647814,
  "MAE": 0.09907524283623928,
  "RMSE": 0.0237645897232773,
  "MAPE(%)": 5.0299358968138845
}