temp,lowp,outp,seed,mode,qt_frac,train_ratio,out_root,model,R2,MAE,RMSE,MAPE(%)
293K,HENRY,15,2026,lowq,0.3,0.5,./RUN_FULL_EXP,cat,0.9609508613502498,0.16092836645449965,0.0643059159918423,5.449780345038426
