{
  "R2": 0.9609508613502498,
  "MAE": 0.16092836645449965,
  "RMSE": 0.0643059159918423,
  "MAPE(%)": 5.449780345038426
}