{
  "R2": 0.6526257756822149,
  "MAE": 0.5888635383074765,
  "RMSE": 0.6663559635174255,
  "MAPE(%)": 26.300503357455877
}