{
  "R2": 0.9706802123892415,
  "MAE": 0.05316375681539524,
  "RMSE": 0.007475077838812284,
  "MAPE(%)": 3.5412670068256458
}