{
  "R2": 0.979662289829185,
  "MAE": 0.010561945161918631,
  "RMSE": 0.0012350409028255265,
  "MAPE(%)": 2.6775271053156136
}