temp,lowp,outp,seed,mode,qt_frac,train_ratio,out_root,model,R2,MAE,RMSE,MAPE(%)
293K,0.05,1,2029,lowq,0.05,0.5,./RUN_FULL_EXP,cat,0.979662289829185,0.010561945161918631,0.0012350409028255265,2.6775271053156136
