Feature,Importance
0.01,84.87504080717241
AV_VF,2.216432325068144
ASA_m2_cm3,2.211735711303103
PLD,1.945770838055441
ASA_m2_g,1.838661766467417
AV_cm3_g,1.7550099300618676
cm3_g,1.3772384407748888
Has_OMS,0.9882733082424823
LFPD,0.9663871561178483
LCD,0.8636852618250325
NASA_m2_cm3,0.6659130991815179
NASA_m2_g,0.2736874431954949
NAV_cm3_g,0.02216391253438607
