{
  "R2": 0.9742783031783618,
  "MAE": 0.023300457010879544,
  "RMSE": 0.003986950697881598,
  "MAPE(%)": 3.994588542796982
}