temp,lowp,outp,seed,mode,qt_frac,train_ratio,out_root,model,R2,MAE,RMSE,MAPE(%)
313K,HENRY,5,2028,lowq,0.2,0.5,./RUN_FULL_EXP,cat,0.9825003714422675,0.033856351088097,0.003706824872103872,3.1069631060017207
