{
  "R2": 0.9825003714422675,
  "MAE": 0.033856351088097,
  "RMSE": 0.003706824872103872,
  "MAPE(%)": 3.1069631060017207
}