{
  "R2": 0.9950882403559137,
  "MAE": 0.01198439911650216,
  "RMSE": 0.0005863804126287393,
  "MAPE(%)": 2.1829707972203387
}