temp,lowp,outp,seed,mode,qt_frac,train_ratio,out_root,model,R2,MAE,RMSE,MAPE(%)
273K,0.5,1,2027,lowq,0.1,0.5,./RUN_FULL_EXP,cat,0.9950882403559137,0.01198439911650216,0.0005863804126287393,2.1829707972203387
