{
  "R2": 0.9878737823340472,
  "MAE": 0.04359854475329134,
  "RMSE": 0.004574098346490706,
  "MAPE(%)": 3.596581999825281
}