Feature,Importance
0.05,72.94069894122521
ASA_m2_cm3,4.865029651267594
ASA_m2_g,4.605329688802207
AV_VF,3.9599394051564953
AV_cm3_g,2.939897752639558
cm3_g,2.3934017193189487
LCD,2.0236171355325183
Has_OMS,1.7998898759004422
PLD,1.7865088919853571
LFPD,1.49875127161523
NASA_m2_cm3,0.7301340853401397
NASA_m2_g,0.3968033135556772
NAV_cm3_g,0.05999826766064383
