temp,lowp,outp,seed,mode,qt_frac,train_ratio,out_root,model,R2,MAE,RMSE,MAPE(%)
293K,0.05,5,2029,lowq,0.8,0.5,./RUN_FULL_EXP,cat,0.9675865110290937,0.055105131877054,0.006775894191321802,3.7362407826860276
