{
  "R2": 0.9675865110290937,
  "MAE": 0.055105131877054,
  "RMSE": 0.006775894191321802,
  "MAPE(%)": 3.7362407826860276
}