Feature,Importance
0.5,57.49218754574386
ASA_m2_g,12.801641025579007
ASA_m2_cm3,6.996746928139443
AV_cm3_g,5.393469893067067
AV_VF,5.179977461296978
cm3_g,3.1371321712638593
LCD,2.3427185774702277
PLD,2.3357382048442243
LFPD,1.771821685449546
Has_OMS,1.2256222466884132
NASA_m2_g,0.6841856688950326
NASA_m2_cm3,0.5217553628995867
NAV_cm3_g,0.11700322866270889
