{
  "R2": 0.956964990320081,
  "MAE": 0.22500178948772437,
  "RMSE": 0.10326735414040807,
  "MAPE(%)": 5.73237625283203
}