{
  "R2": 0.9340819538045543,
  "MAE": 0.027424616815101947,
  "RMSE": 0.010912179440529923,
  "MAPE(%)": 4.386758692194426
}