{
  "R2": 0.9513309154365853,
  "MAE": 0.02634540750046666,
  "RMSE": 0.007395109191859525,
  "MAPE(%)": 4.505082627177438
}