Feature,Importance
0.01,71.88324493701754
ASA_m2_cm3,4.591757756789875
ASA_m2_g,4.199273241472594
AV_cm3_g,3.736591976553452
AV_VF,3.5401943747197806
cm3_g,2.6403317068750543
PLD,1.881683233583449
Has_OMS,1.812771466268089
LCD,1.773226967423514
LFPD,1.539190841588731
NASA_m2_cm3,1.2877832697799654
NASA_m2_g,0.9549131476194056
NAV_cm3_g,0.15903708030856226
