{
  "R2": 0.9557285505616288,
  "MAE": 0.08529874601516678,
  "RMSE": 0.02067242564995285,
  "MAPE(%)": 6.555579534328089
}