{
  "R2": 0.994456515036991,
  "MAE": 0.024224727946242572,
  "RMSE": 0.0012635185868618076,
  "MAPE(%)": 1.8863244736929285
}