{
  "R2": 0.9828323653716637,
  "MAE": 0.029418897434836132,
  "RMSE": 0.0018111366219779994,
  "MAPE(%)": 2.578904180788075
}