temp,lowp,outp,seed,mode,qt_frac,train_ratio,out_root,model,R2,MAE,RMSE,MAPE(%)
273K,0.01,1,2029,struct_with_input,0.07,0.15,./RUN_FULL_EXP,cat,0.9621096419073236,0.027161413180590992,0.005178599214095671,5.130500739226033
