{
  "R2": 0.9713735155062957,
  "MAE": 0.025823325538959736,
  "RMSE": 0.0037641711555211526,
  "MAPE(%)": 4.661281547199621
}