{
  "R2": 0.9621096419073236,
  "MAE": 0.027161413180590992,
  "RMSE": 0.005178599214095671,
  "MAPE(%)": 5.130500739226033
}