{
  "R2": 0.9861854153241681,
  "MAE": 0.017495527394248128,
  "RMSE": 0.0007786658118118481,
  "MAPE(%)": 3.2537632479309213
}