Feature,Importance
0.05,52.88953974211951
ASA_m2_g,13.462737612999424
ASA_m2_cm3,7.9603557591422485
AV_cm3_g,5.780148974825051
AV_VF,4.538922603747469
cm3_g,4.5136441823232785
PLD,2.8425958655328154
LCD,2.703197262997495
LFPD,2.123587155098323
Has_OMS,1.615287211257575
NASA_m2_cm3,0.981421153749032
NASA_m2_g,0.5342730859656691
NAV_cm3_g,0.05428939024208579
