{
  "R2": 0.9527386208272224,
  "MAE": 0.23785033148084134,
  "RMSE": 0.11719382828213513,
  "MAPE(%)": 6.087414519788893
}