Feature,Importance
HENRY,60.24753311194421
ASA_m2_g,9.262239060374958
AV_VF,6.458114674761817
ASA_m2_cm3,5.912191373983448
AV_cm3_g,5.4573644601354765
PLD,2.749346432035868
cm3_g,2.7064421370214844
LFPD,1.904686057147779
LCD,1.881663059984299
Has_OMS,1.7807307636198502
NASA_m2_cm3,0.7931118915665337
NASA_m2_g,0.6989519743549891
NAV_cm3_g,0.14762500306930817
