{
  "R2": 0.9573575055994934,
  "MAE": 0.16506224400009195,
  "RMSE": 0.06755910492901572,
  "MAPE(%)": 5.442094363687443
}