temp,lowp,outp,seed,mode,qt_frac,train_ratio,out_root,model,R2,MAE,RMSE,MAPE(%)
293K,HENRY,15,2028,lowq,0.45,0.5,./RUN_FULL_EXP,cat,0.9573575055994934,0.16506224400009195,0.06755910492901572,5.442094363687443
