{
  "R2": 0.9711981591844364,
  "MAE": 0.006336277442210776,
  "RMSE": 0.0011679587875205503,
  "MAPE(%)": 1.9061173644668965
}