Feature,Importance
cm3_g,15.648941568713056
AV_VF,12.235310195924786
PLD,11.882244446312304
ASA_m2_cm3,11.257191207048166
LCD,10.60354368191197
ASA_m2_g,10.019809594765013
Has_OMS,9.255893894418373
LFPD,8.059289415293836
AV_cm3_g,6.331872485642397
NASA_m2_g,2.3957549626823997
NASA_m2_cm3,2.1210750585709204
NAV_cm3_g,0.18907348871678142
