{
  "R2": 0.4872472386435609,
  "MAE": 0.34921962053737643,
  "RMSE": 0.25658822739893866,
  "MAPE(%)": 33.84938108566945
}