{
  "R2": 0.9755035063004386,
  "MAE": 0.06323965669897019,
  "RMSE": 0.012066550789631685,
  "MAPE(%)": 4.6732114494896875
}