{
  "R2": 0.9933513618222444,
  "MAE": 0.0077264799993361395,
  "RMSE": 0.00017412694918318225,
  "MAPE(%)": 2.0709588388710403
}