Feature,Importance
0.01,62.19656382411706
ASA_m2_g,12.181180368512722
AV_VF,4.930633285868602
ASA_m2_cm3,4.583686296352293
AV_cm3_g,4.316814057892203
cm3_g,3.3488909767676383
LFPD,1.9858705693128027
PLD,1.8031676857225576
LCD,1.770546165832191
Has_OMS,1.568741548694859
NASA_m2_cm3,0.7187826841190594
NASA_m2_g,0.4179854837354159
NAV_cm3_g,0.17713705307258545
