{
  "R2": 0.9573096546612444,
  "MAE": 0.12498174088836808,
  "RMSE": 0.039788856243254546,
  "MAPE(%)": 5.038346247160376
}