Feature,Importance
0.05,76.85368650833031
ASA_m2_g,5.019856643793936
AV_cm3_g,3.1456569822688967
ASA_m2_cm3,3.051791544614303
AV_VF,2.726965084665197
cm3_g,2.0872745580541214
LCD,1.6562444856111158
Has_OMS,1.4469974255023539
PLD,1.359573929444355
LFPD,1.0907354660737596
NASA_m2_g,0.8718720945864407
NASA_m2_cm3,0.6303538618476627
NAV_cm3_g,0.05899141520752465
