{
  "R2": 0.9834532913591364,
  "MAE": 0.0340883703640872,
  "RMSE": 0.0027454658384619495,
  "MAPE(%)": 3.1448011950267474
}