{
  "R2": 0.9576529824069048,
  "MAE": 0.23606861547955166,
  "RMSE": 0.12801883367214006,
  "MAPE(%)": 6.934459703040141
}