Feature,Importance
0.01,74.78175074015759
ASA_m2_g,5.601388247810124
ASA_m2_cm3,3.5522102038993575
AV_VF,3.2577588209116457
AV_cm3_g,2.3911715189776257
cm3_g,2.3563863994108343
LCD,1.9379533592390827
Has_OMS,1.870659286191231
LFPD,1.7188564913246114
PLD,1.4095587020031781
NASA_m2_cm3,0.5969202459042894
NASA_m2_g,0.4509019726691377
NAV_cm3_g,0.07448401150130227
