{
  "R2": 0.9796799818773663,
  "MAE": 0.04040885233990291,
  "RMSE": 0.0035619241316305855,
  "MAPE(%)": 3.76294280767375
}