temp,lowp,outp,seed,mode,qt_frac,train_ratio,out_root,model,R2,MAE,RMSE,MAPE(%)
313K,0.01,5,2025,lowq,0.4,0.5,./RUN_FULL_EXP,cat,0.9796799818773663,0.04040885233990291,0.0035619241316305855,3.76294280767375
