Feature,Importance
0.01,85.91661204647711
cm3_g,2.1310684125837187
AV_cm3_g,1.9392924495922754
LCD,1.7237185467715257
Has_OMS,1.7186712220235822
AV_VF,1.3178935674366072
ASA_m2_cm3,1.3167030716615913
PLD,1.1689056965951492
ASA_m2_g,1.0965799861977223
LFPD,0.9697456302127255
NASA_m2_cm3,0.4368013534081454
NASA_m2_g,0.21694127332226998
NAV_cm3_g,0.047066743717565675
