{
  "R2": 0.9923929112423986,
  "MAE": 0.009479749149251053,
  "RMSE": 0.0001923540210760455,
  "MAPE(%)": 2.6748712876248595
}