temp,lowp,outp,seed,mode,qt_frac,train_ratio,out_root,model,R2,MAE,RMSE,MAPE(%)
293K,0.01,1,2028,struct_with_input,0.4,0.8,./RUN_FULL_EXP,cat,0.9923929112423986,0.009479749149251053,0.0001923540210760455,2.6748712876248595
