{
  "R2": 0.9957080228457457,
  "MAE": 0.004259321888460434,
  "RMSE": 5.6939867138864665e-05,
  "MAPE(%)": 1.6740211591894452
}