Feature,Importance
0.1,86.38964005232637
Has_OMS,2.1498508907845384
ASA_m2_g,1.9638454628525488
AV_cm3_g,1.6624122973650277
cm3_g,1.6099760714674187
LCD,1.2326214508051516
AV_VF,1.190160418714255
LFPD,1.0029781147796117
PLD,0.8181899225161597
ASA_m2_cm3,0.8082972954481704
NASA_m2_cm3,0.8044738799392084
NASA_m2_g,0.3039661519119994
NAV_cm3_g,0.06358799108953947
