{
  "R2": 0.9915876000161101,
  "MAE": 0.008248967196798351,
  "RMSE": 0.00028313109809046495,
  "MAPE(%)": 2.1993672743485537
}