{
  "R2": 0.9862253516285678,
  "MAE": 0.016863315529783107,
  "RMSE": 0.0007316717196767259,
  "MAPE(%)": 3.1548243196332435
}