Feature,Importance
0.1,77.12710117557474
ASA_m2_g,4.377454173772593
AV_cm3_g,2.9360347994526514
AV_VF,2.8922333205521014
ASA_m2_cm3,2.857742981552293
cm3_g,2.530953575547427
Has_OMS,1.6903842013446935
LCD,1.6368936007606252
LFPD,1.351534193771272
PLD,1.0377641975362457
NASA_m2_cm3,0.9441910801629682
NASA_m2_g,0.5474198865319334
NAV_cm3_g,0.07029281344041444
