temp,lowp,outp,seed,mode,qt_frac,train_ratio,out_root,model,R2,MAE,RMSE,MAPE(%)
313K,0.1,5,2029,lowq,0.2,0.5,./RUN_FULL_EXP,cat,0.9830786629072172,0.0350954879277692,0.003548579395403048,3.2546706430561
