{
  "R2": 0.9830786629072172,
  "MAE": 0.0350954879277692,
  "RMSE": 0.003548579395403048,
  "MAPE(%)": 3.2546706430561
}