Feature,Importance
0.1,88.58304021365075
AV_cm3_g,1.6891303626350544
cm3_g,1.4824238737705422
Has_OMS,1.368417835859922
AV_VF,1.1546262962532148
LCD,1.0694545985773662
ASA_m2_cm3,0.9334253415832158
LFPD,0.9073263515511227
ASA_m2_g,0.8828275585970364
PLD,0.8681295582629305
NASA_m2_cm3,0.5039621482265614
NASA_m2_g,0.4571749906131964
NAV_cm3_g,0.10006087041912283
