{
  "R2": 0.9947207805311841,
  "MAE": 0.004252867498396101,
  "RMSE": 3.698303390844987e-05,
  "MAPE(%)": 1.6113941979861681
}