temp,lowp,outp,seed,mode,qt_frac,train_ratio,out_root,model,R2,MAE,RMSE,MAPE(%)
313K,0.1,1,2029,lowq,0.75,0.5,./RUN_FULL_EXP,cat,0.9947207805311841,0.004252867498396101,3.698303390844987e-05,1.6113941979861681
