{
  "R2": 0.9840584983200908,
  "MAE": 0.015606706006991895,
  "RMSE": 0.000541169649080494,
  "MAPE(%)": 2.903813374972782
}