temp,lowp,outp,seed,mode,qt_frac,train_ratio,out_root,model,R2,MAE,RMSE,MAPE(%)
273K,0.1,5,2029,lowq,0.15,0.5,./RUN_FULL_EXP,cat,0.9639205546802359,0.10091995382962782,0.02774017332405058,5.106867861827183
