{
  "R2": 0.9639205546802359,
  "MAE": 0.10091995382962782,
  "RMSE": 0.02774017332405058,
  "MAPE(%)": 5.106867861827183
}