Feature,Importance
0.01,84.71293349024701
cm3_g,1.9551487656461328
AV_cm3_g,1.9297254301496067
LCD,1.7701376132187976
ASA_m2_cm3,1.6649681088716037
AV_VF,1.5253293226704692
ASA_m2_g,1.3676105769919007
PLD,1.3505873100228452
Has_OMS,1.3069106509219368
LFPD,0.9824647025766392
NASA_m2_cm3,0.731949779835368
NASA_m2_g,0.5992154421921021
NAV_cm3_g,0.10301880665556809
