{
  "R2": 0.9909951866189393,
  "MAE": 0.010280737401764143,
  "RMSE": 0.00025423321391589864,
  "MAPE(%)": 2.9224177396477806
}