Feature,Importance
0.1,51.784603772877965
ASA_m2_g,15.155646584780797
ASA_m2_cm3,7.276936242619387
AV_cm3_g,5.782423148049063
cm3_g,4.79437089609153
AV_VF,4.3585346104796026
PLD,2.7210212514098777
LCD,2.65656672912648
LFPD,2.1269264051673287
Has_OMS,1.3865001513491297
NASA_m2_cm3,1.0295220523641047
NASA_m2_g,0.8064700718915547
NAV_cm3_g,0.12047808379316477
