{
  "R2": 0.9516726309694545,
  "MAE": 0.23673845107055694,
  "RMSE": 0.12326982916217559,
  "MAPE(%)": 6.129177140675123
}