{
  "R2": 0.972309872331447,
  "MAE": 0.01174721507531408,
  "RMSE": 0.0018679010289691324,
  "MAPE(%)": 2.998772624404783
}