Feature,Importance
0.05,70.33784934861414
ASA_m2_g,6.138458991179767
ASA_m2_cm3,4.66161593094273
AV_VF,4.520509135752878
AV_cm3_g,3.3272070112723493
cm3_g,2.496023826336766
LFPD,2.0337342451047014
LCD,1.8838583185603184
PLD,1.7644130480810858
Has_OMS,1.3026119179971332
NASA_m2_cm3,0.7668155102699558
NASA_m2_g,0.6173599681136517
NAV_cm3_g,0.14954274777450371
