{
  "R2": 0.9718006327464292,
  "MAE": 0.10975514197029415,
  "RMSE": 0.02771676398221114,
  "MAPE(%)": 4.546151295623348
}