temp,lowp,outp,seed,mode,qt_frac,train_ratio,out_root,model,R2,MAE,RMSE,MAPE(%)
313K,HENRY,15,2029,lowq,0.35,0.5,./RUN_FULL_EXP,cat,0.9718006327464292,0.10975514197029415,0.02771676398221114,4.546151295623348
