temp,lowp,outp,seed,mode,qt_frac,train_ratio,out_root,model,R2,MAE,RMSE,MAPE(%)
273K,0.05,15,2025,lowq,0.2,0.5,./RUN_FULL_EXP,cat,0.9563893677933266,0.23513061552760722,0.12713689738501435,6.292887492449943
