{
  "R2": 0.9563893677933266,
  "MAE": 0.23513061552760722,
  "RMSE": 0.12713689738501435,
  "MAPE(%)": 6.292887492449943
}