Feature,Importance
0.1,77.40664913138225
ASA_m2_g,4.390915002869243
ASA_m2_cm3,3.583565436619262
AV_VF,3.1723139261949442
AV_cm3_g,2.6638998383662886
cm3_g,1.6963017644957186
LFPD,1.6258793447228745
Has_OMS,1.5987243185025928
LCD,1.5180176357738895
PLD,1.4390262580803646
NASA_m2_cm3,0.5370481952138745
NASA_m2_g,0.32159270919726
NAV_cm3_g,0.046066438581437524
