temp,lowp,outp,seed,mode,qt_frac,train_ratio,out_root,model,R2,MAE,RMSE,MAPE(%)
313K,0.1,5,2025,lowq,0.1,0.5,./RUN_FULL_EXP,cat,0.9789240192530202,0.036410980336699886,0.0051068119557207085,3.3400727329060347
