{
  "R2": 0.9789240192530202,
  "MAE": 0.036410980336699886,
  "RMSE": 0.0051068119557207085,
  "MAPE(%)": 3.3400727329060347
}