Feature,Importance
0.01,62.93612540657878
ASA_m2_cm3,7.553175721918003
ASA_m2_g,6.784923141540578
AV_VF,4.440122770199929
AV_cm3_g,3.8719136361157225
LFPD,2.7437764796969955
cm3_g,2.6478924072201924
PLD,2.5945305331032005
Has_OMS,2.541689345789636
LCD,2.193742351876907
NASA_m2_cm3,0.7898067998997015
NASA_m2_g,0.769550200515074
NAV_cm3_g,0.13275120554525122
