{
  "R2": 0.9596250741717673,
  "MAE": 0.10985170166911262,
  "RMSE": 0.03147454660969965,
  "MAPE(%)": 5.669450560065131
}