{
  "R2": 0.9847189997378065,
  "MAE": 0.01827954545524677,
  "RMSE": 0.00101499329314102,
  "MAPE(%)": 3.341570530724295
}