{
  "R2": 0.9687283930731677,
  "MAE": 0.06325346959426428,
  "RMSE": 0.009790255882203192,
  "MAPE(%)": 4.372069556549367
}