Feature,Importance
0.1,77.70222351211932
ASA_m2_g,4.13008483631271
ASA_m2_cm3,3.6496907414921096
AV_VF,3.4057735591939577
AV_cm3_g,2.4581374019317654
cm3_g,2.2156953254127147
LFPD,1.3703156436246695
LCD,1.2579977037336803
PLD,1.2151559237622522
Has_OMS,1.1852016420732496
NASA_m2_g,0.7349723888325566
NASA_m2_cm3,0.586285688505571
NAV_cm3_g,0.08846563300545486
