{
  "R2": 0.9822178693019443,
  "MAE": 0.03608283831581866,
  "RMSE": 0.004664188340269729,
  "MAPE(%)": 3.455063582833795
}