Feature,Importance
HENRY,66.14628551253276
AV_VF,6.019690035464971
ASA_m2_cm3,5.951721187367849
ASA_m2_g,5.791660295730774
AV_cm3_g,2.9378783755869993
PLD,2.9151988338940216
LCD,2.343510043612196
LFPD,2.278045056708225
cm3_g,2.2298386170477436
Has_OMS,1.9243992460753694
NASA_m2_cm3,0.8149967778218024
NASA_m2_g,0.582615668327675
NAV_cm3_g,0.06416034982962852
