{
  "R2": 0.9487749329665501,
  "MAE": 0.09840268674488031,
  "RMSE": 0.023698190301045724,
  "MAPE(%)": 4.900715748788246
}