Feature,Importance
PLD,14.81259996759209
Has_OMS,13.704060328979315
cm3_g,13.203573967662773
AV_VF,11.44286685269622
ASA_m2_cm3,10.039595372303259
LFPD,9.441951747942197
LCD,8.881951015522823
AV_cm3_g,7.167451870592973
ASA_m2_g,5.956968764973709
NASA_m2_g,2.9329427347992927
NASA_m2_cm3,1.8236373318730503
NAV_cm3_g,0.5924000450622781
