{
  "R2": 0.3949318607089868,
  "MAE": 0.18545456235512098,
  "RMSE": 0.10245606842405053,
  "MAPE(%)": 48.575893989142806
}