Feature,Importance
0.01,72.27704201209957
ASA_m2_cm3,6.250987676624652
ASA_m2_g,4.571552395551184
AV_VF,3.0139941614165364
AV_cm3_g,2.920466138724835
LCD,2.247901169814787
cm3_g,2.120177540973144
PLD,1.9894647609994403
Has_OMS,1.8352489884402166
LFPD,1.3517918349515274
NASA_m2_cm3,0.6667509266656522
NASA_m2_g,0.6380546187458179
NAV_cm3_g,0.11656777499262723
