{
  "R2": 0.9680033051234,
  "MAE": 0.06427430426174198,
  "RMSE": 0.010019088768456624,
  "MAPE(%)": 4.4595984010429
}