{
  "R2": 0.9617177819863965,
  "MAE": 0.025123614883936628,
  "RMSE": 0.005796984513144464,
  "MAPE(%)": 4.387243563348772
}