{
  "R2": 0.9738601130703883,
  "MAE": 0.10961411179684198,
  "RMSE": 0.02786673714731549,
  "MAPE(%)": 4.597918271013748
}