temp,lowp,outp,seed,mode,qt_frac,train_ratio,out_root,model,R2,MAE,RMSE,MAPE(%)
313K,0.1,15,2028,lowq,0.25,0.5,./RUN_FULL_EXP,cat,0.9738601130703883,0.10961411179684198,0.02786673714731549,4.597918271013748
