Feature,Importance
0.1,85.25899695340766
ASA_m2_cm3,2.121782941559366
AV_VF,1.9751842602286058
cm3_g,1.6756334367838297
AV_cm3_g,1.6515250344397965
PLD,1.371947669328704
LCD,1.3469596454226664
Has_OMS,1.2513963600748912
ASA_m2_g,1.066551008252706
LFPD,1.0611527038388977
NASA_m2_g,0.631673766132029
NASA_m2_cm3,0.46126600138401336
NAV_cm3_g,0.1259302191467985
