{
  "R2": 0.9898859221581947,
  "MAE": 0.01460920618464637,
  "RMSE": 0.000728702093753399,
  "MAPE(%)": 2.6876972484849397
}