Feature,Importance
0.01,69.83743325577706
ASA_m2_g,6.925877986586558
ASA_m2_cm3,5.065561345420328
AV_VF,4.526619472344877
cm3_g,2.4656944229097713
AV_cm3_g,2.445187863900799
LCD,1.9575570326583007
PLD,1.889548195660727
LFPD,1.815304188618398
Has_OMS,1.733306138625681
NASA_m2_cm3,0.6744372609757167
NASA_m2_g,0.5901832730834554
NAV_cm3_g,0.0732895634383347
