{
  "R2": 0.9709689689126112,
  "MAE": 0.06245056904213949,
  "RMSE": 0.009523585167702318,
  "MAPE(%)": 4.348257942441639
}