{
  "R2": 0.9535997189758698,
  "MAE": 0.02386577601488031,
  "RMSE": 0.00642212305012666,
  "MAPE(%)": 3.876896432586981
}