Feature,Importance
0.01,83.1364529016525
ASA_m2_cm3,2.397110640000159
AV_VF,2.1394256511581493
ASA_m2_g,1.9439580520118704
PLD,1.6337290622857648
cm3_g,1.5915811688337311
LFPD,1.5298070126285912
AV_cm3_g,1.4846791132107386
LCD,1.2965831383435384
Has_OMS,1.2566038691097448
NASA_m2_cm3,0.847049092290105
NASA_m2_g,0.70647115768536
NAV_cm3_g,0.03654914078974196
