{
  "R2": 0.9839641275203662,
  "MAE": 0.015764177278672863,
  "RMSE": 0.0006418330043999193,
  "MAPE(%)": 2.900552718919601
}