Feature,Importance
0.01,86.6915726871462
cm3_g,3.4538507592595153
ASA_m2_g,1.821940537713706
Has_OMS,1.2735943124233302
PLD,1.193518688664862
AV_VF,1.1117268826091553
ASA_m2_cm3,1.0955388654701699
AV_cm3_g,0.9417080938829452
LCD,0.7440388244088966
LFPD,0.6248363467365395
NASA_m2_cm3,0.5171646030456818
NASA_m2_g,0.4490705472317269
NAV_cm3_g,0.08143885140725185
