{
  "R2": 0.950264630254019,
  "MAE": 0.016390037715176848,
  "RMSE": 0.0037096530926765824,
  "MAPE(%)": 4.013498080327639
}