{
  "R2": 0.9685157766919685,
  "MAE": 0.02390955096757992,
  "RMSE": 0.0036249231910482887,
  "MAPE(%)": 4.273489220213368
}