{
  "R2": 0.9606701323040507,
  "MAE": 0.16267366385376916,
  "RMSE": 0.05150797141153869,
  "MAPE(%)": 5.164707830131796
}