Feature,Importance
0.01,79.51204003826189
cm3_g,4.34514993939639
AV_cm3_g,2.624828711441519
ASA_m2_cm3,2.146836481013235
Has_OMS,2.070174316812792
PLD,1.83137279857634
AV_VF,1.561706227315869
ASA_m2_g,1.429450461755673
LFPD,1.2612928192011432
NASA_m2_g,1.114946286912363
NASA_m2_cm3,1.1059344391196848
LCD,0.9402256151035809
NAV_cm3_g,0.05604186508949576
