{
  "R2": 0.9225178846856584,
  "MAE": 0.03355594188105103,
  "RMSE": 0.01185343347549908,
  "MAPE(%)": 6.378753690441555
}