{
  "R2": 0.8805145061527411,
  "MAE": 0.038467229510923504,
  "RMSE": 0.01980295403162239,
  "MAPE(%)": 7.26522318610278
}