Feature,Importance
0.05,57.46727120065063
ASA_m2_g,9.666759300457779
ASA_m2_cm3,7.007202341237236
AV_cm3_g,6.580956591113927
AV_VF,6.450256403968512
cm3_g,2.9703148348011927
PLD,2.5037782389222865
LCD,2.1524509841135617
LFPD,2.00327648433244
Has_OMS,1.490846947355551
NASA_m2_cm3,0.8969280823015215
NASA_m2_g,0.7406287596308588
NAV_cm3_g,0.06932983111452286
