{
  "R2": 0.9652993657598753,
  "MAE": 0.16344181996764895,
  "RMSE": 0.05788945208192005,
  "MAPE(%)": 5.486907164119051
}