Feature,Importance
cm3_g,14.381507454916354
PLD,14.169677591029435
Has_OMS,13.921790648974318
AV_VF,11.62946196087554
ASA_m2_cm3,11.071144759209837
LCD,10.64365238282612
LFPD,6.87650643117188
AV_cm3_g,6.759756302259655
ASA_m2_g,5.4933813295230065
NASA_m2_cm3,2.6908374754783053
NASA_m2_g,1.995149501231963
NAV_cm3_g,0.36713416250359127
