{
  "R2": 0.3986418817099583,
  "MAE": 0.18467706819508176,
  "RMSE": 0.10166919573627596,
  "MAPE(%)": 55.75872526813339
}