{
  "R2": 0.4237777388553283,
  "MAE": 0.1784935356797462,
  "RMSE": 0.08291317119187352,
  "MAPE(%)": 51.114176028519054
}