{
  "R2": 0.9827475178101099,
  "MAE": 0.03563747583447599,
  "RMSE": 0.003982681913482379,
  "MAPE(%)": 3.331052062158308
}