temp,lowp,outp,seed,mode,qt_frac,train_ratio,out_root,model,R2,MAE,RMSE,MAPE(%)
313K,0.05,5,2027,lowq,0.15,0.5,./RUN_FULL_EXP,cat,0.9827475178101099,0.03563747583447599,0.003982681913482379,3.331052062158308
