{
  "R2": 0.9767736617035293,
  "MAE": 0.057663293442626,
  "RMSE": 0.008488318535765585,
  "MAPE(%)": 3.9400088433522393
}