Feature,Importance
0.05,48.48758718671257
ASA_m2_g,15.652507834760428
AV_cm3_g,7.7061758123549495
ASA_m2_cm3,7.38308564749914
cm3_g,4.829735082425244
AV_VF,4.723295029918344
PLD,2.864976009604425
LCD,2.512859658992959
LFPD,2.284595025032674
Has_OMS,1.7035599554667527
NASA_m2_cm3,0.8990583197303171
NASA_m2_g,0.8219654909204579
NAV_cm3_g,0.130598946581726
