temp,lowp,outp,seed,mode,qt_frac,train_ratio,out_root,model,R2,MAE,RMSE,MAPE(%)
273K,0.05,15,2027,lowq,0.1,0.5,./RUN_FULL_EXP,cat,0.9576260216888144,0.23199812779769022,0.12407522616365226,6.251716762080065
