{
  "R2": 0.9576260216888144,
  "MAE": 0.23199812779769022,
  "RMSE": 0.12407522616365226,
  "MAPE(%)": 6.251716762080065
}