{
  "R2": 0.9745111869341585,
  "MAE": 0.10746480420108823,
  "RMSE": 0.024458296355658538,
  "MAPE(%)": 4.479633836048894
}