Feature,Importance
0.05,51.59397981197333
ASA_m2_g,17.427246865328847
ASA_m2_cm3,5.990132931736959
AV_VF,5.831963517856445
AV_cm3_g,4.480556413358297
cm3_g,3.939406257027538
PLD,2.7930359294220075
LCD,2.50028197693879
LFPD,2.0123803882597118
Has_OMS,1.6587177926403582
NASA_m2_cm3,1.0306393518539707
NASA_m2_g,0.633415533985388
NAV_cm3_g,0.10824322961836133
