{
  "R2": 0.9465881170809316,
  "MAE": 0.24533596747341074,
  "RMSE": 0.13915534893576276,
  "MAPE(%)": 6.3948591682640945
}