Feature,Importance
0.01,88.27009050151956
cm3_g,1.927464614081095
ASA_m2_cm3,1.4585395681507978
PLD,1.4427308371696104
AV_VF,1.2722707223107415
AV_cm3_g,1.2170799326137343
LCD,1.1271829860525115
LFPD,1.0803291218446576
Has_OMS,0.9327107007683698
ASA_m2_g,0.5817574658051835
NASA_m2_g,0.3374575873616364
NASA_m2_cm3,0.254917839431747
NAV_cm3_g,0.09746812289033135
