{
  "R2": 0.97916768573545,
  "MAE": 0.008393630167483625,
  "RMSE": 0.0005977303027671802,
  "MAPE(%)": 3.2889438556163606
}