{
  "R2": 0.9837756531324818,
  "MAE": 0.029623736305525943,
  "RMSE": 0.0019466503173615408,
  "MAPE(%)": 2.632748447586639
}