temp,lowp,outp,seed,mode,qt_frac,train_ratio,out_root,model,R2,MAE,RMSE,MAPE(%)
313K,0.5,5,2027,lowq,0.7,0.5,./RUN_FULL_EXP,cat,0.9837756531324818,0.029623736305525943,0.0019466503173615408,2.632748447586639
