Feature,Importance
HENRY,81.39891138312481
ASA_m2_g,2.517011773475202
AV_VF,2.4837906737780604
ASA_m2_cm3,2.1243529840719337
cm3_g,1.9441781342130249
LFPD,1.8695465655691714
PLD,1.7073627071574078
Has_OMS,1.603240164664295
LCD,1.3952783851311688
AV_cm3_g,1.3896652235992595
NASA_m2_cm3,0.8388990266579611
NASA_m2_g,0.6770016463714622
NAV_cm3_g,0.05076133218624989
