temp,lowp,outp,seed,mode,qt_frac,train_ratio,out_root,model,R2,MAE,RMSE,MAPE(%)
273K,HENRY,1,2027,lowq,0.65,0.5,./RUN_FULL_EXP,cat,0.9881422499128323,0.013984949696395134,0.0005120852226825032,2.533462908576828
