{
  "R2": 0.9881422499128323,
  "MAE": 0.013984949696395134,
  "RMSE": 0.0005120852226825032,
  "MAPE(%)": 2.533462908576828
}