Feature,Importance
0.01,71.19929070200685
ASA_m2_cm3,5.866009391676617
ASA_m2_g,5.474973349462171
AV_VF,3.970870268008084
AV_cm3_g,2.6879475216658624
cm3_g,2.5770656680238293
LCD,2.220573717140763
PLD,1.7486898607176806
LFPD,1.6617196701414045
Has_OMS,1.0589127016669564
NASA_m2_g,0.9105202194757205
NASA_m2_cm3,0.5600066428956171
NAV_cm3_g,0.06342028711845023
