{
  "R2": 0.9678377156370985,
  "MAE": 0.06775807115850539,
  "RMSE": 0.014984040726230856,
  "MAPE(%)": 4.802448926236868
}