Feature,Importance
HENRY,70.57318295174623
ASA_m2_g,6.533644121411553
ASA_m2_cm3,4.981452525834452
AV_VF,3.2390064291800496
AV_cm3_g,2.918488895973059
LCD,2.6457108281216994
PLD,1.9542468598705174
cm3_g,1.9036672666449792
Has_OMS,1.884418528523585
LFPD,1.5013426662862637
NASA_m2_g,0.9765360166930224
NASA_m2_cm3,0.7635242048718521
NAV_cm3_g,0.12477870484271132
