temp,lowp,outp,seed,mode,qt_frac,train_ratio,out_root,model,R2,MAE,RMSE,MAPE(%)
293K,HENRY,5,2026,lowq,0.35,0.5,./RUN_FULL_EXP,cat,0.9727753720710993,0.05787680992394435,0.008973293066275114,3.9841075680710984
