{
  "R2": 0.9727753720710993,
  "MAE": 0.05787680992394435,
  "RMSE": 0.008973293066275114,
  "MAPE(%)": 3.9841075680710984
}