temp,lowp,outp,seed,mode,qt_frac,train_ratio,out_root,model,R2,MAE,RMSE,MAPE(%)
293K,0.01,15,2026,lowq,0.45,0.5,./RUN_FULL_EXP,cat,0.9599492539719505,0.17205588252779816,0.06127168209697254,5.584678871776644
