{
  "R2": 0.9599492539719505,
  "MAE": 0.17205588252779816,
  "RMSE": 0.06127168209697254,
  "MAPE(%)": 5.584678871776644
}