{
  "R2": 0.9697211926026379,
  "MAE": 0.10520812721298214,
  "RMSE": 0.022698801085305004,
  "MAPE(%)": 4.141312001306996
}