Feature,Importance
0.1,89.6875045795493
cm3_g,1.4498659331563986
LFPD,1.3671687331701663
AV_cm3_g,1.3558536134271748
AV_VF,1.070524165348441
PLD,1.064962994940373
ASA_m2_cm3,0.9498795024026393
ASA_m2_g,0.8676409427526471
LCD,0.8109430010761751
Has_OMS,0.8074495446754523
NASA_m2_cm3,0.28389347581825974
NASA_m2_g,0.2536707965050682
NAV_cm3_g,0.030642717177890782
