{
  "R2": 0.994037090317119,
  "MAE": 0.004256722109758958,
  "RMSE": 3.912446033275086e-05,
  "MAPE(%)": 1.602599849401087
}