{
  "R2": 0.9484487322868972,
  "MAE": 0.24007277337325308,
  "RMSE": 0.12419046648607757,
  "MAPE(%)": 5.9771465815511915
}