{
  "R2": 0.9855421961523931,
  "MAE": 0.01553909316663507,
  "RMSE": 0.000743169174597425,
  "MAPE(%)": 2.835294713059432
}