{
  "R2": 0.9660021104007589,
  "MAE": 0.16356293779864603,
  "RMSE": 0.05394667124444532,
  "MAPE(%)": 5.264731094815069
}