{
  "R2": 0.9579741648791162,
  "MAE": 0.23475833876535332,
  "RMSE": 0.11580480097501233,
  "MAPE(%)": 6.200186117027399
}