Feature,Importance
HENRY,82.76716014699242
AV_cm3_g,2.7652235924229798
cm3_g,2.0569040583736955
ASA_m2_g,2.025862188340672
AV_VF,2.016774075069385
Has_OMS,1.693680085276138
ASA_m2_cm3,1.636776441098667
PLD,1.3392112978151716
LFPD,1.3295615942025896
LCD,1.2358703130095443
NASA_m2_cm3,0.6553487811086092
NASA_m2_g,0.42255069366134185
NAV_cm3_g,0.055076732628742874
