{
  "R2": 0.9797342697274692,
  "MAE": 0.01732418381685543,
  "RMSE": 0.0018890927722492966,
  "MAPE(%)": 3.063540314154657
}