{
  "R2": 0.40142935370274413,
  "MAE": 0.08474311458063387,
  "RMSE": 0.024180416873829037,
  "MAPE(%)": 44.99895963217408
}