Feature,Importance
HENRY,64.92716237821121
ASA_m2_cm3,7.470871314290492
AV_VF,6.485319572439387
ASA_m2_g,4.742030344574021
AV_cm3_g,3.283969218340578
PLD,2.638395609651271
cm3_g,2.385494861963887
LCD,2.322213985060601
Has_OMS,2.2111659380765833
LFPD,1.9647841646797826
NASA_m2_cm3,0.8218354537010636
NASA_m2_g,0.6782037590937687
NAV_cm3_g,0.06855339991737025
