{
  "R2": 0.9607793591929933,
  "MAE": 0.10281010227231248,
  "RMSE": 0.028976147760903147,
  "MAPE(%)": 5.240229270670269
}