Feature,Importance
0.1,66.61249553676042
ASA_m2_cm3,6.612366675303025
AV_VF,6.113564154516655
ASA_m2_g,4.44102053679533
AV_cm3_g,3.582682422134261
PLD,2.5019337306670617
LCD,2.2972170119554853
cm3_g,2.124211979598283
Has_OMS,2.051222798868745
LFPD,1.9977556864968982
NASA_m2_cm3,0.961778766603609
NASA_m2_g,0.6198767129173611
NAV_cm3_g,0.08387398738287119
