{
  "R2": 0.9638527112188543,
  "MAE": 0.09868802527918025,
  "RMSE": 0.022561085742574708,
  "MAPE(%)": 5.020427871530812
}