{
  "R2": 0.9816777503624924,
  "MAE": 0.046380946972952065,
  "RMSE": 0.00854281459453508,
  "MAPE(%)": 3.087231880105494
}