{
  "R2": 0.9670847280135105,
  "MAE": 0.0652704839964509,
  "RMSE": 0.011067349844066621,
  "MAPE(%)": 4.435784907180286
}