Feature,Importance
0.01,72.09404527988525
AV_VF,5.093962470237681
ASA_m2_cm3,4.725094575814622
ASA_m2_g,4.267199094150757
AV_cm3_g,2.584848517713416
cm3_g,2.4692808082419804
PLD,1.915048311346599
LCD,1.8514834842349592
Has_OMS,1.7470594191966258
LFPD,1.7284283460623389
NASA_m2_cm3,0.8006746670087312
NASA_m2_g,0.6145434298065516
NAV_cm3_g,0.10833159630048457
