{
  "R2": 0.9602878062175753,
  "MAE": 0.07374876080221843,
  "RMSE": 0.019987398801401296,
  "MAPE(%)": 5.4096114325546445
}