temp,lowp,outp,seed,mode,qt_frac,train_ratio,out_root,model,R2,MAE,RMSE,MAPE(%)
293K,0.01,5,2028,struct_with_input,0.0,0.35,./RUN_FULL_EXP,cat,0.9602878062175753,0.07374876080221843,0.019987398801401296,5.4096114325546445
