Feature,Importance
0.1,63.31400599069197
ASA_m2_g,9.564819847625506
ASA_m2_cm3,5.672631414653011
AV_VF,5.432844029838588
AV_cm3_g,3.753712391857711
cm3_g,3.546779790385007
LCD,2.4886305445735966
PLD,2.057005098889075
LFPD,1.4520540018582229
Has_OMS,1.060072279669634
NASA_m2_g,0.8483852140980577
NASA_m2_cm3,0.716706770012193
NAV_cm3_g,0.09235262584744218
