{
  "R2": 0.9735073583875964,
  "MAE": 0.11086045204011674,
  "RMSE": 0.024715577312807383,
  "MAPE(%)": 4.54242890814091
}