{
  "R2": 0.9530036224683123,
  "MAE": 0.24734271413361963,
  "RMSE": 0.12232562841210001,
  "MAPE(%)": 6.535591283107603
}