{
  "R2": 0.9616301918353647,
  "MAE": 0.10547714744357634,
  "RMSE": 0.03119520502513714,
  "MAPE(%)": 5.385329664894864
}