temp,lowp,outp,seed,mode,qt_frac,train_ratio,out_root,model,R2,MAE,RMSE,MAPE(%)
273K,HENRY,5,2029,lowq,0.1,0.5,./RUN_FULL_EXP,cat,0.9616301918353647,0.10547714744357634,0.03119520502513714,5.385329664894864
