Feature,Importance
0.05,88.35505966347169
cm3_g,1.7994492836045253
AV_cm3_g,1.5856999191972716
Has_OMS,1.1717855948047973
ASA_m2_cm3,1.1439523802369127
ASA_m2_g,1.1351541626919488
LCD,0.9992322932690895
AV_VF,0.9678301747575678
PLD,0.9033564853574108
LFPD,0.8355909881380369
NASA_m2_g,0.576425083256519
NASA_m2_cm3,0.4344914385806022
NAV_cm3_g,0.09197253263362522
