{
  "R2": 0.9944803274410605,
  "MAE": 0.004510052535149231,
  "RMSE": 3.9149717515458683e-05,
  "MAPE(%)": 1.7170048325813723
}