Feature,Importance
Has_OMS,16.07200813242776
PLD,15.644224762964942
cm3_g,13.783308601475783
ASA_m2_cm3,10.768380524284586
AV_VF,10.448309923016065
LCD,8.223083262484371
LFPD,8.0180430268034
AV_cm3_g,6.304775119177635
ASA_m2_g,6.21402036006662
NASA_m2_cm3,2.348359662128005
NASA_m2_g,1.9810856223560758
NAV_cm3_g,0.19440100281473205
