{
  "R2": 0.4204551322838982,
  "MAE": 0.11524393020137663,
  "RMSE": 0.03564928882949848,
  "MAPE(%)": 51.041960449619
}