temp,lowp,outp,seed,mode,qt_frac,train_ratio,out_root,model,R2,MAE,RMSE,MAPE(%)
293K,0.1,1,2026,lowq,0.45,0.5,./RUN_FULL_EXP,cat,0.993276604814808,0.007719952129876301,0.00015744962488329942,2.0834873330494905
