{
  "R2": 0.993276604814808,
  "MAE": 0.007719952129876301,
  "RMSE": 0.00015744962488329942,
  "MAPE(%)": 2.0834873330494905
}