Feature,Importance
0.01,69.31252473300492
ASA_m2_g,4.73718836834523
ASA_m2_cm3,4.6083888326174725
AV_cm3_g,3.395095626314773
cm3_g,3.290834191621093
AV_VF,3.027433606739736
Has_OMS,2.722236197025022
LFPD,2.4243127804283096
LCD,2.393893062589597
PLD,2.2828496651092838
NASA_m2_cm3,1.082071735172905
NASA_m2_g,0.7230243664050622
NAV_cm3_g,0.00014683462659245827
