{
  "R2": 0.9358194304696206,
  "MAE": 0.09617358494531546,
  "RMSE": 0.030900959845191492,
  "MAPE(%)": 7.417884039622208
}