{
  "R2": 0.9806200554033236,
  "MAE": 0.018802955564687873,
  "RMSE": 0.0015126232311772727,
  "MAPE(%)": 3.397514968716663
}