{
  "R2": 0.984165018712776,
  "MAE": 0.01870267452177291,
  "RMSE": 0.0012681093498003073,
  "MAPE(%)": 3.401858159423184
}