Feature,Importance
0.05,56.116635002367296
ASA_m2_g,11.710828959363235
AV_cm3_g,6.8578003646733166
AV_VF,6.356319365522478
ASA_m2_cm3,5.773873808913716
cm3_g,3.0201285885574984
LCD,2.4838967019369567
PLD,2.4056734348855144
LFPD,1.8690353776632682
Has_OMS,1.438849817770628
NASA_m2_cm3,1.0273011818432398
NASA_m2_g,0.8238970672060234
NAV_cm3_g,0.11576032929680037
