{
  "R2": 0.9601380648260271,
  "MAE": 0.1658522779798608,
  "RMSE": 0.05732967240799192,
  "MAPE(%)": 5.307007352365812
}