{
  "R2": 0.9593744813264311,
  "MAE": 0.10036649422608071,
  "RMSE": 0.026498661828974764,
  "MAPE(%)": 5.061963989584637
}