{
  "R2": 0.9687805127488761,
  "MAE": 0.0672791835069192,
  "RMSE": 0.010981298418447045,
  "MAPE(%)": 4.703695330117405
}