Feature,Importance
0.05,76.69291689470448
ASA_m2_g,5.77704646836536
ASA_m2_cm3,3.27375477848788
AV_VF,2.9922016207802575
cm3_g,2.119882626057828
AV_cm3_g,2.0923573175697703
Has_OMS,1.777555481142816
LCD,1.640886827265062
LFPD,1.3965652427826667
PLD,1.384641369316016
NASA_m2_g,0.4522713789171606
NASA_m2_cm3,0.33794680903114316
NAV_cm3_g,0.06197318557958284
