{
  "R2": 0.979942030331859,
  "MAE": 0.03406194934716497,
  "RMSE": 0.0025761150929530124,
  "MAPE(%)": 3.0764597880410993
}