{
  "R2": 0.4083247739912438,
  "MAE": 0.18114905049232952,
  "RMSE": 0.0936789166438865,
  "MAPE(%)": 45.07466648572348
}