{
  "R2": 0.3869288983172906,
  "MAE": 0.1860213358737475,
  "RMSE": 0.10603180120878032,
  "MAPE(%)": 52.13075091777125
}