{
  "R2": 0.9579811668542344,
  "MAE": 0.10170825106856003,
  "RMSE": 0.025974985498339726,
  "MAPE(%)": 5.131633566022026
}