Feature,Importance
0.01,61.60898432417531
ASA_m2_g,10.624690888485725
ASA_m2_cm3,5.703668362407705
AV_VF,5.499562037997613
AV_cm3_g,4.739197665498405
cm3_g,3.279648276616841
LCD,2.1225618127782027
PLD,2.107057159823882
LFPD,1.5205204380597646
Has_OMS,1.3116156778126613
NASA_m2_cm3,0.8024780727047991
NASA_m2_g,0.6109394050324541
NAV_cm3_g,0.0690758786066152
