temp,lowp,outp,seed,mode,qt_frac,train_ratio,out_root,model,R2,MAE,RMSE,MAPE(%)
313K,0.01,15,2027,lowq,0.5,0.5,./RUN_FULL_EXP,cat,0.967629478875395,0.12083301023963346,0.029637139242991713,4.851215194764123
