{
  "R2": 0.967629478875395,
  "MAE": 0.12083301023963346,
  "RMSE": 0.029637139242991713,
  "MAPE(%)": 4.851215194764123
}