{
  "R2": 0.9938860780230098,
  "MAE": 0.008216375679104704,
  "RMSE": 0.0002244974751606824,
  "MAPE(%)": 2.191466517159899
}