Feature,Importance
0.01,50.24711837060383
ASA_m2_g,15.124516848028724
ASA_m2_cm3,6.759949915282955
AV_cm3_g,6.5921692886013705
AV_VF,5.446579388357567
cm3_g,4.284113861075217
PLD,3.147560575025557
LCD,2.7760472008547827
LFPD,2.562618105896916
Has_OMS,1.3890984607867896
NASA_m2_cm3,0.9937100630621039
NASA_m2_g,0.574783249572465
NAV_cm3_g,0.10173467285173386
