{
  "R2": 0.9546357392448507,
  "MAE": 0.23896738977512433,
  "RMSE": 0.12883920837746027,
  "MAPE(%)": 6.23830227942706
}