temp,lowp,outp,seed,mode,qt_frac,train_ratio,out_root,model,R2,MAE,RMSE,MAPE(%)
273K,0.1,1,2026,lowq,0.4,0.5,./RUN_FULL_EXP,cat,0.9881427064288066,0.015074599686500817,0.0007162957777623426,2.7203511144481616
