{
  "R2": 0.9881427064288066,
  "MAE": 0.015074599686500817,
  "RMSE": 0.0007162957777623426,
  "MAPE(%)": 2.7203511144481616
}