Feature,Importance
0.05,62.61910460269713
ASA_m2_g,10.099956384391792
AV_cm3_g,5.870809396724875
ASA_m2_cm3,5.241880317473933
AV_VF,4.619365376453871
cm3_g,3.295844012301818
LCD,2.1770255116470985
PLD,1.9602033937502015
LFPD,1.6737003321020885
Has_OMS,1.1209219599522762
NASA_m2_cm3,0.8008355099050602
NASA_m2_g,0.43093619753967943
NAV_cm3_g,0.08941700506016415
