{
  "R2": 0.9684537344549102,
  "MAE": 0.11173824849619872,
  "RMSE": 0.026433875894736506,
  "MAPE(%)": 4.48204044107501
}