temp,lowp,outp,seed,mode,qt_frac,train_ratio,out_root,model,R2,MAE,RMSE,MAPE(%)
313K,0.05,15,2029,lowq,0.6,0.5,./RUN_FULL_EXP,cat,0.9684537344549102,0.11173824849619872,0.026433875894736506,4.48204044107501
