temp,lowp,outp,seed,mode,qt_frac,train_ratio,out_root,model,R2,MAE,RMSE,MAPE(%)
293K,0.5,1,2025,lowq,0.4,0.5,./RUN_FULL_EXP,cat,0.9966568885613518,0.005948849052850611,8.381710381230694e-05,1.6287457401488503
