{
  "R2": 0.9966568885613518,
  "MAE": 0.005948849052850611,
  "RMSE": 8.381710381230694e-05,
  "MAPE(%)": 1.6287457401488503
}