{
  "R2": 0.9563217070020531,
  "MAE": 0.17408058926116662,
  "RMSE": 0.07910500562210271,
  "MAPE(%)": 5.974113800535814
}