{
  "R2": 0.9707289815712329,
  "MAE": 0.01211557512060291,
  "RMSE": 0.0021162735592875235,
  "MAPE(%)": 3.064296599951338
}