Feature,Importance
0.01,79.09695739956524
PLD,2.6508441300356007
AV_cm3_g,2.4820892124509557
ASA_m2_g,2.2927930143507362
cm3_g,2.265425211820601
Has_OMS,2.0559728917982136
AV_VF,2.050618829434381
ASA_m2_cm3,1.9827961592630772
LFPD,1.7369284257009343
LCD,1.4225992081763452
NASA_m2_cm3,0.964053880302088
NASA_m2_g,0.9253709466317508
NAV_cm3_g,0.07355069047006815
