{
  "R2": 0.9805024983549847,
  "MAE": 0.021159665599876167,
  "RMSE": 0.00146169413324241,
  "MAPE(%)": 3.9294484830346263
}