{
  "R2": 0.9811567995713112,
  "MAE": 0.020456762038478085,
  "RMSE": 0.001414468686504593,
  "MAPE(%)": 3.832464690845463
}