{
  "R2": 0.9536616144437919,
  "MAE": 0.16580580459383612,
  "RMSE": 0.07532626351293263,
  "MAPE(%)": 5.454958331421303
}