{
  "R2": 0.9821776270426856,
  "MAE": 0.032186829046868176,
  "RMSE": 0.002306646194902035,
  "MAPE(%)": 2.925039869753467
}