temp,lowp,outp,seed,mode,qt_frac,train_ratio,out_root,model,R2,MAE,RMSE,MAPE(%)
313K,HENRY,5,2028,lowq,0.65,0.5,./RUN_FULL_EXP,cat,0.9821776270426856,0.032186829046868176,0.002306646194902035,2.925039869753467
