{
  "R2": 0.9884432356992796,
  "MAE": 0.013956666050068867,
  "RMSE": 0.0005615215991683344,
  "MAPE(%)": 2.5527530987635183
}