temp,lowp,outp,seed,mode,qt_frac,train_ratio,out_root,model,R2,MAE,RMSE,MAPE(%)
273K,0.1,1,2025,lowq,0.55,0.5,./RUN_FULL_EXP,cat,0.9884432356992796,0.013956666050068867,0.0005615215991683344,2.5527530987635183
