Feature,Importance
0.5,54.20312613355535
ASA_m2_g,10.877718587325994
AV_VF,8.41953598385989
AV_cm3_g,6.594561173573995
ASA_m2_cm3,6.1955964096809835
cm3_g,3.9848354785049427
PLD,2.603667452161578
LFPD,2.1821783045106016
LCD,2.0180577978497576
Has_OMS,1.286081383842745
NASA_m2_cm3,0.8520931623854253
NASA_m2_g,0.6876305227244904
NAV_cm3_g,0.09491761002423807
