{
  "R2": 0.9560575671590047,
  "MAE": 0.22649642574339585,
  "RMSE": 0.11782849416157978,
  "MAPE(%)": 5.852032279020279
}