Feature,Importance
0.01,80.76668848763718
ASA_m2_g,2.5402267053464964
ASA_m2_cm3,2.4465836120135114
cm3_g,1.9192279599620181
LCD,1.9163892319059797
PLD,1.868875275314417
AV_cm3_g,1.815670040345847
Has_OMS,1.6322561653791714
AV_VF,1.596098045061223
LFPD,1.3750949719350378
NASA_m2_cm3,1.1435372659665948
NASA_m2_g,0.8885409915720281
NAV_cm3_g,0.0908112475604756
