{
  "R2": 0.9838356223577204,
  "MAE": 0.018459923075576198,
  "RMSE": 0.0011933499475200976,
  "MAPE(%)": 3.512673601474935
}