temp,lowp,outp,seed,mode,qt_frac,train_ratio,out_root,model,R2,MAE,RMSE,MAPE(%)
293K,0.05,15,2026,lowq,0.55,0.5,./RUN_FULL_EXP,cat,0.9602090005624067,0.16929978220344435,0.05908680546963837,5.512849092537445
