{
  "R2": 0.9602090005624067,
  "MAE": 0.16929978220344435,
  "RMSE": 0.05908680546963837,
  "MAPE(%)": 5.512849092537445
}