{
  "R2": 0.9739312846535659,
  "MAE": 0.010996730147401814,
  "RMSE": 0.0016003469594889357,
  "MAPE(%)": 2.5993893277182534
}