Feature,Importance
0.01,84.7163770099148
AV_cm3_g,2.188483531793907
LCD,1.8942995962760094
Has_OMS,1.74115898091747
cm3_g,1.49392159739049
AV_VF,1.4783264802943765
ASA_m2_g,1.3307133017582506
LFPD,1.3258700623758775
ASA_m2_cm3,1.2912046958618186
PLD,1.1796234541429185
NASA_m2_cm3,0.7176595862481214
NASA_m2_g,0.5740308335185412
NAV_cm3_g,0.06833086950739409
