{
  "R2": 0.9904380935234743,
  "MAE": 0.0098766008482756,
  "RMSE": 0.000259696806619342,
  "MAPE(%)": 2.7587660112847665
}