{
  "R2": 0.7955193226221238,
  "MAE": 0.14925460458876705,
  "RMSE": 0.05078599168488518,
  "MAPE(%)": 12.083819777155814
}