{
  "R2": 0.989047722810185,
  "MAE": 0.009468773623023183,
  "RMSE": 0.0001669548677779645,
  "MAPE(%)": 2.5877984372834955
}