{
  "R2": 0.844049126201201,
  "MAE": 0.028755976886543515,
  "RMSE": 0.011397828507811665,
  "MAPE(%)": 8.18406540181152
}