{
  "R2": 0.9663058262162982,
  "MAE": 0.05602216735278075,
  "RMSE": 0.008079987461821625,
  "MAPE(%)": 3.719529525288181
}