Feature,Importance
0.05,53.52093460339004
ASA_m2_g,12.548859813101489
ASA_m2_cm3,6.683642288471249
AV_cm3_g,6.659208245072125
AV_VF,5.4655375992870585
cm3_g,3.7083961784564217
PLD,2.756736933949976
LCD,2.705518979646545
LFPD,2.4206820407887704
Has_OMS,1.837839429140256
NASA_m2_cm3,0.9264782010871504
NASA_m2_g,0.720968910888761
NAV_cm3_g,0.045196776720156644
