{
  "R2": 0.9547261815491749,
  "MAE": 0.23661720019707455,
  "RMSE": 0.11482434441620158,
  "MAPE(%)": 6.105939033612786
}