{
  "R2": 0.9973504669915976,
  "MAE": 0.0036302227862498766,
  "RMSE": 2.7767889396577243e-05,
  "MAPE(%)": 1.4282798607612366
}