{
  "R2": 0.9585306222102967,
  "MAE": 0.10908590220083474,
  "RMSE": 0.035217163022617765,
  "MAPE(%)": 6.064253612613774
}