Feature,Importance
ASA_m2_g,15.619114086481213
cm3_g,15.092038800636804
AV_VF,12.489195259731613
PLD,11.458544759967078
ASA_m2_cm3,11.136545378135642
AV_cm3_g,9.983134875881747
LCD,7.440758485609106
Has_OMS,7.045460080579993
LFPD,6.574128900994042
NASA_m2_cm3,1.349286773424551
NASA_m2_g,1.2490339159734942
NAV_cm3_g,0.5627586825847272
