{
  "R2": 0.7136625379311832,
  "MAE": 0.5287898456720305,
  "RMSE": 0.5533318499772408,
  "MAPE(%)": 22.05750321508909
}