temp,lowp,outp,seed,mode,qt_frac,train_ratio,out_root,model,R2,MAE,RMSE,MAPE(%)
313K,0.05,15,2029,lowq,0.25,0.5,./RUN_FULL_EXP,cat,0.9731188378987853,0.11176868092326142,0.02796393330825845,4.665300425844022
