{
  "R2": 0.9731188378987853,
  "MAE": 0.11176868092326142,
  "RMSE": 0.02796393330825845,
  "MAPE(%)": 4.665300425844022
}