Feature,Importance
0.1,84.83929929097309
AV_VF,2.2641825085946308
ASA_m2_cm3,1.6991091379626302
Has_OMS,1.6377152360498648
ASA_m2_g,1.5848563056409644
PLD,1.5546506576848544
AV_cm3_g,1.5039535038860519
cm3_g,1.4279222786613184
LFPD,1.244721982089313
LCD,0.9804578470765439
NASA_m2_cm3,0.776209893507854
NASA_m2_g,0.4034948102790616
NAV_cm3_g,0.08342654759380597
