{
  "R2": 0.9874378488151228,
  "MAE": 0.014594722104293398,
  "RMSE": 0.0006065517986859145,
  "MAPE(%)": 2.6509022069910295
}