temp,lowp,outp,seed,mode,qt_frac,train_ratio,out_root,model,R2,MAE,RMSE,MAPE(%)
293K,0.05,1,2029,lowq,0.4,0.5,./RUN_FULL_EXP,cat,0.9922413302967196,0.00812346868262378,0.00019289177506835487,2.2393050262000336
