{
  "R2": 0.9922413302967196,
  "MAE": 0.00812346868262378,
  "RMSE": 0.00019289177506835487,
  "MAPE(%)": 2.2393050262000336
}