{
  "R2": 0.9906691867669056,
  "MAE": 0.0077837366794177385,
  "RMSE": 0.0005759433961322298,
  "MAPE(%)": 1.9670971902970564
}