Feature,Importance
0.01,65.17263125275258
ASA_m2_g,7.13639353642155
ASA_m2_cm3,7.000553594009076
AV_VF,4.448279156598184
AV_cm3_g,2.9691914944877653
LCD,2.4264321854603432
cm3_g,2.3155531415679755
PLD,2.3116624902492324
LFPD,2.261935536713479
Has_OMS,2.162735322958628
NASA_m2_cm3,1.0030909222876436
NASA_m2_g,0.6745530409817216
NAV_cm3_g,0.11698832551180446
