{
  "R2": 0.9558638499827167,
  "MAE": 0.1055569388374606,
  "RMSE": 0.02674461393212208,
  "MAPE(%)": 5.327749065025141
}