{
  "R2": 0.9681917452721356,
  "MAE": 0.05552122098317825,
  "RMSE": 0.00707312110164801,
  "MAPE(%)": 3.7500135306802242
}