Feature,Importance
0.01,71.47407242090345
ASA_m2_cm3,5.544741600834725
ASA_m2_g,4.913376329689127
AV_VF,4.342384505627606
AV_cm3_g,2.684061668156815
cm3_g,2.3470865896419566
LCD,2.2421904477438113
PLD,1.9128628463483992
LFPD,1.7071787954629707
Has_OMS,1.5463038535503313
NASA_m2_cm3,0.6478456480798965
NASA_m2_g,0.5712115248625547
NAV_cm3_g,0.06668376909834292
