temp,lowp,outp,seed,mode,qt_frac,train_ratio,out_root,model,R2,MAE,RMSE,MAPE(%)
293K,0.01,5,2025,lowq,0.8,0.5,./RUN_FULL_EXP,cat,0.9634534532306044,0.061086576165666207,0.007794281293273367,4.096309392980016
