{
  "R2": 0.9634534532306044,
  "MAE": 0.061086576165666207,
  "RMSE": 0.007794281293273367,
  "MAPE(%)": 4.096309392980016
}