temp,lowp,outp,seed,mode,qt_frac,train_ratio,out_root,model,R2,MAE,RMSE,MAPE(%)
313K,0.05,15,2027,lowq,0.45,0.5,./RUN_FULL_EXP,cat,0.9704426408658502,0.11351588641444466,0.02709347790017887,4.672340446790117
