{
  "R2": 0.9704426408658502,
  "MAE": 0.11351588641444466,
  "RMSE": 0.02709347790017887,
  "MAPE(%)": 4.672340446790117
}