{
  "R2": 0.9944722297328327,
  "MAE": 0.004676829249543504,
  "RMSE": 4.684599998236929e-05,
  "MAPE(%)": 1.8197078723775875
}