Feature,Importance
0.05,63.64012188894896
ASA_m2_g,8.57090505253574
ASA_m2_cm3,6.033264472442718
AV_VF,4.49786057359909
AV_cm3_g,3.7792212801109852
PLD,2.7569849400170687
LFPD,2.6568445641028533
LCD,2.3447244218549224
Has_OMS,2.0059539244981535
cm3_g,1.821115074213936
NASA_m2_cm3,0.9837218059356302
NASA_m2_g,0.8100225822894859
NAV_cm3_g,0.09925941945045769
