{
  "R2": 0.9610128682411339,
  "MAE": 0.1009104289839002,
  "RMSE": 0.026883109284801414,
  "MAPE(%)": 5.175198687493103
}