{
  "R2": 0.969844251670865,
  "MAE": 0.06406905047004124,
  "RMSE": 0.010501489927610451,
  "MAPE(%)": 4.450367812079527
}