{
  "R2": 0.9663626286070207,
  "MAE": 0.1620067537445829,
  "RMSE": 0.05520575308174542,
  "MAPE(%)": 5.24549311219748
}