Feature,Importance
0.1,65.61525076925784
ASA_m2_cm3,7.877878784854212
ASA_m2_g,6.250829129583585
AV_VF,4.9098201498970555
AV_cm3_g,2.9338819301523626
cm3_g,2.615465324174321
LFPD,2.5255804527093417
PLD,2.3828504393435264
LCD,2.2326620532340598
Has_OMS,1.4662388092202145
NASA_m2_cm3,0.5838814879835712
NASA_m2_g,0.5484286602542892
NAV_cm3_g,0.05723200933561183
