Feature,Importance
0.5,76.5483917633297
ASA_m2_g,5.619016185131019
ASA_m2_cm3,4.23912601686699
AV_VF,2.788311441797436
AV_cm3_g,2.620277600994418
cm3_g,1.8059966772589728
LCD,1.6216220333978508
PLD,1.3965280250228165
Has_OMS,1.2123950984254241
LFPD,1.112995405308973
NASA_m2_cm3,0.4863518778655118
NASA_m2_g,0.48593281008147404
NAV_cm3_g,0.06305506451943856
