{
  "R2": 0.9731746790746799,
  "MAE": 0.05093767156959086,
  "RMSE": 0.00648658602150452,
  "MAPE(%)": 3.405092855106266
}