Feature,Importance
HENRY,55.61161309508806
ASA_m2_g,12.578344277121323
ASA_m2_cm3,7.1423017928069426
AV_VF,6.596697900942792
AV_cm3_g,4.2207594257272465
cm3_g,4.100566951833271
PLD,2.250642182441868
LCD,2.2223049186708215
LFPD,1.8521131605863703
Has_OMS,1.689983454243675
NASA_m2_cm3,1.019189530138911
NASA_m2_g,0.6253885259363986
NAV_cm3_g,0.09009478446232039
