{
  "R2": 0.9495654835916338,
  "MAE": 0.16739594506656386,
  "RMSE": 0.07249609677838452,
  "MAPE(%)": 5.340526242596824
}