Feature,Importance
0.5,92.3525881509531
AV_cm3_g,1.428727976047166
AV_VF,0.8839645118501864
Has_OMS,0.8255674581807882
ASA_m2_g,0.758290333702932
LCD,0.7235120520063072
PLD,0.6736058140929763
cm3_g,0.6427065450671623
ASA_m2_cm3,0.6115937305221254
LFPD,0.5036560698553175
NASA_m2_cm3,0.32391426640008486
NAV_cm3_g,0.16384831124110188
NASA_m2_g,0.10802478008076088
