temp,lowp,outp,seed,mode,qt_frac,train_ratio,out_root,model,R2,MAE,RMSE,MAPE(%)
273K,0.5,1,2028,lowq,0.75,0.5,./RUN_FULL_EXP,cat,0.9941328548870584,0.009854414103886931,0.00021228920664612152,1.7739585375606655
