{
  "R2": 0.9941328548870584,
  "MAE": 0.009854414103886931,
  "RMSE": 0.00021228920664612152,
  "MAPE(%)": 1.7739585375606655
}