Feature,Importance
0.05,49.90433924532294
ASA_m2_g,15.838493600836237
AV_VF,6.903660903280857
AV_cm3_g,6.426755577783014
ASA_m2_cm3,6.019057457342319
cm3_g,3.9887261498280404
PLD,3.050278272072105
LCD,2.268499625110944
LFPD,2.239943060533172
Has_OMS,1.6233880328044845
NASA_m2_cm3,1.0084755997912822
NASA_m2_g,0.6970992047196312
NAV_cm3_g,0.031283270574969886
