{
  "R2": 0.9517220276800146,
  "MAE": 0.24019153301470614,
  "RMSE": 0.11386371937912551,
  "MAPE(%)": 6.106433297099215
}