temp,lowp,outp,seed,mode,qt_frac,train_ratio,out_root,model,R2,MAE,RMSE,MAPE(%)
273K,0.05,15,2028,lowq,0.8,0.5,./RUN_FULL_EXP,cat,0.9517220276800146,0.24019153301470614,0.11386371937912551,6.106433297099215
