{
  "R2": 0.39027406095198924,
  "MAE": 0.12089571491083977,
  "RMSE": 0.04858149432461348,
  "MAPE(%)": 46.912569886423185
}