{
  "R2": 0.9784350034513519,
  "MAE": 0.019708821027001895,
  "RMSE": 0.0020257017359466972,
  "MAPE(%)": 3.563450332606593
}