{
  "R2": 0.9946894107413302,
  "MAE": 0.004669748940455047,
  "RMSE": 4.4697959565834705e-05,
  "MAPE(%)": 1.8064896395142953
}