Feature,Importance
0.01,58.5235617145852
ASA_m2_g,11.23646330627782
AV_VF,6.609208546477965
ASA_m2_cm3,5.909357711678095
AV_cm3_g,5.229066870645096
cm3_g,2.877639122424813
PLD,2.717556956836826
LFPD,2.0727855731141878
LCD,1.8768071912890167
Has_OMS,1.5811272965154484
NASA_m2_cm3,0.6976846083886585
NASA_m2_g,0.6000510139347247
NAV_cm3_g,0.06869008783213035
