{
  "R2": 0.95756571661209,
  "MAE": 0.16994941203855363,
  "RMSE": 0.05806196283218736,
  "MAPE(%)": 5.311651287791823
}