Feature,Importance
0.05,75.37779238778998
ASA_m2_g,5.049680376872063
ASA_m2_cm3,3.8764464382739083
AV_cm3_g,2.8761454738796393
AV_VF,2.6183540262944716
cm3_g,2.0399369065389816
LCD,2.028081596131422
Has_OMS,1.7091229346282841
LFPD,1.5647654005522595
PLD,1.396525443032493
NASA_m2_cm3,0.7961155390563702
NASA_m2_g,0.5901340667546416
NAV_cm3_g,0.0768994101955282
