{
  "R2": 0.9818714791309325,
  "MAE": 0.03413516366180041,
  "RMSE": 0.0025913863446169723,
  "MAPE(%)": 3.103439721835305
}