{
  "R2": 0.9703806204410373,
  "MAE": 0.16060438568924437,
  "RMSE": 0.05497100397372537,
  "MAPE(%)": 5.635186885500962
}