{
  "R2": 0.9497628318293617,
  "MAE": 0.2334164826557364,
  "RMSE": 0.12503764924201516,
  "MAPE(%)": 5.910076523589462
}