temp,lowp,outp,seed,mode,qt_frac,train_ratio,out_root,model,R2,MAE,RMSE,MAPE(%)
273K,0.05,15,2026,lowq,0.65,0.5,./RUN_FULL_EXP,cat,0.9497628318293617,0.2334164826557364,0.12503764924201516,5.910076523589462
