temp,lowp,outp,seed,mode,qt_frac,train_ratio,out_root,model,R2,MAE,RMSE,MAPE(%)
293K,0.01,1,2026,lowq,0.05,0.5,./RUN_FULL_EXP,cat,0.9706335732556335,0.01311933113023501,0.0018705002679354217,3.543786883243604
