{
  "R2": 0.9706335732556335,
  "MAE": 0.01311933113023501,
  "RMSE": 0.0018705002679354217,
  "MAPE(%)": 3.543786883243604
}