{
  "R2": 0.9536803456572509,
  "MAE": 0.2405953193276699,
  "RMSE": 0.1335355073447922,
  "MAPE(%)": 6.42796990312039
}