{
  "R2": 0.9696992402133089,
  "MAE": 0.06765152057584294,
  "RMSE": 0.014777338976940302,
  "MAPE(%)": 4.9783469690346385
}