{
  "R2": 0.5211107679803098,
  "MAE": 0.33327319738038635,
  "RMSE": 0.22810693878364716,
  "MAPE(%)": 32.27398148216164
}