Feature,Importance
0.01,62.04287341244489
ASA_m2_g,9.135388148887667
AV_VF,6.742180609153727
AV_cm3_g,5.982238688164169
ASA_m2_cm3,4.857236840260273
cm3_g,2.7755134032339255
PLD,2.325490687500118
LCD,2.05478100934955
LFPD,1.8457128570826082
Has_OMS,1.274329872632387
NASA_m2_g,0.4548026789821288
NASA_m2_cm3,0.41799835467556035
NAV_cm3_g,0.091453437632989
