temp,lowp,outp,seed,mode,qt_frac,train_ratio,out_root,model,R2,MAE,RMSE,MAPE(%)
313K,0.01,15,2028,lowq,0.15,0.5,./RUN_FULL_EXP,cat,0.9596494330371861,0.12368436661213277,0.04562846910642646,5.281491955705893
