{
  "R2": 0.9596494330371861,
  "MAE": 0.12368436661213277,
  "RMSE": 0.04562846910642646,
  "MAPE(%)": 5.281491955705893
}