{
  "R2": 0.9677741395126029,
  "MAE": 0.05845317108819444,
  "RMSE": 0.009518248752231888,
  "MAPE(%)": 4.002611918867826
}