Feature,Importance
cm3_g,16.603457532089394
AV_VF,15.102664639026155
ASA_m2_cm3,14.067710355165392
ASA_m2_g,12.972318053385498
PLD,9.136450961631846
AV_cm3_g,8.028690221987201
LFPD,7.841877824399126
Has_OMS,7.140037602379515
LCD,6.464897304619178
NASA_m2_g,1.2669849918396294
NASA_m2_cm3,1.1186109492150962
NAV_cm3_g,0.2562995642619804
