{
  "R2": 0.6732519931507476,
  "MAE": 0.5698465793164849,
  "RMSE": 0.6167501644556695,
  "MAPE(%)": 24.569907300639095
}