{
  "R2": 0.9650865897192097,
  "MAE": 0.15304129798276137,
  "RMSE": 0.04652806977056694,
  "MAPE(%)": 4.79735123416168
}