Feature,Importance
0.01,71.16883808995352
ASA_m2_g,6.044369912893247
ASA_m2_cm3,5.943766145044217
AV_VF,3.7635005310288805
cm3_g,2.3091700511113165
AV_cm3_g,2.222083487504193
PLD,2.0424779116100362
LFPD,1.8012272191408574
Has_OMS,1.7656841175732447
LCD,1.7572821817115973
NASA_m2_cm3,0.6352979943180962
NASA_m2_g,0.4485601564242023
NAV_cm3_g,0.09774220168658947
