{
  "R2": 0.9748205558170571,
  "MAE": 0.06405392157480258,
  "RMSE": 0.011760206304366855,
  "MAPE(%)": 4.664150297476388
}