{
  "R2": 0.9807391580997803,
  "MAE": 0.03339745269694578,
  "RMSE": 0.002585577313246046,
  "MAPE(%)": 3.0211947313185297
}