Feature,Importance
0.01,72.06731764035884
ASA_m2_cm3,5.094773691033138
ASA_m2_g,4.696858937562619
AV_VF,4.511276709686472
AV_cm3_g,2.859585405495453
cm3_g,2.2225087625275095
PLD,2.038267293374141
LCD,1.8981132905952354
LFPD,1.7346208362124202
Has_OMS,1.4637372497272656
NASA_m2_cm3,0.7997862311340316
NASA_m2_g,0.5742829660454501
NAV_cm3_g,0.03887098624740386
