{
  "R2": 0.9762805330664944,
  "MAE": 0.058661277067257996,
  "RMSE": 0.00761103061728125,
  "MAPE(%)": 4.128123520018292
}