{
  "R2": 0.9673647043514111,
  "MAE": 0.15621879986187004,
  "RMSE": 0.061667485416641736,
  "MAPE(%)": 5.7809212282484665
}