Feature,Importance
0.01,71.82943588470323
ASA_m2_g,4.540414690581005
AV_cm3_g,4.0658349192505545
ASA_m2_cm3,3.555836436636158
AV_VF,3.3774686690927362
cm3_g,2.8821378304393406
PLD,2.3193669179472356
LCD,2.009246336890783
Has_OMS,1.927467347092068
LFPD,1.9106829747434009
NASA_m2_g,0.8372778708627747
NASA_m2_cm3,0.7426361337662367
NAV_cm3_g,0.002193987994462872
