{
  "R2": 0.9576127651205073,
  "MAE": 0.08113244051458635,
  "RMSE": 0.01954166855179779,
  "MAPE(%)": 5.871230481202198
}