{
  "R2": 0.9737225025295678,
  "MAE": 0.056134325770557075,
  "RMSE": 0.007259575316970242,
  "MAPE(%)": 3.842721722268156
}