{
  "R2": 0.9640517518150604,
  "MAE": 0.1168760018492181,
  "RMSE": 0.04458276713121008,
  "MAPE(%)": 5.05534967640336
}