{
  "R2": 0.9709955074261929,
  "MAE": 0.11441547154632903,
  "RMSE": 0.027403557891218632,
  "MAPE(%)": 4.739117797668353
}