temp,lowp,outp,seed,mode,qt_frac,train_ratio,out_root,model,R2,MAE,RMSE,MAPE(%)
273K,0.5,15,2028,lowq,0.05,0.5,./RUN_FULL_EXP,cat,0.9658111325551344,0.22275925793156412,0.10429291003477423,6.206851944379626
