{
  "R2": 0.9658111325551344,
  "MAE": 0.22275925793156412,
  "RMSE": 0.10429291003477423,
  "MAPE(%)": 6.206851944379626
}