Feature,Importance
PLD,13.927272001208218
cm3_g,13.858170107458983
AV_VF,11.502099183599094
Has_OMS,10.876456013553167
ASA_m2_cm3,10.106209972816306
ASA_m2_g,9.13311827528567
LCD,8.911426934724565
LFPD,7.867558084064658
AV_cm3_g,6.1072707136971776
NASA_m2_cm3,4.237334656126738
NASA_m2_g,3.2355908306629595
NAV_cm3_g,0.23749322680244364
