{
  "R2": 0.19676502995871625,
  "MAE": 0.13609512592342551,
  "RMSE": 0.060165296059311126,
  "MAPE(%)": 51.99481824317893
}