Feature,Importance
HENRY,80.84035975131972
ASA_m2_cm3,2.8392245650079797
Has_OMS,2.2801868574810182
AV_VF,2.1686484431665396
ASA_m2_g,1.8308851662320667
AV_cm3_g,1.8303084605522328
PLD,1.829985089793307
cm3_g,1.7744684431079145
LFPD,1.6110335076988473
LCD,1.5926354507220841
NASA_m2_cm3,0.8268281299432776
NASA_m2_g,0.45110021118009014
NAV_cm3_g,0.1243359237949141
