{
  "R2": 0.9862261004789692,
  "MAE": 0.016014754998762558,
  "RMSE": 0.0009390140130114556,
  "MAPE(%)": 2.8526239909880875
}