Feature,Importance
0.01,57.75027369667263
ASA_m2_g,11.220693324532839
AV_VF,7.017137223884389
ASA_m2_cm3,6.277500304994861
AV_cm3_g,5.179912368935601
cm3_g,2.930622510511802
PLD,2.7770169678157526
LFPD,2.1195921357698957
LCD,1.790203642268392
Has_OMS,1.3793876306821338
NASA_m2_g,0.7697431374837336
NASA_m2_cm3,0.7400555483324122
NAV_cm3_g,0.04786150811556406
