{
  "R2": 0.9749217061609714,
  "MAE": 0.09132623554279186,
  "RMSE": 0.021130957366505252,
  "MAPE(%)": 4.999093319459598
}