{
  "R2": 0.9826049033881854,
  "MAE": 0.03519166808058373,
  "RMSE": 0.003937005585111673,
  "MAPE(%)": 3.3139757898290516
}