temp,lowp,outp,seed,mode,qt_frac,train_ratio,out_root,model,R2,MAE,RMSE,MAPE(%)
313K,0.1,5,2027,lowq,0.15,0.5,./RUN_FULL_EXP,cat,0.9826049033881854,0.03519166808058373,0.003937005585111673,3.3139757898290516
