Feature,Importance
HENRY,85.26625706707362
AV_cm3_g,2.4749692326653063
Has_OMS,2.2064630705736996
LFPD,1.589058536700564
LCD,1.5616888922509498
cm3_g,1.4923139212795404
AV_VF,1.2795998142127956
ASA_m2_cm3,1.2634106501019398
PLD,0.9880497901145505
NASA_m2_cm3,0.6657458219258554
ASA_m2_g,0.6634812654579098
NASA_m2_g,0.480342446575353
NAV_cm3_g,0.06861949106792738
