{
  "R2": 0.9922402116002886,
  "MAE": 0.0046707528286755486,
  "RMSE": 0.00014408857931623225,
  "MAPE(%)": 1.87871295290215
}