temp,lowp,outp,seed,mode,qt_frac,train_ratio,out_root,model,R2,MAE,RMSE,MAPE(%)
313K,HENRY,1,2029,lowq,0.15,0.5,./RUN_FULL_EXP,cat,0.9922402116002886,0.0046707528286755486,0.00014408857931623225,1.87871295290215
