Feature,Importance
HENRY,57.87301352250826
ASA_m2_g,15.893263033938172
AV_VF,5.652389347724721
ASA_m2_cm3,5.227685134752549
AV_cm3_g,3.0120123642606487
cm3_g,2.8354161434084686
LCD,2.312596602124775
PLD,2.294680112374574
LFPD,1.9868293319958128
Has_OMS,1.5102019451298054
NASA_m2_cm3,0.7671918056172182
NASA_m2_g,0.5550600862341933
NAV_cm3_g,0.07966056993080621
