{
  "R2": 0.9603222422520906,
  "MAE": 0.16375271702586588,
  "RMSE": 0.055630082044876975,
  "MAPE(%)": 5.243236112845985
}