{
  "R2": 0.9851231551622719,
  "MAE": 0.03149580770499045,
  "RMSE": 0.0023386986334551414,
  "MAPE(%)": 2.8833386705919883
}