{
  "R2": 0.9756914729472961,
  "MAE": 0.0587594400751166,
  "RMSE": 0.010765773540146385,
  "MAPE(%)": 3.911937294206839
}