{
  "R2": 0.9683298208804806,
  "MAE": 0.05944146356262253,
  "RMSE": 0.009919695631032135,
  "MAPE(%)": 4.0571456907879915
}