{
  "R2": 0.35934096256490644,
  "MAE": 0.19193761975055107,
  "RMSE": 0.10554359343681496,
  "MAPE(%)": 50.09729706761845
}