temp,lowp,outp,seed,mode,qt_frac,train_ratio,out_root,model,R2,MAE,RMSE,MAPE(%)
273K,0.01,1,2028,struct,0.0,0.35,./RUN_FULL_EXP,cat,0.35934096256490644,0.19193761975055107,0.10554359343681496,50.09729706761845
