temp,lowp,outp,seed,mode,qt_frac,train_ratio,out_root,model,R2,MAE,RMSE,MAPE(%)
273K,0.01,1,2028,struct,0.0,0.35,./RUN_FULL_EXP,cat,0.38011054311456915,0.18510188253271462,0.09483606074050437,56.03741018856082
