{
  "R2": 0.38011054311456915,
  "MAE": 0.18510188253271462,
  "RMSE": 0.09483606074050437,
  "MAPE(%)": 56.03741018856082
}