{
  "R2": 0.3631726426834514,
  "MAE": 0.12721774450914355,
  "RMSE": 0.04558588127410403,
  "MAPE(%)": 50.728632197392955
}