{
  "R2": 0.992041887593702,
  "MAE": 0.006884173672123744,
  "RMSE": 0.00011169652735786801,
  "MAPE(%)": 2.8500736112673284
}