{
  "R2": 0.9807362123824876,
  "MAE": 0.016519402568593616,
  "RMSE": 0.0007647889109635256,
  "MAPE(%)": 3.052313715709464
}