{
  "R2": 0.9847487466790572,
  "MAE": 0.01611654064643861,
  "RMSE": 0.000613578226420465,
  "MAPE(%)": 2.977411330593588
}