Feature,Importance
HENRY,64.39237202072988
ASA_m2_cm3,6.338268199999862
ASA_m2_g,6.264366797229564
AV_VF,5.511294898922897
AV_cm3_g,3.845220617399673
LFPD,2.6670640026640395
PLD,2.499049652512086
LCD,2.3684223608656274
cm3_g,2.045871247468674
Has_OMS,2.041333794291419
NASA_m2_cm3,1.130339851304421
NASA_m2_g,0.7870829885465814
NAV_cm3_g,0.1093135680652998
