{
  "R2": 0.9643363998974576,
  "MAE": 0.09911446987739445,
  "RMSE": 0.023855898307842866,
  "MAPE(%)": 5.113081341341183
}