temp,lowp,outp,seed,mode,qt_frac,train_ratio,out_root,model,R2,MAE,RMSE,MAPE(%)
273K,HENRY,5,2027,lowq,0.3,0.5,./RUN_FULL_EXP,cat,0.9643363998974576,0.09911446987739445,0.023855898307842866,5.113081341341183
