{
  "R2": 0.9792958299237988,
  "MAE": 0.048665598920587486,
  "RMSE": 0.009335480477979817,
  "MAPE(%)": 3.1473090171505644
}