{
  "R2": 0.9921343116318095,
  "MAE": 0.006877260033600084,
  "RMSE": 8.915442502544426e-05,
  "MAPE(%)": 2.8156193401326624
}