Feature,Importance
HENRY,64.20438783543564
ASA_m2_cm3,8.367209153869705
ASA_m2_g,5.840253236070806
AV_VF,4.768890338568906
AV_cm3_g,3.281090804408578
LCD,2.7753008670951176
PLD,2.6449797225035088
cm3_g,2.371922881691738
Has_OMS,2.1113757308717407
LFPD,2.0072889979346584
NASA_m2_cm3,0.8898210507968846
NASA_m2_g,0.6758363145588863
NAV_cm3_g,0.06164306619383279
