{
  "R2": 0.9534732259434199,
  "MAE": 0.10036719946633292,
  "RMSE": 0.02312425930862906,
  "MAPE(%)": 4.983891563679258
}