Feature,Importance
0.01,82.56017380571693
Has_OMS,3.1783758502449104
LCD,2.338734404654248
LFPD,2.1804507900849233
cm3_g,2.0440682942798998
AV_cm3_g,1.7514002802485182
ASA_m2_g,1.431980034119291
ASA_m2_cm3,1.2559449358369301
AV_VF,1.011501602741355
PLD,0.8820836370745341
NASA_m2_cm3,0.7849408265872959
NASA_m2_g,0.5069349215306481
NAV_cm3_g,0.07341061688053462
