{
  "R2": 0.9445738223930589,
  "MAE": 0.01634504078743563,
  "RMSE": 0.004007448547658785,
  "MAPE(%)": 3.9825885087382114
}