Feature,Importance
0.1,53.11792764161362
ASA_m2_g,9.003381655798727
AV_VF,8.137520014097882
ASA_m2_cm3,7.597713758954451
AV_cm3_g,7.194869964293047
cm3_g,4.299988538079972
PLD,2.9869504625839083
LFPD,2.1162385623311635
LCD,2.0398238008231133
Has_OMS,1.738857883368959
NASA_m2_cm3,0.9211351891480484
NASA_m2_g,0.8006759996202608
NAV_cm3_g,0.04491652928688707
