{
  "R2": 0.9483830493321029,
  "MAE": 0.23860242366886275,
  "RMSE": 0.13009551372386,
  "MAPE(%)": 6.160248278264268
}