{
  "R2": 0.9671394711937251,
  "MAE": 0.16214608686722656,
  "RMSE": 0.05789090292799799,
  "MAPE(%)": 5.589898760498448
}