{
  "R2": 0.9701538484978338,
  "MAE": 0.020499396553344856,
  "RMSE": 0.0041648277121146176,
  "MAPE(%)": 3.6844400974242713
}