temp,lowp,outp,seed,mode,qt_frac,train_ratio,out_root,model,R2,MAE,RMSE,MAPE(%)
293K,HENRY,1,2028,lowq,0.3,0.5,./RUN_FULL_EXP,cat,0.9910882975836903,0.0080213526364205,0.00025261804896710617,2.1247220536871803
