{
  "R2": 0.9910882975836903,
  "MAE": 0.0080213526364205,
  "RMSE": 0.00025261804896710617,
  "MAPE(%)": 2.1247220536871803
}