temp,lowp,outp,seed,mode,qt_frac,train_ratio,out_root,model,R2,MAE,RMSE,MAPE(%)
313K,HENRY,15,2028,lowq,0.25,0.5,./RUN_FULL_EXP,cat,0.9733769456881416,0.10983765206137917,0.02766361282925181,4.5882663736270874
