{
  "R2": 0.9733769456881416,
  "MAE": 0.10983765206137917,
  "RMSE": 0.02766361282925181,
  "MAPE(%)": 4.5882663736270874
}