{
  "R2": 0.9531343743120688,
  "MAE": 0.18456845520693435,
  "RMSE": 0.08008498174367243,
  "MAPE(%)": 6.182505464566209
}