Feature,Importance
HENRY,63.655895917555966
ASA_m2_g,8.032955621876834
ASA_m2_cm3,6.6029195571651496
AV_VF,4.742850090026092
AV_cm3_g,3.4741670271811933
LFPD,2.671935479593418
PLD,2.6242777951800464
LCD,2.19041082742
Has_OMS,1.8870770059271522
cm3_g,1.8304055207820502
NASA_m2_cm3,1.2501624673139486
NASA_m2_g,0.9734530893961736
NAV_cm3_g,0.06348960058197395
