{
  "R2": 0.9541048695562148,
  "MAE": 0.09955395625749125,
  "RMSE": 0.022335271248840726,
  "MAPE(%)": 5.051973387420416
}