{
  "R2": 0.9514690084320849,
  "MAE": 0.2371991770964206,
  "RMSE": 0.13513757422311826,
  "MAPE(%)": 6.235900088496608
}