{
  "R2": 0.9722043034034336,
  "MAE": 0.014020443741417962,
  "RMSE": 0.0019160724196459614,
  "MAPE(%)": 3.749932045726862
}