temp,lowp,outp,seed,mode,qt_frac,train_ratio,out_root,model,R2,MAE,RMSE,MAPE(%)
293K,0.01,1,2027,struct_with_input,0.0,0.4,./RUN_FULL_EXP,cat,0.9722043034034336,0.014020443741417962,0.0019160724196459614,3.749932045726862
