Feature,Importance
0.01,65.94074538412437
ASA_m2_cm3,7.015613171431849
AV_VF,5.982047681599913
ASA_m2_g,4.72828076384902
AV_cm3_g,3.210675835658932
PLD,2.7278029758974904
LCD,2.3720348625517516
LFPD,2.314103930720293
cm3_g,2.2534830851397882
Has_OMS,2.0723697333920623
NASA_m2_cm3,0.8176218018513948
NASA_m2_g,0.5071743473106041
NAV_cm3_g,0.05804642647252606
