{
  "R2": 0.9488427678957285,
  "MAE": 0.1042226950168552,
  "RMSE": 0.024475488684733888,
  "MAPE(%)": 5.16006521255516
}