Feature,Importance
0.1,64.4202938493933
ASA_m2_g,8.965104985586743
ASA_m2_cm3,6.502832433167771
AV_cm3_g,3.759808922534195
AV_VF,3.5360835125991392
LCD,2.623235463728956
PLD,2.371398526160422
cm3_g,2.364918077268113
LFPD,2.142397653912827
Has_OMS,1.4375793946754174
NASA_m2_cm3,0.9842920976673891
NASA_m2_g,0.7493827694234232
NAV_cm3_g,0.14267231388229887
