{
  "R2": 0.964096871441921,
  "MAE": 0.10273029768782375,
  "RMSE": 0.02886846762695782,
  "MAPE(%)": 5.37809671838208
}