{
  "R2": 0.9957774961220197,
  "MAE": 0.009891162118472139,
  "RMSE": 0.0002192451247498312,
  "MAPE(%)": 1.8186925286242166
}