temp,lowp,outp,seed,mode,qt_frac,train_ratio,out_root,model,R2,MAE,RMSE,MAPE(%)
273K,0.5,1,2029,lowq,0.5,0.5,./RUN_FULL_EXP,cat,0.9957774961220197,0.009891162118472139,0.0002192451247498312,1.8186925286242166
