Feature,Importance
0.01,68.41099483373401
ASA_m2_cm3,6.485915296325816
cm3_g,4.379745895748594
AV_VF,3.6291087334640593
AV_cm3_g,3.4459620145364833
ASA_m2_g,3.327735533722766
Has_OMS,3.0999505385789687
PLD,2.188086239721254
LCD,1.8525495832791654
LFPD,1.6052825080514446
NASA_m2_g,1.0519016904342555
NASA_m2_cm3,0.48421308130554347
NAV_cm3_g,0.03855405109764203
