{
  "R2": 0.940770115541186,
  "MAE": 0.10085397373506469,
  "RMSE": 0.028082483178825276,
  "MAPE(%)": 7.692215347896565
}