{
  "R2": 0.9965605596156865,
  "MAE": 0.0033939330777012456,
  "RMSE": 2.2317318247080527e-05,
  "MAPE(%)": 1.2764769132492157
}