Feature,Importance
0.05,65.70611312998545
ASA_m2_g,7.652110704824006
ASA_m2_cm3,6.071779606946361
AV_VF,4.7821423546702775
AV_cm3_g,3.1203528800773124
cm3_g,2.512613655460844
LCD,2.2872030208328513
PLD,2.2521336264538747
LFPD,2.2308255323172483
Has_OMS,1.9088952580104286
NASA_m2_cm3,0.9661140098468285
NASA_m2_g,0.440853993506692
NAV_cm3_g,0.06886222706782659
