temp,lowp,outp,seed,mode,qt_frac,train_ratio,out_root,model,R2,MAE,RMSE,MAPE(%)
273K,0.05,5,2029,lowq,0.3,0.5,./RUN_FULL_EXP,cat,0.9600957682074758,0.10412110197094684,0.02666027353546806,5.314790426519431
