{
  "R2": 0.9600957682074758,
  "MAE": 0.10412110197094684,
  "RMSE": 0.02666027353546806,
  "MAPE(%)": 5.314790426519431
}