{
  "R2": 0.9675748140718914,
  "MAE": 0.008199081483180631,
  "RMSE": 0.0008232871929068075,
  "MAPE(%)": 3.175265075518416
}