{
  "R2": 0.9638035912166172,
  "MAE": 0.10206881014713179,
  "RMSE": 0.028251131274282835,
  "MAPE(%)": 5.298278721038786
}