temp,lowp,outp,seed,mode,qt_frac,train_ratio,out_root,model,R2,MAE,RMSE,MAPE(%)
273K,0.05,5,2025,lowq,0.1,0.5,./RUN_FULL_EXP,cat,0.9638035912166172,0.10206881014713179,0.028251131274282835,5.298278721038786
