Feature,Importance
HENRY,81.22416006084018
AV_VF,2.6823597519750346
ASA_m2_g,2.278105075014344
Has_OMS,2.2586056430589547
ASA_m2_cm3,2.0844555667351234
PLD,1.891320314896141
cm3_g,1.6996031166977335
LFPD,1.657668800938926
LCD,1.4843482651903466
AV_cm3_g,1.4440243320588215
NASA_m2_cm3,0.7112314133218057
NASA_m2_g,0.5366070815374526
NAV_cm3_g,0.04751057773513694
