{
  "R2": 0.9873975960457341,
  "MAE": 0.013790816715252043,
  "RMSE": 0.0004878369789246112,
  "MAPE(%)": 2.4578528837380818
}