temp,lowp,outp,seed,mode,qt_frac,train_ratio,out_root,model,R2,MAE,RMSE,MAPE(%)
273K,HENRY,1,2025,lowq,0.75,0.5,./RUN_FULL_EXP,cat,0.9873975960457341,0.013790816715252043,0.0004878369789246112,2.4578528837380818
