Feature,Importance
HENRY,75.34918706329452
ASA_m2_g,4.271360839940857
ASA_m2_cm3,4.063964099296691
AV_VF,3.173803113627047
AV_cm3_g,3.1355773884343345
cm3_g,2.3904635601502675
Has_OMS,1.547627782195006
LCD,1.5233786528546545
LFPD,1.5202077264407272
PLD,1.3733032992916818
NASA_m2_cm3,0.8701042257979961
NASA_m2_g,0.6590501654431328
NAV_cm3_g,0.12197208323308774
