{
  "R2": 0.9826724372839067,
  "MAE": 0.03327292029882125,
  "RMSE": 0.002783859481664836,
  "MAPE(%)": 3.029946911572419
}