Feature,Importance
0.05,77.44006760106369
ASA_m2_g,5.333078242729861
ASA_m2_cm3,3.21781961038084
AV_VF,3.1079996718860485
AV_cm3_g,2.3854596023000902
cm3_g,1.7156204233749655
LCD,1.6399267194303944
LFPD,1.437786891809106
Has_OMS,1.4152871476737179
PLD,1.2726117957571783
NASA_m2_cm3,0.5311123545845281
NASA_m2_g,0.460543027289629
NAV_cm3_g,0.04268691171991395
