{
  "R2": 0.9796011986190338,
  "MAE": 0.03352548016479908,
  "RMSE": 0.0024910819822141035,
  "MAPE(%)": 3.039922456687187
}