{
  "R2": 0.719931608129265,
  "MAE": 0.5132888915737329,
  "RMSE": 0.5323393772404267,
  "MAPE(%)": 21.737482427350677
}