{
  "R2": 0.970122115099743,
  "MAE": 0.05587270867449125,
  "RMSE": 0.007691629219125601,
  "MAPE(%)": 3.7673953918488996
}