{
  "R2": 0.9687502854134742,
  "MAE": 0.11256822589960976,
  "RMSE": 0.02556831972941794,
  "MAPE(%)": 4.481877986627267
}