temp,lowp,outp,seed,mode,qt_frac,train_ratio,out_root,model,R2,MAE,RMSE,MAPE(%)
313K,0.1,15,2025,lowq,0.65,0.5,./RUN_FULL_EXP,cat,0.9687502854134742,0.11256822589960976,0.02556831972941794,4.481877986627267
