temp,lowp,outp,seed,mode,qt_frac,train_ratio,out_root,model,R2,MAE,RMSE,MAPE(%)
273K,HENRY,5,2026,lowq,0.35,0.5,./RUN_FULL_EXP,cat,0.9589565981947867,0.10208475951579353,0.026622922815416814,5.183811086870606
