{
  "R2": 0.9589565981947867,
  "MAE": 0.10208475951579353,
  "RMSE": 0.026622922815416814,
  "MAPE(%)": 5.183811086870606
}