{
  "R2": 0.9589706194265859,
  "MAE": 0.10227760466425113,
  "RMSE": 0.027410905848379526,
  "MAPE(%)": 5.2468044230391
}