temp,lowp,outp,seed,mode,qt_frac,train_ratio,out_root,model,R2,MAE,RMSE,MAPE(%)
273K,0.05,5,2029,lowq,0.25,0.5,./RUN_FULL_EXP,cat,0.9589706194265859,0.10227760466425113,0.027410905848379526,5.2468044230391
