{
  "R2": 0.9299049408808637,
  "MAE": 0.033921810993467326,
  "RMSE": 0.010806910511050066,
  "MAPE(%)": 6.338308947827094
}