Feature,Importance
0.01,71.11204603810604
ASA_m2_cm3,5.184555519005195
ASA_m2_g,4.464675883383388
AV_VF,4.114275624809889
AV_cm3_g,3.065296868344416
cm3_g,2.6112607872774993
LCD,2.123185399893967
LFPD,2.1010942502165983
Has_OMS,1.9388760000455938
PLD,1.8575775260795118
NASA_m2_g,0.6639643504177454
NASA_m2_cm3,0.6516890555573556
NAV_cm3_g,0.1115026968628162
