{
  "R2": 0.9718153386221842,
  "MAE": 0.06675393368306867,
  "RMSE": 0.01123397307008343,
  "MAPE(%)": 4.836969441507583
}