Feature,Importance
0.01,50.104834704138405
ASA_m2_g,14.264330064174237
ASA_m2_cm3,7.20915800012273
AV_VF,5.835514801874693
AV_cm3_g,5.817325399903944
cm3_g,5.222573754424306
PLD,3.1330802944498797
LCD,2.5443629281892473
LFPD,2.4084213754856787
Has_OMS,1.9579440065101843
NASA_m2_cm3,0.7467043581835636
NASA_m2_g,0.6128165049271826
NAV_cm3_g,0.14293380761593924
