temp,lowp,outp,seed,mode,qt_frac,train_ratio,out_root,model,R2,MAE,RMSE,MAPE(%)
273K,0.01,15,2025,lowq,0.1,0.5,./RUN_FULL_EXP,cat,0.9550166928974886,0.23987759898046424,0.1304580292592743,6.629996294712988
