{
  "R2": 0.9550166928974886,
  "MAE": 0.23987759898046424,
  "RMSE": 0.1304580292592743,
  "MAPE(%)": 6.629996294712988
}