Feature,Importance
0.05,54.05295500844854
ASA_m2_g,15.43121528631827
ASA_m2_cm3,6.768365466924548
AV_cm3_g,5.554420969745415
AV_VF,4.966972303332812
cm3_g,3.2404025571625508
PLD,2.8455800804628533
LCD,2.277356827772869
LFPD,2.189168420344939
Has_OMS,1.3396314148095354
NASA_m2_cm3,0.8814939007482359
NASA_m2_g,0.3934679796025595
NAV_cm3_g,0.058969784326843286
