{
  "R2": 0.9656564768374035,
  "MAE": 0.16492955147940383,
  "RMSE": 0.06111290960893343,
  "MAPE(%)": 5.529966145836643
}