{
  "R2": 0.61524000928378,
  "MAE": 0.6310557921551605,
  "RMSE": 0.7351369843132564,
  "MAPE(%)": 28.096224697412747
}