temp,lowp,outp,seed,mode,qt_frac,train_ratio,out_root,model,R2,MAE,RMSE,MAPE(%)
293K,0.01,15,2027,struct,0.0,0.05,./RUN_FULL_EXP,cat,0.61524000928378,0.6310557921551605,0.7351369843132564,28.096224697412747
