{
  "R2": 0.9678289149643763,
  "MAE": 0.1094295936625791,
  "RMSE": 0.024894079770596475,
  "MAPE(%)": 4.303194654135741
}