{
  "R2": 0.9647539227574062,
  "MAE": 0.09057518286250507,
  "RMSE": 0.019844516085281542,
  "MAPE(%)": 4.517810711635603
}