{
  "R2": 0.9820585406527983,
  "MAE": 0.03396888292944642,
  "RMSE": 0.003537447651934839,
  "MAPE(%)": 3.1362134649230646
}