{
  "R2": 0.9735608292092496,
  "MAE": 0.058094387909767446,
  "RMSE": 0.008658405819060537,
  "MAPE(%)": 3.9646617849108843
}