temp,lowp,outp,seed,mode,qt_frac,train_ratio,out_root,model,R2,MAE,RMSE,MAPE(%)
293K,HENRY,5,2027,lowq,0.35,0.5,./RUN_FULL_EXP,cat,0.9735608292092496,0.058094387909767446,0.008658405819060537,3.9646617849108843
