Feature,Importance
0.1,51.040493771609675
ASA_m2_g,14.700384281157534
ASA_m2_cm3,7.328515895054562
AV_cm3_g,6.429838360640561
AV_VF,5.890569901134428
cm3_g,3.808174515704656
PLD,2.606310698281018
LCD,2.509350951252266
LFPD,2.2283084526995287
Has_OMS,1.6773157990422614
NASA_m2_cm3,0.8959380662861223
NASA_m2_g,0.7704590293477431
NAV_cm3_g,0.11434027778963805
