{
  "R2": 0.9539118415524012,
  "MAE": 0.24020492265591376,
  "RMSE": 0.11604856333402236,
  "MAPE(%)": 6.273470021539218
}