{
  "R2": 0.984123150932969,
  "MAE": 0.04987003600847119,
  "RMSE": 0.006967922943995874,
  "MAPE(%)": 4.208772179546029
}