Feature,Importance
0.05,52.56311992941776
ASA_m2_g,14.27235541401371
AV_VF,7.0156598210454995
AV_cm3_g,6.856586215756302
ASA_m2_cm3,6.368156339760889
cm3_g,2.651445134752868
PLD,2.568421981595434
LCD,2.134347208210728
LFPD,2.078506121624554
Has_OMS,1.493901548589422
NASA_m2_g,0.9675190231130458
NASA_m2_cm3,0.9614586401662304
NAV_cm3_g,0.06852262195355681
