{
  "R2": 0.9606917046152653,
  "MAE": 0.16044430728790915,
  "RMSE": 0.05099569239767261,
  "MAPE(%)": 4.999625661266782
}