{
  "R2": 0.9717798421458508,
  "MAE": 0.05829085474268048,
  "RMSE": 0.009876725941639032,
  "MAPE(%)": 3.980347692371227
}