temp,lowp,outp,seed,mode,qt_frac,train_ratio,out_root,model,R2,MAE,RMSE,MAPE(%)
293K,0.1,5,2029,lowq,0.3,0.5,./RUN_FULL_EXP,cat,0.9717798421458508,0.05829085474268048,0.009876725941639032,3.980347692371227
