{
  "R2": 0.3690338403429544,
  "MAE": 0.19331531634163987,
  "RMSE": 0.10469152425110857,
  "MAPE(%)": 58.554335038792324
}