{
  "R2": 0.9610550688114842,
  "MAE": 0.16281058234387044,
  "RMSE": 0.05373081506369299,
  "MAPE(%)": 5.197972422686933
}