{
  "R2": 0.9786432154310282,
  "MAE": 0.020381022170696848,
  "RMSE": 0.003136561890795797,
  "MAPE(%)": 3.338319761509121
}