Feature,Importance
HENRY,86.42609855444053
AV_VF,1.8647005688335283
cm3_g,1.6607072082201584
AV_cm3_g,1.6177057150028362
LCD,1.4742007039855276
ASA_m2_g,1.3813002338320441
PLD,1.2070782586359483
Has_OMS,1.1154725791597933
ASA_m2_cm3,1.0836096893974745
LFPD,0.9334919200881666
NASA_m2_g,0.7307053619926978
NASA_m2_cm3,0.375115837000741
NAV_cm3_g,0.12981336941054192
