{
  "R2": 0.9924219523848528,
  "MAE": 0.007115983072078728,
  "RMSE": 0.0001345185436727753,
  "MAPE(%)": 1.8914577858890107
}