temp,lowp,outp,seed,mode,qt_frac,train_ratio,out_root,model,R2,MAE,RMSE,MAPE(%)
293K,HENRY,1,2026,lowq,0.65,0.5,./RUN_FULL_EXP,cat,0.9924219523848528,0.007115983072078728,0.0001345185436727753,1.8914577858890107
