Feature,Importance
0.5,57.8936025603034
ASA_m2_g,11.110598755273648
AV_cm3_g,7.939478472654653
ASA_m2_cm3,5.83773678291389
AV_VF,5.689142217907546
cm3_g,3.259905772467812
PLD,2.04045574711194
LCD,1.8476234806078462
LFPD,1.774237684330914
Has_OMS,0.9299581054233246
NASA_m2_cm3,0.8552007189020185
NASA_m2_g,0.7280108330611806
NAV_cm3_g,0.09404886904181993
