{
  "R2": 0.8573804469061066,
  "MAE": 0.13175374332066145,
  "RMSE": 0.039359397382354326,
  "MAPE(%)": 12.750932080887845
}