{
  "R2": 0.9273292376604925,
  "MAE": 0.02778979906843998,
  "RMSE": 0.01240008197114791,
  "MAPE(%)": 4.34454696871469
}