{
  "R2": 0.96289649221547,
  "MAE": 0.10245031154033339,
  "RMSE": 0.029576120212791133,
  "MAPE(%)": 5.375836659669477
}