{
  "R2": 0.9909791077020379,
  "MAE": 0.009893961485068032,
  "RMSE": 0.0002616961915352282,
  "MAPE(%)": 2.8032592261639513
}