temp,lowp,outp,seed,mode,qt_frac,train_ratio,out_root,model,R2,MAE,RMSE,MAPE(%)
293K,0.01,1,2027,struct_with_input,0.3,0.6,./RUN_FULL_EXP,cat,0.9909791077020379,0.009893961485068032,0.0002616961915352282,2.8032592261639513
