Feature,Importance
HENRY,77.16125075162823
ASA_m2_g,3.6287630324480196
ASA_m2_cm3,3.356498403297717
AV_VF,3.130716407376183
AV_cm3_g,2.94545205110947
cm3_g,2.331345229006269
Has_OMS,2.0517918083173963
LCD,1.8468280287267524
LFPD,1.2811809375246432
PLD,1.0517316830665338
NASA_m2_cm3,0.6926095208431254
NASA_m2_g,0.44802612653550905
NAV_cm3_g,0.07380602012015441
