{
  "R2": 0.9820981753329664,
  "MAE": 0.034072716612766174,
  "RMSE": 0.003278137065552942,
  "MAPE(%)": 3.1498839008343382
}