Feature,Importance
0.5,72.1078068027154
ASA_m2_cm3,5.696143997791296
ASA_m2_g,5.390610311437205
AV_VF,3.6637331321821875
AV_cm3_g,2.79710586223824
LCD,2.0800805611878936
cm3_g,2.058894017808542
PLD,1.9841130738825472
LFPD,1.6141567887099049
Has_OMS,1.3737838246951561
NASA_m2_g,0.6790576289735462
NASA_m2_cm3,0.46944969515060575
NAV_cm3_g,0.0850643032274955
