{
  "R2": 0.9703400443440975,
  "MAE": 0.08871400536582472,
  "RMSE": 0.01891027047969189,
  "MAPE(%)": 4.565471377328093
}