temp,lowp,outp,seed,mode,qt_frac,train_ratio,out_root,model,R2,MAE,RMSE,MAPE(%)
273K,0.5,5,2026,lowq,0.3,0.5,./RUN_FULL_EXP,cat,0.9703400443440975,0.08871400536582472,0.01891027047969189,4.565471377328093
