Feature,Importance
0.05,82.96281855061692
ASA_m2_g,2.4788443998397844
cm3_g,1.9165076298884638
AV_VF,1.8509811365703577
AV_cm3_g,1.8171911531225
ASA_m2_cm3,1.7669647524670882
PLD,1.5729570322609634
LFPD,1.486349166015388
Has_OMS,1.2502449884582008
LCD,1.1582910705496836
NASA_m2_cm3,0.9171842341841595
NASA_m2_g,0.7282488614861025
NAV_cm3_g,0.09341702454040948
