{
  "R2": 0.9866155448164732,
  "MAE": 0.01442258029374325,
  "RMSE": 0.0005726260727308283,
  "MAPE(%)": 2.601055752864888
}