{
  "R2": 0.9849989706248798,
  "MAE": 0.014947955287253255,
  "RMSE": 0.0006820542494510163,
  "MAPE(%)": 2.727071354225003
}