Feature,Importance
0.01,81.93482617362956
ASA_m2_cm3,2.402769339698777
AV_VF,2.2732646211581655
AV_cm3_g,2.008484423021803
ASA_m2_g,1.970772842298888
PLD,1.8263912385884944
LCD,1.7337968705141091
Has_OMS,1.5165353601521694
cm3_g,1.4953525434693127
LFPD,1.4083393921768799
NASA_m2_cm3,0.8277705491668337
NASA_m2_g,0.5543363164309666
NAV_cm3_g,0.04736032969403749
