{
  "R2": 0.9883563314226717,
  "MAE": 0.017059532158677625,
  "RMSE": 0.0007952822634726976,
  "MAPE(%)": 3.1676354216099676
}