{
  "R2": 0.9871573560432738,
  "MAE": 0.01738437672622201,
  "RMSE": 0.0008636536305445465,
  "MAPE(%)": 3.2661445024547353
}