{
  "R2": 0.9699892803410912,
  "MAE": 0.058043764704499824,
  "RMSE": 0.007748997353156424,
  "MAPE(%)": 3.9313988001609235
}