temp,lowp,outp,seed,mode,qt_frac,train_ratio,out_root,model,R2,MAE,RMSE,MAPE(%)
293K,HENRY,5,2027,lowq,0.05,0.5,./RUN_FULL_EXP,cat,0.9681467321331226,0.06513139363502919,0.014808982481729568,4.489105075243777
