{
  "R2": 0.9681467321331226,
  "MAE": 0.06513139363502919,
  "RMSE": 0.014808982481729568,
  "MAPE(%)": 4.489105075243777
}