Feature,Importance
0.1,62.320364066987395
ASA_m2_g,12.749983501678722
AV_VF,4.781665888416188
ASA_m2_cm3,4.644116567623239
AV_cm3_g,3.9213864068002966
cm3_g,3.1785733999261105
LCD,1.9652157360128424
LFPD,1.8685653946919547
PLD,1.8630696552510795
Has_OMS,1.3215321232663146
NASA_m2_cm3,0.9017109402782261
NASA_m2_g,0.4356756243014924
NAV_cm3_g,0.04814069476613701
