{
  "R2": 0.967052790314359,
  "MAE": 0.11235567600764003,
  "RMSE": 0.024526060570818665,
  "MAPE(%)": 4.404053382642507
}