Feature,Importance
0.5,77.78361165638023
ASA_m2_g,3.9588132074150386
AV_VF,3.737725534693737
ASA_m2_cm3,3.709855325388544
AV_cm3_g,2.3963025273955187
LFPD,1.6823680987216523
LCD,1.5591988917537765
PLD,1.4827201819590667
cm3_g,1.4067701840928404
Has_OMS,1.3547684391943595
NASA_m2_g,0.42185082455012196
NASA_m2_cm3,0.4148091257112393
NAV_cm3_g,0.09120600274385217
