{
  "R2": 0.9742299400010825,
  "MAE": 0.05254803947461483,
  "RMSE": 0.006882098833619457,
  "MAPE(%)": 3.5620130195383544
}