Feature,Importance
0.5,61.87081771397966
AV_VF,8.02178252368936
ASA_m2_g,7.6749067958983375
AV_cm3_g,5.755063277246692
ASA_m2_cm3,5.292285786418421
cm3_g,3.294000244203926
PLD,2.191423338301373
LFPD,1.834285950314549
LCD,1.5653477768383655
Has_OMS,1.3672708502119217
NASA_m2_cm3,0.6103809118153891
NASA_m2_g,0.4467306071963722
NAV_cm3_g,0.07570422388566113
