{
  "R2": 0.9556091888939321,
  "MAE": 0.15972750292471144,
  "RMSE": 0.062216901877767995,
  "MAPE(%)": 5.128164029697461
}