{
  "R2": 0.9627022907646685,
  "MAE": 0.1623015203493153,
  "RMSE": 0.05338438611827694,
  "MAPE(%)": 5.213220236347327
}