Feature,Importance
0.01,48.754690331244944
ASA_m2_g,16.64630640586349
ASA_m2_cm3,6.727993223079853
AV_VF,5.917418780659118
AV_cm3_g,5.653732418226594
cm3_g,4.918743266888012
PLD,3.182139510651015
LFPD,2.676328809529575
LCD,2.42834141450318
Has_OMS,1.3013380952492237
NASA_m2_cm3,0.9625318260267062
NASA_m2_g,0.7509874547772412
NAV_cm3_g,0.07944846330103951
