temp,lowp,outp,seed,mode,qt_frac,train_ratio,out_root,model,R2,MAE,RMSE,MAPE(%)
273K,0.01,15,2028,lowq,0.2,0.5,./RUN_FULL_EXP,cat,0.9546116225611221,0.24447463078621193,0.1341733557829177,6.522934141773569
