{
  "R2": 0.9546116225611221,
  "MAE": 0.24447463078621193,
  "RMSE": 0.1341733557829177,
  "MAPE(%)": 6.522934141773569
}