{
  "R2": 0.31103865026383726,
  "MAE": 0.12835922335417016,
  "RMSE": 0.048881494540253125,
  "MAPE(%)": 48.281592957080726
}