Feature,Importance
0.05,71.9972051929688
ASA_m2_g,5.941079507295943
ASA_m2_cm3,4.753460333662427
AV_VF,3.4428839879851925
AV_cm3_g,2.6285008943308013
cm3_g,2.5154338556616676
LCD,2.0172186010122206
Has_OMS,2.005150163151585
LFPD,1.6833710552863097
PLD,1.59490841545082
NASA_m2_cm3,1.0005324894265708
NASA_m2_g,0.3624231674398379
NAV_cm3_g,0.057832336327806426
