{
  "R2": 0.9767283173088732,
  "MAE": 0.057695003943725426,
  "RMSE": 0.00874722203556738,
  "MAPE(%)": 4.009252404301611
}