Feature,Importance
AV_VF,14.519903355791001
cm3_g,13.242020732988651
PLD,12.020764501116197
ASA_m2_cm3,11.689989965227038
LCD,9.99612282910056
Has_OMS,9.680922039546425
ASA_m2_g,9.231370244911165
LFPD,8.390983014151825
AV_cm3_g,7.509070919589268
NASA_m2_g,1.8862697792694667
NASA_m2_cm3,1.4971309026585824
NAV_cm3_g,0.33545171564983006
