{
  "R2": 0.5338951598401263,
  "MAE": 0.3272375989465991,
  "RMSE": 0.23472132431249335,
  "MAPE(%)": 31.991925186178115
}