Feature,Importance
0.01,83.52884894998915
ASA_m2_cm3,3.0192820381252354
AV_VF,1.8564409858013016
PLD,1.6974290945593618
ASA_m2_g,1.6393785413151414
AV_cm3_g,1.6373492371525087
LCD,1.6314945830070944
cm3_g,1.3644446775385801
Has_OMS,1.142553864493723
LFPD,1.1029000590295062
NASA_m2_cm3,0.8049588314222152
NASA_m2_g,0.47492717330036816
NAV_cm3_g,0.09999196426581478
