{
  "R2": 0.9853985474759085,
  "MAE": 0.015575649479373203,
  "RMSE": 0.0005480115537034001,
  "MAPE(%)": 2.906767556390421
}