{
  "R2": 0.960277037960623,
  "MAE": 0.16056584274541477,
  "RMSE": 0.054575848042535645,
  "MAPE(%)": 5.085137555377932
}