temp,lowp,outp,seed,mode,qt_frac,train_ratio,out_root,model,R2,MAE,RMSE,MAPE(%)
293K,0.1,15,2028,lowq,0.7,0.5,./RUN_FULL_EXP,cat,0.960277037960623,0.16056584274541477,0.054575848042535645,5.085137555377932
