{
  "R2": 0.993108002156645,
  "MAE": 0.00749288651378753,
  "RMSE": 0.00013779539807393435,
  "MAPE(%)": 2.0496968359178767
}