temp,lowp,outp,seed,mode,qt_frac,train_ratio,out_root,model,R2,MAE,RMSE,MAPE(%)
293K,0.1,1,2029,lowq,0.55,0.5,./RUN_FULL_EXP,cat,0.993108002156645,0.00749288651378753,0.00013779539807393435,2.0496968359178767
