{
  "R2": 0.969220294278261,
  "MAE": 0.011939670386497039,
  "RMSE": 0.0022253505644187067,
  "MAPE(%)": 2.9666354405258684
}