Feature,Importance
0.01,81.1214473985335
ASA_m2_cm3,3.2654011480951635
Has_OMS,2.4810914325942965
AV_VF,2.1493582570157765
PLD,1.954025511115545
ASA_m2_g,1.8110944526256498
AV_cm3_g,1.7431235190176064
LCD,1.5322309613046552
cm3_g,1.5005684855052899
LFPD,1.271166811780724
NASA_m2_cm3,0.7341799610998444
NASA_m2_g,0.4124192738652525
NAV_cm3_g,0.023892787446696893
