{
  "R2": 0.9848182321359975,
  "MAE": 0.0174949616246444,
  "RMSE": 0.0009994693317832931,
  "MAPE(%)": 3.177310118747524
}