temp,lowp,outp,seed,mode,qt_frac,train_ratio,out_root,model,R2,MAE,RMSE,MAPE(%)
273K,0.01,1,2028,struct_with_input,0.33,0.65,./RUN_FULL_EXP,cat,0.9848182321359975,0.0174949616246444,0.0009994693317832931,3.177310118747524
