{
  "R2": 0.9854987296986432,
  "MAE": 0.017518288608624217,
  "RMSE": 0.0009649505458304769,
  "MAPE(%)": 3.2555216785743384
}