Feature,Importance
0.01,62.59142124698167
ASA_m2_cm3,7.408466321446207
ASA_m2_g,6.955100654875706
AV_VF,4.7793137277979705
AV_cm3_g,4.62170088384207
LCD,2.6623083913568024
LFPD,2.6545725076377678
PLD,2.250265864257525
cm3_g,2.086023138918351
Has_OMS,1.847842546435802
NASA_m2_cm3,1.075017163811839
NASA_m2_g,0.9486928631616222
NAV_cm3_g,0.11927468947668646
