temp,lowp,outp,seed,mode,qt_frac,train_ratio,out_root,model,R2,MAE,RMSE,MAPE(%)
273K,0.01,5,2027,lowq,0.05,0.5,./RUN_FULL_EXP,cat,0.9527894641278855,0.11495611777020902,0.039647199663925346,5.972389568499943
