{
  "R2": 0.9527894641278855,
  "MAE": 0.11495611777020902,
  "RMSE": 0.039647199663925346,
  "MAPE(%)": 5.972389568499943
}