{
  "R2": 0.9807024495648707,
  "MAE": 0.03255811507465448,
  "RMSE": 0.002561309541694215,
  "MAPE(%)": 2.934183440017547
}