{
  "R2": 0.9637217690404645,
  "MAE": 0.11100841181717022,
  "RMSE": 0.04089854136234875,
  "MAPE(%)": 4.60488487233865
}