{
  "R2": 0.9911111427682205,
  "MAE": 0.007977439351094373,
  "RMSE": 0.0001567263208103496,
  "MAPE(%)": 2.1350205679803214
}