{
  "R2": 0.3027470771681775,
  "MAE": 0.19902281421655485,
  "RMSE": 0.10385863322534718,
  "MAPE(%)": 55.63981726192249
}