Feature,Importance
HENRY,56.723363753269744
ASA_m2_g,13.320591378012931
ASA_m2_cm3,6.363926126518694
AV_cm3_g,5.824095125789624
AV_VF,4.4214017258075335
cm3_g,3.458960519431858
LCD,2.6664406337327047
PLD,2.5111611535906917
LFPD,1.8477007060408641
Has_OMS,1.3518087769365594
NASA_m2_cm3,0.7640388794256128
NASA_m2_g,0.6412902090837107
NAV_cm3_g,0.10522101235945157
