{
  "R2": 0.9611280082029621,
  "MAE": 0.16361940234088834,
  "RMSE": 0.0700464711065734,
  "MAPE(%)": 5.512244409546212
}