{
  "R2": 0.9700162398976333,
  "MAE": 0.153178845181999,
  "RMSE": 0.05064059503905741,
  "MAPE(%)": 5.224870806726469
}