{
  "R2": 0.9563329822929331,
  "MAE": 0.18134046546898686,
  "RMSE": 0.08119627441988309,
  "MAPE(%)": 6.38095238720642
}