Feature,Importance
0.01,72.8949379595375
ASA_m2_cm3,5.124904119842559
ASA_m2_g,4.202347575429136
AV_VF,3.7872171376243204
AV_cm3_g,3.026478195974302
cm3_g,2.271219534663186
PLD,2.048499222655522
Has_OMS,1.9499319798430887
LFPD,1.730532487878416
LCD,1.5553328380647862
NASA_m2_g,0.7303198707151873
NASA_m2_cm3,0.5553416024348206
NAV_cm3_g,0.12293747533716194
