{
  "R2": 0.971885480980924,
  "MAE": 0.06527772769834941,
  "RMSE": 0.011016995023147125,
  "MAPE(%)": 4.603882021396142
}