{
  "R2": 0.9561240423451844,
  "MAE": 0.1018230027999586,
  "RMSE": 0.022436770804454127,
  "MAPE(%)": 5.116334882624665
}