{
  "R2": 0.9724368202722615,
  "MAE": 0.0614423977219821,
  "RMSE": 0.012689910851989878,
  "MAPE(%)": 4.23846324053795
}