{
  "R2": 0.8664240915845737,
  "MAE": 0.12346416351173906,
  "RMSE": 0.033947854448851136,
  "MAPE(%)": 10.517292560293262
}