{
  "R2": 0.9820021789874275,
  "MAE": 0.03385975531715774,
  "RMSE": 0.0026057397743378657,
  "MAPE(%)": 3.054308440119861
}