temp,lowp,outp,seed,mode,qt_frac,train_ratio,out_root,model,R2,MAE,RMSE,MAPE(%)
313K,0.1,5,2029,lowq,0.55,0.5,./RUN_FULL_EXP,cat,0.9820021789874275,0.03385975531715774,0.0026057397743378657,3.054308440119861
