{
  "R2": 0.7022673079122796,
  "MAE": 0.5278430644923335,
  "RMSE": 0.5672072152454593,
  "MAPE(%)": 22.186063259134695
}