Feature,Importance
0.5,91.97159117917805
AV_cm3_g,1.439659372084063
ASA_m2_g,0.929492981468235
cm3_g,0.8021512700058567
PLD,0.7971290397697964
LCD,0.7730196393081562
LFPD,0.6210535984171089
AV_VF,0.580507242755334
NASA_m2_cm3,0.5802778607873056
Has_OMS,0.5589654390474976
ASA_m2_cm3,0.44947109609569175
NASA_m2_g,0.3946583864497434
NAV_cm3_g,0.10202289463320775
