{
  "R2": 0.9971007918946739,
  "MAE": 0.0035910567396448393,
  "RMSE": 3.5385661112624424e-05,
  "MAPE(%)": 1.4439058152073279
}