{
  "R2": 0.9654897259476812,
  "MAE": 0.1709380399941145,
  "RMSE": 0.06409708341933207,
  "MAPE(%)": 6.030207561832419
}