{
  "R2": 0.9611013251131069,
  "MAE": 0.17306560543668717,
  "RMSE": 0.07350273434455276,
  "MAPE(%)": 6.395171532860118
}