{
  "R2": 0.35602974995515513,
  "MAE": 0.1900229861960003,
  "RMSE": 0.09613682068178797,
  "MAPE(%)": 53.88406254042057
}