Feature,Importance
0.01,80.18762203689106
ASA_m2_cm3,3.4080248229624295
ASA_m2_g,2.584131868565447
Has_OMS,2.2337144913770204
cm3_g,1.9618298559276655
AV_VF,1.8197517040498055
LCD,1.7897388516775745
AV_cm3_g,1.7629230325535636
PLD,1.4414146271442556
LFPD,1.1637524789894367
NASA_m2_g,0.8270962916476421
NASA_m2_cm3,0.7654057831875031
NAV_cm3_g,0.054594155026620655
