{
  "R2": 0.9868571053786332,
  "MAE": 0.017275957896899282,
  "RMSE": 0.0008818986934735122,
  "MAPE(%)": 3.22853672144391
}