{
  "R2": 0.9846356335244084,
  "MAE": 0.01815573916727662,
  "RMSE": 0.0010933943020486813,
  "MAPE(%)": 3.3387267422709144
}