temp,lowp,outp,seed,mode,qt_frac,train_ratio,out_root,model,R2,MAE,RMSE,MAPE(%)
273K,0.01,15,2029,lowq,0.1,0.5,./RUN_FULL_EXP,cat,0.956495630511864,0.23667657747072784,0.1316773449039336,6.586547963017065
