{
  "R2": 0.956495630511864,
  "MAE": 0.23667657747072784,
  "RMSE": 0.1316773449039336,
  "MAPE(%)": 6.586547963017065
}