Feature,Importance
0.01,77.30257288957824
AV_VF,3.691847197241993
ASA_m2_g,3.6389008058081713
AV_cm3_g,3.3991026526025974
ASA_m2_cm3,2.9137986215671
Has_OMS,1.677916611435147
cm3_g,1.624386033893865
PLD,1.6219614241923297
LFPD,1.469411165239862
LCD,1.4636710659933916
NASA_m2_g,0.6152023832179798
NASA_m2_cm3,0.5451175968660915
NAV_cm3_g,0.03611155236324357
