{
  "R2": 0.9788447379393801,
  "MAE": 0.040986685177831654,
  "RMSE": 0.0037209225236409385,
  "MAPE(%)": 3.762745161303495
}