{
  "R2": 0.9628090679248645,
  "MAE": 0.10205050328009989,
  "RMSE": 0.026980857297016752,
  "MAPE(%)": 5.219301714831383
}