temp,lowp,outp,seed,mode,qt_frac,train_ratio,out_root,model,R2,MAE,RMSE,MAPE(%)
273K,HENRY,5,2027,lowq,0.2,0.5,./RUN_FULL_EXP,cat,0.9628090679248645,0.10205050328009989,0.026980857297016752,5.219301714831383
