Feature,Importance
0.5,63.23015204940953
ASA_m2_g,8.437801605013252
AV_cm3_g,6.645506461575717
AV_VF,5.305985204147276
ASA_m2_cm3,5.2365321302045755
cm3_g,2.8320557133817825
PLD,2.1892446993842567
LFPD,1.7272768104633063
LCD,1.6120868285112795
Has_OMS,1.2598548202727513
NASA_m2_cm3,0.8146878036969526
NASA_m2_g,0.6118205398125991
NAV_cm3_g,0.0969953341267217
