temp,lowp,outp,seed,mode,qt_frac,train_ratio,out_root,model,R2,MAE,RMSE,MAPE(%)
313K,0.5,15,2027,lowq,0.6,0.5,./RUN_FULL_EXP,cat,0.9719078556778231,0.10692103763383831,0.02333822386535669,4.31150681413638
