{
  "R2": 0.9719078556778231,
  "MAE": 0.10692103763383831,
  "RMSE": 0.02333822386535669,
  "MAPE(%)": 4.31150681413638
}