Feature,Importance
0.01,52.04092422496391
ASA_m2_g,18.3933332184723
AV_cm3_g,5.579408007651517
ASA_m2_cm3,5.3294485734667445
AV_VF,4.884962735590937
cm3_g,3.4545340975087253
PLD,2.928689761851755
LFPD,2.1490226184646266
LCD,2.0008111997785205
Has_OMS,1.5937403393318748
NASA_m2_cm3,0.8539999123807731
NASA_m2_g,0.6760927402683258
NAV_cm3_g,0.11503257027000663
