Feature,Importance
0.05,61.79292605500177
ASA_m2_g,12.798143047008992
AV_VF,5.286542300069997
ASA_m2_cm3,5.242491435741461
AV_cm3_g,3.6737940347392493
cm3_g,2.841070447194813
LCD,2.122854638621433
PLD,2.000142884482688
LFPD,1.6784905639886882
Has_OMS,1.3385931529291748
NASA_m2_cm3,0.5967766722050732
NASA_m2_g,0.5055685216672755
NAV_cm3_g,0.1226062463493612
