{
  "R2": 0.9709374045114838,
  "MAE": 0.11249936197553534,
  "RMSE": 0.02586013726898387,
  "MAPE(%)": 4.583128815944574
}