Feature,Importance
0.05,48.517821888892605
ASA_m2_g,15.731030568535036
AV_cm3_g,7.6697087206785834
ASA_m2_cm3,6.675593047804088
AV_VF,5.901456616587177
cm3_g,4.040983297773455
LCD,2.7657866173927075
PLD,2.715197130371542
LFPD,2.6876826647379697
Has_OMS,1.4279888471565967
NASA_m2_cm3,1.0218885541789235
NASA_m2_g,0.7441777905268266
NAV_cm3_g,0.10068425536446475
