{
  "R2": 0.9587349096959292,
  "MAE": 0.23216418281580242,
  "RMSE": 0.1122219787246718,
  "MAPE(%)": 6.194742812362255
}