{
  "R2": 0.34432925323552577,
  "MAE": 0.4032604700968447,
  "RMSE": 0.32272164888702387,
  "MAPE(%)": 38.74040118690774
}