Feature,Importance
0.1,77.13950332832778
ASA_m2_g,4.1039792208350985
AV_cm3_g,3.316822995557903
ASA_m2_cm3,3.2878518325101935
AV_VF,3.0459635616835787
cm3_g,1.9311170720113564
LCD,1.7853710591877765
Has_OMS,1.6110620807839613
PLD,1.4011953954108747
LFPD,1.3006034539213025
NASA_m2_g,0.6955817491567804
NASA_m2_cm3,0.3351767691588684
NAV_cm3_g,0.04577148145455585
