{
  "R2": 0.9817188412929967,
  "MAE": 0.033549790278932845,
  "RMSE": 0.0026235892044365917,
  "MAPE(%)": 3.0672976615128014
}