temp,lowp,outp,seed,mode,qt_frac,train_ratio,out_root,model,R2,MAE,RMSE,MAPE(%)
313K,0.1,5,2025,lowq,0.55,0.5,./RUN_FULL_EXP,cat,0.9817188412929967,0.033549790278932845,0.0026235892044365917,3.0672976615128014
