Feature,Importance
0.05,64.37387335977695
ASA_m2_g,8.148743698857313
AV_VF,6.190324720155703
AV_cm3_g,5.681494580601415
ASA_m2_cm3,5.39462136421687
cm3_g,2.328395024263668
PLD,2.240577095865802
LFPD,1.9108878625718122
LCD,1.4079207842652341
Has_OMS,1.2019168287489346
NASA_m2_cm3,0.6459742346298784
NASA_m2_g,0.3821374948683266
NAV_cm3_g,0.09313295117811823
