{
  "R2": 0.9703355154172445,
  "MAE": 0.11117871693949778,
  "RMSE": 0.02522293838814327,
  "MAPE(%)": 4.459639241912677
}