Feature,Importance
0.01,62.37584227102077
ASA_m2_g,8.237197434075666
ASA_m2_cm3,7.0882992463313945
AV_VF,4.199154191931979
AV_cm3_g,4.162960448111471
LFPD,3.0356209601544473
PLD,2.612907558403484
LCD,2.3644404304632993
cm3_g,1.9518066509497118
Has_OMS,1.9386922884710667
NASA_m2_cm3,1.270341271963298
NASA_m2_g,0.7264304274198383
NAV_cm3_g,0.03630682070356886
