{
  "R2": 0.9540944973377317,
  "MAE": 0.10473202744861453,
  "RMSE": 0.025041504664924438,
  "MAPE(%)": 5.267780790134069
}