temp,lowp,outp,seed,mode,qt_frac,train_ratio,out_root,model,R2,MAE,RMSE,MAPE(%)
273K,0.01,5,2027,lowq,0.55,0.5,./RUN_FULL_EXP,cat,0.9540944973377317,0.10473202744861453,0.025041504664924438,5.267780790134069
