temp,lowp,outp,seed,mode,qt_frac,train_ratio,out_root,model,R2,MAE,RMSE,MAPE(%)
273K,0.1,1,2025,lowq,0.5,0.5,./RUN_FULL_EXP,cat,0.9883516332634342,0.014495748261728444,0.0006083652535091377,2.6396357964799546
