{
  "R2": 0.9883516332634342,
  "MAE": 0.014495748261728444,
  "RMSE": 0.0006083652535091377,
  "MAPE(%)": 2.6396357964799546
}