temp,lowp,outp,seed,mode,qt_frac,train_ratio,out_root,model,R2,MAE,RMSE,MAPE(%)
273K,0.1,1,2027,lowq,0.45,0.5,./RUN_FULL_EXP,cat,0.9890809384162944,0.014449704837031582,0.000608836356859259,2.630739627747765
