{
  "R2": 0.9890809384162944,
  "MAE": 0.014449704837031582,
  "RMSE": 0.000608836356859259,
  "MAPE(%)": 2.630739627747765
}