Feature,Importance
0.05,54.142711286397116
ASA_m2_g,11.493574480454885
AV_cm3_g,8.248301603328818
ASA_m2_cm3,6.1346568587028205
AV_VF,6.093784011034098
cm3_g,2.891206797570155
PLD,2.6018143591245817
LCD,2.601421022569542
LFPD,2.004712374380261
Has_OMS,1.901230712024982
NASA_m2_cm3,0.9768333354358711
NASA_m2_g,0.8059088790541786
NAV_cm3_g,0.10384427992271066
