{
  "R2": 0.9632415915859569,
  "MAE": 0.16596077638009232,
  "RMSE": 0.05718650066713946,
  "MAPE(%)": 5.423333480363685
}