Feature,Importance
0.05,65.7780902067963
ASA_m2_g,6.853571946194496
ASA_m2_cm3,5.639178098520936
AV_VF,5.102762344284958
AV_cm3_g,3.211803210128118
LCD,2.605077892026906
cm3_g,2.5984857484034314
PLD,2.5690621396109012
Has_OMS,1.9092683037315097
LFPD,1.8565188959415584
NASA_m2_g,0.9910905473719668
NASA_m2_cm3,0.7939312724565257
NAV_cm3_g,0.09115939453241013
