{
  "R2": 0.9568717192145934,
  "MAE": 0.10269254377197795,
  "RMSE": 0.024596108278235808,
  "MAPE(%)": 5.181063589205028
}