{
  "R2": 0.9748147307362818,
  "MAE": 0.062150613628921623,
  "RMSE": 0.00899742372591886,
  "MAPE(%)": 4.359872594980746
}