Feature,Importance
HENRY,62.76365106131852
ASA_m2_g,9.71593352497523
AV_VF,5.754034580645745
ASA_m2_cm3,5.54975175792207
AV_cm3_g,3.938984178496748
cm3_g,3.472385226348062
LCD,2.340270967346654
PLD,2.171850722970004
LFPD,1.599685791492056
Has_OMS,1.4258670123835788
NASA_m2_cm3,0.6521731699443941
NASA_m2_g,0.551209995181814
NAV_cm3_g,0.06420201097513971
