temp,lowp,outp,seed,mode,qt_frac,train_ratio,out_root,model,R2,MAE,RMSE,MAPE(%)
313K,HENRY,15,2026,lowq,0.6,0.5,./RUN_FULL_EXP,cat,0.9703976318658057,0.10956277904620791,0.025539968759899466,4.374095730241222
