{
  "R2": 0.9703976318658057,
  "MAE": 0.10956277904620791,
  "RMSE": 0.025539968759899466,
  "MAPE(%)": 4.374095730241222
}