Feature,Importance
0.05,78.39053811179046
ASA_m2_g,4.5958047873691665
AV_VF,2.8441829717703495
ASA_m2_cm3,2.8406061816577255
AV_cm3_g,2.395136420927208
cm3_g,2.018807717898477
LCD,1.603668037923539
Has_OMS,1.3673231862981676
PLD,1.3290218501671867
LFPD,1.2741978134180951
NASA_m2_g,0.7283136652752924
NASA_m2_cm3,0.5614968685442416
NAV_cm3_g,0.050902386960115314
