{
  "R2": 0.9795706845312138,
  "MAE": 0.033364452833386876,
  "RMSE": 0.0024864372519524387,
  "MAPE(%)": 3.0151856950230465
}