temp,lowp,outp,seed,mode,qt_frac,train_ratio,out_root,model,R2,MAE,RMSE,MAPE(%)
313K,0.05,5,2026,lowq,0.7,0.5,./RUN_FULL_EXP,cat,0.9795706845312138,0.033364452833386876,0.0024864372519524387,3.0151856950230465
