{
  "R2": 0.9666562784794084,
  "MAE": 0.16045399172397642,
  "RMSE": 0.05763764953108967,
  "MAPE(%)": 5.414539262944637
}