{
  "R2": 0.12788910628253913,
  "MAE": 0.22676009969606495,
  "RMSE": 0.14488342369366125,
  "MAPE(%)": 60.32000202770278
}