{
  "R2": 0.9840438915103799,
  "MAE": 0.009305806098167837,
  "RMSE": 0.00022451904876809997,
  "MAPE(%)": 2.565335770218963
}