{
  "R2": 0.9685563616109847,
  "MAE": 0.05678931130175679,
  "RMSE": 0.008509510549412352,
  "MAPE(%)": 3.7818653099424533
}