Feature,Importance
HENRY,63.07590397090957
ASA_m2_g,12.066441016386362
ASA_m2_cm3,5.727128797790207
AV_VF,4.356229310022047
AV_cm3_g,3.463365488902425
cm3_g,3.177549064650188
LCD,2.159120972108799
PLD,1.8346715328153678
LFPD,1.4987128057432513
Has_OMS,1.268847679164161
NASA_m2_g,0.713132244611293
NASA_m2_cm3,0.5732143836994772
NAV_cm3_g,0.08568273319687186
