{
  "R2": 0.9724864534303845,
  "MAE": 0.11016757951769535,
  "RMSE": 0.026941955503517977,
  "MAPE(%)": 4.528780745694793
}