{
  "R2": 0.9631546467569017,
  "MAE": 0.1617130623864022,
  "RMSE": 0.05021101913160346,
  "MAPE(%)": 5.19079421766071
}