Feature,Importance
0.05,65.30467091251938
ASA_m2_cm3,6.888789616360739
ASA_m2_g,6.688034932898623
AV_VF,4.456630573273934
AV_cm3_g,3.603022895409044
PLD,2.625527080166029
LCD,2.574701721872728
cm3_g,2.5122566090483676
LFPD,1.9770750793996739
Has_OMS,1.8410914237022762
NASA_m2_cm3,0.8303179244658577
NASA_m2_g,0.5796839120755962
NAV_cm3_g,0.11819731880773207
