{
  "R2": 0.9592266742989982,
  "MAE": 0.09918708255681657,
  "RMSE": 0.02281856103102351,
  "MAPE(%)": 5.016191652237243
}