{
  "R2": 0.9610452801294582,
  "MAE": 0.1578784404204081,
  "RMSE": 0.06731391205211225,
  "MAPE(%)": 5.242819527754376
}