Feature,Importance
0.5,57.922482648587646
ASA_m2_g,12.847344964395905
AV_VF,6.739512425816213
AV_cm3_g,5.188508705905575
ASA_m2_cm3,5.0911693897405135
cm3_g,3.210043446475304
PLD,2.4219499940348674
LFPD,1.9844654797425356
LCD,1.776612871034424
Has_OMS,1.3133298105057505
NASA_m2_cm3,0.8090799700532657
NASA_m2_g,0.590174722811113
NAV_cm3_g,0.10532557089691023
