{
  "R2": 0.9649525697417441,
  "MAE": 0.15726848946975497,
  "RMSE": 0.0501433183231693,
  "MAPE(%)": 5.168638959220908
}