Feature,Importance
0.5,90.91767420572083
cm3_g,1.8020033969237912
ASA_m2_g,1.0579314674346405
PLD,0.9795063401526152
Has_OMS,0.8308796715239899
AV_VF,0.8288040479245251
ASA_m2_cm3,0.7895308449714203
LFPD,0.7233475344463814
LCD,0.7146644294614444
AV_cm3_g,0.7134184043480339
NASA_m2_cm3,0.3092007880075494
NASA_m2_g,0.2733480955189327
NAV_cm3_g,0.0596907735658525
