{
  "R2": 0.9928114162279451,
  "MAE": 0.012572014411976912,
  "RMSE": 0.0009605206832920287,
  "MAPE(%)": 2.1996429322441955
}