temp,lowp,outp,seed,mode,qt_frac,train_ratio,out_root,model,R2,MAE,RMSE,MAPE(%)
273K,0.5,1,2025,lowq,0.1,0.5,./RUN_FULL_EXP,cat,0.9928114162279451,0.012572014411976912,0.0009605206832920287,2.1996429322441955
