Feature,Importance
0.05,76.15697687667495
ASA_m2_g,5.821247734801771
AV_VF,3.4760309790415924
ASA_m2_cm3,2.755535885942627
AV_cm3_g,2.431039373307292
cm3_g,1.912271027871028
LFPD,1.7649528472308675
LCD,1.6048767665734591
Has_OMS,1.5993476780369213
PLD,1.2962612545038659
NASA_m2_g,0.7416028109058408
NASA_m2_cm3,0.37558854158667226
NAV_cm3_g,0.06426822352310353
