{
  "R2": 0.984153989206571,
  "MAE": 0.0341801840914653,
  "RMSE": 0.003127878505640247,
  "MAPE(%)": 3.189207706156686
}