temp,lowp,outp,seed,mode,qt_frac,train_ratio,out_root,model,R2,MAE,RMSE,MAPE(%)
313K,0.05,5,2025,lowq,0.25,0.5,./RUN_FULL_EXP,cat,0.984153989206571,0.0341801840914653,0.003127878505640247,3.189207706156686
