Feature,Importance
0.5,79.78084284983272
ASA_m2_g,3.76301605694692
AV_cm3_g,3.316012381545833
ASA_m2_cm3,2.9434375164206217
AV_VF,2.3954044058516164
cm3_g,1.8776445142282066
LCD,1.3310299958193996
LFPD,1.1180590692735906
Has_OMS,1.1071011015062036
PLD,1.021339262202016
NASA_m2_cm3,0.6762468766733504
NASA_m2_g,0.5913916135082656
NAV_cm3_g,0.07847435619122896
