{
  "R2": 0.984239349848097,
  "MAE": 0.030803994767551284,
  "RMSE": 0.0029223664073338633,
  "MAPE(%)": 2.8308598905193523
}