{
  "R2": 0.9601309771106472,
  "MAE": 0.17103539922303165,
  "RMSE": 0.07563161097678787,
  "MAPE(%)": 5.9289827929729855
}