{
  "R2": 0.9677538142986203,
  "MAE": 0.02121406040867951,
  "RMSE": 0.005211991876735451,
  "MAPE(%)": 3.185320736494594
}