{
  "R2": 0.8673049514149058,
  "MAE": 0.1270745337350883,
  "RMSE": 0.03670680333478338,
  "MAPE(%)": 10.142289547655746
}