{
  "R2": 0.9667850813168168,
  "MAE": 0.12038949001165275,
  "RMSE": 0.02879188907205038,
  "MAPE(%)": 4.815194571775064
}