Feature,Importance
0.05,83.86215038605806
ASA_m2_cm3,2.0502883238764382
ASA_m2_g,1.9768204912471747
AV_VF,1.9587128563489415
PLD,1.8391718248348095
cm3_g,1.5574584406306236
Has_OMS,1.5303593726529103
AV_cm3_g,1.4503822063049168
LFPD,1.4100858776472815
LCD,1.3174921818121272
NASA_m2_g,0.623841076567853
NASA_m2_cm3,0.3805832941595708
NAV_cm3_g,0.042653667859286044
