temp,lowp,outp,seed,mode,qt_frac,train_ratio,out_root,model,R2,MAE,RMSE,MAPE(%)
273K,0.05,1,2025,lowq,0.75,0.5,./RUN_FULL_EXP,cat,0.98737030563822,0.01432197919823173,0.00046947761100137313,2.612184381693081
