{
  "R2": 0.98737030563822,
  "MAE": 0.01432197919823173,
  "RMSE": 0.00046947761100137313,
  "MAPE(%)": 2.612184381693081
}