{
  "R2": 0.973885914445844,
  "MAE": 0.01646819013082376,
  "RMSE": 0.0012648066240522858,
  "MAPE(%)": 4.924257329141103
}