Feature,Importance
0.01,54.819847225892254
ASA_m2_g,14.161956896742828
AV_VF,6.4821088333895975
AV_cm3_g,6.067935326072659
ASA_m2_cm3,5.165352514985814
cm3_g,3.1520787566268345
PLD,3.1107038504949425
LFPD,2.443386509915116
LCD,1.73009695250104
Has_OMS,1.3177690317777861
NASA_m2_cm3,0.8113252739622171
NASA_m2_g,0.6983304997932275
NAV_cm3_g,0.03910832784567546
