{
  "R2": 0.9652369135297378,
  "MAE": 0.16198535402235137,
  "RMSE": 0.05359565068140655,
  "MAPE(%)": 5.355159224555467
}