{
  "R2": 0.9668450330420159,
  "MAE": 0.11639716914762935,
  "RMSE": 0.04172138483971562,
  "MAPE(%)": 5.049383132212227
}