{
  "R2": 0.9764526121976635,
  "MAE": 0.1083715899313393,
  "RMSE": 0.028434976205680588,
  "MAPE(%)": 4.722553323322681
}