temp,lowp,outp,seed,mode,qt_frac,train_ratio,out_root,model,R2,MAE,RMSE,MAPE(%)
313K,HENRY,15,2025,lowq,0.05,0.5,./RUN_FULL_EXP,cat,0.9764526121976635,0.1083715899313393,0.028434976205680588,4.722553323322681
