{
  "R2": 0.9551150225148205,
  "MAE": 0.23811525404148867,
  "RMSE": 0.12552756908949608,
  "MAPE(%)": 6.255804736073357
}