temp,lowp,outp,seed,mode,qt_frac,train_ratio,out_root,model,R2,MAE,RMSE,MAPE(%)
273K,0.05,15,2025,lowq,0.3,0.5,./RUN_FULL_EXP,cat,0.9551150225148205,0.23811525404148867,0.12552756908949608,6.255804736073357
