Feature,Importance
0.01,82.38592263575738
cm3_g,2.4992210556065766
Has_OMS,1.9770040389083938
ASA_m2_g,1.8680270206455512
LFPD,1.8619925805255784
AV_cm3_g,1.7649880152222988
AV_VF,1.6786571538096593
ASA_m2_cm3,1.6411715645967138
PLD,1.633328002851817
LCD,1.5423389514484804
NASA_m2_g,0.7061858736079616
NASA_m2_cm3,0.36120017917420477
NAV_cm3_g,0.07996292784538525
