{
  "R2": 0.9894880723788366,
  "MAE": 0.0108562764314407,
  "RMSE": 0.0003653933507150703,
  "MAPE(%)": 3.0732791996320215
}