Feature,Importance
0.01,81.91573730977024
Has_OMS,2.7758607858474513
cm3_g,2.770970838912177
AV_cm3_g,2.2806344194139223
LCD,2.0484399251457805
ASA_m2_cm3,1.4400906365459933
LFPD,1.306279046003766
PLD,1.2134676691979702
ASA_m2_g,1.1790650568004988
AV_VF,1.1388411493375687
NASA_m2_cm3,1.055813489262281
NASA_m2_g,0.7950746169945768
NAV_cm3_g,0.07972505676776895
