{
  "R2": 0.9752021599540948,
  "MAE": 0.0156190641342303,
  "RMSE": 0.0012996535815968902,
  "MAPE(%)": 4.960755207155473
}