Feature,Importance
0.01,68.37215946584632
ASA_m2_cm3,4.691637966813098
ASA_m2_g,4.413719469801453
AV_VF,3.88249686234637
AV_cm3_g,3.5355162458064178
Has_OMS,3.340605294291984
LCD,2.609050299156099
PLD,2.406111884200113
cm3_g,2.369211230515423
NASA_m2_g,1.7168617300037128
LFPD,1.4041251836938253
NASA_m2_cm3,1.2479768394651933
NAV_cm3_g,0.010527528059992675
