{
  "R2": 0.9281161812559628,
  "MAE": 0.10629094107860344,
  "RMSE": 0.03540082154478311,
  "MAPE(%)": 9.594518593991479
}