{
  "R2": 0.9903133228213349,
  "MAE": 0.008547316622805112,
  "RMSE": 0.0007243281734892104,
  "MAPE(%)": 2.26671563427154
}