{
  "R2": 0.6915556108066536,
  "MAE": 0.5491174755526043,
  "RMSE": 0.5909932880683594,
  "MAPE(%)": 23.215541309186026
}