temp,lowp,outp,seed,mode,qt_frac,train_ratio,out_root,model,R2,MAE,RMSE,MAPE(%)
273K,0.01,1,2027,struct_with_input,0.65,0.65,./RUN_FULL_EXP,cat,0.9844372149248097,0.015976360233463292,0.0006851186964095016,3.000925822964668
