temp,lowp,outp,seed,mode,qt_frac,train_ratio,out_root,model,R2,MAE,RMSE,MAPE(%)
273K,0.01,1,2027,struct_with_input,0.65,0.65,./RUN_FULL_EXP,cat,0.9850897235306646,0.015985415461304643,0.000622098526149312,2.9897003209640696
