{
  "R2": 0.9850897235306646,
  "MAE": 0.015985415461304643,
  "RMSE": 0.000622098526149312,
  "MAPE(%)": 2.9897003209640696
}