{
  "R2": 0.9844372149248097,
  "MAE": 0.015976360233463292,
  "RMSE": 0.0006851186964095016,
  "MAPE(%)": 3.000925822964668
}