Feature,Importance
0.1,88.28168528218305
cm3_g,2.084658618605257
AV_VF,1.5781962246970362
PLD,1.450108886703135
AV_cm3_g,1.2990368412748707
LFPD,1.2059018642395019
Has_OMS,1.1923175846291554
LCD,0.8912732765878641
ASA_m2_cm3,0.748927190446663
ASA_m2_g,0.6765249558229344
NASA_m2_cm3,0.34283893606380444
NASA_m2_g,0.15700726295405582
NAV_cm3_g,0.09152307579266124
