{
  "R2": 0.9897062771887892,
  "MAE": 0.005645993832075803,
  "RMSE": 0.0002896493812251831,
  "MAPE(%)": 2.0008617908771944
}