temp,lowp,outp,seed,mode,qt_frac,train_ratio,out_root,model,R2,MAE,RMSE,MAPE(%)
313K,0.1,1,2028,lowq,0.1,0.5,./RUN_FULL_EXP,cat,0.9897062771887892,0.005645993832075803,0.0002896493812251831,2.0008617908771944
