temp,lowp,outp,seed,mode,qt_frac,train_ratio,out_root,model,R2,MAE,RMSE,MAPE(%)
293K,0.05,1,2029,lowq,0.65,0.5,./RUN_FULL_EXP,cat,0.9908316899784798,0.007808716567995725,0.00016024676950757345,2.1045426710877737
