{
  "R2": 0.9908316899784798,
  "MAE": 0.007808716567995725,
  "RMSE": 0.00016024676950757345,
  "MAPE(%)": 2.1045426710877737
}