{
  "R2": 0.9679698439780984,
  "MAE": 0.11105899965475956,
  "RMSE": 0.034996265970055944,
  "MAPE(%)": 4.680233103285178
}