{
  "R2": 0.9698293077892672,
  "MAE": 0.058071484910248515,
  "RMSE": 0.008826111727412963,
  "MAPE(%)": 3.9047543873956236
}