temp,lowp,outp,seed,mode,qt_frac,train_ratio,out_root,model,R2,MAE,RMSE,MAPE(%)
293K,0.1,5,2028,lowq,0.5,0.5,./RUN_FULL_EXP,cat,0.9698293077892672,0.058071484910248515,0.008826111727412963,3.9047543873956236
