temp,lowp,outp,seed,mode,qt_frac,train_ratio,out_root,model,R2,MAE,RMSE,MAPE(%)
293K,0.01,15,2026,struct_with_input,0.15,0.15,./RUN_FULL_EXP,cat,0.9477514850413662,0.20175417503507118,0.09361067799968405,6.837008582836961
