{
  "R2": 0.9477514850413662,
  "MAE": 0.20175417503507118,
  "RMSE": 0.09361067799968405,
  "MAPE(%)": 6.837008582836961
}