temp,lowp,outp,seed,mode,qt_frac,train_ratio,out_root,model,R2,MAE,RMSE,MAPE(%)
293K,0.05,1,2027,lowq,0.35,0.5,./RUN_FULL_EXP,cat,0.9921050661863919,0.008524186798106112,0.00021325782918873236,2.354876774541762
