{
  "R2": 0.9921050661863919,
  "MAE": 0.008524186798106112,
  "RMSE": 0.00021325782918873236,
  "MAPE(%)": 2.354876774541762
}