Feature,Importance
0.01,84.14634498667836
ASA_m2_cm3,2.5850802080728834
AV_VF,2.072133015541006
PLD,1.6935006844972673
AV_cm3_g,1.646299131560438
LCD,1.465417707481636
Has_OMS,1.3655877459112922
ASA_m2_g,1.202289427942739
cm3_g,1.1587510980685662
LFPD,1.1136073929859893
NASA_m2_g,0.7823312487085652
NASA_m2_cm3,0.6898130683608772
NAV_cm3_g,0.07884428419038902
