{
  "R2": 0.9712033170937808,
  "MAE": 0.021394057322505947,
  "RMSE": 0.003468275638534029,
  "MAPE(%)": 3.743210809940676
}