{
  "R2": 0.9393373580793393,
  "MAE": 0.03659260032941247,
  "RMSE": 0.0089072106770844,
  "MAPE(%)": 7.1223346115971085
}