{
  "R2": 0.9807304407854482,
  "MAE": 0.033826997168693175,
  "RMSE": 0.003635640394698882,
  "MAPE(%)": 3.07971276881646
}