Feature,Importance
0.01,77.38031695498509
Has_OMS,3.3604515801714165
AV_cm3_g,2.402176856476213
ASA_m2_g,2.3538282722288573
cm3_g,2.3447579720839657
LFPD,2.2123593905980874
ASA_m2_cm3,2.184801404206515
PLD,2.0025959692297626
AV_VF,1.9270094108063385
LCD,1.914130186464821
NASA_m2_cm3,1.0945169622480313
NASA_m2_g,0.7830928670087344
NAV_cm3_g,0.03996217349216259
