Feature,Importance
0.01,75.56267361060422
ASA_m2_cm3,3.791149766955238
Has_OMS,3.332479773779392
cm3_g,2.8919226073005
AV_cm3_g,2.6462260846224206
AV_VF,2.6025233388758786
LFPD,2.0857893714637386
ASA_m2_g,1.8655916363924412
LCD,1.7117841366712934
PLD,1.6612793762681148
NASA_m2_g,0.9395642004578311
NASA_m2_cm3,0.9062041822996384
NAV_cm3_g,0.002811914309291503
