{
  "R2": 0.9799039877945837,
  "MAE": 0.021821599485604897,
  "RMSE": 0.001651825282771063,
  "MAPE(%)": 4.190685318844445
}