{
  "R2": 0.96397183290555,
  "MAE": 0.07174983995307746,
  "RMSE": 0.015696703738544187,
  "MAPE(%)": 5.123052556027801
}