{
  "R2": 0.9870810564798128,
  "MAE": 0.015328925704301423,
  "RMSE": 0.0005197371569508609,
  "MAPE(%)": 2.8845079064068426
}