Feature,Importance
0.05,84.27189696927961
Has_OMS,2.4656877488178095
ASA_m2_g,2.273655614625766
AV_cm3_g,1.7829247281472171
cm3_g,1.6971233883718528
LCD,1.4863628876859747
AV_VF,1.4162184751227178
LFPD,1.3475507120201087
ASA_m2_cm3,1.0962822877563916
PLD,0.9563152825764261
NASA_m2_cm3,0.8808179538670622
NASA_m2_g,0.254308050912382
NAV_cm3_g,0.07085590081670244
