{
  "R2": 0.9930083923744549,
  "MAE": 0.008594541842496403,
  "RMSE": 0.00021659230887740983,
  "MAPE(%)": 2.3692622787079816
}