temp,lowp,outp,seed,mode,qt_frac,train_ratio,out_root,model,R2,MAE,RMSE,MAPE(%)
293K,0.05,1,2029,lowq,0.25,0.5,./RUN_FULL_EXP,cat,0.9930083923744549,0.008594541842496403,0.00021659230887740983,2.3692622787079816
