Feature,Importance
0.05,83.57596238954028
ASA_m2_g,2.647041546131374
ASA_m2_cm3,2.1112776012215235
AV_cm3_g,1.835423635162918
PLD,1.5953508348571908
AV_VF,1.3991754780733945
cm3_g,1.3942618786718366
LFPD,1.3431000248971896
LCD,1.2120819094746276
Has_OMS,1.2013044689842938
NASA_m2_cm3,0.8405414645639334
NASA_m2_g,0.7813570728606906
NAV_cm3_g,0.06312169556073409
