{
  "R2": 0.9855573138506499,
  "MAE": 0.015214069149112774,
  "RMSE": 0.000701154308293416,
  "MAPE(%)": 2.760026095983303
}