{
  "R2": 0.9715281615228728,
  "MAE": 0.1113118533802595,
  "RMSE": 0.026765474776301354,
  "MAPE(%)": 4.562028829832908
}