{
  "R2": 0.9956042129397338,
  "MAE": 0.010533459173276461,
  "RMSE": 0.00028108058078646906,
  "MAPE(%)": 1.9650177144298935
}