temp,lowp,outp,seed,mode,qt_frac,train_ratio,out_root,model,R2,MAE,RMSE,MAPE(%)
273K,0.5,1,2026,lowq,0.35,0.5,./RUN_FULL_EXP,cat,0.9956042129397338,0.010533459173276461,0.00028108058078646906,1.9650177144298935
