{
  "R2": 0.9876184529516607,
  "MAE": 0.015453141610812335,
  "RMSE": 0.000753049383661109,
  "MAPE(%)": 2.755818665132746
}