{
  "R2": 0.9681860490037789,
  "MAE": 0.10992393651563133,
  "RMSE": 0.0392125359033392,
  "MAPE(%)": 4.745549326478136
}