Feature,Importance
0.5,65.31479789670071
ASA_m2_g,8.733455760823395
AV_VF,6.1287395520115435
AV_cm3_g,5.623421741362031
ASA_m2_cm3,4.577681453779133
cm3_g,2.302145916213289
PLD,2.0992734773490236
LFPD,1.7271840725566727
LCD,1.4058402059706363
Has_OMS,1.2749693423685904
NASA_m2_g,0.3978296641438635
NASA_m2_cm3,0.3419778988834412
NAV_cm3_g,0.07268301783766636
