{
  "R2": 0.9734942136525518,
  "MAE": 0.1066363924100321,
  "RMSE": 0.02475930137964438,
  "MAPE(%)": 4.4079315052015895
}