{
  "R2": 0.38700812130851847,
  "MAE": 0.18384457060784848,
  "RMSE": 0.09172993564883433,
  "MAPE(%)": 53.48431055456615
}