{
  "R2": 0.951415385865061,
  "MAE": 0.17298428236106417,
  "RMSE": 0.07344272337231035,
  "MAPE(%)": 5.607921637064453
}