Feature,Importance
HENRY,50.88805335742817
ASA_m2_g,14.821366330191347
ASA_m2_cm3,6.404225768174885
AV_cm3_g,5.656043373681257
AV_VF,5.4539861791294895
cm3_g,5.368788559827707
LCD,3.1653719966182794
PLD,2.982972016618746
LFPD,2.2981149587031533
Has_OMS,1.5542135490465994
NASA_m2_cm3,0.8546959288925408
NASA_m2_g,0.4598864118495594
NAV_cm3_g,0.0922815698382522
