{
  "R2": 0.9525290514485956,
  "MAE": 0.23979691547887524,
  "RMSE": 0.13117701805204365,
  "MAPE(%)": 6.366035205744396
}