temp,lowp,outp,seed,mode,qt_frac,train_ratio,out_root,model,R2,MAE,RMSE,MAPE(%)
273K,HENRY,15,2029,lowq,0.25,0.5,./RUN_FULL_EXP,cat,0.9525290514485956,0.23979691547887524,0.13117701805204365,6.366035205744396
