Feature,Importance
0.05,66.12527570389575
ASA_m2_cm3,7.647059288004877
ASA_m2_g,5.486416477562667
AV_VF,4.761299259109222
AV_cm3_g,3.1423792686690653
LCD,2.5829499292495015
cm3_g,2.563999227884233
PLD,2.327551709981576
Has_OMS,2.1294226445039897
LFPD,1.8185798595027285
NASA_m2_cm3,0.8979931495287424
NASA_m2_g,0.4325883551914203
NAV_cm3_g,0.08448512691624559
