{
  "R2": 0.9529530956245768,
  "MAE": 0.10269858550862183,
  "RMSE": 0.026594351205781765,
  "MAPE(%)": 5.200775338316902
}