temp,lowp,outp,seed,mode,qt_frac,train_ratio,out_root,model,R2,MAE,RMSE,MAPE(%)
273K,0.05,5,2025,lowq,0.5,0.5,./RUN_FULL_EXP,cat,0.9529530956245768,0.10269858550862183,0.026594351205781765,5.200775338316902
