{
  "R2": 0.9517173859713354,
  "MAE": 0.24030503884923274,
  "RMSE": 0.11204018079028394,
  "MAPE(%)": 6.044992842079102
}