temp,lowp,outp,seed,mode,qt_frac,train_ratio,out_root,model,R2,MAE,RMSE,MAPE(%)
273K,0.01,15,2027,lowq,0.8,0.5,./RUN_FULL_EXP,cat,0.9517173859713354,0.24030503884923274,0.11204018079028394,6.044992842079102
