temp,lowp,outp,seed,mode,qt_frac,train_ratio,out_root,model,R2,MAE,RMSE,MAPE(%)
313K,0.5,5,2027,lowq,0.65,0.5,./RUN_FULL_EXP,cat,0.9829235656725723,0.030408232852462934,0.0021417871429521584,2.7172725718036697
