{
  "R2": 0.9829235656725723,
  "MAE": 0.030408232852462934,
  "RMSE": 0.0021417871429521584,
  "MAPE(%)": 2.7172725718036697
}