{
  "R2": 0.9972304545275973,
  "MAE": 0.003691259975804539,
  "RMSE": 2.7185276738147363e-05,
  "MAPE(%)": 1.4477107544576282
}