Feature,Importance
0.1,85.53504605556367
cm3_g,2.568299289172974
PLD,1.5279201853490312
Has_OMS,1.4401400353076919
AV_VF,1.430128250832752
ASA_m2_g,1.3551522111175898
LFPD,1.3186285410887448
ASA_m2_cm3,1.248553427700201
AV_cm3_g,1.2325251208941788
LCD,1.2274653082627813
NASA_m2_g,0.6739471404118825
NASA_m2_cm3,0.37873919784315996
NAV_cm3_g,0.06345523645535155
