temp,lowp,outp,seed,mode,qt_frac,train_ratio,out_root,model,R2,MAE,RMSE,MAPE(%)
293K,0.1,1,2025,lowq,0.25,0.5,./RUN_FULL_EXP,cat,0.9928085545768985,0.007978075358952237,0.00023287359843977587,2.1686850248270977
