{
  "R2": 0.9928085545768985,
  "MAE": 0.007978075358952237,
  "RMSE": 0.00023287359843977587,
  "MAPE(%)": 2.1686850248270977
}