{
  "R2": 0.3833254452017031,
  "MAE": 0.12036070678666762,
  "RMSE": 0.04025259760650204,
  "MAPE(%)": 54.241882617170425
}