{
  "R2": 0.9954608111560704,
  "MAE": 0.01035177146965882,
  "RMSE": 0.00028239361841390654,
  "MAPE(%)": 1.8778081643127327
}