{
  "R2": 0.996901942029659,
  "MAE": 0.0033561432444855752,
  "RMSE": 2.1398626294919965e-05,
  "MAPE(%)": 1.2566917049666313
}