Feature,Importance
0.1,85.62259607706261
AV_cm3_g,2.1837508790630635
ASA_m2_cm3,2.1219633735626524
AV_VF,1.6978329119752376
cm3_g,1.4337847215839299
Has_OMS,1.3809295621129034
PLD,1.319876790154795
ASA_m2_g,1.0598383350065916
LFPD,1.0102770455674095
LCD,0.8298752895666404
NASA_m2_cm3,0.7478501210460407
NASA_m2_g,0.4941380030985818
NAV_cm3_g,0.09728689019954367
