{
  "R2": 0.9876414899288662,
  "MAE": 0.014008965275016492,
  "RMSE": 0.0005204248238139063,
  "MAPE(%)": 2.5492676515362525
}