{
  "R2": 0.9187685437996604,
  "MAE": 0.095981330463182,
  "RMSE": 0.02405411860724292,
  "MAPE(%)": 7.719529660112853
}