Feature,Importance
0.01,76.501704362725
ASA_m2_cm3,3.553176713609516
cm3_g,2.8339077437896423
Has_OMS,2.6971781536439257
ASA_m2_g,2.3687807464187522
PLD,2.2086394132877993
LFPD,2.173695195103951
AV_cm3_g,2.0532033675420527
AV_VF,1.519572562426094
LCD,1.4461175826717811
NASA_m2_cm3,1.4229060733284518
NASA_m2_g,1.0682624157626437
NAV_cm3_g,0.15285566969038566
