Feature,Importance
0.01,77.18792769305148
ASA_m2_cm3,2.842075072984817
ASA_m2_g,2.6198314190652536
cm3_g,2.5929680208729566
AV_VF,2.5304282246516907
Has_OMS,2.4768532110534713
AV_cm3_g,2.2242253991645566
LFPD,2.069557705926526
PLD,1.817711894926165
LCD,1.7336829933699167
NASA_m2_cm3,1.0199745855931386
NASA_m2_g,0.8775891552610977
NAV_cm3_g,0.007174624078939518
