{
  "R2": 0.9331534459917168,
  "MAE": 0.037390576561094645,
  "RMSE": 0.00967054800218642,
  "MAPE(%)": 8.566454647264043
}