{
  "R2": 0.9097025496544414,
  "MAE": 0.03887358200355962,
  "RMSE": 0.014022275702059387,
  "MAPE(%)": 8.19190868452966
}