temp,lowp,outp,seed,mode,qt_frac,train_ratio,out_root,model,R2,MAE,RMSE,MAPE(%)
273K,0.01,1,2029,struct_with_input,0.03,0.05,./RUN_FULL_EXP,cat,0.9331534459917168,0.037390576561094645,0.00967054800218642,8.566454647264043
