Feature,Importance
0.01,70.61103449985114
ASA_m2_g,5.94786058621109
ASA_m2_cm3,5.54853202541802
AV_VF,4.149870926282902
AV_cm3_g,2.5827527631393545
LCD,2.2840668920283416
cm3_g,2.1895994365777303
PLD,1.865018145621699
Has_OMS,1.6864737093821356
LFPD,1.5472721073769067
NASA_m2_g,0.9661082237402004
NASA_m2_cm3,0.5594196959607342
NAV_cm3_g,0.06199098840974708
