{
  "R2": 0.968345482619511,
  "MAE": 0.05974775221300308,
  "RMSE": 0.007400570787837918,
  "MAPE(%)": 4.057497959787509
}