{
  "R2": 0.9915719291082776,
  "MAE": 0.03354760152667566,
  "RMSE": 0.002629120342378602,
  "MAPE(%)": 2.658883313556771
}