Feature,Importance
0.5,92.71404407105719
cm3_g,0.9903123546116044
AV_VF,0.854164193505452
AV_cm3_g,0.8495436364022799
Has_OMS,0.849012953069542
ASA_m2_g,0.8164833286315214
ASA_m2_cm3,0.6809628950055826
LCD,0.6068510722747433
NASA_m2_cm3,0.5050790593096113
PLD,0.4510481171963676
LFPD,0.37672603050141024
NASA_m2_g,0.23562876808633934
NAV_cm3_g,0.07014352034834008
