{
  "R2": 0.9946693192651705,
  "MAE": 0.00942120072614841,
  "RMSE": 0.0001818945704880001,
  "MAPE(%)": 1.7072910204547105
}