Feature,Importance
0.05,75.404592707758
ASA_m2_g,5.347501627409882
ASA_m2_cm3,3.6967341126236417
AV_cm3_g,3.3861711966311856
AV_VF,2.8662819693798145
cm3_g,1.9805877948926758
Has_OMS,1.7061629046075293
LFPD,1.5060050016173496
LCD,1.4161308593302406
PLD,1.2562999870168605
NASA_m2_cm3,0.7925229933860526
NASA_m2_g,0.5389693758717071
NAV_cm3_g,0.10203946947506493
