{
  "R2": 0.9815837828458953,
  "MAE": 0.033371478764339955,
  "RMSE": 0.002462865900721661,
  "MAPE(%)": 3.025785123421713
}