Feature,Importance
0.05,65.85087108871514
ASA_m2_cm3,6.6442510578344
ASA_m2_g,5.788751871545101
AV_VF,5.7838221540060815
AV_cm3_g,2.835725420807963
cm3_g,2.7610447430438545
PLD,2.4907556158141175
LCD,2.0806251237985305
LFPD,2.07054849413765
Has_OMS,2.0161077080222656
NASA_m2_cm3,0.9465309204947061
NASA_m2_g,0.6334901717795113
NAV_cm3_g,0.09747563000068854
