{
  "R2": 0.9602181469016743,
  "MAE": 0.09877801800521822,
  "RMSE": 0.021716955991892335,
  "MAPE(%)": 4.965671829481928
}