{
  "R2": 0.9712886159688098,
  "MAE": 0.06536705098464084,
  "RMSE": 0.013244951156701197,
  "MAPE(%)": 4.745707971942023
}