temp,lowp,outp,seed,mode,qt_frac,train_ratio,out_root,model,R2,MAE,RMSE,MAPE(%)
293K,0.01,5,2029,lowq,0.05,0.5,./RUN_FULL_EXP,cat,0.9712886159688098,0.06536705098464084,0.013244951156701197,4.745707971942023
