{
  "R2": 0.9521551501147301,
  "MAE": 0.2503013638300535,
  "RMSE": 0.12710328698522702,
  "MAPE(%)": 6.548993597887123
}