{
  "R2": 0.985085223615896,
  "MAE": 0.0068353781254787945,
  "RMSE": 0.00045625117737062765,
  "MAPE(%)": 2.3917969029452655
}