temp,lowp,outp,seed,mode,qt_frac,train_ratio,out_root,model,R2,MAE,RMSE,MAPE(%)
313K,0.05,1,2027,lowq,0.05,0.5,./RUN_FULL_EXP,cat,0.985085223615896,0.0068353781254787945,0.00045625117737062765,2.3917969029452655
