{
  "R2": 0.9573645900949475,
  "MAE": 0.09879525737357608,
  "RMSE": 0.02265582377112008,
  "MAPE(%)": 4.996464594770213
}