{
  "R2": 0.9722970061796432,
  "MAE": 0.1047863771496706,
  "RMSE": 0.02240300803444482,
  "MAPE(%)": 4.230842336105116
}