{
  "R2": 0.9678426130399528,
  "MAE": 0.21570811206962195,
  "RMSE": 0.09794849438977254,
  "MAPE(%)": 6.268496590161078
}