{
  "R2": 0.9565908856406793,
  "MAE": 0.23715213629621343,
  "RMSE": 0.11464513604713089,
  "MAPE(%)": 6.140751684459164
}