Feature,Importance
0.01,70.30850007479766
ASA_m2_g,6.342600088144127
ASA_m2_cm3,5.418707646803151
AV_VF,4.343210604162337
AV_cm3_g,2.4891067945119345
PLD,1.9713762718516685
cm3_g,1.9401964718944464
LCD,1.9317681966142293
LFPD,1.9114104235358258
Has_OMS,1.7457712318189258
NASA_m2_cm3,0.8203338036554968
NASA_m2_g,0.6995131559554794
NAV_cm3_g,0.07750523625471976
