{
  "R2": 0.9708386012361269,
  "MAE": 0.061633255929731255,
  "RMSE": 0.00809960740216661,
  "MAPE(%)": 4.266859787762693
}