temp,lowp,outp,seed,mode,qt_frac,train_ratio,out_root,model,R2,MAE,RMSE,MAPE(%)
273K,0.5,15,2026,lowq,0.55,0.5,./RUN_FULL_EXP,cat,0.954298453264496,0.2291306788608921,0.11588574329806303,5.8630501132558095
