{
  "R2": 0.954298453264496,
  "MAE": 0.2291306788608921,
  "RMSE": 0.11588574329806303,
  "MAPE(%)": 5.8630501132558095
}