Feature,Importance
0.1,86.14836999205717
cm3_g,1.9546977609182654
AV_cm3_g,1.752599895646182
Has_OMS,1.7168990979651124
ASA_m2_g,1.62186125287721
LCD,1.2937313356953462
LFPD,1.1922112672482612
PLD,1.108593796844061
NASA_m2_g,0.8579556102546539
AV_VF,0.8069536916476062
ASA_m2_cm3,0.7966388360203441
NASA_m2_cm3,0.7048001190844986
NAV_cm3_g,0.044687343741336545
