{
  "R2": 0.9912719002902441,
  "MAE": 0.008195341274062464,
  "RMSE": 0.0002668772081309112,
  "MAPE(%)": 2.1954286099821547
}