{
  "R2": 0.9881029999030274,
  "MAE": 0.014317923554221944,
  "RMSE": 0.0005361745306936202,
  "MAPE(%)": 2.5978301914283266
}