temp,lowp,outp,seed,mode,qt_frac,train_ratio,out_root,model,R2,MAE,RMSE,MAPE(%)
273K,0.1,5,2027,lowq,0.6,0.5,./RUN_FULL_EXP,cat,0.9552165746341489,0.09902495329593203,0.02318496066915251,4.96080989988612
