{
  "R2": 0.9552165746341489,
  "MAE": 0.09902495329593203,
  "RMSE": 0.02318496066915251,
  "MAPE(%)": 4.96080989988612
}