Feature,Importance
0.01,59.03634459996322
ASA_m2_g,10.616027167671525
AV_cm3_g,5.744739792077435
ASA_m2_cm3,5.742436881879012
AV_VF,4.9100099954355585
cm3_g,4.70385614798925
LCD,2.2593742762147
PLD,2.114947554446629
LFPD,2.008107258339934
Has_OMS,1.4609365139362889
NASA_m2_cm3,0.855006465015458
NASA_m2_g,0.48691392398170635
NAV_cm3_g,0.061299423049262385
