{
  "R2": 0.9701174260251906,
  "MAE": 0.12384296659791218,
  "RMSE": 0.03615496647115685,
  "MAPE(%)": 5.305795827637712
}