temp,lowp,outp,seed,mode,qt_frac,train_ratio,out_root,model,R2,MAE,RMSE,MAPE(%)
313K,0.01,15,2029,lowq,0.05,0.5,./RUN_FULL_EXP,cat,0.9701174260251906,0.12384296659791218,0.03615496647115685,5.305795827637712
