Feature,Importance
0.01,72.07838449669951
ASA_m2_g,4.379948660232225
ASA_m2_cm3,3.968081951874495
AV_VF,3.377621714017665
AV_cm3_g,2.82350587007887
LFPD,2.590642112191515
Has_OMS,2.5388227751077865
LCD,2.1932494607808146
cm3_g,2.091273461596111
PLD,1.7230412829995112
NASA_m2_g,1.1799730595938638
NASA_m2_cm3,0.927379715871046
NAV_cm3_g,0.12807543895657786
