{
  "R2": 0.9583722100831348,
  "MAE": 0.07885300351585106,
  "RMSE": 0.01922914087453883,
  "MAPE(%)": 5.877967720078466
}