Feature,Importance
0.05,86.83891892388931
cm3_g,2.4957385681965425
AV_cm3_g,1.6511739813661641
LCD,1.394414534408614
AV_VF,1.3642815913499797
Has_OMS,1.1983635351294688
ASA_m2_cm3,1.155325335429404
ASA_m2_g,1.0321599321435622
PLD,0.9195411764947282
LFPD,0.7772640423221998
NASA_m2_cm3,0.5507197222422574
NASA_m2_g,0.5187885268285265
NAV_cm3_g,0.10331013019922054
