{
  "R2": 0.9901503912437511,
  "MAE": 0.008997584960185037,
  "RMSE": 0.00034277988709004273,
  "MAPE(%)": 2.4724125136228174
}