Feature,Importance
0.01,56.12107271459805
ASA_m2_g,10.639960300175971
ASA_m2_cm3,7.860020101503067
AV_cm3_g,6.6530388173765
cm3_g,4.684383251516516
LCD,3.014611310752125
AV_VF,2.881672141051725
PLD,2.4636465517241124
Has_OMS,2.042681869442663
LFPD,1.6548508514305231
NASA_m2_g,1.0653096752446085
NASA_m2_cm3,0.9108753511482016
NAV_cm3_g,0.0078770640359283
