temp,lowp,outp,seed,mode,qt_frac,train_ratio,out_root,model,R2,MAE,RMSE,MAPE(%)
293K,0.01,1,2029,lowq,0.4,0.5,./RUN_FULL_EXP,cat,0.9904408898176069,0.010090779148041847,0.00023973159979687552,2.847168262201798
