{
  "R2": 0.9904408898176069,
  "MAE": 0.010090779148041847,
  "RMSE": 0.00023973159979687552,
  "MAPE(%)": 2.847168262201798
}