temp,lowp,outp,seed,mode,qt_frac,train_ratio,out_root,model,R2,MAE,RMSE,MAPE(%)
313K,0.1,5,2025,lowq,0.25,0.5,./RUN_FULL_EXP,cat,0.9846202559241513,0.03339203102724538,0.0028859900669382637,3.1475040507304866
