{
  "R2": 0.9846202559241513,
  "MAE": 0.03339203102724538,
  "RMSE": 0.0028859900669382637,
  "MAPE(%)": 3.1475040507304866
}