{
  "R2": 0.9056962250917369,
  "MAE": 0.10297874214998642,
  "RMSE": 0.028392830462945686,
  "MAPE(%)": 8.319097383220281
}