{
  "R2": 0.9617047252300754,
  "MAE": 0.22995681445605778,
  "RMSE": 0.11664394593432016,
  "MAPE(%)": 6.685264719062796
}