{
  "R2": 0.9704978115073123,
  "MAE": 0.06324178825422641,
  "RMSE": 0.00955061118402888,
  "MAPE(%)": 4.374923006582305
}