{
  "R2": 0.968083515491403,
  "MAE": 0.15394023991687708,
  "RMSE": 0.06032587494802567,
  "MAPE(%)": 5.502886387914926
}