Feature,Importance
0.5,55.36717828067261
ASA_m2_g,15.737715280107688
AV_VF,5.569710956864029
ASA_m2_cm3,4.902280907832145
cm3_g,4.455339815651729
AV_cm3_g,4.020070827728208
PLD,2.4543372445066756
LCD,2.4364634458597174
LFPD,2.2014846985922603
Has_OMS,1.4586315124139868
NASA_m2_cm3,0.8207674544584735
NASA_m2_g,0.4406413560391682
NAV_cm3_g,0.1353782192733095
