Feature,Importance
0.5,92.61843018989782
cm3_g,1.3659840350309185
AV_cm3_g,1.1130966077495277
AV_VF,0.8573339437786378
Has_OMS,0.8353815336925968
ASA_m2_cm3,0.6652255221018261
ASA_m2_g,0.5909481607896206
PLD,0.5718168136248366
LFPD,0.4674770127993462
LCD,0.3751391585247882
NASA_m2_cm3,0.2665189994028417
NASA_m2_g,0.14385595415678967
NAV_cm3_g,0.12879206845043836
