{
  "R2": 0.996053297190678,
  "MAE": 0.005791388303677573,
  "RMSE": 7.388808305508132e-05,
  "MAPE(%)": 1.5449110338161438
}