{
  "R2": 0.964287699064124,
  "MAE": 0.16304484341957365,
  "RMSE": 0.059153803017989386,
  "MAPE(%)": 5.4131673980592145
}