temp,lowp,outp,seed,mode,qt_frac,train_ratio,out_root,model,R2,MAE,RMSE,MAPE(%)
293K,HENRY,15,2027,lowq,0.3,0.5,./RUN_FULL_EXP,cat,0.964287699064124,0.16304484341957365,0.059153803017989386,5.4131673980592145
