{
  "R2": 0.5395250464431933,
  "MAE": 0.4406622504711291,
  "RMSE": 0.3910505141764859,
  "MAPE(%)": 33.14122028732029
}