{
  "R2": 0.9925217239375502,
  "MAE": 0.007323656296738996,
  "RMSE": 0.00010646336065887431,
  "MAPE(%)": 1.9456617506890392
}