{
  "R2": 0.9932011943473193,
  "MAE": 0.008073173352162937,
  "RMSE": 0.00023540968843657964,
  "MAPE(%)": 2.2105029064458286
}