{
  "R2": 0.9873755349499781,
  "MAE": 0.015199748029801476,
  "RMSE": 0.0008222552538149702,
  "MAPE(%)": 2.768051647371928
}