temp,lowp,outp,seed,mode,qt_frac,train_ratio,out_root,model,R2,MAE,RMSE,MAPE(%)
273K,0.1,1,2028,lowq,0.35,0.5,./RUN_FULL_EXP,cat,0.9873755349499781,0.015199748029801476,0.0008222552538149702,2.768051647371928
