{
  "R2": 0.9909428667739827,
  "MAE": 0.010967851682946226,
  "RMSE": 0.00033582944279873583,
  "MAPE(%)": 3.205814512912218
}