Feature,Importance
0.01,84.31553773505354
ASA_m2_g,2.168741196958121
cm3_g,2.008961356702266
Has_OMS,1.7443072610131087
LCD,1.539621054104485
LFPD,1.4442011200848992
AV_VF,1.3797240506065027
AV_cm3_g,1.298130391030537
ASA_m2_cm3,1.1856707512626772
PLD,1.0314241881805197
NASA_m2_g,1.0076520218180074
NASA_m2_cm3,0.834491808511686
NAV_cm3_g,0.04153706467360481
