temp,lowp,outp,seed,mode,qt_frac,train_ratio,out_root,model,R2,MAE,RMSE,MAPE(%)
293K,0.01,1,2027,lowq,0.35,0.5,./RUN_FULL_EXP,cat,0.9904412994052219,0.010227891551474584,0.0002557558575484603,2.912287966082816
