{
  "R2": 0.9904412994052219,
  "MAE": 0.010227891551474584,
  "RMSE": 0.0002557558575484603,
  "MAPE(%)": 2.912287966082816
}