{
  "R2": 0.963816026345047,
  "MAE": 0.1706996179227784,
  "RMSE": 0.06119661614240265,
  "MAPE(%)": 5.799961565435728
}