temp,lowp,outp,seed,mode,qt_frac,train_ratio,out_root,model,R2,MAE,RMSE,MAPE(%)
273K,0.05,1,2025,lowq,0.4,0.5,./RUN_FULL_EXP,cat,0.9840072049612637,0.016222825188240596,0.0009652796678322442,2.8917167818120393
