{
  "R2": 0.9840072049612637,
  "MAE": 0.016222825188240596,
  "RMSE": 0.0009652796678322442,
  "MAPE(%)": 2.8917167818120393
}