{
  "R2": 0.19118188852989315,
  "MAE": 0.14917163005413744,
  "RMSE": 0.05887336239646128,
  "MAPE(%)": 61.401013854395
}