{
  "R2": 0.9872290910856623,
  "MAE": 0.03986236667397447,
  "RMSE": 0.0058636110246988145,
  "MAPE(%)": 2.731561118066627
}