Feature,Importance
0.01,81.67301189963084
ASA_m2_g,2.86518104868728
Has_OMS,2.3345566817523262
AV_VF,2.200684974310259
LFPD,1.9201811193042257
cm3_g,1.7653689583382342
ASA_m2_cm3,1.7463640888419065
AV_cm3_g,1.6542464255380915
LCD,1.5267483481513417
PLD,1.1438462733859538
NASA_m2_cm3,0.7916859136835105
NASA_m2_g,0.33275830625846164
NAV_cm3_g,0.0453659621175314
