{
  "R2": 0.9428705723979038,
  "MAE": 0.02567653506664844,
  "RMSE": 0.009152959075964818,
  "MAPE(%)": 4.247036752737287
}