Feature,Importance
0.01,48.062015217850785
ASA_m2_g,14.959337628317263
ASA_m2_cm3,7.854703361469281
AV_cm3_g,6.850490079377408
AV_VF,5.299047483445051
cm3_g,5.02306168988126
PLD,3.32869009518377
LFPD,2.4564835923615287
LCD,2.4368600045028
Has_OMS,2.0077860577717757
NASA_m2_g,0.9990073175088385
NASA_m2_cm3,0.6592154849488512
NAV_cm3_g,0.06330198738136679
