temp,lowp,outp,seed,mode,qt_frac,train_ratio,out_root,model,R2,MAE,RMSE,MAPE(%)
273K,0.01,15,2028,lowq,0.1,0.5,./RUN_FULL_EXP,cat,0.9616790618753839,0.23365815937146792,0.1155232750694648,6.456670568115584
