{
  "R2": 0.9616790618753839,
  "MAE": 0.23365815937146792,
  "RMSE": 0.1155232750694648,
  "MAPE(%)": 6.456670568115584
}