{
  "R2": 0.957689069358002,
  "MAE": 0.01488772183562686,
  "RMSE": 0.003352943102912436,
  "MAPE(%)": 3.4072214068255247
}