Feature,Importance
0.05,72.86607827354192
AV_VF,5.672020265158779
ASA_m2_g,5.204703586474678
ASA_m2_cm3,3.518444191649388
AV_cm3_g,2.873640314148275
PLD,2.1696416878077316
LFPD,1.7306871687303425
cm3_g,1.6735739380586971
LCD,1.575669481172329
Has_OMS,1.5214282063744946
NASA_m2_cm3,0.7175656105822501
NASA_m2_g,0.3862794895144705
NAV_cm3_g,0.09026778678664933
