{
  "R2": 0.9749228415483767,
  "MAE": 0.05990348859235685,
  "RMSE": 0.010323388021193364,
  "MAPE(%)": 4.179760748194471
}