{
  "R2": 0.9560865271046203,
  "MAE": 0.22891478594476647,
  "RMSE": 0.10445600336277713,
  "MAPE(%)": 5.788796284467447
}