Feature,Importance
0.01,79.87733657741894
ASA_m2_cm3,3.5463982367421476
Has_OMS,3.376968668614948
AV_VF,2.11180541924888
AV_cm3_g,2.020258193746285
cm3_g,1.8947580587652568
ASA_m2_g,1.6298183550658363
LCD,1.4831475850104945
LFPD,1.4526551854562708
PLD,1.3671088194181702
NASA_m2_cm3,0.5899691598259966
NASA_m2_g,0.5569129762177217
NAV_cm3_g,0.09286276446906153
