{
  "R2": 0.9848576706542272,
  "MAE": 0.01852902241209814,
  "RMSE": 0.0011459123116599136,
  "MAPE(%)": 3.490152173321394
}