{
  "R2": 0.9858830926809306,
  "MAE": 0.018686378311339513,
  "RMSE": 0.0010930031397441832,
  "MAPE(%)": 3.4652945739001497
}