temp,lowp,outp,seed,mode,qt_frac,train_ratio,out_root,model,R2,MAE,RMSE,MAPE(%)
273K,0.5,5,2028,lowr,0.75,0.5,./RUN_FULL_EXP,cat,0.9745385480274485,0.09190257874279956,0.02242703210079432,5.110406968494012
