temp,lowp,outp,seed,mode,qt_frac,train_ratio,out_root,model,R2,MAE,RMSE,MAPE(%)
313K,0.05,15,2025,lowq,0.45,0.5,./RUN_FULL_EXP,cat,0.9716727999322466,0.11245206538019553,0.026356425315946858,4.591921309610067
