{
  "R2": 0.9716727999322466,
  "MAE": 0.11245206538019553,
  "RMSE": 0.026356425315946858,
  "MAPE(%)": 4.591921309610067
}