{
  "R2": 0.978170276353511,
  "MAE": 0.012837175437772111,
  "RMSE": 0.0014724666481105502,
  "MAPE(%)": 3.3133614573171792
}