Feature,Importance
0.5,70.69284412240188
ASA_m2_cm3,5.925226036297432
ASA_m2_g,5.031286119101978
AV_VF,4.829006677520054
AV_cm3_g,3.783310608937347
cm3_g,2.1311013537734675
PLD,1.881322547508606
LCD,1.8763597472445666
LFPD,1.7311549000169426
Has_OMS,1.3336901901603753
NASA_m2_cm3,0.4718844034896078
NASA_m2_g,0.26637273524847094
NAV_cm3_g,0.04644055829927714
