{
  "R2": 0.9560704003456568,
  "MAE": 0.0908756154086426,
  "RMSE": 0.018371432546938214,
  "MAPE(%)": 4.487244719479143
}