Feature,Importance
HENRY,84.40495193683505
Has_OMS,2.4258731267868554
cm3_g,1.9273211299493336
ASA_m2_g,1.873631415547783
LCD,1.7078769124203257
AV_cm3_g,1.567404774471736
AV_VF,1.2699576999932223
ASA_m2_cm3,1.246515174524338
LFPD,1.2400778470369824
NASA_m2_cm3,1.0289264170414922
PLD,0.7956971534571116
NASA_m2_g,0.418248653086891
NAV_cm3_g,0.09351775884886611
