{
  "R2": 0.9958608888046201,
  "MAE": 0.004160742868946339,
  "RMSE": 4.042713413604712e-05,
  "MAPE(%)": 1.6190942973958635
}