temp,lowp,outp,seed,mode,qt_frac,train_ratio,out_root,model,R2,MAE,RMSE,MAPE(%)
313K,HENRY,1,2029,lowq,0.5,0.5,./RUN_FULL_EXP,cat,0.9958608888046201,0.004160742868946339,4.042713413604712e-05,1.6190942973958635
