Feature,Importance
0.01,81.60869887010415
ASA_m2_g,2.268788209696467
PLD,2.1068808965725174
AV_VF,2.0976039892165423
ASA_m2_cm3,2.0243405161541257
cm3_g,1.908288957288419
AV_cm3_g,1.7453054898880715
LFPD,1.5479647442658044
Has_OMS,1.4433965250499805
LCD,1.4399854407888613
NASA_m2_cm3,0.9010667096128505
NASA_m2_g,0.8422553208132681
NAV_cm3_g,0.06542433054891536
