{
  "R2": 0.9862736437112811,
  "MAE": 0.016868529969484656,
  "RMSE": 0.000712050615064335,
  "MAPE(%)": 3.161873611509456
}