Feature,Importance
0.05,82.60080242395277
AV_cm3_g,2.5798549807291793
ASA_m2_cm3,2.1507754607823393
AV_VF,1.9853083697758886
Has_OMS,1.8860498090559847
cm3_g,1.7841688575603074
PLD,1.7186451087266064
ASA_m2_g,1.477731691421977
LCD,1.4276381223298973
LFPD,1.1954737540048916
NASA_m2_cm3,0.6274259489431532
NASA_m2_g,0.5037376691363029
NAV_cm3_g,0.062387803580681515
