{
  "R2": 0.9860395764313699,
  "MAE": 0.017214806386254104,
  "RMSE": 0.0012004827144746044,
  "MAPE(%)": 3.0148017290241675
}