temp,lowp,outp,seed,mode,qt_frac,train_ratio,out_root,model,R2,MAE,RMSE,MAPE(%)
313K,0.01,1,2029,lowq,0.55,0.5,./RUN_FULL_EXP,cat,0.9905840324321679,0.006853453855301564,8.549947125862802e-05,2.7202411764953984
