{
  "R2": 0.9905840324321679,
  "MAE": 0.006853453855301564,
  "RMSE": 8.549947125862802e-05,
  "MAPE(%)": 2.7202411764953984
}