{
  "R2": 0.9566577903449809,
  "MAE": 0.18300079440170597,
  "RMSE": 0.07913654654051455,
  "MAPE(%)": 6.2805518490229
}