{
  "R2": 0.9650895729614921,
  "MAE": 0.1679683753175416,
  "RMSE": 0.05881049849552417,
  "MAPE(%)": 5.668195655103656
}