{
  "R2": 0.9574135411544205,
  "MAE": 0.23784630124119613,
  "RMSE": 0.12680541876520565,
  "MAPE(%)": 6.5800461484746355
}