temp,lowp,outp,seed,mode,qt_frac,train_ratio,out_root,model,R2,MAE,RMSE,MAPE(%)
273K,0.05,15,2027,lowq,0.15,0.5,./RUN_FULL_EXP,cat,0.9574135411544205,0.23784630124119613,0.12680541876520565,6.5800461484746355
