{
  "R2": 0.9595675117798558,
  "MAE": 0.02552451134397431,
  "RMSE": 0.006342466293258531,
  "MAPE(%)": 4.335825338079346
}