{
  "R2": 0.9935281225850499,
  "MAE": 0.007640835719598327,
  "RMSE": 0.0001502210593681395,
  "MAPE(%)": 2.054365009299098
}