Feature,Importance
HENRY,83.83189667430908
cm3_g,2.318331759704207
ASA_m2_g,1.9229309067083449
Has_OMS,1.8032915817818163
PLD,1.6974141568918595
LFPD,1.6588053805971874
AV_VF,1.5323445452354056
LCD,1.4383238676062915
AV_cm3_g,1.4135802074247799
ASA_m2_cm3,1.3368444565211055
NASA_m2_cm3,0.5231726544340363
NASA_m2_g,0.438880139908693
NAV_cm3_g,0.08418366887718137
