{
  "R2": 0.992315705816251,
  "MAE": 0.007853005295276085,
  "RMSE": 0.00019502567284578713,
  "MAPE(%)": 2.1161231536582776
}