Feature,Importance
0.05,85.65865366706898
cm3_g,1.8585776784830497
ASA_m2_g,1.8290420628221529
AV_cm3_g,1.5858372501512759
Has_OMS,1.5274393542187756
LCD,1.2739691059751348
AV_VF,1.2308245023302362
LFPD,1.2247327740709624
ASA_m2_cm3,1.2074853788017328
PLD,1.0771557795450626
NASA_m2_cm3,0.7865703642644326
NASA_m2_g,0.6758772282793387
NAV_cm3_g,0.06383485398888669
