{
  "R2": 0.9916665632650565,
  "MAE": 0.007926390158793857,
  "RMSE": 0.0001582285272606194,
  "MAPE(%)": 2.1691469850799003
}