{
  "R2": 0.9608480970366107,
  "MAE": 0.2230988129676118,
  "RMSE": 0.11094191498051566,
  "MAPE(%)": 5.956436001837067
}