{
  "R2": 0.9571897988824221,
  "MAE": 0.17928603270757643,
  "RMSE": 0.08138306617033936,
  "MAPE(%)": 6.419587653616417
}