Feature,Importance
0.01,56.29497216713914
ASA_m2_g,12.225497698342528
ASA_m2_cm3,6.505235497326162
AV_cm3_g,6.476047632604769
AV_VF,5.289949369073638
cm3_g,3.3243456181120767
PLD,2.8542442522122764
LFPD,2.4173739979549977
LCD,1.5640004982824924
Has_OMS,1.500090351580054
NASA_m2_cm3,0.8025937140012048
NASA_m2_g,0.6444347740029782
NAV_cm3_g,0.10121442936767983
