{
  "R2": 0.946378536843022,
  "MAE": 0.24666355140142715,
  "RMSE": 0.1388225041478094,
  "MAPE(%)": 6.32933396643698
}