{
  "R2": 0.9679027445503948,
  "MAE": 0.06209705362961954,
  "RMSE": 0.009170792943764166,
  "MAPE(%)": 4.260607235564604
}