Feature,Importance
0.01,63.03230296203234
ASA_m2_g,8.052669075919304
ASA_m2_cm3,5.92689284872621
AV_VF,4.721635761591829
AV_cm3_g,4.360494017893354
LCD,2.608558265107775
PLD,2.5731105233823266
LFPD,2.458062382374423
cm3_g,2.2639799979366506
Has_OMS,1.8434514810680265
NASA_m2_cm3,1.1575465980982933
NASA_m2_g,0.8899265029464275
NAV_cm3_g,0.11136958292303573
