temp,lowp,outp,seed,mode,qt_frac,train_ratio,out_root,model,R2,MAE,RMSE,MAPE(%)
273K,0.01,5,2027,lowq,0.15,0.5,./RUN_FULL_EXP,cat,0.9614001865877142,0.1072997384166511,0.028729970203795294,5.515861478665211
