{
  "R2": 0.9614001865877142,
  "MAE": 0.1072997384166511,
  "RMSE": 0.028729970203795294,
  "MAPE(%)": 5.515861478665211
}