{
  "R2": 0.9841239796247191,
  "MAE": 0.01863944915954036,
  "RMSE": 0.000944601653490998,
  "MAPE(%)": 3.4334836713715116
}