{
  "R2": 0.9455794093984429,
  "MAE": 0.21619665321092715,
  "RMSE": 0.10040530497233428,
  "MAPE(%)": 7.723318030507732
}