Feature,Importance
0.01,81.33458236731333
LFPD,2.4925372326836213
Has_OMS,2.4708536009366315
AV_VF,2.0975375644280674
cm3_g,2.0818527253190413
LCD,1.906091146173951
AV_cm3_g,1.8720781074672947
ASA_m2_cm3,1.487853492883659
ASA_m2_g,1.324812730105282
NASA_m2_g,1.1716425657654637
PLD,0.9283413531016667
NASA_m2_cm3,0.6150685928099967
NAV_cm3_g,0.21674852101200537
