{
  "R2": 0.9790037721029483,
  "MAE": 0.014133401980851485,
  "RMSE": 0.0009112208331731367,
  "MAPE(%)": 4.03147308879314
}