temp,lowp,outp,seed,mode,qt_frac,train_ratio,out_root,model,R2,MAE,RMSE,MAPE(%)
293K,0.01,1,2028,struct_with_input,0.15,0.15,./RUN_FULL_EXP,cat,0.9790037721029483,0.014133401980851485,0.0009112208331731367,4.03147308879314
