{
  "R2": 0.9877303758502436,
  "MAE": 0.016566509601101616,
  "RMSE": 0.0011450669722323783,
  "MAPE(%)": 3.020609473079839
}