{
  "R2": 0.9825641200555725,
  "MAE": 0.034569206779954016,
  "RMSE": 0.0031147658035268065,
  "MAPE(%)": 3.2203883084748024
}