temp,lowp,outp,seed,mode,qt_frac,train_ratio,out_root,model,R2,MAE,RMSE,MAPE(%)
313K,0.1,5,2028,lowq,0.35,0.5,./RUN_FULL_EXP,cat,0.9825641200555725,0.034569206779954016,0.0031147658035268065,3.2203883084748024
