{
  "R2": 0.9906851875660121,
  "MAE": 0.007004246018376614,
  "RMSE": 9.938759970854811e-05,
  "MAPE(%)": 2.8160848831963743
}