{
  "R2": 0.9585587137461766,
  "MAE": 0.23328948146444115,
  "RMSE": 0.1252807265688718,
  "MAPE(%)": 6.82186619013498
}