Feature,Importance
0.01,60.89872015956204
ASA_m2_g,11.380097150996802
AV_cm3_g,5.778996878455328
ASA_m2_cm3,5.725724422449469
AV_VF,4.491494484009626
cm3_g,3.306849949182417
LCD,2.37508550531612
PLD,2.094710123872077
LFPD,1.5496502694823975
Has_OMS,0.9819795677897712
NASA_m2_g,0.665420260018064
NASA_m2_cm3,0.6594054047751989
NAV_cm3_g,0.09186582409068114
