{
  "R2": 0.9723188655607763,
  "MAE": 0.11779919057783327,
  "RMSE": 0.029037184660977516,
  "MAPE(%)": 4.917004276385577
}