Feature,Importance
0.5,77.0753697054521
ASA_m2_cm3,4.373125513242766
AV_VF,3.612023165641476
ASA_m2_g,3.5267944713675097
AV_cm3_g,2.3232379038849094
cm3_g,2.108829202210105
LCD,1.8254123506588114
Has_OMS,1.519666835178293
PLD,1.358338252649718
LFPD,1.1174578291250772
NASA_m2_cm3,0.843088210766956
NASA_m2_g,0.2633056687853694
NAV_cm3_g,0.053350891036903755
