temp,lowp,outp,seed,mode,qt_frac,train_ratio,out_root,model,R2,MAE,RMSE,MAPE(%)
293K,0.5,5,2029,lowq,0.55,0.5,./RUN_FULL_EXP,cat,0.9738026584618824,0.05309539505516641,0.006889467517540825,3.6012899912393745
