{
  "R2": 0.9738026584618824,
  "MAE": 0.05309539505516641,
  "RMSE": 0.006889467517540825,
  "MAPE(%)": 3.6012899912393745
}