Feature,Importance
0.01,85.29080238872199
cm3_g,2.4080860678088607
LFPD,1.6363793005463436
ASA_m2_g,1.602671520245765
LCD,1.579261172808738
Has_OMS,1.4410481173625653
AV_VF,1.4244232018896976
PLD,1.2500020691235103
ASA_m2_cm3,1.2029828148214987
AV_cm3_g,1.1750599361752356
NASA_m2_cm3,0.49156578991907124
NASA_m2_g,0.43966492311390054
NAV_cm3_g,0.058052697462810755
