{
  "R2": 0.9898385891212966,
  "MAE": 0.010050503331077631,
  "RMSE": 0.00027485896519701124,
  "MAPE(%)": 2.8168573506616137
}