Feature,Importance
0.05,61.706103673055914
ASA_m2_g,7.752982002348127
AV_VF,7.724634199268294
AV_cm3_g,6.410941423462613
ASA_m2_cm3,4.413591904388323
cm3_g,3.498625557486696
PLD,2.207557876546552
LFPD,2.065862731857372
LCD,1.7186382723631004
Has_OMS,1.4431618264952586
NASA_m2_g,0.5173309042057681
NASA_m2_cm3,0.46754525689854887
NAV_cm3_g,0.07302437162343865
