{
  "R2": 0.9628232808650985,
  "MAE": 0.1152248553084655,
  "RMSE": 0.04290969292334326,
  "MAPE(%)": 4.801410827672101
}