{
  "R2": 0.9670318277062786,
  "MAE": 0.16686535330507896,
  "RMSE": 0.061956652076681044,
  "MAPE(%)": 5.883730304831228
}