Feature,Importance
0.1,72.51053287570899
ASA_m2_g,7.073744734912941
ASA_m2_cm3,4.2900499765707485
AV_VF,3.857177354094675
AV_cm3_g,2.408028076652091
cm3_g,2.1185680481818845
LCD,1.9149043578918763
LFPD,1.696100174952796
PLD,1.543428410241754
Has_OMS,1.1998128311041902
NASA_m2_cm3,0.7679307077675833
NASA_m2_g,0.4724847600116486
NAV_cm3_g,0.14723769190880767
