{
  "R2": 0.9723884774582698,
  "MAE": 0.058781963101612246,
  "RMSE": 0.011204122257751177,
  "MAPE(%)": 4.177890465805127
}