Feature,Importance
0.5,72.42463096180902
ASA_m2_g,5.550357088287064
ASA_m2_cm3,5.342213453072463
AV_VF,3.6358661952054514
AV_cm3_g,2.8540023155535095
cm3_g,2.1598545493115466
PLD,2.0221730102505644
Has_OMS,1.6678710302957311
LCD,1.6484687136210312
LFPD,1.514444875763693
NASA_m2_cm3,0.7782386934165711
NASA_m2_g,0.3767850935495144
NAV_cm3_g,0.025094019863849248
