{
  "R2": 0.9692802900297166,
  "MAE": 0.09073061719901443,
  "RMSE": 0.019813761580754787,
  "MAPE(%)": 4.679677434934234
}