temp,lowp,outp,seed,mode,qt_frac,train_ratio,out_root,model,R2,MAE,RMSE,MAPE(%)
273K,0.5,5,2028,lowq,0.3,0.5,./RUN_FULL_EXP,cat,0.9692802900297166,0.09073061719901443,0.019813761580754787,4.679677434934234
