temp,lowp,outp,seed,mode,qt_frac,train_ratio,out_root,model,R2,MAE,RMSE,MAPE(%)
273K,0.5,1,2029,lowq,0.05,0.5,./RUN_FULL_EXP,cat,0.9914124950485348,0.013000783018074986,0.0011977266709240855,2.192149003718896
