{
  "R2": 0.9914124950485348,
  "MAE": 0.013000783018074986,
  "RMSE": 0.0011977266709240855,
  "MAPE(%)": 2.192149003718896
}