Feature,Importance
0.1,71.32869437612871
ASA_m2_g,6.691436223931962
ASA_m2_cm3,5.057315399042053
AV_cm3_g,3.447030119621092
AV_VF,3.3538399903412706
LCD,1.9679083160725142
PLD,1.7906117586337702
cm3_g,1.654722948024541
Has_OMS,1.6239406460244137
LFPD,1.5487810398574202
NASA_m2_cm3,0.8765686566880357
NASA_m2_g,0.5689762292421502
NAV_cm3_g,0.09017429639206687
