temp,lowp,outp,seed,mode,qt_frac,train_ratio,out_root,model,R2,MAE,RMSE,MAPE(%)
293K,0.1,5,2027,lowq,0.15,0.5,./RUN_FULL_EXP,cat,0.9751136710612585,0.058590685911859175,0.01000671356823138,3.9886811822393224
