{
  "R2": 0.9751136710612585,
  "MAE": 0.058590685911859175,
  "RMSE": 0.01000671356823138,
  "MAPE(%)": 3.9886811822393224
}