temp,lowp,outp,seed,mode,qt_frac,train_ratio,out_root,model,R2,MAE,RMSE,MAPE(%)
293K,HENRY,1,2025,lowq,0.7,0.5,./RUN_FULL_EXP,cat,0.9923964815949395,0.007025072609487551,0.00012747237599159864,1.8643587779329487
