{
  "R2": 0.9923964815949395,
  "MAE": 0.007025072609487551,
  "RMSE": 0.00012747237599159864,
  "MAPE(%)": 1.8643587779329487
}