Feature,Importance
0.01,54.98353880584023
ASA_m2_g,15.434608267422348
AV_VF,5.571250080691623
ASA_m2_cm3,5.35628389931692
AV_cm3_g,5.123101761976937
cm3_g,3.1360216714555706
PLD,2.932615698949161
LFPD,2.546201654747474
LCD,2.2829678015068904
Has_OMS,1.3145449939981366
NASA_m2_cm3,0.7476188442574853
NASA_m2_g,0.522406063169113
NAV_cm3_g,0.04884045666810592
