{
  "R2": 0.9656164778313642,
  "MAE": 0.1674671684596783,
  "RMSE": 0.05985854810796795,
  "MAPE(%)": 5.700021559828787
}