Feature,Importance
0.1,84.82131706543841
AV_VF,2.245520902751244
ASA_m2_cm3,1.9561262320141837
cm3_g,1.597018912306945
ASA_m2_g,1.5956770016650659
Has_OMS,1.5646529952840218
AV_cm3_g,1.4973418144894908
PLD,1.4223160538063566
LFPD,1.078786545469591
LCD,1.0645115966078755
NASA_m2_cm3,0.5655134708465349
NASA_m2_g,0.505995417648449
NAV_cm3_g,0.08522199167186244
