{
  "R2": 0.9891174386839812,
  "MAE": 0.014568057917920705,
  "RMSE": 0.0006082820993964628,
  "MAPE(%)": 2.6606785938351387
}