Feature,Importance
0.05,66.21503577751832
ASA_m2_g,7.347893837673686
ASA_m2_cm3,6.161843887068138
AV_VF,4.389841251680375
AV_cm3_g,3.5329834532320197
PLD,2.4144710099841182
cm3_g,2.2467292104185073
LCD,2.2332743228617584
LFPD,2.16722826559423
Has_OMS,1.765934498385368
NASA_m2_cm3,0.7984345257826911
NASA_m2_g,0.6607997618623065
NAV_cm3_g,0.06553019793847842
