{
  "R2": 0.9627255442461639,
  "MAE": 0.10249087070577424,
  "RMSE": 0.028927256246575644,
  "MAPE(%)": 5.309065770462684
}