temp,lowp,outp,seed,mode,qt_frac,train_ratio,out_root,model,R2,MAE,RMSE,MAPE(%)
273K,0.05,5,2026,lowq,0.1,0.5,./RUN_FULL_EXP,cat,0.9627255442461639,0.10249087070577424,0.028927256246575644,5.309065770462684
