{
  "R2": 0.960277347223227,
  "MAE": 0.015143183164991168,
  "RMSE": 0.002924344920747243,
  "MAPE(%)": 3.761950460871059
}