Feature,Importance
0.05,88.99538825150535
cm3_g,1.3702275399221175
ASA_m2_cm3,1.3114676463489854
AV_VF,1.2408583448182038
AV_cm3_g,1.2129941171401275
Has_OMS,1.2077127282374642
ASA_m2_g,1.1490763170510705
PLD,1.1104750739589413
LFPD,1.0515762235116834
LCD,0.7067319167798143
NASA_m2_cm3,0.32329091297553514
NASA_m2_g,0.27659879858805275
NAV_cm3_g,0.0436021291626424
