{
  "R2": 0.994006559932844,
  "MAE": 0.004746402045149352,
  "RMSE": 4.782879190947346e-05,
  "MAPE(%)": 1.8260540348866605
}