{
  "R2": 0.96995601306329,
  "MAE": 0.15405638635682145,
  "RMSE": 0.05318305608246626,
  "MAPE(%)": 5.332720376593744
}