temp,lowp,outp,seed,mode,qt_frac,train_ratio,out_root,model,R2,MAE,RMSE,MAPE(%)
293K,0.5,15,2027,lowq,0.15,0.5,./RUN_FULL_EXP,cat,0.96995601306329,0.15405638635682145,0.05318305608246626,5.332720376593744
