{
  "R2": 0.9930406286962731,
  "MAE": 0.0325003341460744,
  "RMSE": 0.002565900150166111,
  "MAPE(%)": 2.5946786347099136
}