Feature,Importance
HENRY,75.25781454726258
ASA_m2_g,5.391617492722835
ASA_m2_cm3,3.343194871620196
AV_cm3_g,2.96560527880553
AV_VF,2.847655136932853
cm3_g,2.2369107939449413
Has_OMS,1.9398968013524476
LCD,1.7357823643952166
PLD,1.4753946076175601
LFPD,1.1610808853391419
NASA_m2_cm3,0.8431665565027515
NASA_m2_g,0.7292162911211353
NAV_cm3_g,0.07266437238280259
