{
  "R2": 0.9835568523861965,
  "MAE": 0.034573750947799096,
  "RMSE": 0.003447654665536072,
  "MAPE(%)": 3.1556473410032453
}