Feature,Importance
0.01,84.47875836195719
AV_cm3_g,2.2247815591528872
AV_VF,2.0358825682354222
cm3_g,1.990695960338558
Has_OMS,1.7234818395377822
ASA_m2_cm3,1.5118245279656326
LFPD,1.4900174792481042
PLD,1.4233251331576597
LCD,1.2294938257732477
ASA_m2_g,0.6754771176595646
NASA_m2_cm3,0.6478753795731009
NASA_m2_g,0.4744918744111808
NAV_cm3_g,0.09389437298967698
