{
  "R2": 0.9910741243301214,
  "MAE": 0.01020114067175618,
  "RMSE": 0.0002725784838576324,
  "MAPE(%)": 2.8710685352662733
}