temp,lowp,outp,seed,mode,qt_frac,train_ratio,out_root,model,R2,MAE,RMSE,MAPE(%)
293K,0.01,1,2028,struct_with_input,0.25,0.5,./RUN_FULL_EXP,cat,0.9910741243301214,0.01020114067175618,0.0002725784838576324,2.8710685352662733
