{
  "R2": 0.9947093898794533,
  "MAE": 0.004973087533086929,
  "RMSE": 5.5863763598557354e-05,
  "MAPE(%)": 1.9495295819284646
}