Feature,Importance
0.01,65.00069591976397
AV_VF,7.591428299373393
ASA_m2_cm3,6.376037942570556
ASA_m2_g,4.563913134488385
AV_cm3_g,3.3011076404686186
PLD,2.807199501663846
LFPD,2.364981601631554
LCD,2.3343052311670003
cm3_g,2.1690435503478804
Has_OMS,1.7981807250684336
NASA_m2_cm3,0.875388428478373
NASA_m2_g,0.7235480092279106
NAV_cm3_g,0.09417001575008796
