temp,lowp,outp,seed,mode,qt_frac,train_ratio,out_root,model,R2,MAE,RMSE,MAPE(%)
273K,0.01,5,2028,lowq,0.8,0.5,./RUN_FULL_EXP,cat,0.9518112507181321,0.09997061718080709,0.021807946052085768,5.003511874827612
