{
  "R2": 0.9518112507181321,
  "MAE": 0.09997061718080709,
  "RMSE": 0.021807946052085768,
  "MAPE(%)": 5.003511874827612
}