{
  "R2": 0.9887151699986028,
  "MAE": 0.04097582720730346,
  "RMSE": 0.0047039761930007746,
  "MAPE(%)": 3.3238518378515165
}