{
  "R2": 0.9943425894490893,
  "MAE": 0.023715855565432303,
  "RMSE": 0.0011788591173547249,
  "MAPE(%)": 1.8633955750132098
}