{
  "R2": 0.9688271252821558,
  "MAE": 0.1608725795902757,
  "RMSE": 0.05812104797843619,
  "MAPE(%)": 5.637298115502203
}