Feature,Importance
HENRY,53.68065387917058
ASA_m2_g,11.879733476802498
AV_cm3_g,8.347170129938169
AV_VF,6.638302749469915
ASA_m2_cm3,6.418363205812404
LCD,2.6677368842187064
PLD,2.536092186241926
LFPD,2.293362238880202
cm3_g,2.1512725143156586
Has_OMS,1.4699398338782874
NASA_m2_cm3,0.9818142905613579
NASA_m2_g,0.7663997908109146
NAV_cm3_g,0.1691588198993865
