temp,lowp,outp,seed,mode,qt_frac,train_ratio,out_root,model,R2,MAE,RMSE,MAPE(%)
293K,HENRY,15,2027,lowq,0.15,0.5,./RUN_FULL_EXP,cat,0.9574755622398371,0.16705234935231097,0.07442723798893626,5.5500040418569005
