{
  "R2": 0.9574755622398371,
  "MAE": 0.16705234935231097,
  "RMSE": 0.07442723798893626,
  "MAPE(%)": 5.5500040418569005
}