Feature,Importance
0.01,81.30480530053403
AV_VF,2.792388655260944
AV_cm3_g,2.1772704892082073
cm3_g,2.1222921075358676
PLD,2.1099411706431193
ASA_m2_cm3,1.8840214684099683
Has_OMS,1.874898112476657
LCD,1.5633675486214393
LFPD,1.5167231078806873
ASA_m2_g,1.3118832988529143
NASA_m2_cm3,0.6498367811926684
NASA_m2_g,0.6401339379202189
NAV_cm3_g,0.05243802146326494
