{
  "R2": 0.9839472442983899,
  "MAE": 0.01836529142608113,
  "RMSE": 0.0011643658490440181,
  "MAPE(%)": 3.4045739201000873
}