temp,lowp,outp,seed,mode,qt_frac,train_ratio,out_root,model,R2,MAE,RMSE,MAPE(%)
273K,0.01,1,2025,lowq,0.25,0.5,./RUN_FULL_EXP,cat,0.9839472442983899,0.01836529142608113,0.0011643658490440181,3.4045739201000873
