Feature,Importance
0.5,72.55769365188199
AV_VF,5.885016381401492
ASA_m2_g,5.233387672459725
ASA_m2_cm3,4.0009967463276395
AV_cm3_g,2.6435674910173113
cm3_g,2.2005243322189716
PLD,1.9304336835144214
LFPD,1.8341410684137547
LCD,1.381212192868719
Has_OMS,1.3706928169727906
NASA_m2_cm3,0.5572804313054118
NASA_m2_g,0.34856682316422183
NAV_cm3_g,0.056486708453595304
