{
  "R2": 0.9671614205548981,
  "MAE": 0.09143895645114634,
  "RMSE": 0.02064434140041167,
  "MAPE(%)": 4.6327058680446
}