temp,lowp,outp,seed,mode,qt_frac,train_ratio,out_root,model,R2,MAE,RMSE,MAPE(%)
313K,0.5,15,2025,lowq,0.35,0.5,./RUN_FULL_EXP,cat,0.9741485182908495,0.10737901738726222,0.025292287185646058,4.415605482332966
