{
  "R2": 0.9741485182908495,
  "MAE": 0.10737901738726222,
  "RMSE": 0.025292287185646058,
  "MAPE(%)": 4.415605482332966
}