temp,lowp,outp,seed,mode,qt_frac,train_ratio,out_root,model,R2,MAE,RMSE,MAPE(%)
313K,HENRY,1,2028,lowq,0.15,0.5,./RUN_FULL_EXP,cat,0.9943227766536755,0.004679959092621178,0.00011683061387193755,1.8627844823173898
