{
  "R2": 0.9943227766536755,
  "MAE": 0.004679959092621178,
  "RMSE": 0.00011683061387193755,
  "MAPE(%)": 1.8627844823173898
}