{
  "R2": 0.9760427480299725,
  "MAE": 0.10543813101117751,
  "RMSE": 0.023861893797893316,
  "MAPE(%)": 4.369232878650071
}