temp,lowp,outp,seed,mode,qt_frac,train_ratio,out_root,model,R2,MAE,RMSE,MAPE(%)
313K,0.1,5,2028,lowq,0.05,0.5,./RUN_FULL_EXP,cat,0.9766376342771862,0.03845006876610638,0.006453559639397492,3.581881651484111
