{
  "R2": 0.9766376342771862,
  "MAE": 0.03845006876610638,
  "RMSE": 0.006453559639397492,
  "MAPE(%)": 3.581881651484111
}