{
  "R2": 0.9910762769823338,
  "MAE": 0.00945194563986985,
  "RMSE": 0.00017011419650002027,
  "MAPE(%)": 2.6416161234909667
}