{
  "R2": 0.9925949271860225,
  "MAE": 0.02835023296693541,
  "RMSE": 0.002008072577255829,
  "MAPE(%)": 2.2243783405817985
}