Feature,Importance
0.5,75.97238421129049
ASA_m2_g,5.62167415446824
ASA_m2_cm3,4.4803238590726
AV_cm3_g,3.195384863855279
AV_VF,2.7148894551679104
cm3_g,1.62685343612239
LCD,1.5775706250241597
Has_OMS,1.3701037203263944
PLD,1.344800795811842
LFPD,1.142054255747238
NASA_m2_cm3,0.5137178262490076
NASA_m2_g,0.341961866218597
NAV_cm3_g,0.09828093064586939
