{
  "R2": 0.9804826181325244,
  "MAE": 0.051164053552526144,
  "RMSE": 0.007238204199573951,
  "MAPE(%)": 3.5618142856240778
}