Feature,Importance
0.01,70.04131453354604
ASA_m2_g,6.025378058763687
ASA_m2_cm3,5.529780582534596
AV_VF,3.9792774005983715
AV_cm3_g,3.7677230254498353
PLD,1.9740866179068621
LCD,1.8622059524173706
LFPD,1.7869538631278798
cm3_g,1.655291326213453
Has_OMS,1.598895581159905
NASA_m2_cm3,1.031174718281813
NASA_m2_g,0.6448084610519677
NAV_cm3_g,0.10310987894823122
