{
  "R2": 0.9654046074789081,
  "MAE": 0.05915135777417647,
  "RMSE": 0.007330046981807194,
  "MAPE(%)": 3.964609245398645
}