Feature,Importance
0.5,92.1246722947811
ASA_m2_g,1.2767972564068788
AV_cm3_g,1.0845862380762807
Has_OMS,0.8515543668799394
cm3_g,0.6991250328220705
LFPD,0.6367621613295247
PLD,0.6311663967006009
AV_VF,0.612687304408798
LCD,0.6073774486116696
NASA_m2_g,0.5256447383655757
ASA_m2_cm3,0.4428393678242703
NASA_m2_cm3,0.41843095678433107
NAV_cm3_g,0.08835643700898665
