{
  "R2": 0.9964197705951878,
  "MAE": 0.005336674269108855,
  "RMSE": 5.7940303963041245e-05,
  "MAPE(%)": 1.4304735453367143
}