Feature,Importance
0.01,82.42459410632088
ASA_m2_cm3,2.4253176001327414
ASA_m2_g,2.2518092966672363
PLD,1.8557931391668776
cm3_g,1.69605785853875
AV_cm3_g,1.6932803708214015
AV_VF,1.678293481165486
LCD,1.6210607538475899
LFPD,1.4007928290877294
Has_OMS,1.348700555337954
NASA_m2_g,0.8132078857359026
NASA_m2_cm3,0.7569625495931974
NAV_cm3_g,0.034129573584237786
