{
  "R2": 0.9885882376036055,
  "MAE": 0.016420254004397256,
  "RMSE": 0.0007484385381861931,
  "MAPE(%)": 3.046799802098201
}