Feature,Importance
0.5,89.73176494892806
AV_cm3_g,1.6755853999772408
Has_OMS,1.4589698213433056
cm3_g,1.4031345494886651
ASA_m2_g,1.047277850727743
LFPD,1.0080530433775692
LCD,0.8747678064616229
PLD,0.6694360134782934
ASA_m2_cm3,0.6181567200725459
NASA_m2_cm3,0.5653060690629179
AV_VF,0.5066140546473158
NASA_m2_g,0.38854915474770657
NAV_cm3_g,0.052384567686994
