{
  "R2": 0.96141769131757,
  "MAE": 0.005283963207499275,
  "RMSE": 0.0011252340403078026,
  "MAPE(%)": 1.7559022164782694
}