temp,lowp,outp,seed,mode,qt_frac,train_ratio,out_root,model,R2,MAE,RMSE,MAPE(%)
313K,0.5,1,2029,lowq,0.1,0.5,./RUN_FULL_EXP,cat,0.96141769131757,0.005283963207499275,0.0011252340403078026,1.7559022164782694
