Feature,Importance
0.01,76.83943571130594
ASA_m2_g,3.694757567862046
ASA_m2_cm3,3.5327121182631966
AV_cm3_g,3.4505652848416997
AV_VF,2.7748513971268722
cm3_g,2.0855990156155304
LCD,1.8538581159099194
PLD,1.6033550213444114
Has_OMS,1.4831368909815024
LFPD,1.4009642436054075
NASA_m2_g,0.6084647749944463
NASA_m2_cm3,0.590742412959683
NAV_cm3_g,0.08155744518939466
