temp,lowp,outp,seed,mode,qt_frac,train_ratio,out_root,model,R2,MAE,RMSE,MAPE(%)
313K,0.01,5,2026,lowq,0.3,0.5,./RUN_FULL_EXP,cat,0.978993059302782,0.04122193482061515,0.003924409832206416,3.905136226094017
