{
  "R2": 0.978993059302782,
  "MAE": 0.04122193482061515,
  "RMSE": 0.003924409832206416,
  "MAPE(%)": 3.905136226094017
}