Feature,Importance
0.5,70.69143856832935
ASA_m2_cm3,6.612703030733022
AV_VF,4.862103178711177
ASA_m2_g,4.788609428669739
AV_cm3_g,2.6431993277838046
cm3_g,2.215328507709733
LCD,2.1814220311974353
PLD,1.8229463179252152
LFPD,1.5040982920146222
Has_OMS,1.3214336025614373
NASA_m2_g,0.7680917351993805
NASA_m2_cm3,0.537064414114022
NAV_cm3_g,0.05156156505108186
