{
  "R2": 0.9642591134673316,
  "MAE": 0.08857430569054218,
  "RMSE": 0.01829763385408228,
  "MAPE(%)": 4.447668517145428
}