{
  "R2": 0.9940648909906064,
  "MAE": 0.023818528581997605,
  "RMSE": 0.0012940082803831075,
  "MAPE(%)": 1.839916472108897
}