temp,lowp,outp,seed,mode,qt_frac,train_ratio,out_root,model,R2,MAE,RMSE,MAPE(%)
273K,0.05,1,2025,lowq,0.7,0.5,./RUN_FULL_EXP,cat,0.9866235656968606,0.014088292276356119,0.0005273166408022749,2.565115401013882
