{
  "R2": 0.9866235656968606,
  "MAE": 0.014088292276356119,
  "RMSE": 0.0005273166408022749,
  "MAPE(%)": 2.565115401013882
}