Feature,Importance
0.1,58.60698119026711
ASA_m2_g,11.584428009138046
AV_cm3_g,6.804257787910072
ASA_m2_cm3,5.60741770032328
AV_VF,4.875751743521569
cm3_g,3.0631774640018037
LCD,2.355173618160377
LFPD,1.9748614242917724
PLD,1.9322435133981817
Has_OMS,1.347910040883116
NASA_m2_cm3,1.0322600948060494
NASA_m2_g,0.7259181986719689
NAV_cm3_g,0.08961921462666055
