temp,lowp,outp,seed,mode,qt_frac,train_ratio,out_root,model,R2,MAE,RMSE,MAPE(%)
313K,0.1,15,2027,lowq,0.3,0.5,./RUN_FULL_EXP,cat,0.9677141646323761,0.11025078618993235,0.03399892397012098,4.5282116780035615
