{
  "R2": 0.9677141646323761,
  "MAE": 0.11025078618993235,
  "RMSE": 0.03399892397012098,
  "MAPE(%)": 4.5282116780035615
}