{
  "R2": 0.4168693729680254,
  "MAE": 0.18034592032078092,
  "RMSE": 0.09058416862602518,
  "MAPE(%)": 46.856319771976764
}