Feature,Importance
0.01,59.22065612897998
ASA_m2_g,10.28951443113051
ASA_m2_cm3,6.782851998274141
AV_VF,5.7763356977535185
AV_cm3_g,5.736140191446922
PLD,2.877093866648201
LFPD,2.4315242890053317
cm3_g,2.3899310813487706
LCD,1.6688078716609
Has_OMS,1.5822504065114404
NASA_m2_cm3,0.6141766087115383
NASA_m2_g,0.5682518536098055
NAV_cm3_g,0.062465574918931906
