{
  "R2": 0.9579876162239502,
  "MAE": 0.17027282303539568,
  "RMSE": 0.05868074732766279,
  "MAPE(%)": 5.418009971060684
}