{
  "R2": 0.967916004067385,
  "MAE": 0.013468026875998304,
  "RMSE": 0.002094239445807222,
  "MAPE(%)": 3.7148997206472565
}