Feature,Importance
0.01,79.44849015999533
cm3_g,2.631667038278706
ASA_m2_cm3,2.406420574998305
Has_OMS,2.2291301488024233
AV_VF,2.20841910027395
AV_cm3_g,2.115009884292237
PLD,2.1116346815236575
LCD,1.7796528532406124
LFPD,1.690139555871366
ASA_m2_g,1.5396457137153499
NASA_m2_cm3,1.0227657657823483
NASA_m2_g,0.742814500114247
NAV_cm3_g,0.07421002311146165
