temp,lowp,outp,seed,mode,qt_frac,train_ratio,out_root,model,R2,MAE,RMSE,MAPE(%)
273K,0.01,1,2025,struct_with_input,0.3,0.3,./RUN_FULL_EXP,cat,0.9844548769348571,0.01926496504446887,0.0010972252012371932,3.6632809609587063
