{
  "R2": 0.974466958743961,
  "MAE": 0.03920629053512353,
  "RMSE": 0.007235451564623405,
  "MAPE(%)": 3.8670435717662683
}