Feature,Importance
0.1,84.98739222549403
AV_VF,2.3606985407127485
cm3_g,1.937035559698702
ASA_m2_cm3,1.824102199998554
Has_OMS,1.5958325451962667
AV_cm3_g,1.5072774023130746
PLD,1.4235557257777225
ASA_m2_g,1.3842804273045466
LCD,0.8963381608273274
LFPD,0.8411401701261562
NASA_m2_cm3,0.7302195693705427
NASA_m2_g,0.42819405020792417
NAV_cm3_g,0.08393342297237677
