temp,lowp,outp,seed,mode,qt_frac,train_ratio,out_root,model,R2,MAE,RMSE,MAPE(%)
273K,0.1,1,2028,lowq,0.45,0.5,./RUN_FULL_EXP,cat,0.9865771233588491,0.01534675476078815,0.0007539474834844772,2.719679009489644
