{
  "R2": 0.9865771233588491,
  "MAE": 0.01534675476078815,
  "RMSE": 0.0007539474834844772,
  "MAPE(%)": 2.719679009489644
}