{
  "R2": 0.9594177395403823,
  "MAE": 0.17025804856401658,
  "RMSE": 0.056904422115964394,
  "MAPE(%)": 5.481819469774429
}