{
  "R2": 0.5723685502918938,
  "MAE": 0.32014289981419425,
  "RMSE": 0.2088093962712867,
  "MAPE(%)": 32.13244859813117
}