{
  "R2": 0.977313589246953,
  "MAE": 0.04015464308573069,
  "RMSE": 0.0033344174747913105,
  "MAPE(%)": 3.7070759359353813
}