{
  "R2": 0.9811744836025532,
  "MAE": 0.0521341389464329,
  "RMSE": 0.006918755606852953,
  "MAPE(%)": 3.61863507808978
}