{
  "R2": 0.9665220880287704,
  "MAE": 0.10375095616998983,
  "RMSE": 0.028208471243076773,
  "MAPE(%)": 5.682892429336374
}