temp,lowp,outp,seed,mode,qt_frac,train_ratio,out_root,model,R2,MAE,RMSE,MAPE(%)
293K,0.5,1,2028,lowq,0.7,0.5,./RUN_FULL_EXP,cat,0.9961815274664564,0.005542603608809281,6.160234794482246e-05,1.4678845616692777
