{
  "R2": 0.9961815274664564,
  "MAE": 0.005542603608809281,
  "RMSE": 6.160234794482246e-05,
  "MAPE(%)": 1.4678845616692777
}