Feature,Importance
0.01,60.365530381363925
ASA_m2_g,9.038816671935729
ASA_m2_cm3,6.458675773259466
AV_cm3_g,5.98648097372823
AV_VF,5.866210844526301
cm3_g,3.0081520488666427
PLD,2.3396948666876183
LCD,2.090196782646807
LFPD,1.81421108653111
Has_OMS,1.3252256559062696
NASA_m2_cm3,0.9255814535735231
NASA_m2_g,0.7235639669652103
NAV_cm3_g,0.057659494009193825
