{
  "R2": 0.96692441628212,
  "MAE": 0.11524035842942564,
  "RMSE": 0.02526345347717084,
  "MAPE(%)": 4.471096917338016
}