temp,lowp,outp,seed,mode,qt_frac,train_ratio,out_root,model,R2,MAE,RMSE,MAPE(%)
293K,0.01,1,2027,struct_with_input,0.5,0.5,./RUN_FULL_EXP,cat,0.9892791315340774,0.010105664151075795,0.0002284779122960296,2.8413294543330037
