{
  "R2": 0.9892791315340774,
  "MAE": 0.010105664151075795,
  "RMSE": 0.0002284779122960296,
  "MAPE(%)": 2.8413294543330037
}