{
  "R2": 0.40528917392898867,
  "MAE": 0.08545513061644608,
  "RMSE": 0.02411643546644088,
  "MAPE(%)": 43.235193165267255
}