{
  "R2": 0.9727617184983924,
  "MAE": 0.062231890079299565,
  "RMSE": 0.012974275877649053,
  "MAPE(%)": 4.5317491530434095
}