{
  "R2": 0.9732492736926845,
  "MAE": 0.10571390302307211,
  "RMSE": 0.022901994010411382,
  "MAPE(%)": 4.2753152812823165
}