temp,lowp,outp,seed,mode,qt_frac,train_ratio,out_root,model,R2,MAE,RMSE,MAPE(%)
313K,0.5,15,2028,lowq,0.55,0.5,./RUN_FULL_EXP,cat,0.9732492736926845,0.10571390302307211,0.022901994010411382,4.2753152812823165
