{
  "R2": 0.936774261521853,
  "MAE": 0.10231183455006418,
  "RMSE": 0.029554214635070297,
  "MAPE(%)": 8.211052752276977
}