temp,lowp,outp,seed,mode,qt_frac,train_ratio,out_root,model,R2,MAE,RMSE,MAPE(%)
273K,HENRY,15,2028,lowq,0.6,0.5,./RUN_FULL_EXP,cat,0.9484484007221377,0.24703010689498123,0.13216035270732127,6.373567015722635
