{
  "R2": 0.9484484007221377,
  "MAE": 0.24703010689498123,
  "RMSE": 0.13216035270732127,
  "MAPE(%)": 6.373567015722635
}