Feature,Importance
0.05,88.65461598948716
ASA_m2_g,1.6783924666906043
AV_cm3_g,1.566270466755416
LFPD,1.1653970177154476
AV_VF,1.1317655121741987
PLD,1.0799138725832693
LCD,1.0393650652213218
cm3_g,1.0191466943865413
Has_OMS,0.9462724979340333
ASA_m2_cm3,0.7844670013054049
NASA_m2_cm3,0.6543573434271349
NASA_m2_g,0.23971252632940718
NAV_cm3_g,0.04032354599007056
