Feature,Importance
0.01,62.87734996956004
AV_VF,7.264799387172678
ASA_m2_g,7.11087208098471
ASA_m2_cm3,5.951918797662756
AV_cm3_g,5.567300015752916
cm3_g,2.3369250825572454
PLD,2.0802173811326647
LCD,2.0248118692156902
LFPD,1.8427669745530422
Has_OMS,1.5221206642705145
NASA_m2_cm3,0.729749986102322
NASA_m2_g,0.6244657537788247
NAV_cm3_g,0.0667020372565953
