{
  "R2": 0.9663080163906465,
  "MAE": 0.12255085402366238,
  "RMSE": 0.030421621654874983,
  "MAPE(%)": 4.947764509907088
}