Feature,Importance
0.01,63.31749214563846
ASA_m2_g,8.783061911666898
AV_VF,5.104548659342029
ASA_m2_cm3,5.029983336399342
AV_cm3_g,4.178297925019556
cm3_g,4.128188633643399
PLD,2.2766416988122677
LCD,2.1048610995408406
Has_OMS,1.9033812321119497
LFPD,1.226895178218693
NASA_m2_cm3,0.8508532409860317
NASA_m2_g,0.7324887611447042
NAV_cm3_g,0.36330617747584354
