{
  "R2": 0.9656933651035763,
  "MAE": 0.05585276687834951,
  "RMSE": 0.007368541882458514,
  "MAPE(%)": 3.6964598489706497
}