temp,lowp,outp,seed,mode,qt_frac,train_ratio,out_root,model,R2,MAE,RMSE,MAPE(%)
293K,HENRY,5,2026,lowq,0.8,0.5,./RUN_FULL_EXP,cat,0.9656933651035763,0.05585276687834951,0.007368541882458514,3.6964598489706497
