Feature,Importance
0.01,82.11310863092193
AV_cm3_g,2.486859627737767
cm3_g,2.401019054510759
ASA_m2_cm3,2.1362119535324364
AV_VF,2.103527235220296
ASA_m2_g,1.6776271318465934
LCD,1.6412547023551896
PLD,1.583579287660742
Has_OMS,1.4064059388600305
LFPD,1.1579942849365477
NASA_m2_cm3,0.6979355869931988
NASA_m2_g,0.476467658126052
NAV_cm3_g,0.11800890729844464
