{
  "R2": 0.9807372688371729,
  "MAE": 0.04424947964484102,
  "RMSE": 0.009421896440837262,
  "MAPE(%)": 2.9716685351996763
}