Feature,Importance
HENRY,84.75643880529796
LFPD,2.122228597948143
cm3_g,2.0056873435606795
AV_cm3_g,1.799002327835415
Has_OMS,1.6797750384741097
PLD,1.5534689158791697
AV_VF,1.5393988560261607
ASA_m2_cm3,1.4315549714931217
LCD,1.2803956022472978
NASA_m2_cm3,0.6408760585321127
NASA_m2_g,0.574105563797256
ASA_m2_g,0.5679191059915318
NAV_cm3_g,0.04914881291707448
