{
  "R2": 0.9940567071544715,
  "MAE": 0.004809117822063051,
  "RMSE": 0.00011573134757907717,
  "MAPE(%)": 1.8451767486397381
}