Feature,Importance
0.5,89.23598583299966
cm3_g,1.6228304036926096
AV_cm3_g,1.4215625809717884
ASA_m2_g,1.383467521034878
LCD,1.2738220520214338
PLD,1.085902441963032
AV_VF,0.9034628092839491
Has_OMS,0.7126098594171622
NASA_m2_g,0.67195764052784
ASA_m2_cm3,0.6487013391267767
NASA_m2_cm3,0.5309653506441624
LFPD,0.4158569661940417
NAV_cm3_g,0.092875202122657
