{
  "R2": 0.9958932248782593,
  "MAE": 0.006839407221631412,
  "RMSE": 0.000209114241138053,
  "MAPE(%)": 1.854130940746822
}