temp,lowp,outp,seed,mode,qt_frac,train_ratio,out_root,model,R2,MAE,RMSE,MAPE(%)
293K,0.5,1,2027,lowq,0.1,0.5,./RUN_FULL_EXP,cat,0.9958932248782593,0.006839407221631412,0.000209114241138053,1.854130940746822
