{
  "R2": 0.900380566086175,
  "MAE": 0.10719935482271764,
  "RMSE": 0.030282621827678068,
  "MAPE(%)": 8.937706241240592
}