{
  "R2": 0.9634660441787233,
  "MAE": 0.05672854295486823,
  "RMSE": 0.008335720497339154,
  "MAPE(%)": 3.723129128149786
}