temp,lowp,outp,seed,mode,qt_frac,train_ratio,out_root,model,R2,MAE,RMSE,MAPE(%)
293K,0.05,5,2028,lowq,0.75,0.5,./RUN_FULL_EXP,cat,0.9634660441787233,0.05672854295486823,0.008335720497339154,3.723129128149786
