Feature,Importance
0.1,50.924278067198884
ASA_m2_g,15.429410829604617
ASA_m2_cm3,6.449444385015212
AV_cm3_g,6.079956109877257
AV_VF,5.919760406134057
cm3_g,4.343137799739114
LCD,2.8550215007200284
PLD,2.58671923905643
LFPD,2.3330654884463717
Has_OMS,1.6371183311896869
NASA_m2_cm3,0.9325113070504196
NASA_m2_g,0.42677182434498856
NAV_cm3_g,0.08280471162294448
