{
  "R2": 0.9561698127751984,
  "MAE": 0.23824985907786236,
  "RMSE": 0.12028576656260985,
  "MAPE(%)": 6.296257380204863
}