Feature,Importance
PLD,14.994376385307842
cm3_g,13.057785325217564
Has_OMS,12.92371180393089
AV_VF,11.683652394891105
ASA_m2_cm3,10.601530914012548
LFPD,9.554147784797214
LCD,8.60152573465596
ASA_m2_g,7.682933240447249
AV_cm3_g,5.956931828484893
NASA_m2_g,2.8595761047565396
NASA_m2_cm3,1.9402779909536485
NAV_cm3_g,0.14355049254454397
