{
  "R2": 0.9565949246122126,
  "MAE": 0.1821480170126634,
  "RMSE": 0.08323181169677886,
  "MAPE(%)": 6.480433653778431
}