Feature,Importance
0.05,71.97744392083686
ASA_m2_cm3,6.076408087791828
ASA_m2_g,4.6487671126119
AV_VF,3.4882729019071754
AV_cm3_g,2.9666972836801553
cm3_g,2.3468181063259643
PLD,1.8836834872192445
LCD,1.6958493780305806
LFPD,1.6450436066368053
Has_OMS,1.6442504304743566
NASA_m2_cm3,1.0180800077340768
NASA_m2_g,0.5559529957355019
NAV_cm3_g,0.05273268101554613
