{
  "R2": 0.9704159991779643,
  "MAE": 0.060536763708225534,
  "RMSE": 0.00993985492454839,
  "MAPE(%)": 4.1665727871903995
}