temp,lowp,outp,seed,mode,qt_frac,train_ratio,out_root,model,R2,MAE,RMSE,MAPE(%)
293K,0.05,5,2027,lowq,0.35,0.5,./RUN_FULL_EXP,cat,0.9704159991779643,0.060536763708225534,0.00993985492454839,4.1665727871903995
