{
  "R2": 0.9737604883963983,
  "MAE": 0.0063563767656039955,
  "RMSE": 0.0006898625570614656,
  "MAPE(%)": 2.2437748770637738
}