Feature,Importance
0.05,85.48833021857749
AV_cm3_g,2.091241032451965
Has_OMS,1.8599413971880774
cm3_g,1.6213411260517925
AV_VF,1.5655337984348037
LFPD,1.5577126496107976
LCD,1.4289852585098208
ASA_m2_cm3,1.3766640394601375
PLD,0.9923212008404807
ASA_m2_g,0.889284466650024
NASA_m2_cm3,0.8496916733632445
NASA_m2_g,0.1717776342308575
NAV_cm3_g,0.10717550463053059
