{
  "R2": 0.9956722837511671,
  "MAE": 0.004866838174370587,
  "RMSE": 5.632794958027214e-05,
  "MAPE(%)": 1.9787237401239233
}