Feature,Importance
0.5,55.10933972089404
ASA_m2_g,15.655975048045383
ASA_m2_cm3,6.622382301402878
AV_cm3_g,6.057460713326622
AV_VF,4.478312542671046
cm3_g,3.004779073141779
LCD,2.5753858579240645
PLD,2.322643452063093
LFPD,1.8192670988552442
Has_OMS,1.0057262883161913
NASA_m2_g,0.6908640365205174
NASA_m2_cm3,0.5515255006896617
NAV_cm3_g,0.10633836614949803
