{
  "R2": 0.9550205047984774,
  "MAE": 0.22399157758281033,
  "RMSE": 0.1092098290099609,
  "MAPE(%)": 5.673097599581629
}