{
  "R2": 0.960140290521214,
  "MAE": 0.1642932651553398,
  "RMSE": 0.0533692129228164,
  "MAPE(%)": 5.269303550106088
}