Feature,Importance
0.05,65.34921305560972
ASA_m2_cm3,7.517881520899039
ASA_m2_g,6.080850610574369
AV_VF,4.751617402443782
AV_cm3_g,3.346294326708132
LFPD,2.5789680074045918
PLD,2.5036853360728006
cm3_g,2.3485592766298717
LCD,1.9891131905131554
Has_OMS,1.8747587209510088
NASA_m2_cm3,0.8502206108292282
NASA_m2_g,0.7216579874801589
NAV_cm3_g,0.08717995388415786
