{
  "R2": 0.9567172836153891,
  "MAE": 0.09883528213518454,
  "RMSE": 0.02236220894494425,
  "MAPE(%)": 4.982890116307459
}