{
  "R2": 0.9633455742258215,
  "MAE": 0.1747472151946047,
  "RMSE": 0.06937243249112367,
  "MAPE(%)": 6.125515032909043
}