{
  "R2": 0.9847651240246895,
  "MAE": 0.034488280453188774,
  "RMSE": 0.0030036394552117314,
  "MAPE(%)": 3.2191588911361264
}