temp,lowp,outp,seed,mode,qt_frac,train_ratio,out_root,model,R2,MAE,RMSE,MAPE(%)
313K,0.1,5,2028,lowq,0.25,0.5,./RUN_FULL_EXP,cat,0.9847651240246895,0.034488280453188774,0.0030036394552117314,3.2191588911361264
