Feature,Importance
0.1,63.080294635180834
ASA_m2_g,12.594520876798375
ASA_m2_cm3,4.777128049004019
AV_cm3_g,4.674553116066725
AV_VF,4.036234921605239
cm3_g,2.5989681899335446
LFPD,2.149086152518409
LCD,1.7290805751604825
PLD,1.697552620194605
Has_OMS,1.334088164933684
NASA_m2_cm3,0.6376909654891273
NASA_m2_g,0.46520115625464536
NAV_cm3_g,0.2256005768602944
