temp,lowp,outp,seed,mode,qt_frac,train_ratio,out_root,model,R2,MAE,RMSE,MAPE(%)
313K,0.1,15,2029,lowq,0.45,0.5,./RUN_FULL_EXP,cat,0.9716039867477131,0.11259656645841849,0.026539073843830648,4.562976849058808
