{
  "R2": 0.9716039867477131,
  "MAE": 0.11259656645841849,
  "RMSE": 0.026539073843830648,
  "MAPE(%)": 4.562976849058808
}