temp,lowp,outp,seed,mode,qt_frac,train_ratio,out_root,model,R2,MAE,RMSE,MAPE(%)
273K,0.01,1,2029,struct_with_input,0.45,0.45,./RUN_FULL_EXP,cat,0.9841666422747496,0.017668102942015013,0.0008818202082109884,3.268928281123878
