{
  "R2": 0.9841666422747496,
  "MAE": 0.017668102942015013,
  "RMSE": 0.0008818202082109884,
  "MAPE(%)": 3.268928281123878
}