{
  "R2": 0.955575550996602,
  "MAE": 0.10432613659968955,
  "RMSE": 0.02516784958106183,
  "MAPE(%)": 5.38977033197848
}