temp,lowp,outp,seed,mode,qt_frac,train_ratio,out_root,model,R2,MAE,RMSE,MAPE(%)
273K,0.01,5,2027,lowq,0.5,0.5,./RUN_FULL_EXP,cat,0.955575550996602,0.10432613659968955,0.02516784958106183,5.38977033197848
