Feature,Importance
0.01,69.96610009034389
ASA_m2_cm3,6.020921045781301
ASA_m2_g,5.686659262029236
AV_VF,3.950663891841457
AV_cm3_g,3.746046646307715
LCD,2.104266088383092
PLD,2.010061177216238
LFPD,1.9952372661774798
cm3_g,1.7081691408744712
Has_OMS,1.3760793239593243
NASA_m2_cm3,0.9054100100055866
NASA_m2_g,0.5025353850978475
NAV_cm3_g,0.027850671982370675
