{
  "R2": 0.9754133226127575,
  "MAE": 0.06044296932956595,
  "RMSE": 0.008003382658954337,
  "MAPE(%)": 4.118242128852309
}