{
  "R2": 0.9541109830977201,
  "MAE": 0.2374847754358079,
  "RMSE": 0.1171727212456773,
  "MAPE(%)": 6.1180992187217775
}