{
  "R2": 0.9646044597500606,
  "MAE": 0.07123563383654376,
  "RMSE": 0.017062051360261357,
  "MAPE(%)": 5.0650241181946765
}