Feature,Importance
0.5,93.67019840501735
cm3_g,1.3112559459679374
LCD,0.9971438525900603
ASA_m2_g,0.6635081215296876
PLD,0.6243038121640397
ASA_m2_cm3,0.5010480311879628
AV_cm3_g,0.44092986238067255
Has_OMS,0.3963132758467747
AV_VF,0.39239221291838927
NASA_m2_g,0.3609143982177866
LFPD,0.3580270408444458
NASA_m2_cm3,0.21699348437369498
NAV_cm3_g,0.066971556961216
