{
  "R2": 0.9965435013934664,
  "MAE": 0.003398211882917755,
  "RMSE": 2.220122400838306e-05,
  "MAPE(%)": 1.2590977643933805
}