Feature,Importance
0.5,89.09545038253322
cm3_g,2.6762176025032027
Has_OMS,1.4009505742709891
AV_cm3_g,1.0995229095581565
ASA_m2_g,0.9742971711949557
LCD,0.8905087708104095
PLD,0.8282828653965935
NASA_m2_g,0.7953504807718439
LFPD,0.6716680333926233
ASA_m2_cm3,0.6311919245869692
NASA_m2_cm3,0.5250209918563389
AV_VF,0.35212525546611717
NAV_cm3_g,0.059413037658615254
