temp,lowp,outp,seed,mode,qt_frac,train_ratio,out_root,model,R2,MAE,RMSE,MAPE(%)
293K,0.01,1,2026,lowq,0.45,0.5,./RUN_FULL_EXP,cat,0.9906489267574135,0.009948760866483173,0.00021839305932315435,2.8126487624839824
