{
  "R2": 0.9906489267574135,
  "MAE": 0.009948760866483173,
  "RMSE": 0.00021839305932315435,
  "MAPE(%)": 2.8126487624839824
}