{
  "R2": 0.9748495099176444,
  "MAE": 0.049532495238706536,
  "RMSE": 0.005449980214121481,
  "MAPE(%)": 3.3312665421118375
}