{
  "R2": 0.9905060570688768,
  "MAE": 0.010381073549685382,
  "RMSE": 0.00029780792756519336,
  "MAPE(%)": 2.9928009677011422
}