temp,lowp,outp,seed,mode,qt_frac,train_ratio,out_root,model,R2,MAE,RMSE,MAPE(%)
313K,0.1,5,2026,lowq,0.4,0.5,./RUN_FULL_EXP,cat,0.981847453027404,0.034646156548628605,0.003071229218185228,3.13222745034352
