{
  "R2": 0.981847453027404,
  "MAE": 0.034646156548628605,
  "RMSE": 0.003071229218185228,
  "MAPE(%)": 3.13222745034352
}