{
  "R2": 0.9894841539934373,
  "MAE": 0.00679318413472248,
  "RMSE": 8.440173945977371e-05,
  "MAPE(%)": 2.663848331854044
}