Feature,Importance
0.5,90.8828496302188
AV_cm3_g,1.4089204933197839
cm3_g,1.2634505043808748
LCD,1.0228140716362935
PLD,0.9043072541793378
ASA_m2_g,0.8526162189927295
Has_OMS,0.7662313988387807
ASA_m2_cm3,0.6539884645952102
LFPD,0.6175192851914768
NASA_m2_cm3,0.5897960355477283
AV_VF,0.4823842975726189
NASA_m2_g,0.4743800113260891
NAV_cm3_g,0.08074233420027621
