{
  "R2": 0.9889210391895502,
  "MAE": 0.007435150458951644,
  "RMSE": 0.0006381525350553834,
  "MAPE(%)": 1.914321956319776
}