Feature,Importance
0.1,85.72471813426179
AV_cm3_g,2.0809383230143776
ASA_m2_g,1.7424118769663186
ASA_m2_cm3,1.6745780787515874
AV_VF,1.6722790718368663
cm3_g,1.4572667214730353
Has_OMS,1.291408467246802
LCD,1.224305110270723
PLD,1.1024842463869073
LFPD,0.9673546989905705
NASA_m2_cm3,0.5931104512470612
NASA_m2_g,0.43479035242358804
NAV_cm3_g,0.03435446713037383
