{
  "R2": 0.9879646317264571,
  "MAE": 0.013341047919457479,
  "RMSE": 0.0004521586033048705,
  "MAPE(%)": 2.386433244789437
}