temp,lowp,outp,seed,mode,qt_frac,train_ratio,out_root,model,R2,MAE,RMSE,MAPE(%)
293K,0.01,1,2027,struct_with_input,0.23,0.45,./RUN_FULL_EXP,cat,0.9908682899102561,0.010505738098094367,0.0002960123499966068,3.016089830351296
