{
  "R2": 0.9908682899102561,
  "MAE": 0.010505738098094367,
  "RMSE": 0.0002960123499966068,
  "MAPE(%)": 3.016089830351296
}