{
  "R2": 0.9807423010023733,
  "MAE": 0.03403038881383307,
  "RMSE": 0.0032825030625577927,
  "MAPE(%)": 3.1113600780711104
}