Feature,Importance
HENRY,87.65716787744195
cm3_g,2.305974224708148
LCD,1.5784457283404423
AV_cm3_g,1.387961231035301
AV_VF,1.2979131569442142
Has_OMS,1.1581650944759223
ASA_m2_g,1.0016986581313743
ASA_m2_cm3,0.9949287869724097
LFPD,0.7906299565906709
PLD,0.6656080338902828
NASA_m2_g,0.5533140085335863
NASA_m2_cm3,0.5401569769180029
NAV_cm3_g,0.06803626601772034
