{
  "R2": 0.9948476535633477,
  "MAE": 0.0038886287416021446,
  "RMSE": 3.646180404016748e-05,
  "MAPE(%)": 1.4501340888492604
}