{
  "R2": 0.9946989446899176,
  "MAE": 0.005075463552377116,
  "RMSE": 6.94413599447562e-05,
  "MAPE(%)": 2.028482384325859
}