{
  "R2": 0.9792396719004717,
  "MAE": 0.03550259274349283,
  "RMSE": 0.003123045350221963,
  "MAPE(%)": 3.201400745700367
}