{
  "R2": 0.975715771310315,
  "MAE": 0.10445033773454677,
  "RMSE": 0.023451834131347608,
  "MAPE(%)": 4.294888184770592
}