temp,lowp,outp,seed,mode,qt_frac,train_ratio,out_root,model,R2,MAE,RMSE,MAPE(%)
313K,0.5,15,2029,lowq,0.4,0.5,./RUN_FULL_EXP,cat,0.975715771310315,0.10445033773454677,0.023451834131347608,4.294888184770592
