temp,lowp,outp,seed,mode,qt_frac,train_ratio,out_root,model,R2,MAE,RMSE,MAPE(%)
313K,0.05,5,2028,lowq,0.45,0.5,./RUN_FULL_EXP,cat,0.9827698941905796,0.03482207813600376,0.002752321422833548,3.217529656952033
