{
  "R2": 0.9827698941905796,
  "MAE": 0.03482207813600376,
  "RMSE": 0.002752321422833548,
  "MAPE(%)": 3.217529656952033
}