Feature,Importance
0.01,86.25588556075331
AV_VF,2.1425663431987396
LCD,1.5733647809153388
LFPD,1.4527119770022445
ASA_m2_cm3,1.3911326923269858
AV_cm3_g,1.37867851456963
Has_OMS,1.3217705608375847
PLD,1.2941882842292531
cm3_g,1.287732112047999
ASA_m2_g,1.151323144355872
NASA_m2_cm3,0.3821352734811286
NASA_m2_g,0.34884061512977826
NAV_cm3_g,0.019670141152127608
