{
  "R2": 0.9673108716051827,
  "MAE": 0.014085909246110107,
  "RMSE": 0.002493339456132367,
  "MAPE(%)": 3.518695913366633
}