temp,lowp,outp,seed,mode,qt_frac,train_ratio,out_root,model,R2,MAE,RMSE,MAPE(%)
293K,0.5,1,2027,lowq,0.15,0.5,./RUN_FULL_EXP,cat,0.9916983912697359,0.007195712615344236,0.00041316640004763144,1.8134680742830602
