{
  "R2": 0.9916983912697359,
  "MAE": 0.007195712615344236,
  "RMSE": 0.00041316640004763144,
  "MAPE(%)": 1.8134680742830602
}