{
  "R2": 0.955904924161705,
  "MAE": 0.02893941957678154,
  "RMSE": 0.005316841605715432,
  "MAPE(%)": 5.42783257400974
}