{
  "R2": 0.9632419416152326,
  "MAE": 0.02864549145504028,
  "RMSE": 0.004261444482047929,
  "MAPE(%)": 5.467343183660843
}