{
  "R2": 0.39269273651647807,
  "MAE": 0.18538958969204924,
  "RMSE": 0.09798849940580541,
  "MAPE(%)": 48.55415042170692
}