{
  "R2": 0.3738583976529295,
  "MAE": 0.18489077984885793,
  "RMSE": 0.09605014846628146,
  "MAPE(%)": 54.611949440723286
}