Feature,Importance
0.5,68.70418930759935
ASA_m2_cm3,6.8126388970698555
ASA_m2_g,6.5131634557762865
AV_VF,4.350380555325169
AV_cm3_g,2.7840410698650633
cm3_g,2.6782521212703676
LFPD,2.253483922760546
PLD,1.9542064639519379
LCD,1.7638818838244243
Has_OMS,1.2129566297274923
NASA_m2_cm3,0.5770163729125755
NASA_m2_g,0.35533963087670045
NAV_cm3_g,0.040449689040253894
