{
  "R2": 0.9724279513910403,
  "MAE": 0.09104878706250703,
  "RMSE": 0.021989585329484713,
  "MAPE(%)": 4.894367496213842
}