{
  "R2": 0.947413248901696,
  "MAE": 0.24206487356415976,
  "RMSE": 0.13318031003219633,
  "MAPE(%)": 6.118460401886373
}