temp,lowp,outp,seed,mode,qt_frac,train_ratio,out_root,model,R2,MAE,RMSE,MAPE(%)
273K,HENRY,15,2028,lowq,0.7,0.5,./RUN_FULL_EXP,cat,0.947413248901696,0.24206487356415976,0.13318031003219633,6.118460401886373
