Feature,Importance
0.01,54.51535014236571
ASA_m2_g,9.92681598395424
ASA_m2_cm3,7.911776895551751
AV_cm3_g,6.403851199551661
cm3_g,5.227825879139577
AV_VF,4.812510449986177
PLD,2.9674707413065544
LCD,2.513041469934803
LFPD,1.876928316850116
Has_OMS,1.6708144005130676
NASA_m2_g,1.0287355190643808
NASA_m2_cm3,0.944337315700268
NAV_cm3_g,0.20054168608168182
