{
  "R2": 0.9715360991388012,
  "MAE": 0.11176635164725318,
  "RMSE": 0.027375558915164893,
  "MAPE(%)": 4.561745974312268
}