Feature,Importance
0.1,88.27708311553425
AV_cm3_g,1.6777239913875774
cm3_g,1.3950387149511398
Has_OMS,1.3438896171525219
ASA_m2_cm3,1.2871136159738592
LFPD,1.2205200662183604
ASA_m2_g,1.1458018823472786
AV_VF,1.126247796157598
PLD,0.8649832559786323
LCD,0.670217943369244
NASA_m2_cm3,0.5001432692358977
NASA_m2_g,0.42542114517711427
NAV_cm3_g,0.06581558651653491
