{
  "R2": 0.995439168973864,
  "MAE": 0.004670700378804907,
  "RMSE": 4.802448964824368e-05,
  "MAPE(%)": 1.8278429939444532
}