{
  "R2": 0.9617624048598371,
  "MAE": 0.10927467867538931,
  "RMSE": 0.03225038060736485,
  "MAPE(%)": 5.766345594646701
}