{
  "R2": 0.9957518958147821,
  "MAE": 0.010503298474717447,
  "RMSE": 0.0002955721694656214,
  "MAPE(%)": 1.9383951609303853
}