{
  "R2": 0.9731455695128792,
  "MAE": 0.10575083042750194,
  "RMSE": 0.02291339995974868,
  "MAPE(%)": 4.305184411995169
}