temp,lowp,outp,seed,mode,qt_frac,train_ratio,out_root,model,R2,MAE,RMSE,MAPE(%)
313K,0.5,15,2029,lowq,0.55,0.5,./RUN_FULL_EXP,cat,0.9731455695128792,0.10575083042750194,0.02291339995974868,4.305184411995169
