Feature,Importance
0.01,70.79651455895942
ASA_m2_g,6.004521452157571
ASA_m2_cm3,5.244484012220033
AV_VF,3.673863639408159
AV_cm3_g,3.033698049097436
Has_OMS,2.065911740205266
LCD,2.05525026936503
PLD,2.021180256211624
LFPD,1.7965023482161782
cm3_g,1.6997543166033398
NASA_m2_cm3,0.880334832855508
NASA_m2_g,0.629888273042179
NAV_cm3_g,0.09809625165826756
