temp,lowp,outp,seed,mode,qt_frac,train_ratio,out_root,model,R2,MAE,RMSE,MAPE(%)
293K,0.01,5,2027,lowq,0.55,0.5,./RUN_FULL_EXP,cat,0.968124950523876,0.06336500438174175,0.008679137826964087,4.369875926460679
