{
  "R2": 0.968124950523876,
  "MAE": 0.06336500438174175,
  "RMSE": 0.008679137826964087,
  "MAPE(%)": 4.369875926460679
}