{
  "R2": 0.9693780687819985,
  "MAE": 0.10956271355797073,
  "RMSE": 0.025313191732220658,
  "MAPE(%)": 4.42216040399738
}