Feature,Importance
0.01,83.25913215291452
ASA_m2_cm3,2.8887283543612794
AV_cm3_g,1.9979769564008771
AV_VF,1.8663370662561025
PLD,1.803555460928367
LCD,1.6061337121809216
cm3_g,1.4643733178634146
Has_OMS,1.3175889531450664
ASA_m2_g,1.2250228950612498
LFPD,1.171302711801743
NASA_m2_g,0.7174173133223186
NASA_m2_cm3,0.6083606271418501
NAV_cm3_g,0.07407047862228827
