{
  "R2": 0.9857686292641097,
  "MAE": 0.015970666985249092,
  "RMSE": 0.0005631582708145092,
  "MAPE(%)": 2.9880678714612823
}