temp,lowp,outp,seed,mode,qt_frac,train_ratio,out_root,model,R2,MAE,RMSE,MAPE(%)
273K,0.01,1,2026,lowq,0.7,0.5,./RUN_FULL_EXP,cat,0.9857686292641097,0.015970666985249092,0.0005631582708145092,2.9880678714612823
