temp,lowp,outp,seed,mode,qt_frac,train_ratio,out_root,model,R2,MAE,RMSE,MAPE(%)
273K,0.1,1,2027,lowq,0.7,0.5,./RUN_FULL_EXP,cat,0.9896348965817392,0.012953034057481666,0.00040579453384434526,2.3437559745042456
