{
  "R2": 0.9896348965817392,
  "MAE": 0.012953034057481666,
  "RMSE": 0.00040579453384434526,
  "MAPE(%)": 2.3437559745042456
}