Feature,Importance
AV_VF,13.64945036737325
PLD,13.22608603335374
ASA_m2_cm3,12.696945246176542
cm3_g,12.0467756374437
Has_OMS,11.216849283819936
LCD,9.108019595292527
ASA_m2_g,8.71657687256039
LFPD,7.9604054232278045
AV_cm3_g,7.618654869349063
NASA_m2_cm3,1.759856279767789
NASA_m2_g,1.6561740155529412
NAV_cm3_g,0.3442063760823137
