{
  "R2": 0.5524200004128731,
  "MAE": 0.3194632898034851,
  "RMSE": 0.2125531903480879,
  "MAPE(%)": 32.08225902203638
}