Feature,Importance
0.1,56.33669244446668
ASA_m2_g,13.3609521481534
ASA_m2_cm3,7.215982209829193
AV_VF,5.268945355909078
AV_cm3_g,4.0096821647051515
cm3_g,3.887161599405429
PLD,2.422810871800338
LCD,2.158093519723464
LFPD,2.0914752472129354
Has_OMS,1.6183232110662626
NASA_m2_cm3,0.9895580360645622
NASA_m2_g,0.576374032308386
NAV_cm3_g,0.06394915935511035
