{
  "R2": 0.9611678892937416,
  "MAE": 0.16562249176135477,
  "RMSE": 0.05506494665211735,
  "MAPE(%)": 5.377194374886437
}