{
  "R2": 0.9803686350414078,
  "MAE": 0.03333838807846979,
  "RMSE": 0.0025334514317123737,
  "MAPE(%)": 3.026339507974725
}