{
  "R2": 0.9568113515578781,
  "MAE": 0.10342173755174068,
  "RMSE": 0.02546820251079004,
  "MAPE(%)": 5.251721751723877
}