temp,lowp,outp,seed,mode,qt_frac,train_ratio,out_root,model,R2,MAE,RMSE,MAPE(%)
273K,HENRY,5,2025,lowq,0.45,0.5,./RUN_FULL_EXP,cat,0.9568113515578781,0.10342173755174068,0.02546820251079004,5.251721751723877
