{
  "R2": 0.9818035853428688,
  "MAE": 0.034350015988935105,
  "RMSE": 0.0031367873101259855,
  "MAPE(%)": 3.148674722456378
}