temp,lowp,outp,seed,mode,qt_frac,train_ratio,out_root,model,R2,MAE,RMSE,MAPE(%)
313K,0.1,5,2029,lowq,0.4,0.5,./RUN_FULL_EXP,cat,0.9818035853428688,0.034350015988935105,0.0031367873101259855,3.148674722456378
