Feature,Importance
0.05,47.18892595628575
ASA_m2_g,18.832009426398212
AV_cm3_g,5.822433977429426
ASA_m2_cm3,5.691265268729639
cm3_g,5.036602376875567
AV_VF,4.984542967042743
PLD,3.3930228581924107
LFPD,2.9524868747298405
LCD,2.736310702658837
Has_OMS,1.8114115519650702
NASA_m2_cm3,0.798456987963915
NASA_m2_g,0.6133177776470782
NAV_cm3_g,0.13921327408149445
