Feature,Importance
0.05,86.94438959848327
AV_cm3_g,1.8966026778659337
AV_VF,1.6273217816182148
cm3_g,1.4953894581018619
Has_OMS,1.4287980991274052
LCD,1.3536341118086033
PLD,1.2128817526158886
ASA_m2_cm3,1.0588038898215164
ASA_m2_g,1.0505221161752425
LFPD,0.9028742550191788
NASA_m2_cm3,0.47971692261658294
NASA_m2_g,0.46248365636429434
NAV_cm3_g,0.08658168038200616
