temp,lowp,outp,seed,mode,qt_frac,train_ratio,out_root,model,R2,MAE,RMSE,MAPE(%)
293K,0.05,1,2028,lowq,0.75,0.5,./RUN_FULL_EXP,cat,0.9903682188295633,0.00748448387867311,0.00014889334392800203,1.9825475617771566
