{
  "R2": 0.9903682188295633,
  "MAE": 0.00748448387867311,
  "RMSE": 0.00014889334392800203,
  "MAPE(%)": 1.9825475617771566
}