temp,lowp,outp,seed,mode,qt_frac,train_ratio,out_root,model,R2,MAE,RMSE,MAPE(%)
293K,HENRY,5,2025,lowq,0.75,0.5,./RUN_FULL_EXP,cat,0.9687022440813496,0.055068084429125724,0.006977189611338547,3.6795295615834416
