{
  "R2": 0.9687022440813496,
  "MAE": 0.055068084429125724,
  "RMSE": 0.006977189611338547,
  "MAPE(%)": 3.6795295615834416
}