Feature,Importance
0.01,81.82598032356776
ASA_m2_cm3,2.4205862019815774
ASA_m2_g,2.2066203606147075
AV_cm3_g,2.044085554870319
AV_VF,1.9304860012913783
cm3_g,1.8752375388488218
PLD,1.8524188168517046
Has_OMS,1.489006401565607
LCD,1.4415887801039204
LFPD,1.3218719710837539
NASA_m2_cm3,0.8430480779398986
NASA_m2_g,0.7057476700210188
NAV_cm3_g,0.04332230125954557
