{
  "R2": 0.9852339631164031,
  "MAE": 0.01612677810792827,
  "RMSE": 0.0006446975864892699,
  "MAPE(%)": 3.040245889366445
}