{
  "R2": 0.390638800418998,
  "MAE": 0.18207895460434667,
  "RMSE": 0.09353403520712465,
  "MAPE(%)": 52.570133980964314
}