{
  "R2": 0.4111292111018352,
  "MAE": 0.18155634921323419,
  "RMSE": 0.08735919107109258,
  "MAPE(%)": 51.58114721673793
}