{
  "R2": 0.5172397762498285,
  "MAE": 0.3308258460527733,
  "RMSE": 0.24110142189017142,
  "MAPE(%)": 31.686076413904917
}