temp,lowp,outp,seed,mode,qt_frac,train_ratio,out_root,model,R2,MAE,RMSE,MAPE(%)
293K,0.01,5,2029,struct,0.0,0.55,./RUN_FULL_EXP,cat,0.5172397762498285,0.3308258460527733,0.24110142189017142,31.686076413904917
