{
  "R2": 0.963234219388055,
  "MAE": 0.21763223883260213,
  "RMSE": 0.11104590096201536,
  "MAPE(%)": 6.109270069401884
}