temp,lowp,outp,seed,mode,qt_frac,train_ratio,out_root,model,R2,MAE,RMSE,MAPE(%)
273K,0.5,5,2029,lowq,0.3,0.5,./RUN_FULL_EXP,cat,0.9705731848747098,0.0899584339250548,0.018978865873290306,4.588256300456516
