{
  "R2": 0.9705731848747098,
  "MAE": 0.0899584339250548,
  "RMSE": 0.018978865873290306,
  "MAPE(%)": 4.588256300456516
}