{
  "R2": 0.9745385480274485,
  "MAE": 0.09190257874279956,
  "RMSE": 0.02242703210079432,
  "MAPE(%)": 5.110406968494012
}