temp,lowp,outp,seed,mode,qt_frac,train_ratio,out_root,model,R2,MAE,RMSE,MAPE(%)
293K,0.01,1,2025,lowq,0.6,0.5,./RUN_FULL_EXP,cat,0.9903985444907774,0.009799570894777721,0.00017943352163474915,2.7452227205586137
