{
  "R2": 0.9903985444907774,
  "MAE": 0.009799570894777721,
  "RMSE": 0.00017943352163474915,
  "MAPE(%)": 2.7452227205586137
}