{
  "R2": 0.979969777878851,
  "MAE": 0.013176346592849355,
  "RMSE": 0.0010558972578982029,
  "MAPE(%)": 3.6057881502291713
}