{
  "R2": 0.9505424531412693,
  "MAE": 0.2484168492291903,
  "RMSE": 0.1385746012904436,
  "MAPE(%)": 6.669340487487337
}