{
  "R2": 0.9518536947093285,
  "MAE": 0.24280994031205622,
  "RMSE": 0.12669623838545108,
  "MAPE(%)": 6.252129154495447
}