Feature,Importance
0.01,77.17553067551962
ASA_m2_g,4.993729303089561
ASA_m2_cm3,3.614849853519986
AV_VF,3.0971282858731364
AV_cm3_g,2.0549648651312364
cm3_g,1.87684810062398
LCD,1.6192662774812925
Has_OMS,1.4798563239949347
PLD,1.4105720091566005
LFPD,1.3955264741059739
NASA_m2_g,0.6545879925452942
NASA_m2_cm3,0.5802254978254365
NAV_cm3_g,0.04691434113295542
