{
  "R2": 0.9735853175179066,
  "MAE": 0.0402625630697719,
  "RMSE": 0.0032467937946429105,
  "MAPE(%)": 3.6032429494100793
}