temp,lowp,outp,seed,mode,qt_frac,train_ratio,out_root,model,R2,MAE,RMSE,MAPE(%)
313K,0.01,5,2025,lowq,0.7,0.5,./RUN_FULL_EXP,cat,0.9735853175179066,0.0402625630697719,0.0032467937946429105,3.6032429494100793
