Feature,Importance
0.01,49.18489930712379
ASA_m2_g,16.752248907019236
AV_cm3_g,5.977400495493946
AV_VF,5.846189995442973
ASA_m2_cm3,5.803464929482251
cm3_g,4.630902732654074
PLD,3.2803223012203806
LFPD,2.7806033843067612
LCD,2.4456196504574024
Has_OMS,1.6766112821818961
NASA_m2_cm3,0.8656485081784774
NASA_m2_g,0.6464686136438529
NAV_cm3_g,0.10961989279495726
