temp,lowp,outp,seed,mode,qt_frac,train_ratio,out_root,model,R2,MAE,RMSE,MAPE(%)
273K,0.01,15,2025,lowq,0.15,0.5,./RUN_FULL_EXP,cat,0.9548340014427514,0.2397168491390281,0.13229324772740658,6.503018246270438
