{
  "R2": 0.9548340014427514,
  "MAE": 0.2397168491390281,
  "RMSE": 0.13229324772740658,
  "MAPE(%)": 6.503018246270438
}