Feature,Importance
0.01,55.44393664868856
ASA_m2_g,12.281994179124595
ASA_m2_cm3,7.731261550282758
AV_cm3_g,5.197058748077854
AV_VF,4.41915225135739
cm3_g,4.053965535111603
PLD,2.7915268864366682
LCD,2.6522264654381003
LFPD,1.9807956166126037
Has_OMS,1.6344123258227237
NASA_m2_g,0.9601700686019746
NASA_m2_cm3,0.7503402085341512
NAV_cm3_g,0.10315951591100557
