temp,lowp,outp,seed,mode,qt_frac,train_ratio,out_root,model,R2,MAE,RMSE,MAPE(%)
273K,0.01,15,2026,lowq,0.55,0.5,./RUN_FULL_EXP,cat,0.9503248236981878,0.24703153920408147,0.12582029763780447,6.452805820721141
