{
  "R2": 0.9503248236981878,
  "MAE": 0.24703153920408147,
  "RMSE": 0.12582029763780447,
  "MAPE(%)": 6.452805820721141
}