{
  "R2": 0.9677276637000265,
  "MAE": 0.05846755014453682,
  "RMSE": 0.007127455396425609,
  "MAPE(%)": 4.05368890958333
}