Feature,Importance
0.01,75.31926644317362
cm3_g,5.241991979633045
AV_cm3_g,2.97028069636782
ASA_m2_cm3,2.4621343060690646
LFPD,2.338776714969954
Has_OMS,2.152663221732943
LCD,2.0660791059989085
PLD,2.012218071673658
AV_VF,1.5249004285205323
NASA_m2_g,1.4659121665939994
NASA_m2_cm3,1.3252270073977235
ASA_m2_g,1.11805057579535
NAV_cm3_g,0.002499282073398889
