{
  "R2": 0.9478509075970237,
  "MAE": 0.03650387660676738,
  "RMSE": 0.007299848938010534,
  "MAPE(%)": 7.83808476319501
}