{
  "R2": 0.9380992206210056,
  "MAE": 0.036866435416710024,
  "RMSE": 0.008259804366767567,
  "MAPE(%)": 7.950439545401844
}