{
  "R2": 0.964771046543847,
  "MAE": 0.1255167012452573,
  "RMSE": 0.04415204204220171,
  "MAPE(%)": 5.544863207549327
}