{
  "R2": 0.980390234166409,
  "MAE": 0.02073837154580722,
  "RMSE": 0.0017945992814547146,
  "MAPE(%)": 3.7426293113392037
}