temp,lowp,outp,seed,mode,qt_frac,train_ratio,out_root,model,R2,MAE,RMSE,MAPE(%)
273K,0.01,1,2025,struct_with_input,0.17,0.35,./RUN_FULL_EXP,cat,0.980390234166409,0.02073837154580722,0.0017945992814547146,3.7426293113392037
