{
  "R2": 0.2677410247025901,
  "MAE": 0.2093667875518905,
  "RMSE": 0.12258396211766708,
  "MAPE(%)": 57.989482501759426
}