temp,lowp,outp,seed,mode,qt_frac,train_ratio,out_root,model,R2,MAE,RMSE,MAPE(%)
313K,0.01,15,2025,lowq,0.5,0.5,./RUN_FULL_EXP,cat,0.9678308944678159,0.12094441879413467,0.029408667595315505,4.8744260718913015
