{
  "R2": 0.9678308944678159,
  "MAE": 0.12094441879413467,
  "RMSE": 0.029408667595315505,
  "MAPE(%)": 4.8744260718913015
}