temp,lowp,outp,seed,mode,qt_frac,train_ratio,out_root,model,R2,MAE,RMSE,MAPE(%)
313K,0.01,5,2027,lowq,0.35,0.5,./RUN_FULL_EXP,cat,0.9796605276685716,0.04064365761205826,0.0036158177502755707,3.8262736467114546
