{
  "R2": 0.9796605276685716,
  "MAE": 0.04064365761205826,
  "RMSE": 0.0036158177502755707,
  "MAPE(%)": 3.8262736467114546
}