{
  "R2": 0.9786919878462682,
  "MAE": 0.0579866542510687,
  "RMSE": 0.008777280029293002,
  "MAPE(%)": 5.060266735630172
}