{
  "R2": 0.9871873249155275,
  "MAE": 0.01696423303100619,
  "RMSE": 0.000678609144116417,
  "MAPE(%)": 3.2108604968503216
}