{
  "R2": 0.9532468644401242,
  "MAE": 0.10519872540675533,
  "RMSE": 0.027591887317841363,
  "MAPE(%)": 5.2750463666534495
}