Feature,Importance
HENRY,64.05824546763662
ASA_m2_g,7.873670914565462
ASA_m2_cm3,6.572377037188942
AV_VF,4.829178935355239
AV_cm3_g,3.0997897694917813
PLD,2.8348694692613634
LCD,2.6934904129578707
cm3_g,2.3407203731991575
LFPD,2.2518780155432223
Has_OMS,1.7940590442884476
NASA_m2_cm3,0.9268890894741644
NASA_m2_g,0.647242744028737
NAV_cm3_g,0.07758872700898292
