{
  "R2": 0.950826072712746,
  "MAE": 0.09947516180571528,
  "RMSE": 0.021919304904617413,
  "MAPE(%)": 4.8953993605109245
}