Feature,Importance
HENRY,61.369813882622026
ASA_m2_g,10.316308590357803
ASA_m2_cm3,6.172917380653579
AV_cm3_g,6.139506685716664
AV_VF,4.88772624366483
cm3_g,2.843368921599305
LCD,2.3742242436963124
PLD,1.9868391037349835
LFPD,1.7729042389748986
Has_OMS,1.1140086879780375
NASA_m2_g,0.49691961033743404
NASA_m2_cm3,0.4352299008307491
NAV_cm3_g,0.09023250983338274
