temp,lowp,outp,seed,mode,qt_frac,train_ratio,out_root,model,R2,MAE,RMSE,MAPE(%)
313K,HENRY,15,2026,lowq,0.2,0.5,./RUN_FULL_EXP,cat,0.9738770039242839,0.10989185338599161,0.027506362846003326,4.703513804999418
