{
  "R2": 0.9738770039242839,
  "MAE": 0.10989185338599161,
  "RMSE": 0.027506362846003326,
  "MAPE(%)": 4.703513804999418
}