Feature,Importance
0.05,76.25112106957664
ASA_m2_g,4.675616462981319
ASA_m2_cm3,3.3897012932599044
AV_VF,3.1037156227959106
AV_cm3_g,2.648518434567933
cm3_g,2.2917218878045493
Has_OMS,1.6678828391552307
LFPD,1.627326264769209
LCD,1.5300696778387162
PLD,1.3647505848094756
NASA_m2_cm3,0.6931013903491765
NASA_m2_g,0.6351033598576703
NAV_cm3_g,0.1213711122342586
