{
  "R2": 0.9813641121381063,
  "MAE": 0.036213230969398526,
  "RMSE": 0.003685387502391459,
  "MAPE(%)": 3.352893309692066
}