temp,lowp,outp,seed,mode,qt_frac,train_ratio,out_root,model,R2,MAE,RMSE,MAPE(%)
313K,0.05,5,2027,lowq,0.25,0.5,./RUN_FULL_EXP,cat,0.9813641121381063,0.036213230969398526,0.003685387502391459,3.352893309692066
