Feature,Importance
0.5,79.30346825519301
ASA_m2_g,4.132349350472388
AV_cm3_g,2.8786474852579276
ASA_m2_cm3,2.3857492005653977
AV_VF,2.3658356636284297
cm3_g,2.170381382116839
Has_OMS,1.6171716882711462
LCD,1.2810976843691255
LFPD,1.242585609550473
PLD,1.0612196818961708
NASA_m2_cm3,0.8035659448341326
NASA_m2_g,0.6464607059870636
NAV_cm3_g,0.11146734785790803
