{
  "R2": 0.9844363379870592,
  "MAE": 0.03195103697854056,
  "RMSE": 0.0022846716011365484,
  "MAPE(%)": 2.9357522350123766
}