{
  "R2": 0.9619420829868579,
  "MAE": 0.16178474476355603,
  "RMSE": 0.06831320473760812,
  "MAPE(%)": 5.510981894271158
}