Feature,Importance
0.01,78.08775811948678
Has_OMS,3.414939714400761
AV_VF,3.2879681437205033
ASA_m2_cm3,2.9211685854338625
cm3_g,2.5513980422825204
LFPD,1.9340967292657802
PLD,1.726093348078336
ASA_m2_g,1.6792702335117728
LCD,1.6525525326462367
AV_cm3_g,1.1881405883864042
NASA_m2_cm3,0.767921149345221
NASA_m2_g,0.7183287879147373
NAV_cm3_g,0.07036402552709364
