{
  "R2": 0.9704865533166207,
  "MAE": 0.02397010321144657,
  "RMSE": 0.003372845909450824,
  "MAPE(%)": 4.432591684997437
}