{
  "R2": 0.9949987837837847,
  "MAE": 0.027402317176253833,
  "RMSE": 0.0016391177443854702,
  "MAPE(%)": 2.2124927574634143
}