{
  "R2": 0.9805703074173991,
  "MAE": 0.03773233876302783,
  "RMSE": 0.004883689721634633,
  "MAPE(%)": 3.5269554883138223
}