temp,lowp,outp,seed,mode,qt_frac,train_ratio,out_root,model,R2,MAE,RMSE,MAPE(%)
313K,0.05,5,2029,lowq,0.1,0.5,./RUN_FULL_EXP,cat,0.9805703074173991,0.03773233876302783,0.004883689721634633,3.5269554883138223
