Feature,Importance
0.5,69.30037880758968
ASA_m2_g,7.157524721137579
ASA_m2_cm3,5.474690180568006
AV_VF,4.15406339615573
AV_cm3_g,3.8140846445530205
PLD,1.9641638559578802
LCD,1.9323311231011508
cm3_g,1.8843072395029095
LFPD,1.5815758181598936
Has_OMS,1.5596838160063184
NASA_m2_g,0.5619407912441705
NASA_m2_cm3,0.553850548058261
NAV_cm3_g,0.06140505796541051
