{
  "R2": 0.9680011178908041,
  "MAE": 0.09113990005449597,
  "RMSE": 0.020115429684201734,
  "MAPE(%)": 4.619163121676075
}