{
  "R2": 0.9056431050618393,
  "MAE": 0.0964353670372089,
  "RMSE": 0.02878201123760807,
  "MAPE(%)": 7.966931082623619
}