Feature,Importance
0.5,92.59551764887266
AV_cm3_g,1.3709312317703402
cm3_g,1.0270532108831996
LCD,0.8935975480583734
Has_OMS,0.8039321895606951
ASA_m2_g,0.64648212234853
PLD,0.6321561176220175
AV_VF,0.5643142867709402
NASA_m2_cm3,0.5410179351687165
ASA_m2_cm3,0.4399813674908699
LFPD,0.2780625203771038
NASA_m2_g,0.12732832871380512
NAV_cm3_g,0.07962549236277038
