{
  "R2": 0.9970066110053334,
  "MAE": 0.003529398292794007,
  "RMSE": 2.4930855365187853e-05,
  "MAPE(%)": 1.376224641759722
}