Feature,Importance
0.05,61.63893418932988
ASA_m2_g,14.016420319669237
ASA_m2_cm3,5.328395055151504
AV_VF,4.42393964053181
AV_cm3_g,3.4620614967673604
cm3_g,2.9888327091499556
LCD,2.1046720969831045
PLD,1.9202539157068428
LFPD,1.7697452013683719
Has_OMS,1.1082282362750309
NASA_m2_cm3,0.6587163891075536
NASA_m2_g,0.5218281619372996
NAV_cm3_g,0.057972588022062156
