{
  "R2": 0.9693965733824673,
  "MAE": 0.11062936656607698,
  "RMSE": 0.024205285510147723,
  "MAPE(%)": 4.359412889220678
}