{
  "R2": 0.9454821886636801,
  "MAE": 0.2683256542896688,
  "RMSE": 0.1563684779937722,
  "MAPE(%)": 7.180646924555615
}