{
  "R2": 0.9672487013925206,
  "MAE": 0.05847604809290187,
  "RMSE": 0.0070901438531214426,
  "MAPE(%)": 3.89548995405676
}