Feature,Importance
0.1,57.25302270594502
ASA_m2_g,11.855540106680888
AV_VF,7.385187816553781
ASA_m2_cm3,6.124997562608017
AV_cm3_g,4.739523041696783
cm3_g,3.5001311068747727
LCD,2.2809176635035295
PLD,2.2692021914743656
LFPD,1.9067682581452212
Has_OMS,1.187516009949401
NASA_m2_g,0.7631341076879704
NASA_m2_cm3,0.6078503954387138
NAV_cm3_g,0.12620903344153062
