{
  "R2": 0.9668924921914345,
  "MAE": 0.1589931983997387,
  "RMSE": 0.053880127573739174,
  "MAPE(%)": 5.351404976056032
}