temp,lowp,outp,seed,mode,qt_frac,train_ratio,out_root,model,R2,MAE,RMSE,MAPE(%)
293K,0.1,15,2026,lowq,0.3,0.5,./RUN_FULL_EXP,cat,0.9668924921914345,0.1589931983997387,0.053880127573739174,5.351404976056032
