{
  "R2": 0.9657121760871779,
  "MAE": 0.12019485787300198,
  "RMSE": 0.04068516635287857,
  "MAPE(%)": 5.1728692493425665
}