Feature,Importance
0.01,78.81118092900185
ASA_m2_cm3,3.494148535810001
Has_OMS,3.4839785686225504
ASA_m2_g,2.5964485057039
cm3_g,2.2373634377674927
AV_VF,1.9855333266651378
AV_cm3_g,1.8554128349320163
LCD,1.6168293686108148
PLD,1.3359433549704012
LFPD,1.0337326691081623
NASA_m2_cm3,0.9659540908246003
NASA_m2_g,0.5023427748903982
NAV_cm3_g,0.08113160309267978
