{
  "R2": 0.9829264513884516,
  "MAE": 0.019189687566258048,
  "RMSE": 0.0011050329540045639,
  "MAPE(%)": 3.592765271222434
}