temp,lowp,outp,seed,mode,qt_frac,train_ratio,out_root,model,R2,MAE,RMSE,MAPE(%)
273K,0.01,1,2029,struct_with_input,0.35,0.35,./RUN_FULL_EXP,cat,0.9832983277393521,0.018891860362583966,0.001105504596754766,3.53361922443971
