{
  "R2": 0.9682826974285673,
  "MAE": 0.10758919425382922,
  "RMSE": 0.03249086090805845,
  "MAPE(%)": 4.471471603130925
}