Feature,Importance
0.01,83.02710538943249
ASA_m2_g,2.4062491788213256
ASA_m2_cm3,2.3372814770082546
PLD,2.299019944244277
Has_OMS,2.128191015784636
AV_VF,1.9965459293378327
LCD,1.5981071006357814
LFPD,1.1527495655605744
cm3_g,1.0743026315193003
AV_cm3_g,1.0223554413283502
NASA_m2_cm3,0.4359841425460334
NASA_m2_g,0.4270667224239359
NAV_cm3_g,0.09504146135721286
