{
  "R2": 0.9323723220145628,
  "MAE": 0.026091948225266125,
  "RMSE": 0.011698076926641878,
  "MAPE(%)": 4.24283778917356
}