Feature,Importance
0.01,88.89228881531838
ASA_m2_cm3,1.452240344295512
cm3_g,1.4007392877401585
AV_cm3_g,1.359522940170693
AV_VF,1.2427322975950525
LCD,1.1045526477449445
PLD,1.0702519761188578
LFPD,0.8819127101986242
Has_OMS,0.8283234099454387
NASA_m2_g,0.7067034672902865
ASA_m2_g,0.5347226426173936
NASA_m2_cm3,0.45277989490781817
NAV_cm3_g,0.07322956605682482
