{
  "R2": 0.9890841366608691,
  "MAE": 0.006785580895006519,
  "RMSE": 8.196495037250151e-05,
  "MAPE(%)": 2.6413486316451618
}