{
  "R2": 0.9500974208107441,
  "MAE": 0.2465544379084277,
  "RMSE": 0.1291692171230402,
  "MAPE(%)": 6.366454375861119
}