Feature,Importance
0.01,71.2490777558908
ASA_m2_g,5.611618067423119
ASA_m2_cm3,5.445982400440225
AV_VF,3.94090365301951
AV_cm3_g,2.6697360278019437
cm3_g,2.1849971215941624
LCD,2.128420255846078
PLD,2.002161332364634
Has_OMS,1.8456479080551518
LFPD,1.5157340860599262
NASA_m2_g,0.7728221268692963
NASA_m2_cm3,0.5408350706422503
NAV_cm3_g,0.09206419399291561
