{
  "R2": 0.9687544747972959,
  "MAE": 0.0626555641123641,
  "RMSE": 0.0086932849876743,
  "MAPE(%)": 4.371768044519513
}