{
  "R2": 0.38109282249401844,
  "MAE": 0.12537572829628585,
  "RMSE": 0.04673873297740308,
  "MAPE(%)": 50.01614192478875
}