Feature,Importance
0.01,70.62196398543448
ASA_m2_g,4.892023902495503
AV_VF,4.729118597129387
ASA_m2_cm3,4.56041832473416
AV_cm3_g,3.754764219743268
cm3_g,2.431101063067646
LCD,2.0280905910338722
PLD,1.9296004733110292
LFPD,1.8830255618299947
Has_OMS,1.288947235160597
NASA_m2_cm3,1.1083631881298
NASA_m2_g,0.71638041999129
NAV_cm3_g,0.056202437938999907
