{
  "R2": 0.9687003288264092,
  "MAE": 0.06930674648608758,
  "RMSE": 0.015543141020114823,
  "MAPE(%)": 5.146986513633294
}