{
  "R2": 0.99737539611948,
  "MAE": 0.006064015068818377,
  "RMSE": 0.00010256996878722079,
  "MAPE(%)": 1.7522760884002508
}