temp,lowp,outp,seed,mode,qt_frac,train_ratio,out_root,model,R2,MAE,RMSE,MAPE(%)
293K,0.5,1,2028,lowq,0.2,0.5,./RUN_FULL_EXP,cat,0.99737539611948,0.006064015068818377,0.00010256996878722079,1.7522760884002508
