Feature,Importance
0.05,87.73722558207587
cm3_g,2.2162306718593197
AV_cm3_g,2.0256449146707425
Has_OMS,1.657637173401657
ASA_m2_g,0.988812621565008
LCD,0.9859355071524587
NASA_m2_cm3,0.9400402708214544
AV_VF,0.8466472527038853
LFPD,0.8335278556578195
PLD,0.7376633506389703
ASA_m2_cm3,0.6700078139955424
NASA_m2_g,0.3193561558993024
NAV_cm3_g,0.04127082955795744
