{
  "R2": 0.9587755795273695,
  "MAE": 0.007445002599865418,
  "RMSE": 0.0013518468113030513,
  "MAPE(%)": 2.6061138989024584
}