temp,lowp,outp,seed,mode,qt_frac,train_ratio,out_root,model,R2,MAE,RMSE,MAPE(%)
313K,0.05,1,2029,lowq,0.05,0.5,./RUN_FULL_EXP,cat,0.9587755795273695,0.007445002599865418,0.0013518468113030513,2.6061138989024584
