Feature,Importance
0.05,82.14854901484482
ASA_m2_g,2.4432733382577276
cm3_g,2.165590698988586
ASA_m2_cm3,2.000985451256336
AV_cm3_g,1.803253551033115
AV_VF,1.770812516641488
Has_OMS,1.5787211186542314
PLD,1.4995832704751042
LFPD,1.4055626917478887
LCD,1.3895024092253363
NASA_m2_cm3,0.9299347852738787
NASA_m2_g,0.7966228257166018
NAV_cm3_g,0.06760832788487917
