{
  "R2": 0.9884561591035247,
  "MAE": 0.015013588276423248,
  "RMSE": 0.0006898317310463717,
  "MAPE(%)": 2.7574676333579298
}