temp,lowp,outp,seed,mode,qt_frac,train_ratio,out_root,model,R2,MAE,RMSE,MAPE(%)
313K,0.01,5,2029,lowq,0.45,0.5,./RUN_FULL_EXP,cat,0.975895902775386,0.041030504397274584,0.0038542575827260274,3.7825231994444097
