{
  "R2": 0.975895902775386,
  "MAE": 0.041030504397274584,
  "RMSE": 0.0038542575827260274,
  "MAPE(%)": 3.7825231994444097
}