Feature,Importance
HENRY,55.442316175167534
ASA_m2_g,14.252603706079167
ASA_m2_cm3,6.9531382740874665
AV_cm3_g,5.726037810445193
AV_VF,4.415282828820073
cm3_g,3.1194122282980024
PLD,2.5569046506019877
LCD,2.2129344955414987
LFPD,2.103590222621174
Has_OMS,1.6481213169656186
NASA_m2_cm3,1.0633656277084624
NASA_m2_g,0.45978948630144834
NAV_cm3_g,0.046503177362394614
