temp,lowp,outp,seed,mode,qt_frac,train_ratio,out_root,model,R2,MAE,RMSE,MAPE(%)
293K,HENRY,15,2029,lowq,0.8,0.5,./RUN_FULL_EXP,cat,0.9581959359774095,0.16139091839811606,0.05406808118034477,5.133214124618906
