{
  "R2": 0.9581959359774095,
  "MAE": 0.16139091839811606,
  "RMSE": 0.05406808118034477,
  "MAPE(%)": 5.133214124618906
}