Feature,Importance
0.01,76.10822044449003
cm3_g,3.8669583387574256
PLD,2.9650190347622982
Has_OMS,2.8506866346258537
AV_VF,2.7354648769176286
AV_cm3_g,2.358992138637608
ASA_m2_cm3,2.1924862776517893
LCD,1.8512179750702658
ASA_m2_g,1.739522360127621
NASA_m2_cm3,1.1523426415189364
NASA_m2_g,1.1314767143393836
LFPD,0.9985304372063222
NAV_cm3_g,0.04908212589483988
