Feature,Importance
0.01,77.06834149987465
Has_OMS,3.8895361364772065
ASA_m2_cm3,3.295310181318864
cm3_g,2.9338294279297195
AV_VF,2.5803103401057252
ASA_m2_g,2.043836390949876
LFPD,1.8784345209589717
PLD,1.743507265363697
LCD,1.6131136954840488
AV_cm3_g,1.1190630336246215
NASA_m2_cm3,0.9672965952252819
NASA_m2_g,0.7981398693566399
NAV_cm3_g,0.06928104333069077
