{
  "R2": 0.9804790293789803,
  "MAE": 0.022439888759753498,
  "RMSE": 0.0015763848388220425,
  "MAPE(%)": 4.36342167753595
}