{
  "R2": 0.990453722153612,
  "MAE": 0.00703764633703344,
  "RMSE": 0.00011573162703498263,
  "MAPE(%)": 2.8770471031193545
}