temp,lowp,outp,seed,mode,qt_frac,train_ratio,out_root,model,R2,MAE,RMSE,MAPE(%)
313K,0.5,15,2025,lowq,0.2,0.5,./RUN_FULL_EXP,cat,0.9785196776628885,0.10272155491826977,0.023671209298731438,4.367852097148369
