{
  "R2": 0.9785196776628885,
  "MAE": 0.10272155491826977,
  "RMSE": 0.023671209298731438,
  "MAPE(%)": 4.367852097148369
}