Feature,Importance
0.5,90.21065707496805
cm3_g,1.713164709669711
ASA_m2_g,1.6061756167312347
Has_OMS,1.0818659861492832
PLD,0.93939476621664
AV_cm3_g,0.9167822953344734
LCD,0.7605264506117736
ASA_m2_cm3,0.7513062347454583
LFPD,0.6922433503860275
AV_VF,0.5533967865494126
NASA_m2_cm3,0.4381265872968199
NASA_m2_g,0.2620675387402177
NAV_cm3_g,0.07429260260090201
