{
  "R2": 0.9962772721615494,
  "MAE": 0.0038572535821227976,
  "RMSE": 6.278313390621768e-05,
  "MAPE(%)": 1.529871993616901
}