temp,lowp,outp,seed,mode,qt_frac,train_ratio,out_root,model,R2,MAE,RMSE,MAPE(%)
313K,0.5,1,2027,lowq,0.2,0.5,./RUN_FULL_EXP,cat,0.9962772721615494,0.0038572535821227976,6.278313390621768e-05,1.529871993616901
