{
  "R2": 0.3939488072182703,
  "MAE": 0.11921693728647416,
  "RMSE": 0.04717323355062939,
  "MAPE(%)": 45.06721265608533
}