{
  "R2": 0.9556270333077713,
  "MAE": 0.025040404929506318,
  "RMSE": 0.0072236568823055,
  "MAPE(%)": 3.9743461757638827
}