Feature,Importance
0.01,79.97888713504504
AV_VF,2.6838346987797665
ASA_m2_g,2.4286987016696604
PLD,2.3223954137597325
AV_cm3_g,2.174705767063768
cm3_g,2.162428474970496
ASA_m2_cm3,2.084908530779306
LFPD,1.4368354340345815
Has_OMS,1.2426634792744784
LCD,1.195485531496652
NASA_m2_g,1.130329692420128
NASA_m2_cm3,1.0673101222076053
NAV_cm3_g,0.09151701849877411
