temp,lowp,outp,seed,mode,qt_frac,train_ratio,out_root,model,R2,MAE,RMSE,MAPE(%)
273K,0.01,1,2029,struct_with_input,0.05,0.1,./RUN_FULL_EXP,cat,0.9676298511486008,0.028112232522278395,0.004455843573419178,5.537168581976867
