{
  "R2": 0.9676298511486008,
  "MAE": 0.028112232522278395,
  "RMSE": 0.004455843573419178,
  "MAPE(%)": 5.537168581976867
}