{
  "R2": 0.9680382735974412,
  "MAE": 0.056289896819603655,
  "RMSE": 0.007257905114413831,
  "MAPE(%)": 3.76817654826716
}