Feature,Importance
0.5,70.69707667980138
ASA_m2_g,6.683625821770246
ASA_m2_cm3,4.9339170471774265
AV_VF,3.8660914853293415
AV_cm3_g,3.295714992652328
cm3_g,2.561420307783918
LCD,2.0757458605807004
PLD,1.7587087440611016
LFPD,1.678538347639575
Has_OMS,1.313698606950574
NASA_m2_g,0.5539393529421148
NASA_m2_cm3,0.49786988135962845
NAV_cm3_g,0.08365287195166515
