{
  "R2": 0.972418962753155,
  "MAE": 0.09265553260815261,
  "RMSE": 0.02368997438019066,
  "MAPE(%)": 4.950718899797328
}