Feature,Importance
HENRY,65.10025000385903
ASA_m2_cm3,7.177904275025288
ASA_m2_g,5.753752634390895
AV_VF,4.540712983573517
AV_cm3_g,4.276233336926324
PLD,2.557523091381777
LFPD,2.441154287025731
cm3_g,2.244705119568467
LCD,2.2283640384192935
Has_OMS,2.0889942061591404
NASA_m2_g,0.7845287038160953
NASA_m2_cm3,0.7137878865645328
NAV_cm3_g,0.09208943328990823
