{
  "R2": 0.9590614837825974,
  "MAE": 0.10119022414610661,
  "RMSE": 0.023324854533888783,
  "MAPE(%)": 5.138161556994354
}