Feature,Importance
cm3_g,17.50428135821533
Has_OMS,15.366484702885648
PLD,13.25669213108965
LCD,10.051540101117308
ASA_m2_cm3,9.539076040953486
AV_VF,9.495551504020874
LFPD,8.099928989034431
AV_cm3_g,6.423033437912085
ASA_m2_g,5.791778107384359
NASA_m2_cm3,2.175535636557004
NASA_m2_g,2.1646236153736864
NAV_cm3_g,0.1314743754561395
