{
  "R2": 0.9796361417037086,
  "MAE": 0.035253992599313375,
  "RMSE": 0.0029189495246383004,
  "MAPE(%)": 3.215388416033058
}