Feature,Importance
0.05,85.9066267830504
cm3_g,1.9278662318608901
Has_OMS,1.6913606295641972
LFPD,1.6468134754651327
AV_cm3_g,1.6144704230076223
ASA_m2_cm3,1.4678417148332206
PLD,1.427860805280278
LCD,1.3045438701244052
ASA_m2_g,1.2899700243508794
AV_VF,1.1495862041027058
NASA_m2_g,0.3394420911629285
NASA_m2_cm3,0.18204827828669465
NAV_cm3_g,0.05156946891068641
