{
  "R2": 0.9952255075307587,
  "MAE": 0.005038213408922114,
  "RMSE": 6.400923549097716e-05,
  "MAPE(%)": 2.025236131935806
}