{
  "R2": 0.957898724576425,
  "MAE": 0.1719762201040928,
  "RMSE": 0.08056334991863148,
  "MAPE(%)": 5.8155242738353
}