{
  "R2": 0.9383129653477618,
  "MAE": 0.08919924718343326,
  "RMSE": 0.03090805899609448,
  "MAPE(%)": 6.752097711727623
}