{
  "R2": 0.9624229478767443,
  "MAE": 0.22933562678569533,
  "RMSE": 0.1096352149235495,
  "MAPE(%)": 6.369407125104488
}