Feature,Importance
0.05,71.74402605800456
ASA_m2_cm3,5.624178440656934
ASA_m2_g,5.032377606793074
AV_VF,3.884149720000262
AV_cm3_g,3.3677356003315517
LCD,2.1921353164149857
cm3_g,1.8807199638360976
PLD,1.7155500620706698
Has_OMS,1.6606708709274127
LFPD,1.5496218134496087
NASA_m2_g,0.7676693309463433
NASA_m2_cm3,0.5025902436269064
NAV_cm3_g,0.07857497294158644
