temp,lowp,outp,seed,mode,qt_frac,train_ratio,out_root,model,R2,MAE,RMSE,MAPE(%)
293K,0.05,5,2026,lowq,0.8,0.5,./RUN_FULL_EXP,cat,0.9679518524058599,0.055500942495940106,0.0066925062443261045,3.7317932672599827
