{
  "R2": 0.9679518524058599,
  "MAE": 0.055500942495940106,
  "RMSE": 0.0066925062443261045,
  "MAPE(%)": 3.7317932672599827
}