Feature,Importance
HENRY,62.30625713996384
ASA_m2_g,9.285448325269135
ASA_m2_cm3,6.813194793002853
AV_VF,5.286124755149744
AV_cm3_g,4.813510461756225
cm3_g,3.5951298117052564
LCD,2.183973999938204
PLD,1.7703447757644986
LFPD,1.4548822803912733
Has_OMS,1.3699540273040531
NASA_m2_cm3,0.7599101949229599
NASA_m2_g,0.3310493287054296
NAV_cm3_g,0.030220106126559797
