{
  "R2": 0.9747787929671383,
  "MAE": 0.10730333181395164,
  "RMSE": 0.027202947914275123,
  "MAPE(%)": 4.450475288492266
}