temp,lowp,outp,seed,mode,qt_frac,train_ratio,out_root,model,R2,MAE,RMSE,MAPE(%)
273K,0.5,1,2028,lowq,0.55,0.5,./RUN_FULL_EXP,cat,0.9953362522216737,0.01013859805998491,0.00022573170089231945,1.8554154900634168
