{
  "R2": 0.9953362522216737,
  "MAE": 0.01013859805998491,
  "RMSE": 0.00022573170089231945,
  "MAPE(%)": 1.8554154900634168
}