Feature,Importance
0.01,72.03516717213992
ASA_m2_g,5.426680548802488
AV_VF,4.388101031221325
ASA_m2_cm3,4.139522587696063
AV_cm3_g,2.7314519243769744
PLD,2.2113035787770428
cm3_g,2.170293940494624
LFPD,2.0824386913642874
LCD,1.7549650440117004
Has_OMS,1.627946577062373
NASA_m2_cm3,0.8557939296409991
NASA_m2_g,0.5373440139385891
NAV_cm3_g,0.03899096047362001
