{
  "R2": 0.9673108221412114,
  "MAE": 0.059914431483048695,
  "RMSE": 0.007640645460577986,
  "MAPE(%)": 3.999748427536317
}