temp,lowp,outp,seed,mode,qt_frac,train_ratio,out_root,model,R2,MAE,RMSE,MAPE(%)
293K,0.01,5,2028,struct_with_input,0.75,0.75,./RUN_FULL_EXP,cat,0.9673108221412114,0.059914431483048695,0.007640645460577986,3.999748427536317
