Feature,Importance
0.01,55.05986594043902
ASA_m2_g,16.13002976399455
AV_VF,6.455778810988129
ASA_m2_cm3,4.7696336302969575
AV_cm3_g,4.196101249173733
cm3_g,3.1518832346019554
PLD,2.605058612397463
LFPD,2.5144917298272658
LCD,2.394912265542561
Has_OMS,1.1963874636289469
NASA_m2_cm3,0.7539831335861529
NASA_m2_g,0.6794986663094049
NAV_cm3_g,0.09237549921386239
