{
  "R2": 0.9615892207087647,
  "MAE": 0.1694804303312749,
  "RMSE": 0.06777101413291833,
  "MAPE(%)": 5.766834329453787
}