{
  "R2": 0.9725244940705292,
  "MAE": 0.06359345136489399,
  "RMSE": 0.01010528582810266,
  "MAPE(%)": 4.526906555924866
}