Feature,Importance
0.05,65.34427640687485
ASA_m2_g,7.249904313922284
ASA_m2_cm3,6.241519753091083
AV_VF,4.886820093714892
AV_cm3_g,3.6119837940627444
cm3_g,2.452543027887654
PLD,2.327040864494592
LCD,2.292683077176264
LFPD,1.9663897980187086
Has_OMS,1.6597727458841103
NASA_m2_g,1.219790612148369
NASA_m2_cm3,0.6706152639363744
NAV_cm3_g,0.0766602487880692
