{
  "R2": 0.9636182764605066,
  "MAE": 0.10365373842761398,
  "RMSE": 0.029051841689313553,
  "MAPE(%)": 5.517399296400873
}