{
  "R2": 0.996309159342457,
  "MAE": 0.005395587412226896,
  "RMSE": 5.4909925841346716e-05,
  "MAPE(%)": 1.4309252159106092
}