Feature,Importance
cm3_g,15.004668353935205
AV_VF,14.601396323090606
ASA_m2_g,14.0560074475545
ASA_m2_cm3,12.365054252515446
PLD,10.53659172897463
AV_cm3_g,8.146024979650456
LCD,7.805375248284268
LFPD,7.121624682913993
Has_OMS,7.10616573477407
NASA_m2_cm3,1.4640578819867025
NASA_m2_g,1.326003418781217
NAV_cm3_g,0.4670299475389185
