{
  "R2": 0.7462615994434971,
  "MAE": 0.48609700720375676,
  "RMSE": 0.4776505921056501,
  "MAPE(%)": 20.499971597238567
}