temp,lowp,outp,seed,mode,qt_frac,train_ratio,out_root,model,R2,MAE,RMSE,MAPE(%)
293K,0.01,15,2027,struct,0.0,0.65,./RUN_FULL_EXP,cat,0.7462615994434971,0.48609700720375676,0.4776505921056501,20.499971597238567
