Feature,Importance
0.05,84.94116321710226
cm3_g,1.9910122090398268
AV_cm3_g,1.9734108757964284
PLD,1.7445496149997026
LCD,1.6095206237433646
Has_OMS,1.5876704912958155
ASA_m2_g,1.5647226195863715
ASA_m2_cm3,1.150739270094087
AV_VF,1.1420983630390884
LFPD,0.8216523104832855
NASA_m2_g,0.8178905999208144
NASA_m2_cm3,0.6124089160263632
NAV_cm3_g,0.04316088887258053
