{
  "R2": 0.9945171079036618,
  "MAE": 0.004924034452425197,
  "RMSE": 6.632351706726961e-05,
  "MAPE(%)": 1.9386402730908976
}