{
  "R2": 0.9647290010403661,
  "MAE": 0.07127008186352582,
  "RMSE": 0.012952672641698705,
  "MAPE(%)": 4.985070378017111
}