temp,lowp,outp,seed,mode,qt_frac,train_ratio,out_root,model,R2,MAE,RMSE,MAPE(%)
273K,HENRY,1,2025,lowq,0.45,0.5,./RUN_FULL_EXP,cat,0.9869619454704426,0.015297554193636041,0.0007295531060888743,2.756540333285809
