{
  "R2": 0.9869619454704426,
  "MAE": 0.015297554193636041,
  "RMSE": 0.0007295531060888743,
  "MAPE(%)": 2.756540333285809
}