{
  "R2": 0.9770828462452865,
  "MAE": 0.011041038691216157,
  "RMSE": 0.0013634137595810835,
  "MAPE(%)": 2.717736201765122
}