{
  "R2": 0.9549895664728052,
  "MAE": 0.18148838010872717,
  "RMSE": 0.07447336252118625,
  "MAPE(%)": 6.009246952892767
}