{
  "R2": 0.9937853771791857,
  "MAE": 0.004684207480803177,
  "RMSE": 4.665759243367838e-05,
  "MAPE(%)": 1.7974007427371934
}