temp,lowp,outp,seed,mode,qt_frac,train_ratio,out_root,model,R2,MAE,RMSE,MAPE(%)
313K,0.05,1,2028,lowq,0.7,0.5,./RUN_FULL_EXP,cat,0.9937853771791857,0.004684207480803177,4.665759243367838e-05,1.7974007427371934
