Feature,Importance
0.01,64.48236647265159
ASA_m2_g,8.395289292213498
AV_VF,5.999651450955753
ASA_m2_cm3,5.4135409703354
AV_cm3_g,5.140652453269495
cm3_g,2.432458143288533
PLD,2.3560705100764507
LFPD,2.011893948065369
LCD,1.2749607749463605
Has_OMS,1.2696878345936324
NASA_m2_cm3,0.644790913276681
NASA_m2_g,0.4853678879239632
NAV_cm3_g,0.09326934840327916
