{
  "R2": 0.965850774746632,
  "MAE": 0.12148216993066781,
  "RMSE": 0.028710625553691853,
  "MAPE(%)": 4.848157257783668
}