{
  "R2": 0.9582933370258615,
  "MAE": 0.16443518658040077,
  "RMSE": 0.0816179460731275,
  "MAPE(%)": 5.864641624145202
}