Feature,Importance
0.1,73.11826845214493
ASA_m2_g,6.488780741341341
ASA_m2_cm3,5.033361149503218
AV_VF,3.287083852138551
AV_cm3_g,2.285832142492855
LCD,2.274530412356276
cm3_g,1.804666499477264
PLD,1.6760353249537867
LFPD,1.3898856425961226
Has_OMS,1.331346203587443
NASA_m2_g,0.8175633045665716
NASA_m2_cm3,0.4111418095659485
NAV_cm3_g,0.08150446527567869
