{
  "R2": 0.9711141568756186,
  "MAE": 0.06212657319352863,
  "RMSE": 0.012407669824211803,
  "MAPE(%)": 4.3603771677659875
}