Feature,Importance
0.5,63.61022533536604
ASA_m2_g,7.725278019730034
AV_cm3_g,6.969611874667511
AV_VF,5.902947399658764
ASA_m2_cm3,5.756347305136297
cm3_g,2.646586212966578
PLD,1.8778645621839283
LFPD,1.8122145240327514
LCD,1.5859765356908238
Has_OMS,1.0359985899724151
NASA_m2_cm3,0.5588255074329449
NASA_m2_g,0.48681895754526955
NAV_cm3_g,0.03130517561664946
