{
  "R2": 0.9783895168862665,
  "MAE": 0.10272932756725528,
  "RMSE": 0.02429670426129689,
  "MAPE(%)": 4.429239459741479
}