temp,lowp,outp,seed,mode,qt_frac,train_ratio,out_root,model,R2,MAE,RMSE,MAPE(%)
313K,0.5,15,2028,lowq,0.15,0.5,./RUN_FULL_EXP,cat,0.9783895168862665,0.10272932756725528,0.02429670426129689,4.429239459741479
