Feature,Importance
0.1,55.15194346197403
ASA_m2_g,11.250317312175538
AV_VF,7.768860129690637
AV_cm3_g,6.8713768588195085
ASA_m2_cm3,6.529345769478894
cm3_g,2.7919605263098206
LFPD,2.4192065397257125
PLD,2.184927995123066
LCD,2.171644683694689
Has_OMS,1.2601287328848392
NASA_m2_cm3,0.9213515775170268
NASA_m2_g,0.6334376264671856
NAV_cm3_g,0.04549878613906831
