{
  "R2": 0.9581129133831728,
  "MAE": 0.16407343245213707,
  "RMSE": 0.05350014617477293,
  "MAPE(%)": 5.236801230787535
}