temp,lowp,outp,seed,mode,qt_frac,train_ratio,out_root,model,R2,MAE,RMSE,MAPE(%)
313K,0.01,5,2026,lowq,0.7,0.5,./RUN_FULL_EXP,cat,0.9744697539757509,0.039318354967759074,0.0031311933489275934,3.5468393535082696
