{
  "R2": 0.9744697539757509,
  "MAE": 0.039318354967759074,
  "RMSE": 0.0031311933489275934,
  "MAPE(%)": 3.5468393535082696
}