{
  "R2": 0.9636042011105443,
  "MAE": 0.0712193777124149,
  "RMSE": 0.0139767339445647,
  "MAPE(%)": 4.87515103824062
}