{
  "R2": 0.5346466288669519,
  "MAE": 0.325529272275513,
  "RMSE": 0.2300551834756318,
  "MAPE(%)": 30.085389731577482
}