Feature,Importance
ASA_m2_g,18.50597945314105
cm3_g,14.055273491904023
AV_VF,13.811402329302865
ASA_m2_cm3,11.82235661758307
PLD,10.422324786443353
LCD,8.108128144500169
AV_cm3_g,7.017805561541087
LFPD,6.904084720132853
Has_OMS,6.104816211585471
NASA_m2_g,1.4357056190138069
NASA_m2_cm3,1.4136219057801105
NAV_cm3_g,0.3985011590721492
