{
  "R2": 0.702562115749113,
  "MAE": 0.5369825912596221,
  "RMSE": 0.5668323480383957,
  "MAPE(%)": 23.26396790132918
}