{
  "R2": 0.9650251484789842,
  "MAE": 0.057447991724392744,
  "RMSE": 0.008646457199713511,
  "MAPE(%)": 3.8493365474140577
}