Feature,Importance
0.01,86.46071657419877
Has_OMS,2.0754118631045055
AV_cm3_g,1.825188660007277
cm3_g,1.804017320016821
LCD,1.3369592262454857
AV_VF,1.153588760705693
NASA_m2_cm3,1.0136306182323989
ASA_m2_cm3,0.9782961028332692
LFPD,0.9619289587418345
PLD,0.9337636675278491
ASA_m2_g,0.7084699885658439
NAV_cm3_g,0.37535651090817096
NASA_m2_g,0.3726717489120696
