{
  "R2": 0.9526664999884709,
  "MAE": 0.01603669752015295,
  "RMSE": 0.0032896796239803502,
  "MAPE(%)": 4.214861436531743
}