{
  "R2": 0.7294896474107238,
  "MAE": 0.5039032380902364,
  "RMSE": 0.5047829278156589,
  "MAPE(%)": 21.55360797437061
}