Feature,Importance
0.05,65.17864353143233
ASA_m2_g,7.013469611696679
ASA_m2_cm3,6.439052761157243
AV_VF,5.350785497796256
AV_cm3_g,3.0771300723284165
LCD,2.731354160839049
cm3_g,2.525111653925683
PLD,2.3122649285347925
LFPD,2.0415161942327953
Has_OMS,1.9971947634209384
NASA_m2_cm3,0.7055553722518617
NASA_m2_g,0.582304712749906
NAV_cm3_g,0.04561673963402117
