{
  "R2": 0.9542804635275163,
  "MAE": 0.09898652404814628,
  "RMSE": 0.022714367591926528,
  "MAPE(%)": 4.967158798875434
}