{
  "R2": 0.9449035486491033,
  "MAE": 0.24503467390684747,
  "RMSE": 0.1380635546021088,
  "MAPE(%)": 6.298846108573556
}