Feature,Importance
0.1,73.23137080439189
ASA_m2_cm3,4.504542677917406
ASA_m2_g,4.477772827203394
AV_VF,4.3200636583660605
AV_cm3_g,3.1233632260281903
PLD,2.051151385538478
cm3_g,1.9048239855028384
LFPD,1.8781146665346535
Has_OMS,1.6760419366408652
LCD,1.48379903712772
NASA_m2_cm3,0.7356282657164838
NASA_m2_g,0.5475556843220163
NAV_cm3_g,0.0657718447099744
