temp,lowp,outp,seed,mode,qt_frac,train_ratio,out_root,model,R2,MAE,RMSE,MAPE(%)
293K,0.1,5,2028,lowq,0.15,0.5,./RUN_FULL_EXP,cat,0.9744558327591829,0.060128900915592136,0.010720149880788144,4.084948366918662
