{
  "R2": 0.9744558327591829,
  "MAE": 0.060128900915592136,
  "RMSE": 0.010720149880788144,
  "MAPE(%)": 4.084948366918662
}