{
  "R2": 0.9707208038875408,
  "MAE": 0.06613591482310725,
  "RMSE": 0.011223533523105804,
  "MAPE(%)": 4.638998159164221
}