Feature,Importance
0.05,72.91133985909981
ASA_m2_g,5.2390771458139325
AV_VF,4.485198027955235
ASA_m2_cm3,4.04808297649097
AV_cm3_g,2.6215718340723164
cm3_g,2.431415763346889
Has_OMS,2.0975557457971545
LCD,1.904672544968678
LFPD,1.6528372018717254
PLD,1.4404935151958442
NASA_m2_cm3,0.7419327439227631
NASA_m2_g,0.3316229142629092
NAV_cm3_g,0.0941997272017593
