{
  "R2": 0.9719971025659718,
  "MAE": 0.058983690370564994,
  "RMSE": 0.008811463880410852,
  "MAPE(%)": 4.048169743942616
}