Feature,Importance
0.01,57.568808456620175
ASA_m2_g,14.124370720052047
ASA_m2_cm3,6.3629125847625225
AV_VF,4.664662521322614
AV_cm3_g,4.463688832941203
cm3_g,3.298951857158121
PLD,2.4540779458133555
LCD,2.3500792066718494
LFPD,1.811509340572168
Has_OMS,1.1722680511489603
NASA_m2_g,0.905263034683708
NASA_m2_cm3,0.7639082777604813
NAV_cm3_g,0.05949917049278291
