{
  "R2": 0.9585650583658124,
  "MAE": 0.16734352000936262,
  "RMSE": 0.05475788730250121,
  "MAPE(%)": 5.256286406718816
}