Feature,Importance
HENRY,59.03335984398127
ASA_m2_g,9.610872385001851
ASA_m2_cm3,6.823894555951746
AV_VF,6.104337561356753
AV_cm3_g,6.060570331241367
PLD,3.119521828511109
cm3_g,2.481494644383366
LFPD,2.129882150747097
LCD,1.8219768286136804
Has_OMS,1.4701700359907637
NASA_m2_cm3,0.6566683943186585
NASA_m2_g,0.6183748154728903
NAV_cm3_g,0.06887662442942886
