{
  "R2": 0.9627475984463167,
  "MAE": 0.16308013304962898,
  "RMSE": 0.05487717368591889,
  "MAPE(%)": 5.320529128974346
}