temp,lowp,outp,seed,mode,qt_frac,train_ratio,out_root,model,R2,MAE,RMSE,MAPE(%)
313K,0.01,1,2029,lowq,0.6,0.5,./RUN_FULL_EXP,cat,0.9899016478955734,0.0068432035074063825,8.602417265379141e-05,2.6916928990486824
