{
  "R2": 0.9899016478955734,
  "MAE": 0.0068432035074063825,
  "RMSE": 8.602417265379141e-05,
  "MAPE(%)": 2.6916928990486824
}