Feature,Importance
0.1,72.9356160507298
ASA_m2_cm3,4.894922029793152
ASA_m2_g,4.649431681656124
AV_cm3_g,3.9641695186756065
AV_VF,2.8365268601960025
cm3_g,2.3905407781784263
Has_OMS,1.9782416156187967
LCD,1.9639099545571828
LFPD,1.559064180256435
PLD,1.487999732772242
NASA_m2_cm3,0.8042214595868579
NASA_m2_g,0.4198951627465161
NAV_cm3_g,0.11546097523285216
