{
  "R2": 0.9696512962791444,
  "MAE": 0.059186259574164804,
  "RMSE": 0.009789388568096542,
  "MAPE(%)": 3.981493673949859
}