{
  "R2": 0.9738197035125442,
  "MAE": 0.06279650551873506,
  "RMSE": 0.012166708003106838,
  "MAPE(%)": 4.554301291454836
}