{
  "R2": 0.9861315712713176,
  "MAE": 0.017061146053654025,
  "RMSE": 0.0016029863260078913,
  "MAPE(%)": 2.9339362027090954
}