Feature,Importance
Has_OMS,16.090242618567284
PLD,13.828214187970927
cm3_g,13.238334234103704
LFPD,10.531626007546592
ASA_m2_cm3,10.495968563584587
AV_VF,9.854018847407188
LCD,9.081783011771028
AV_cm3_g,8.14156087570148
ASA_m2_g,5.958465739043929
NASA_m2_g,1.3811303530356307
NASA_m2_cm3,1.1927601925916962
NAV_cm3_g,0.205895368675931
