{
  "R2": 0.3614153056204431,
  "MAE": 0.12179784514543925,
  "RMSE": 0.04657843433372981,
  "MAPE(%)": 49.046187448979474
}