{
  "R2": 0.9600825807557466,
  "MAE": 0.23116128108511808,
  "RMSE": 0.11195850138110383,
  "MAPE(%)": 6.30133381849351
}