temp,lowp,outp,seed,mode,qt_frac,train_ratio,out_root,model,R2,MAE,RMSE,MAPE(%)
273K,0.05,15,2026,lowq,0.25,0.5,./RUN_FULL_EXP,cat,0.9600825807557466,0.23116128108511808,0.11195850138110383,6.30133381849351
