Feature,Importance
0.05,86.6581642847389
AV_cm3_g,1.9533597234341624
Has_OMS,1.7616751160370656
cm3_g,1.6317223453411862
AV_VF,1.53992105850312
ASA_m2_g,1.3028494240297555
LCD,1.2821841327926444
LFPD,1.1485551556503792
PLD,1.0453407970261166
ASA_m2_cm3,0.8569488456081117
NASA_m2_cm3,0.42614622205408603
NASA_m2_g,0.3308990652680164
NAV_cm3_g,0.06223382951644076
