{
  "R2": 0.9920935544754518,
  "MAE": 0.007762360442361552,
  "RMSE": 0.00013965973122375276,
  "MAPE(%)": 2.0815074279693673
}