{
  "R2": 0.9609078538235578,
  "MAE": 0.10409746083306978,
  "RMSE": 0.026377722153664147,
  "MAPE(%)": 5.393993159729617
}