temp,lowp,outp,seed,mode,qt_frac,train_ratio,out_root,model,R2,MAE,RMSE,MAPE(%)
273K,0.01,5,2026,lowq,0.3,0.5,./RUN_FULL_EXP,cat,0.9609078538235578,0.10409746083306978,0.026377722153664147,5.393993159729617
