Feature,Importance
0.5,76.81294100434235
ASA_m2_g,4.712493374362485
AV_VF,4.02360125652824
AV_cm3_g,2.9516879287927518
ASA_m2_cm3,2.8233807644400066
cm3_g,1.6939785528381384
LCD,1.6393871456572666
PLD,1.5625431519261346
Has_OMS,1.3492003843129425
LFPD,1.3199115267592139
NASA_m2_cm3,0.6138989884329271
NASA_m2_g,0.43922573418904265
NAV_cm3_g,0.05775018741852419
