{
  "R2": 0.9767058565197771,
  "MAE": 0.05627706253506081,
  "RMSE": 0.011095640010917894,
  "MAPE(%)": 3.8072479723559085
}