{
  "R2": 0.9500253427488339,
  "MAE": 0.19901744720392844,
  "RMSE": 0.09241473864468767,
  "MAPE(%)": 7.004853578340921
}