temp,lowp,outp,seed,mode,qt_frac,train_ratio,out_root,model,R2,MAE,RMSE,MAPE(%)
293K,HENRY,1,2029,lowq,0.45,0.5,./RUN_FULL_EXP,cat,0.9910647819904056,0.007860999442437325,0.00020230653240580748,2.103188995665295
