{
  "R2": 0.9910647819904056,
  "MAE": 0.007860999442437325,
  "RMSE": 0.00020230653240580748,
  "MAPE(%)": 2.103188995665295
}