Feature,Importance
0.01,63.73795243199915
ASA_m2_g,7.886077437747285
ASA_m2_cm3,6.01791921558771
AV_VF,4.694048614712024
AV_cm3_g,4.229300876277348
PLD,2.564715511419138
LCD,2.3548827326082056
Has_OMS,2.2368112652219896
LFPD,2.1349970088591514
cm3_g,2.0787728955100184
NASA_m2_cm3,1.1318632301266747
NASA_m2_g,0.765453300078685
NAV_cm3_g,0.16720547985263
