{
  "R2": 0.9567106450837639,
  "MAE": 0.10804435503218125,
  "RMSE": 0.026843095203431512,
  "MAPE(%)": 5.463407092498831
}