{
  "R2": 0.995950953916671,
  "MAE": 0.004404636187721358,
  "RMSE": 4.259453752981082e-05,
  "MAPE(%)": 1.749162661728398
}