{
  "R2": 0.962732311995292,
  "MAE": 0.1236779798108806,
  "RMSE": 0.02895143863570584,
  "MAPE(%)": 4.811424419373106
}