temp,lowp,outp,seed,mode,qt_frac,train_ratio,out_root,model,R2,MAE,RMSE,MAPE(%)
313K,0.01,15,2027,lowq,0.75,0.5,./RUN_FULL_EXP,cat,0.962732311995292,0.1236779798108806,0.02895143863570584,4.811424419373106
