{
  "R2": 0.9594295600256442,
  "MAE": 0.0185947549789007,
  "RMSE": 0.002650459599547966,
  "MAPE(%)": 5.774664511905049
}