Feature,Importance
0.05,55.043552342259
ASA_m2_g,12.07881112209728
AV_VF,6.556830809860634
ASA_m2_cm3,6.329211564229473
AV_cm3_g,6.246299184477945
cm3_g,3.6514432702632207
PLD,2.5738146658164367
LFPD,2.421434963809294
LCD,1.94111036004139
Has_OMS,1.7277190443585209
NASA_m2_g,0.6770439671669739
NASA_m2_cm3,0.6445626248781754
NAV_cm3_g,0.10816608074167339
