{
  "R2": 0.9663571247387535,
  "MAE": 0.16734484749813183,
  "RMSE": 0.062252200756623195,
  "MAPE(%)": 5.9292548183451315
}