Feature,Importance
0.1,87.6215549223128
cm3_g,2.0667614486586423
AV_cm3_g,1.8350603351982757
Has_OMS,1.2451986395935617
LCD,1.2313208558703277
ASA_m2_cm3,1.2000985817541303
AV_VF,1.0595762037880012
ASA_m2_g,0.9298468831777924
PLD,0.8588534557035132
LFPD,0.7532702768090821
NASA_m2_g,0.5885081652874121
NASA_m2_cm3,0.5340403373597946
NAV_cm3_g,0.07590989448667347
