{
  "R2": 0.9932008938232001,
  "MAE": 0.007846918705189318,
  "RMSE": 0.0001684001414267086,
  "MAPE(%)": 2.1301365299364208
}