{
  "R2": 0.40284528571182987,
  "MAE": 0.12114446460379837,
  "RMSE": 0.04193685682065814,
  "MAPE(%)": 44.50344642152515
}