{
  "R2": 0.9648078401886339,
  "MAE": 0.16621327358559457,
  "RMSE": 0.05600393213565064,
  "MAPE(%)": 5.550036561294785
}