Feature,Importance
0.01,81.3929963458499
ASA_m2_cm3,3.0839638249496883
ASA_m2_g,2.5859920640291127
Has_OMS,2.162588133641943
AV_VF,2.040410312139409
cm3_g,1.8064660501898135
LFPD,1.6024212575154775
PLD,1.533080943964973
LCD,1.4593567910760872
AV_cm3_g,1.1855259501902748
NASA_m2_g,0.5903108296569787
NASA_m2_cm3,0.5327065528880652
NAV_cm3_g,0.02418094390828634
