{
  "R2": 0.9850765679518211,
  "MAE": 0.015878324403082247,
  "RMSE": 0.0005643257194156386,
  "MAPE(%)": 2.9200046436862537
}