Feature,Importance
0.05,71.43247311689596
ASA_m2_g,5.235775332005478
ASA_m2_cm3,4.7912148523356475
AV_VF,4.698420439564901
AV_cm3_g,2.7493191800069097
cm3_g,2.201929170412573
LCD,2.0225353681777762
PLD,1.7010531315329904
Has_OMS,1.6466364812230951
LFPD,1.6160680496734896
NASA_m2_g,1.022997303922221
NASA_m2_cm3,0.7527908433211397
NAV_cm3_g,0.1287867309278
