{
  "R2": 0.9744686451715753,
  "MAE": 0.06122276270001626,
  "RMSE": 0.01063697439314462,
  "MAPE(%)": 4.245256093620117
}