{
  "R2": 0.9568016239943624,
  "MAE": 0.10072258018846444,
  "RMSE": 0.023471039463536972,
  "MAPE(%)": 5.075251629131472
}