Feature,Importance
0.01,50.84308657666421
ASA_m2_g,16.80213737982754
ASA_m2_cm3,7.58152779553931
AV_cm3_g,5.0950322321798165
AV_VF,4.722607758011476
cm3_g,4.043108574530953
LCD,3.003173462436454
PLD,2.8540193608696844
LFPD,2.1253600000498416
Has_OMS,1.1379872722518494
NASA_m2_g,0.8813515650559551
NASA_m2_cm3,0.7805511756922826
NAV_cm3_g,0.13005684689061914
