temp,lowp,outp,seed,mode,qt_frac,train_ratio,out_root,model,R2,MAE,RMSE,MAPE(%)
273K,0.01,15,2026,lowq,0.1,0.5,./RUN_FULL_EXP,cat,0.9575043805495809,0.2433020762608371,0.12779332497384924,6.679388049818696
