{
  "R2": 0.9575043805495809,
  "MAE": 0.2433020762608371,
  "RMSE": 0.12779332497384924,
  "MAPE(%)": 6.679388049818696
}