{
  "R2": 0.9390827955654688,
  "MAE": 0.21722489415074284,
  "RMSE": 0.11602935469620079,
  "MAPE(%)": 8.391295616864046
}