{
  "R2": 0.9557122670139945,
  "MAE": 0.23370882292481968,
  "RMSE": 0.10669785679605907,
  "MAPE(%)": 5.839923146395523
}