Feature,Importance
0.5,91.73217896211598
AV_cm3_g,1.351115794283886
AV_VF,1.0116663673386765
cm3_g,0.9622480015655198
ASA_m2_g,0.87175244127059
LCD,0.7164374700960027
Has_OMS,0.7148890614037465
PLD,0.7033410392848566
ASA_m2_cm3,0.6578073091831165
LFPD,0.6241173923537526
NASA_m2_cm3,0.31292497345293335
NASA_m2_g,0.26198677568234513
NAV_cm3_g,0.07953441196860364
