temp,lowp,outp,seed,mode,qt_frac,train_ratio,out_root,model,R2,MAE,RMSE,MAPE(%)
313K,0.5,1,2028,lowq,0.55,0.5,./RUN_FULL_EXP,cat,0.9969759533357859,0.0036750603384159476,2.725536282103708e-05,1.4319302421624933
