{
  "R2": 0.9969759533357859,
  "MAE": 0.0036750603384159476,
  "RMSE": 2.725536282103708e-05,
  "MAPE(%)": 1.4319302421624933
}