Feature,Importance
0.01,55.11971728610648
ASA_m2_g,13.805357339618038
ASA_m2_cm3,7.302415487349999
AV_cm3_g,5.7857262614362615
AV_VF,4.458694306113909
cm3_g,3.5389468581078884
PLD,2.621842957226423
LCD,2.556057174866922
LFPD,1.7445802415442955
Has_OMS,1.3472248627578571
NASA_m2_g,0.9457616419390984
NASA_m2_cm3,0.6971158393515425
NAV_cm3_g,0.07655974358128954
