{
  "R2": 0.960814776595972,
  "MAE": 0.172169934536967,
  "RMSE": 0.07233108955941565,
  "MAPE(%)": 5.993152350221514
}