{
  "R2": 0.9629525445437055,
  "MAE": 0.110149730861243,
  "RMSE": 0.031216166730056352,
  "MAPE(%)": 6.00430025776507
}