temp,lowp,outp,seed,mode,qt_frac,train_ratio,out_root,model,R2,MAE,RMSE,MAPE(%)
313K,HENRY,5,2028,lowq,0.8,0.5,./RUN_FULL_EXP,cat,0.9798163634071331,0.0313507967252314,0.0022532809703681325,2.7990503207191706
