{
  "R2": 0.9798163634071331,
  "MAE": 0.0313507967252314,
  "RMSE": 0.0022532809703681325,
  "MAPE(%)": 2.7990503207191706
}