Feature,Importance
0.01,68.8135635107787
ASA_m2_g,6.712757940157281
ASA_m2_cm3,5.747771275515651
AV_VF,5.3244829540999365
LCD,2.2112848244539793
Has_OMS,2.0371021194079604
cm3_g,2.022978128841269
LFPD,1.8286220876428072
AV_cm3_g,1.8284105680659413
PLD,1.8121475527032975
NASA_m2_g,1.1095577947784503
NASA_m2_cm3,0.48349533968826386
NAV_cm3_g,0.06782590386646568
