{
  "R2": 0.9651514268099461,
  "MAE": 0.06962972069995244,
  "RMSE": 0.017368565699642846,
  "MAPE(%)": 4.895012214688199
}