Feature,Importance
HENRY,56.793289567893744
ASA_m2_g,13.202463581315111
AV_VF,6.247509224889734
ASA_m2_cm3,6.140275631831728
AV_cm3_g,4.1574561620311465
cm3_g,3.537606904609253
PLD,2.7575775949630374
LCD,2.431635590094736
LFPD,2.059269277135345
Has_OMS,1.2953583079035298
NASA_m2_cm3,0.8620863138994346
NASA_m2_g,0.44783441518883454
NAV_cm3_g,0.0676374282443802
