temp,lowp,outp,seed,mode,qt_frac,train_ratio,out_root,model,R2,MAE,RMSE,MAPE(%)
293K,HENRY,15,2025,lowq,0.5,0.5,./RUN_FULL_EXP,cat,0.9563963153114685,0.16431007831300556,0.06493608505323736,5.337040279520266
