{
  "R2": 0.9563963153114685,
  "MAE": 0.16431007831300556,
  "RMSE": 0.06493608505323736,
  "MAPE(%)": 5.337040279520266
}