Feature,Importance
HENRY,80.44421716501388
ASA_m2_cm3,2.4625803711799947
AV_cm3_g,2.3356269090964896
Has_OMS,2.300399086663807
AV_VF,2.252450846232646
cm3_g,2.0556145152071696
PLD,1.9023343231829053
LFPD,1.747373743962773
LCD,1.7266544229808989
ASA_m2_g,1.4992474455005962
NASA_m2_g,0.7544391883932384
NASA_m2_cm3,0.4555209725973208
NAV_cm3_g,0.06354100998827383
