{
  "R2": 0.9865025094638131,
  "MAE": 0.016914305452452837,
  "RMSE": 0.0010334206123445472,
  "MAPE(%)": 3.035569781667431
}