Feature,Importance
0.01,59.233796014534576
ASA_m2_g,8.623902223857822
AV_VF,7.137832479820384
ASA_m2_cm3,6.813594688280102
AV_cm3_g,5.733921467170466
cm3_g,2.761441857019942
PLD,2.5426784669416693
LFPD,2.2021521724187725
LCD,1.7328361246350457
Has_OMS,1.40429894002183
NASA_m2_cm3,0.959295145923901
NASA_m2_g,0.7642190584526595
NAV_cm3_g,0.09003136092285803
