{
  "R2": 0.958657558543866,
  "MAE": 0.17161905097908595,
  "RMSE": 0.059816367071881246,
  "MAPE(%)": 5.617949947940883
}