{
  "R2": 0.9946403437674224,
  "MAE": 0.004584823645563996,
  "RMSE": 4.270995448302484e-05,
  "MAPE(%)": 1.7648921995631803
}