{
  "R2": 0.9565117604911937,
  "MAE": 0.177407629533881,
  "RMSE": 0.08425897385218449,
  "MAPE(%)": 6.47563784726594
}