{
  "R2": 0.9526275143111768,
  "MAE": 0.17528378576684364,
  "RMSE": 0.07453133129132743,
  "MAPE(%)": 5.605302868116888
}