temp,lowp,outp,seed,mode,qt_frac,train_ratio,out_root,model,R2,MAE,RMSE,MAPE(%)
293K,0.1,15,2027,lowq,0.4,0.5,./RUN_FULL_EXP,cat,0.9581948380816092,0.16373429015337757,0.06686730735919051,5.425520985913564
