{
  "R2": 0.9581948380816092,
  "MAE": 0.16373429015337757,
  "RMSE": 0.06686730735919051,
  "MAPE(%)": 5.425520985913564
}