Feature,Importance
0.01,77.44621990707098
ASA_m2_g,4.136953090243829
ASA_m2_cm3,3.6463045849712596
AV_VF,3.100153562622538
AV_cm3_g,2.3198759743881903
cm3_g,2.010176586129629
Has_OMS,1.8933252976320094
LCD,1.8101019028084864
PLD,1.260918783809164
LFPD,1.0428598913411242
NASA_m2_g,0.6737240990382009
NASA_m2_cm3,0.5956942799438228
NAV_cm3_g,0.06369204000076015
