{
  "R2": 0.9783231315592977,
  "MAE": 0.0444643824829963,
  "RMSE": 0.006016826488805517,
  "MAPE(%)": 4.228984187030977
}