Feature,Importance
0.5,92.04861559251033
cm3_g,1.230750807754718
Has_OMS,1.0081541302546035
AV_VF,0.9558020137406261
ASA_m2_g,0.8138711254231692
ASA_m2_cm3,0.7545923495738059
AV_cm3_g,0.7186503422770983
LCD,0.6246027992867524
PLD,0.6188271461969735
LFPD,0.6088178163234841
NASA_m2_cm3,0.27204889529843307
NASA_m2_g,0.26794005889864414
NAV_cm3_g,0.07732692246135515
