{
  "R2": 0.9956325916506741,
  "MAE": 0.009935404071449485,
  "RMSE": 0.00021058274689083627,
  "MAPE(%)": 1.8286594298171686
}