Feature,Importance
HENRY,50.58062513622812
ASA_m2_g,13.119393086819708
AV_cm3_g,7.900978154564626
ASA_m2_cm3,7.737865032597508
AV_VF,5.852728218080054
cm3_g,3.2865110030517553
PLD,2.822398380489575
LCD,2.812872351558097
LFPD,2.103332083748668
Has_OMS,1.7009553530922201
NASA_m2_cm3,1.0847708914906524
NASA_m2_g,0.8384000565043558
NAV_cm3_g,0.15917025177467523
