{
  "R2": 0.9473899611619245,
  "MAE": 0.24452803608079188,
  "RMSE": 0.13890380382562134,
  "MAPE(%)": 6.223956447679358
}