{
  "R2": 0.9857716697756654,
  "MAE": 0.01589987449520354,
  "RMSE": 0.000784874856015333,
  "MAPE(%)": 2.888557184510252
}