Feature,Importance
HENRY,63.21597976729486
ASA_m2_g,11.238933609497481
ASA_m2_cm3,5.336069228099709
AV_VF,4.636910816513325
AV_cm3_g,4.538961834281051
cm3_g,2.406745770006863
LCD,2.2719653828489372
PLD,2.0166232303219758
LFPD,1.855071172557054
Has_OMS,1.080157534566544
NASA_m2_g,0.6637271771715321
NASA_m2_cm3,0.6514850701026796
NAV_cm3_g,0.08736940673797097
