{
  "R2": 0.9734300693530008,
  "MAE": 0.10966627561362023,
  "RMSE": 0.026845750521707287,
  "MAPE(%)": 4.596115127639464
}