{
  "R2": 0.9944535625536918,
  "MAE": 0.00941939364379761,
  "RMSE": 0.00018973521594256953,
  "MAPE(%)": 1.701688017057488
}