Feature,Importance
0.1,62.55171006061858
ASA_m2_g,13.413651654107248
ASA_m2_cm3,4.9693997330655435
AV_VF,3.82142325723202
cm3_g,3.637692818267689
AV_cm3_g,3.351673199522265
LCD,2.109307979115756
LFPD,2.102583068816241
PLD,1.9439228692453865
Has_OMS,1.2066921616676003
NASA_m2_g,0.4077196062913569
NASA_m2_cm3,0.40174971867297093
NAV_cm3_g,0.08247387337735408
