temp,lowp,outp,seed,mode,qt_frac,train_ratio,out_root,model,R2,MAE,RMSE,MAPE(%)
313K,0.1,15,2025,lowq,0.25,0.5,./RUN_FULL_EXP,cat,0.9742906143419465,0.10769016264089826,0.026652492568788638,4.5006872110856495
