{
  "R2": 0.9742906143419465,
  "MAE": 0.10769016264089826,
  "RMSE": 0.026652492568788638,
  "MAPE(%)": 4.5006872110856495
}