Feature,Importance
0.01,83.55929890009541
ASA_m2_cm3,2.5444577124692995
AV_VF,1.83596628422561
AV_cm3_g,1.7935686705471128
LCD,1.7058809434600153
cm3_g,1.603081023335721
PLD,1.5987635398814346
ASA_m2_g,1.4837557681174445
Has_OMS,1.1378179675910398
LFPD,1.1248959629346673
NASA_m2_g,0.9253049907131748
NASA_m2_cm3,0.5869763396570106
NAV_cm3_g,0.1002318969720601
