{
  "R2": 0.9533303075055654,
  "MAE": 0.02638816408395532,
  "RMSE": 0.007449043944910574,
  "MAPE(%)": 4.356647944416464
}