Feature,Importance
HENRY,80.98699958940574
ASA_m2_cm3,2.629934679368843
AV_VF,2.234111075440377
Has_OMS,2.1154620783402405
ASA_m2_g,2.080486287555152
cm3_g,1.9079067774642486
PLD,1.8953006312848282
AV_cm3_g,1.7716089259095118
LFPD,1.5814035407932179
LCD,1.3885847391361772
NASA_m2_cm3,0.7140146660192257
NASA_m2_g,0.638560629918743
NAV_cm3_g,0.055626379363719815
