temp,lowp,outp,seed,mode,qt_frac,train_ratio,out_root,model,R2,MAE,RMSE,MAPE(%)
273K,HENRY,1,2028,lowq,0.55,0.5,./RUN_FULL_EXP,cat,0.9849976860511503,0.015362032422085434,0.0007359799710800133,2.7730008530724075
