{
  "R2": 0.9849976860511503,
  "MAE": 0.015362032422085434,
  "RMSE": 0.0007359799710800133,
  "MAPE(%)": 2.7730008530724075
}