Feature,Importance
0.5,60.74932571478734
ASA_m2_g,10.020267107979985
AV_cm3_g,6.895731647608854
ASA_m2_cm3,5.82834340279776
AV_VF,5.33396445925142
cm3_g,2.6085595390699665
PLD,2.0589393183681306
LCD,1.9269222877364363
LFPD,1.7017040163464485
Has_OMS,1.3210656012053432
NASA_m2_cm3,0.8348829414977308
NASA_m2_g,0.6535290357942999
NAV_cm3_g,0.06676492755629153
