{
  "R2": 0.9723201236186307,
  "MAE": 0.1030560151163466,
  "RMSE": 0.020420343111882767,
  "MAPE(%)": 4.048187592529079
}