temp,lowp,outp,seed,mode,qt_frac,train_ratio,out_root,model,R2,MAE,RMSE,MAPE(%)
313K,0.5,15,2027,lowq,0.8,0.5,./RUN_FULL_EXP,cat,0.9723201236186307,0.1030560151163466,0.020420343111882767,4.048187592529079
