Feature,Importance
0.01,71.11247648875666
ASA_m2_g,4.7144964789035155
AV_VF,4.4195894941349785
ASA_m2_cm3,3.789464898832781
cm3_g,3.071571310833366
AV_cm3_g,2.8782759348698197
Has_OMS,2.6767464013210587
PLD,1.92254311399593
LCD,1.8503500890676723
LFPD,1.835201698763446
NASA_m2_g,0.832988145571808
NASA_m2_cm3,0.8139399257895122
NAV_cm3_g,0.08235601915945862
