{
  "R2": 0.9657863623131868,
  "MAE": 0.06985686842242043,
  "RMSE": 0.012534821014362655,
  "MAPE(%)": 4.915780773736069
}