temp,lowp,outp,seed,mode,qt_frac,train_ratio,out_root,model,R2,MAE,RMSE,MAPE(%)
293K,0.01,5,2025,struct_with_input,0.25,0.25,./RUN_FULL_EXP,cat,0.9657863623131868,0.06985686842242043,0.012534821014362655,4.915780773736069
