Feature,Importance
0.01,65.6195836453598
ASA_m2_g,7.068909629012336
ASA_m2_cm3,7.010534790473675
AV_VF,4.884434143583285
AV_cm3_g,3.0101533438030534
LCD,2.7529365198743605
cm3_g,2.265603923414427
PLD,2.118642269400472
LFPD,1.94992438470286
Has_OMS,1.6739133449567842
NASA_m2_g,0.950838078417763
NASA_m2_cm3,0.5944535952803948
NAV_cm3_g,0.10007233172080283
