{
  "R2": 0.9578347303064043,
  "MAE": 0.1095448998696803,
  "RMSE": 0.033047436794631,
  "MAPE(%)": 5.6859059600670845
}