{
  "R2": 0.9515930954649363,
  "MAE": 0.24121758023926593,
  "RMSE": 0.1323773387365084,
  "MAPE(%)": 6.256496352562897
}