Feature,Importance
0.1,84.42231867854953
AV_cm3_g,2.069148098145644
cm3_g,2.020167816884791
ASA_m2_g,1.7708647995669633
ASA_m2_cm3,1.6602019627227949
Has_OMS,1.5457495935283345
AV_VF,1.452689490013926
PLD,1.2977221088172075
LFPD,1.2482419032150451
LCD,1.2440560086447834
NASA_m2_cm3,0.7164011517026639
NASA_m2_g,0.4725645409336852
NAV_cm3_g,0.07987384727460266
