{
  "R2": 0.9843842846591168,
  "MAE": 0.01695850489511876,
  "RMSE": 0.0016082068179506775,
  "MAPE(%)": 2.9967957731143233
}