{
  "R2": 0.9925984519227649,
  "MAE": 0.0305633139157333,
  "RMSE": 0.0025812521235872733,
  "MAPE(%)": 2.427398315237881
}