{
  "R2": 0.9513912153447585,
  "MAE": 0.1944989332827657,
  "RMSE": 0.09320376484163338,
  "MAPE(%)": 7.232122300410977
}