Feature,Importance
HENRY,63.465812217460936
AV_VF,7.033522920171314
AV_cm3_g,6.433645442778316
ASA_m2_g,6.0877041932724785
ASA_m2_cm3,5.789549927208788
cm3_g,2.8648611909652386
PLD,2.063251214311293
LCD,1.9667156447398397
Has_OMS,1.5518279716666046
LFPD,1.4401513031028745
NASA_m2_cm3,0.6351761337342386
NASA_m2_g,0.6090351468813554
NAV_cm3_g,0.05874669370671621
