{
  "R2": 0.9660517795867816,
  "MAE": 0.11165431740548476,
  "RMSE": 0.03542242643699885,
  "MAPE(%)": 4.538367123114375
}