Feature,Importance
0.05,82.86891938942739
ASA_m2_g,2.64205111168615
AV_cm3_g,1.9903363236624931
cm3_g,1.9819273462480465
ASA_m2_cm3,1.6716194314745505
PLD,1.5841817566843797
AV_VF,1.5713196128266163
Has_OMS,1.5608596345057573
LCD,1.4492460555551185
LFPD,1.1505462363677077
NASA_m2_g,0.8615230845748215
NASA_m2_cm3,0.5380180762538735
NAV_cm3_g,0.12945194073311092
