{
  "R2": 0.987162540219594,
  "MAE": 0.01567000227940363,
  "RMSE": 0.0007315924347179764,
  "MAPE(%)": 2.891195692388917
}