{
  "R2": 0.9719248131112592,
  "MAE": 0.014359749480966943,
  "RMSE": 0.002099342061721537,
  "MAPE(%)": 3.791681538173079
}