{
  "R2": 0.41949432143053866,
  "MAE": 0.08361664535221504,
  "RMSE": 0.023366249508823475,
  "MAPE(%)": 45.956841878034716
}