{
  "R2": 0.9953461315580555,
  "MAE": 0.003908682189959595,
  "RMSE": 3.732906848660619e-05,
  "MAPE(%)": 1.484798997380377
}