temp,lowp,outp,seed,mode,qt_frac,train_ratio,out_root,model,R2,MAE,RMSE,MAPE(%)
313K,HENRY,1,2026,lowq,0.65,0.5,./RUN_FULL_EXP,cat,0.9953461315580555,0.003908682189959595,3.732906848660619e-05,1.484798997380377
