{
  "R2": 0.9773874003373341,
  "MAE": 0.03500486732942063,
  "RMSE": 0.0027240931094093127,
  "MAPE(%)": 3.194307218993101
}