Feature,Importance
0.5,91.88455034709993
AV_cm3_g,1.3088671040362914
cm3_g,1.098605293893598
ASA_m2_g,1.0877795074318333
Has_OMS,0.8551292730642601
LCD,0.818250276429883
PLD,0.7516393605799643
ASA_m2_cm3,0.5389110827646172
AV_VF,0.5080174434386104
LFPD,0.4599968513119477
NASA_m2_g,0.34700208833688423
NASA_m2_cm3,0.27513584212697284
NAV_cm3_g,0.06611552948520572
