{
  "R2": 0.9970235385717617,
  "MAE": 0.003307106088838922,
  "RMSE": 2.0698536454026902e-05,
  "MAPE(%)": 1.2504227368837864
}