Feature,Importance
0.5,92.0819249154502
AV_cm3_g,1.1256816249078652
cm3_g,1.0844012403699117
Has_OMS,0.888126530092624
AV_VF,0.855292529498274
ASA_m2_g,0.8394562880109251
LCD,0.7119403457797338
ASA_m2_cm3,0.5957145744881768
NASA_m2_cm3,0.5795978217972401
PLD,0.5102571141623735
LFPD,0.4001217595259727
NASA_m2_g,0.29904014493185127
NAV_cm3_g,0.028445110984860054
