{
  "R2": 0.9953498218189386,
  "MAE": 0.009502346125324461,
  "RMSE": 0.0001922584001003402,
  "MAPE(%)": 1.7265819347998832
}