temp,lowp,outp,seed,mode,qt_frac,train_ratio,out_root,model,R2,MAE,RMSE,MAPE(%)
273K,0.5,1,2029,lowq,0.65,0.5,./RUN_FULL_EXP,cat,0.9953498218189386,0.009502346125324461,0.0001922584001003402,1.7265819347998832
