{
  "R2": 0.9957923418784594,
  "MAE": 0.010223394594754022,
  "RMSE": 0.00022134184024755316,
  "MAPE(%)": 1.8785981731566797
}