temp,lowp,outp,seed,mode,qt_frac,train_ratio,out_root,model,R2,MAE,RMSE,MAPE(%)
273K,0.5,1,2028,lowq,0.5,0.5,./RUN_FULL_EXP,cat,0.9957923418784594,0.010223394594754022,0.00022134184024755316,1.8785981731566797
