Feature,Importance
0.5,74.52000422988814
ASA_m2_g,5.053173061005163
AV_VF,4.49760288447481
ASA_m2_cm3,3.9273865395749885
AV_cm3_g,2.1915543680112597
cm3_g,2.0809402775318064
Has_OMS,1.9480787963392967
LFPD,1.6718690161198724
LCD,1.664105226010593
PLD,1.2666696171877538
NASA_m2_cm3,0.7994635924509331
NASA_m2_g,0.24670311262869526
NAV_cm3_g,0.13244927877669685
