{
  "R2": 0.9801427439739049,
  "MAE": 0.05542019624799881,
  "RMSE": 0.00935180510438474,
  "MAPE(%)": 4.0625880548170885
}