temp,lowp,outp,seed,mode,qt_frac,train_ratio,out_root,model,R2,MAE,RMSE,MAPE(%)
293K,0.5,5,2029,lowq,0.05,0.5,./RUN_FULL_EXP,cat,0.9801427439739049,0.05542019624799881,0.00935180510438474,4.0625880548170885
