Feature,Importance
0.5,62.361979386032054
ASA_m2_g,9.358505671805808
AV_cm3_g,6.252403343860668
ASA_m2_cm3,5.606225944654914
AV_VF,4.814157860105141
cm3_g,3.4027309096142635
PLD,2.128438204753168
LFPD,1.7403453923084369
LCD,1.7278070762869462
Has_OMS,1.2307412714453843
NASA_m2_cm3,0.7082717210618977
NASA_m2_g,0.6145362523250822
NAV_cm3_g,0.053856965746242
