{
  "R2": 0.9741058696039874,
  "MAE": 0.1034132960442065,
  "RMSE": 0.02094486535236686,
  "MAPE(%)": 4.186971818695849
}