temp,lowp,outp,seed,mode,qt_frac,train_ratio,out_root,model,R2,MAE,RMSE,MAPE(%)
313K,0.5,15,2027,lowq,0.65,0.5,./RUN_FULL_EXP,cat,0.9741058696039874,0.1034132960442065,0.02094486535236686,4.186971818695849
