Feature,Importance
0.01,85.1098443754946
AV_cm3_g,1.8717078440662864
ASA_m2_g,1.8042546087829376
cm3_g,1.7870929838833425
Has_OMS,1.6020845292734376
LFPD,1.492835131810716
LCD,1.341774182603956
AV_VF,1.1940752502297722
PLD,1.0789250402495818
ASA_m2_cm3,1.0694035672651045
NASA_m2_cm3,0.9419533339616564
NASA_m2_g,0.6107271178980989
NAV_cm3_g,0.09532203448050114
