{
  "R2": 0.9895094630211548,
  "MAE": 0.009287447370364894,
  "RMSE": 0.00018419344978474236,
  "MAPE(%)": 2.580236028118077
}