temp,lowp,outp,seed,mode,qt_frac,train_ratio,out_root,model,R2,MAE,RMSE,MAPE(%)
293K,0.01,1,2027,lowq,0.65,0.5,./RUN_FULL_EXP,cat,0.9895094630211548,0.009287447370364894,0.00018419344978474236,2.580236028118077
