temp,lowp,outp,seed,mode,qt_frac,train_ratio,out_root,model,R2,MAE,RMSE,MAPE(%)
293K,0.5,1,2027,lowq,0.45,0.5,./RUN_FULL_EXP,cat,0.9969103019195661,0.005731909216740691,7.33316284689074e-05,1.5459737502605728
