{
  "R2": 0.9969103019195661,
  "MAE": 0.005731909216740691,
  "RMSE": 7.33316284689074e-05,
  "MAPE(%)": 1.5459737502605728
}