{
  "R2": 0.9702680938318066,
  "MAE": 0.01528477008135869,
  "RMSE": 0.00171115231277329,
  "MAPE(%)": 4.320059573865475
}