{
  "R2": 0.9913655222302178,
  "MAE": 0.006852366485759751,
  "RMSE": 0.00010047298980913946,
  "MAPE(%)": 2.7735883593663258
}