Feature,Importance
HENRY,84.67909707500759
cm3_g,2.225171701124633
Has_OMS,1.855003808868143
ASA_m2_g,1.5760322540123088
LFPD,1.544195373092849
LCD,1.5427684618366253
AV_cm3_g,1.4993550664270012
PLD,1.4808656662711093
AV_VF,1.4060275273390033
ASA_m2_cm3,1.3125098297259334
NASA_m2_g,0.4307420851582569
NASA_m2_cm3,0.3857160345292247
NAV_cm3_g,0.06251511660733865
