{
  "R2": 0.9928548971558225,
  "MAE": 0.007812976246812965,
  "RMSE": 0.00016910541290883236,
  "MAPE(%)": 2.124352015886229
}