{
  "R2": 0.979706504089167,
  "MAE": 0.01925259259027797,
  "RMSE": 0.0016397626249326101,
  "MAPE(%)": 3.5838971930731267
}