temp,lowp,outp,seed,mode,qt_frac,train_ratio,out_root,model,R2,MAE,RMSE,MAPE(%)
273K,0.01,1,2027,lowq,0.2,0.5,./RUN_FULL_EXP,cat,0.979706504089167,0.01925259259027797,0.0016397626249326101,3.5838971930731267
