{
  "R2": 0.9920833144200493,
  "MAE": 0.03319974082761187,
  "RMSE": 0.002567601825824756,
  "MAPE(%)": 2.6313402413470204
}