{
  "R2": 0.9715538732775787,
  "MAE": 0.06695496254066294,
  "RMSE": 0.014249891227986134,
  "MAPE(%)": 4.957545737777986
}