Feature,Importance
HENRY,55.99587510122391
ASA_m2_g,14.398991544170258
ASA_m2_cm3,6.052143827907008
AV_VF,5.692411187208021
AV_cm3_g,4.516668839404149
cm3_g,3.696885907358842
PLD,2.624233103642657
LCD,2.172282223256636
LFPD,1.9425198488618673
Has_OMS,1.4678880057260626
NASA_m2_cm3,0.8616191214381715
NASA_m2_g,0.4724402281673866
NAV_cm3_g,0.10604106163504205
