{
  "R2": 0.9637662348138053,
  "MAE": 0.16257504481946491,
  "RMSE": 0.05727573245776732,
  "MAPE(%)": 5.280847977631677
}