Feature,Importance
0.05,83.75586819801656
ASA_m2_cm3,2.153137152212754
ASA_m2_g,1.9754090393983563
AV_cm3_g,1.9225646001856442
AV_VF,1.7893020713214978
cm3_g,1.6910260516628908
LCD,1.588701187896778
PLD,1.2968092897190389
Has_OMS,1.286816052681045
LFPD,0.950425879972922
NASA_m2_g,0.7789193759550636
NASA_m2_cm3,0.6833717787557361
NAV_cm3_g,0.12764932222172518
