{
  "R2": 0.9859456120187212,
  "MAE": 0.01622046246695357,
  "RMSE": 0.0010093021923542366,
  "MAPE(%)": 2.914262688769218
}