temp,lowp,outp,seed,mode,qt_frac,train_ratio,out_root,model,R2,MAE,RMSE,MAPE(%)
273K,0.05,1,2026,lowq,0.25,0.5,./RUN_FULL_EXP,cat,0.9859456120187212,0.01622046246695357,0.0010093021923542366,2.914262688769218
