Feature,Importance
0.01,87.85362797650586
Has_OMS,1.7853594904294823
cm3_g,1.6070918797002118
ASA_m2_cm3,1.2949676885300005
AV_cm3_g,1.1425227496877117
PLD,1.123149663595958
LCD,1.0268290581507398
AV_VF,1.019078212356571
ASA_m2_g,0.8938039170263045
NASA_m2_cm3,0.8481159988234606
LFPD,0.8469798319674204
NASA_m2_g,0.5059440056465561
NAV_cm3_g,0.052529527579711896
