{
  "R2": 0.9534709054216465,
  "MAE": 0.015550401083841286,
  "RMSE": 0.0034476679460986826,
  "MAPE(%)": 3.7691960121875097
}