{
  "R2": 0.8714488233430913,
  "MAE": 0.12209935684417042,
  "RMSE": 0.0360217622751276,
  "MAPE(%)": 10.548665402100644
}