Feature,Importance
HENRY,81.76969296202091
ASA_m2_cm3,2.629924324891386
AV_VF,2.370225517597838
Has_OMS,1.9316594203317996
cm3_g,1.8124552770693818
LCD,1.7878219944321165
PLD,1.7295951707543018
AV_cm3_g,1.597366825690412
ASA_m2_g,1.4555821794517612
LFPD,1.4415690752154622
NASA_m2_cm3,0.7293537756678976
NASA_m2_g,0.695657581036529
NAV_cm3_g,0.04909589584020853
