{
  "R2": 0.987670733405548,
  "MAE": 0.013374701141296554,
  "RMSE": 0.00044456700248792316,
  "MAPE(%)": 2.4061162714134716
}