{
  "R2": 0.9707612393679894,
  "MAE": 0.05773481344321,
  "RMSE": 0.007957344553719834,
  "MAPE(%)": 3.931281743328558
}