temp,lowp,outp,seed,mode,qt_frac,train_ratio,out_root,model,R2,MAE,RMSE,MAPE(%)
293K,0.05,5,2025,lowq,0.55,0.5,./RUN_FULL_EXP,cat,0.9707612393679894,0.05773481344321,0.007957344553719834,3.931281743328558
