{
  "R2": 0.9817515357440728,
  "MAE": 0.03249371134973526,
  "RMSE": 0.0022458297291856957,
  "MAPE(%)": 2.9274019486394702
}