temp,lowp,outp,seed,mode,qt_frac,train_ratio,out_root,model,R2,MAE,RMSE,MAPE(%)
313K,0.1,5,2027,lowq,0.7,0.5,./RUN_FULL_EXP,cat,0.9817515357440728,0.03249371134973526,0.0022458297291856957,2.9274019486394702
