{
  "R2": 0.9838017966538023,
  "MAE": 0.03459876757403802,
  "RMSE": 0.002898649511766581,
  "MAPE(%)": 3.248711053487216
}