Feature,Importance
0.1,71.65477744027426
ASA_m2_g,6.2812434936731165
ASA_m2_cm3,4.895004813195865
AV_VF,3.8119822125544442
AV_cm3_g,2.956980339739264
LCD,1.9194067390437808
PLD,1.8267556405796435
cm3_g,1.8013122419379495
LFPD,1.7551823147718373
Has_OMS,1.614480537293026
NASA_m2_cm3,0.7317795283682804
NASA_m2_g,0.6492574221501958
NAV_cm3_g,0.10183727641836726
