{
  "R2": 0.9685586117016995,
  "MAE": 0.055718481049249105,
  "RMSE": 0.007084854159942204,
  "MAPE(%)": 3.7610836275333717
}