Feature,Importance
0.01,58.78634796578589
ASA_m2_g,8.109171155700235
ASA_m2_cm3,7.20964473101222
AV_cm3_g,6.6757034307137415
AV_VF,6.526914864916303
cm3_g,2.5305694020358946
PLD,2.5213071894510164
LCD,2.192121900604592
LFPD,1.966409609269323
Has_OMS,1.8745385631166422
NASA_m2_cm3,0.8317983977457706
NASA_m2_g,0.734273043966731
NAV_cm3_g,0.04119974568162695
