{
  "R2": 0.9559629156183225,
  "MAE": 0.17128454089839118,
  "RMSE": 0.06977183959586496,
  "MAPE(%)": 5.6241607584550515
}