temp,lowp,outp,seed,mode,qt_frac,train_ratio,out_root,model,R2,MAE,RMSE,MAPE(%)
293K,0.01,15,2028,lowq,0.4,0.5,./RUN_FULL_EXP,cat,0.9559629156183225,0.17128454089839118,0.06977183959586496,5.6241607584550515
