Feature,Importance
0.5,91.97344966603086
cm3_g,1.131840009495891
AV_VF,1.0574994465492558
LCD,1.0296160767979998
AV_cm3_g,0.8465772566171126
PLD,0.8111767013122407
Has_OMS,0.6912235320965177
ASA_m2_cm3,0.6452161871433104
LFPD,0.6048421163454979
ASA_m2_g,0.5578366677661644
NASA_m2_cm3,0.45115565972594734
NASA_m2_g,0.10405148079669586
NAV_cm3_g,0.09551519932250363
