{
  "R2": 0.9964928665169711,
  "MAE": 0.0034153151368519156,
  "RMSE": 2.2624134816011618e-05,
  "MAPE(%)": 1.2722298431745511
}