temp,lowp,outp,seed,mode,qt_frac,train_ratio,out_root,model,R2,MAE,RMSE,MAPE(%)
293K,0.01,1,2028,struct,0.0,0.35,./RUN_FULL_EXP,cat,0.3516369306458599,0.12542768355513298,0.045432478957987264,51.14204406670497
