{
  "R2": 0.3516369306458599,
  "MAE": 0.12542768355513298,
  "RMSE": 0.045432478957987264,
  "MAPE(%)": 51.14204406670497
}