Feature,Importance
0.01,69.9001229953602
ASA_m2_cm3,5.6612936810316965
ASA_m2_g,5.475102758915527
AV_VF,4.460166444292683
AV_cm3_g,3.435598361467323
LCD,1.908476319152371
PLD,1.9023236646471509
Has_OMS,1.8703073927155134
cm3_g,1.8333812370949931
LFPD,1.7064190659822878
NASA_m2_cm3,1.0801987117384257
NASA_m2_g,0.6810075292059216
NAV_cm3_g,0.08560183839591465
