{
  "R2": 0.9685101656566376,
  "MAE": 0.06264549651656957,
  "RMSE": 0.009606891977891947,
  "MAPE(%)": 4.313899769042662
}