Feature,Importance
0.05,60.21239583532198
ASA_m2_g,8.25816077094249
ASA_m2_cm3,8.089378140016183
AV_VF,5.264806852433861
AV_cm3_g,4.945109711710062
cm3_g,3.2764641036321738
LFPD,2.468299833937192
PLD,2.3192364675550077
LCD,2.0348849925288635
Has_OMS,1.5224839858254855
NASA_m2_g,0.8427177477343766
NASA_m2_cm3,0.6494925670971811
NAV_cm3_g,0.11656899126515151
