{
  "R2": 0.9611191436838161,
  "MAE": 0.16706691595565734,
  "RMSE": 0.05799072653476118,
  "MAPE(%)": 5.369649215799323
}