{
  "R2": 0.9650144074478519,
  "MAE": 0.16227797051920242,
  "RMSE": 0.056233801932550245,
  "MAPE(%)": 5.384826374146148
}