{
  "R2": 0.9793579355908709,
  "MAE": 0.02099470025083393,
  "RMSE": 0.0019805366693388493,
  "MAPE(%)": 3.900170134284695
}