{
  "R2": 0.962356105932893,
  "MAE": 0.16294550694571794,
  "RMSE": 0.05484252420955271,
  "MAPE(%)": 5.280431039189349
}