{
  "R2": 0.9570264521268628,
  "MAE": 0.10786343050191384,
  "RMSE": 0.0363074843936776,
  "MAPE(%)": 5.671767027149413
}