{
  "R2": 0.9959383162187497,
  "MAE": 0.0042254978605372525,
  "RMSE": 5.1764226138319985e-05,
  "MAPE(%)": 1.6714290242857226
}