{
  "R2": 0.9508776176892741,
  "MAE": 0.24324880700056842,
  "RMSE": 0.12177045255502342,
  "MAPE(%)": 6.30404372086312
}