{
  "R2": 0.986073046996041,
  "MAE": 0.03131729911244824,
  "RMSE": 0.0026954340269119584,
  "MAPE(%)": 2.891007434063357
}