{
  "R2": 0.9844548769348571,
  "MAE": 0.01926496504446887,
  "RMSE": 0.0010972252012371932,
  "MAPE(%)": 3.6632809609587063
}