{
  "R2": 0.979048651671781,
  "MAE": 0.020453002109294648,
  "RMSE": 0.001491092571904419,
  "MAPE(%)": 3.8024614714398517
}