{
  "R2": 0.9680391011460959,
  "MAE": 0.06155720153260596,
  "RMSE": 0.008215697201219943,
  "MAPE(%)": 4.236944345201317
}