{
  "R2": 0.9727440625385948,
  "MAE": 0.06088826968491816,
  "RMSE": 0.011693434418552523,
  "MAPE(%)": 4.187375655207592
}