{
  "R2": 0.9561148167088493,
  "MAE": 0.23469736610564698,
  "RMSE": 0.13207760416673117,
  "MAPE(%)": 6.473162116558933
}