Feature,Importance
0.05,71.80440635470285
ASA_m2_g,5.046050767339986
ASA_m2_cm3,4.741349614507019
AV_VF,4.256861738180199
AV_cm3_g,3.357472328746427
PLD,2.1971834616888497
Has_OMS,1.9118752053652452
LCD,1.8795262224765246
cm3_g,1.746243902462039
LFPD,1.5485514479391325
NASA_m2_g,0.801948693733258
NASA_m2_cm3,0.6606976136327337
NAV_cm3_g,0.04783264922573455
