temp,lowp,outp,seed,mode,qt_frac,train_ratio,out_root,model,R2,MAE,RMSE,MAPE(%)
293K,0.05,5,2028,lowq,0.55,0.5,./RUN_FULL_EXP,cat,0.9718140842953372,0.058405856039252885,0.007678207134515976,4.03121095744607
