{
  "R2": 0.9718140842953372,
  "MAE": 0.058405856039252885,
  "RMSE": 0.007678207134515976,
  "MAPE(%)": 4.03121095744607
}