Feature,Importance
0.01,71.75385131649394
ASA_m2_g,6.784662296309673
ASA_m2_cm3,4.295289070583072
AV_VF,4.0122292771322545
cm3_g,2.349032518195106
AV_cm3_g,2.2720690558148355
LCD,2.1433824435394278
Has_OMS,1.9081323847495615
PLD,1.699341011800502
LFPD,1.5718467919330064
NASA_m2_cm3,0.7885336542978992
NASA_m2_g,0.36023461819075125
NAV_cm3_g,0.061395560959971805
