{
  "R2": 0.9687275612527451,
  "MAE": 0.06060024404426251,
  "RMSE": 0.007844198926310532,
  "MAPE(%)": 4.144861168327096
}