{
  "R2": 0.9881408754693256,
  "MAE": 0.016509975815679017,
  "RMSE": 0.000721554706541726,
  "MAPE(%)": 3.0615468989130856
}