temp,lowp,outp,seed,mode,qt_frac,train_ratio,out_root,model,R2,MAE,RMSE,MAPE(%)
273K,0.01,1,2029,struct_with_input,0.4,0.8,./RUN_FULL_EXP,cat,0.9881408754693256,0.016509975815679017,0.000721554706541726,3.0615468989130856
