Feature,Importance
0.5,76.51111798924475
ASA_m2_g,4.304247661410229
AV_VF,3.4617695506182784
ASA_m2_cm3,3.416907084124141
cm3_g,2.7842637868799938
AV_cm3_g,2.3466003999861544
LCD,1.899499189853668
Has_OMS,1.7888538596147103
LFPD,1.3891757118364807
PLD,1.1322342835710548
NASA_m2_cm3,0.5794882226226696
NASA_m2_g,0.31888020977910225
NAV_cm3_g,0.06696205045877174
