temp,lowp,outp,seed,mode,qt_frac,train_ratio,out_root,model,R2,MAE,RMSE,MAPE(%)
293K,0.5,5,2029,lowq,0.4,0.5,./RUN_FULL_EXP,cat,0.9796760255305226,0.05175587176640502,0.006383591354697983,3.5015665330893064
