{
  "R2": 0.9796760255305226,
  "MAE": 0.05175587176640502,
  "RMSE": 0.006383591354697983,
  "MAPE(%)": 3.5015665330893064
}