temp,lowp,outp,seed,mode,qt_frac,train_ratio,out_root,model,R2,MAE,RMSE,MAPE(%)
313K,0.05,15,2028,lowq,0.75,0.5,./RUN_FULL_EXP,cat,0.9687981895407555,0.1096440372682184,0.024333370394467188,4.316692067809001
