{
  "R2": 0.9687981895407555,
  "MAE": 0.1096440372682184,
  "RMSE": 0.024333370394467188,
  "MAPE(%)": 4.316692067809001
}