{
  "R2": 0.9766598849292362,
  "MAE": 0.018798645324537722,
  "RMSE": 0.0018239408218857288,
  "MAPE(%)": 3.3860972378542407
}