Feature,Importance
0.5,63.04983061318385
ASA_m2_g,11.901106307365861
ASA_m2_cm3,5.057830047472227
AV_cm3_g,4.809242445412893
AV_VF,4.775447678730992
cm3_g,2.560319757842853
LCD,2.0440606908969525
PLD,1.9292842023035839
LFPD,1.6990902596711772
Has_OMS,1.0476974294738166
NASA_m2_g,0.6670458594826445
NASA_m2_cm3,0.42525995775415587
NAV_cm3_g,0.03378475040898192
