{
  "R2": 0.9693529098406415,
  "MAE": 0.10664459635501382,
  "RMSE": 0.02362731239433468,
  "MAPE(%)": 4.25326867791318
}