{
  "R2": 0.9772360654039673,
  "MAE": 0.016084454437120786,
  "RMSE": 0.0011653519603598414,
  "MAPE(%)": 4.950324059424993
}