Feature,Importance
0.01,84.59994455590353
ASA_m2_g,2.2123743296553804
Has_OMS,1.7875624788233264
AV_VF,1.705329942222762
ASA_m2_cm3,1.5716713909485245
LCD,1.5313049448161602
PLD,1.4288694756504137
cm3_g,1.3709023162246197
AV_cm3_g,1.267397703230099
LFPD,1.1374686620261354
NASA_m2_cm3,0.8770794221457129
NASA_m2_g,0.42679773723877196
NAV_cm3_g,0.0832970411145156
