{
  "R2": 0.9575079766378631,
  "MAE": 0.024837093529558367,
  "RMSE": 0.00642202666960484,
  "MAPE(%)": 4.147624570718484
}