{
  "R2": 0.9929460112423446,
  "MAE": 0.008652493040010685,
  "RMSE": 0.00023704517395468948,
  "MAPE(%)": 2.348089953912588
}