{
  "R2": 0.4143580906821619,
  "MAE": 0.1834446553050668,
  "RMSE": 0.09533904366036558,
  "MAPE(%)": 47.383419250800806
}