{
  "R2": 0.9634581957463262,
  "MAE": 0.11284217011671592,
  "RMSE": 0.03993843133765395,
  "MAPE(%)": 4.694421292703158
}