{
  "R2": 0.9914193671169779,
  "MAE": 0.03409083148799963,
  "RMSE": 0.002827751523908036,
  "MAPE(%)": 2.777788336360405
}