Feature,Importance
0.01,69.32387983947048
ASA_m2_g,6.358200335703506
ASA_m2_cm3,4.320465079046006
AV_VF,3.3133734432250983
LCD,3.2739224077486946
AV_cm3_g,2.657951668696053
cm3_g,2.4937599040066534
LFPD,2.4846643879487016
Has_OMS,2.058911093843226
PLD,1.813160883054893
NASA_m2_cm3,1.2006307994698056
NASA_m2_g,0.5217710799251146
NAV_cm3_g,0.17930907786179007
