{
  "R2": 0.9605555282019019,
  "MAE": 0.07482524168210132,
  "RMSE": 0.01944201777676284,
  "MAPE(%)": 5.477101638674249
}