Feature,Importance
AV_VF,14.4777399704323
ASA_m2_g,14.41305586814927
cm3_g,14.152745310721986
ASA_m2_cm3,12.591317694407707
PLD,10.63146828847132
AV_cm3_g,8.431567568309504
LCD,7.557949637302295
LFPD,7.4536102194713365
Has_OMS,6.762913838753772
NASA_m2_cm3,1.586028280241607
NASA_m2_g,1.4819819117518482
NAV_cm3_g,0.4596214119870662
