{
  "R2": 0.7503236201223141,
  "MAE": 0.4941406993232651,
  "RMSE": 0.4728546219958312,
  "MAPE(%)": 20.72649150031029
}