Feature,Importance
0.01,64.37344881217624
ASA_m2_cm3,7.445121311713087
ASA_m2_g,7.238318972954068
AV_VF,4.599110028731042
AV_cm3_g,2.9025801198715357
LCD,2.6190877260175394
cm3_g,2.569443965874611
PLD,2.4769309526851413
LFPD,2.148785915546094
Has_OMS,2.104020007780056
NASA_m2_cm3,0.9787943286325634
NASA_m2_g,0.46028099546352014
NAV_cm3_g,0.08407686255450998
