{
  "R2": 0.9553078192396013,
  "MAE": 0.1017679201314455,
  "RMSE": 0.022403671747859816,
  "MAPE(%)": 5.182944138398056
}