Feature,Importance
PLD,16.32317543852484
Has_OMS,14.327530422085442
cm3_g,11.811600776588364
ASA_m2_cm3,11.094535262715016
AV_VF,10.379371251393676
LFPD,9.897816859975968
LCD,9.065678743071421
ASA_m2_g,6.72764180301593
AV_cm3_g,6.171230802316967
NASA_m2_g,2.1464743050318487
NASA_m2_cm3,1.6030289557893975
NAV_cm3_g,0.4519153794911366
