{
  "R2": 0.367150579679298,
  "MAE": 0.18886405758872052,
  "RMSE": 0.0951424319057899,
  "MAPE(%)": 52.270098457950965
}