{
  "R2": 0.9626067421631949,
  "MAE": 0.070732227494641,
  "RMSE": 0.018714580820614807,
  "MAPE(%)": 5.080646547704694
}