Feature,Importance
0.01,79.38395781181984
Has_OMS,2.769738487354861
AV_cm3_g,2.361874992913686
cm3_g,2.3448231439972846
LFPD,2.150166083645888
AV_VF,2.1037082140047136
LCD,1.9402016664066222
PLD,1.8310973062688463
ASA_m2_g,1.717785124188397
ASA_m2_cm3,1.503656335596715
NASA_m2_cm3,1.276611302816726
NASA_m2_g,0.5573797671871553
NAV_cm3_g,0.058999763799292754
