{
  "R2": 0.9780342294192808,
  "MAE": 0.01383870568259418,
  "RMSE": 0.0008746456591306138,
  "MAPE(%)": 4.104285252451644
}