Feature,Importance
0.01,81.7311289115675
Has_OMS,2.2505349843978943
cm3_g,1.9891460578664228
AV_VF,1.8791529054332314
LFPD,1.8484159043330377
AV_cm3_g,1.7803963775974017
LCD,1.7228022448630442
ASA_m2_g,1.6791220956799213
ASA_m2_cm3,1.577536564959998
PLD,1.3239504495637535
NASA_m2_cm3,1.0660450396247272
NASA_m2_g,0.964201115782468
NAV_cm3_g,0.1875673483306082
