{
  "R2": 0.9461150549420045,
  "MAE": 0.02820092799041619,
  "RMSE": 0.008484523781261803,
  "MAPE(%)": 5.161830798434884
}