{
  "R2": 0.923434051831638,
  "MAE": 0.028933986567092018,
  "RMSE": 0.012765148772364178,
  "MAPE(%)": 5.06417700346701
}