{
  "R2": 0.5330298987752362,
  "MAE": 0.3337272115012123,
  "RMSE": 0.23266681806427122,
  "MAPE(%)": 32.4326870428552
}