{
  "R2": 0.9964562296178443,
  "MAE": 0.004133081981607366,
  "RMSE": 3.7630186679519754e-05,
  "MAPE(%)": 1.6216130878995132
}