temp,lowp,outp,seed,mode,qt_frac,train_ratio,out_root,model,R2,MAE,RMSE,MAPE(%)
313K,HENRY,1,2029,lowq,0.45,0.5,./RUN_FULL_EXP,cat,0.9964562296178443,0.004133081981607366,3.7630186679519754e-05,1.6216130878995132
