{
  "R2": 0.964092749987391,
  "MAE": 0.21893678493919264,
  "RMSE": 0.10160591947970433,
  "MAPE(%)": 6.0910427352054475
}