{
  "R2": 0.9808314507508277,
  "MAE": 0.0361218932223666,
  "RMSE": 0.0044403080668786,
  "MAPE(%)": 3.3018195928871954
}