Feature,Importance
0.01,83.13960173702634
AV_cm3_g,2.4364474099906728
Has_OMS,2.3749798710469405
cm3_g,2.036054772339721
AV_VF,1.6242467162144307
ASA_m2_cm3,1.542462337938709
LCD,1.5027894271902615
PLD,1.4135993848424961
LFPD,1.3281793718672077
ASA_m2_g,1.1035764714238674
NASA_m2_cm3,0.9158865244239215
NASA_m2_g,0.5224555071743481
NAV_cm3_g,0.05972046852108729
