{
  "R2": 0.9901057892721076,
  "MAE": 0.010763109234086025,
  "RMSE": 0.0002697165180537086,
  "MAPE(%)": 3.014117073163578
}