Feature,Importance
0.1,51.380074962387305
ASA_m2_g,14.16853068270433
ASA_m2_cm3,7.40068006201864
AV_cm3_g,6.793303062042567
AV_VF,4.687775403741122
cm3_g,4.171922218757058
LCD,2.976613988523426
PLD,2.5708747862358097
LFPD,2.145048155054518
Has_OMS,1.8646819148574156
NASA_m2_cm3,1.1022766559699804
NASA_m2_g,0.6090542555092516
NAV_cm3_g,0.12916385219858653
