{
  "R2": 0.9572241772158897,
  "MAE": 0.232571933838873,
  "RMSE": 0.11092853606467029,
  "MAPE(%)": 6.075642745469711
}