temp,lowp,outp,seed,mode,qt_frac,train_ratio,out_root,model,R2,MAE,RMSE,MAPE(%)
273K,0.1,15,2029,lowq,0.45,0.5,./RUN_FULL_EXP,cat,0.9572241772158897,0.232571933838873,0.11092853606467029,6.075642745469711
