Feature,Importance
0.01,78.95195746554805
cm3_g,4.111704097734949
AV_cm3_g,2.690241277528539
LCD,2.5856705150351265
Has_OMS,2.008017811610454
PLD,1.9653263407697668
AV_VF,1.7168122124062974
ASA_m2_g,1.6770417960857853
LFPD,1.5122995463663587
NASA_m2_cm3,0.9356069796410353
NASA_m2_g,0.847978724676579
ASA_m2_cm3,0.81778743802998
NAV_cm3_g,0.1795557945670988
