{
  "R2": 0.9783786268123973,
  "MAE": 0.013864400014203374,
  "RMSE": 0.000906219490824708,
  "MAPE(%)": 4.1143240889940955
}