Feature,Importance
HENRY,81.16726915060782
ASA_m2_cm3,2.629849804446857
AV_VF,2.3971373588740166
Has_OMS,2.0883086344236372
ASA_m2_g,1.9808023865285709
PLD,1.9528834820408199
AV_cm3_g,1.881214149206479
cm3_g,1.664157593641646
LFPD,1.6364363157206978
LCD,1.2979464079095213
NASA_m2_g,0.6969384446912014
NASA_m2_cm3,0.5394569689347842
NAV_cm3_g,0.06759930297392379
