{
  "R2": 0.9840958254058428,
  "MAE": 0.015278258753986222,
  "RMSE": 0.0007915069153657295,
  "MAPE(%)": 2.7304146407714387
}