{
  "R2": 0.9616709032289504,
  "MAE": 0.10627294470877921,
  "RMSE": 0.03070582242880447,
  "MAPE(%)": 5.723098217021051
}