temp,lowp,outp,seed,mode,qt_frac,train_ratio,out_root,model,R2,MAE,RMSE,MAPE(%)
273K,HENRY,5,2026,lowq,0.05,0.5,./RUN_FULL_EXP,cat,0.9616709032289504,0.10627294470877921,0.03070582242880447,5.723098217021051
