{
  "R2": 0.9953781668571714,
  "MAE": 0.004252561276395907,
  "RMSE": 0.00010611291192198491,
  "MAPE(%)": 1.6507176702976245
}