temp,lowp,outp,seed,mode,qt_frac,train_ratio,out_root,model,R2,MAE,RMSE,MAPE(%)
313K,0.5,1,2029,lowq,0.15,0.5,./RUN_FULL_EXP,cat,0.9953781668571714,0.004252561276395907,0.00010611291192198491,1.6507176702976245
