{
  "R2": 0.7189947034849429,
  "MAE": 0.511754439821445,
  "RMSE": 0.52362523854342,
  "MAPE(%)": 21.079538544262945
}