{
  "R2": 0.8783080622088575,
  "MAE": 0.12081077003243913,
  "RMSE": 0.03536244525056899,
  "MAPE(%)": 10.104257267203659
}