{
  "R2": 0.9942104082474557,
  "MAE": 0.004820171063792729,
  "RMSE": 4.679626569927653e-05,
  "MAPE(%)": 1.8392239802255985
}