Feature,Importance
0.01,77.82309985050613
ASA_m2_g,4.596873552047282
AV_VF,3.3982290097825194
ASA_m2_cm3,2.910624883400744
AV_cm3_g,2.379332705539465
cm3_g,2.29794371463132
LCD,1.4749246179081381
LFPD,1.4581543885139285
Has_OMS,1.3655187009168195
PLD,1.296235795557896
NASA_m2_g,0.5441920092152268
NASA_m2_cm3,0.4020567375018196
NAV_cm3_g,0.05281403447872065
