{
  "R2": 0.9754167133542877,
  "MAE": 0.04323550604004247,
  "RMSE": 0.006215684735799045,
  "MAPE(%)": 4.1665330784640595
}