{
  "R2": 0.9625808194828824,
  "MAE": 0.16420926174161185,
  "RMSE": 0.0568095741119517,
  "MAPE(%)": 5.419674629268694
}