{
  "R2": 0.9613506665713792,
  "MAE": 0.2237473186939811,
  "RMSE": 0.11423206115566056,
  "MAPE(%)": 6.048036869274534
}