Feature,Importance
0.5,62.11385835677877
ASA_m2_g,10.211811120526864
AV_VF,5.907998820565037
AV_cm3_g,5.582047833944649
ASA_m2_cm3,5.049936674780818
cm3_g,2.7332165112498865
PLD,2.109958162764734
LCD,1.9758294514458292
LFPD,1.5375552184393773
Has_OMS,1.2635179426719743
NASA_m2_cm3,0.8083083460347146
NASA_m2_g,0.5568040329371577
NAV_cm3_g,0.14915752786021744
