{
  "R2": 0.9642746335192721,
  "MAE": 0.10771681696342338,
  "RMSE": 0.03647633213920656,
  "MAPE(%)": 4.391550820662564
}