Feature,Importance
0.01,85.72380887190381
cm3_g,2.248393006019052
AV_VF,1.661524533516443
Has_OMS,1.6479700703161693
AV_cm3_g,1.6389190267571325
PLD,1.5080048089156115
ASA_m2_cm3,1.282732101752254
ASA_m2_g,1.2528673310150875
LCD,1.2262383727404702
LFPD,0.9550010528010998
NASA_m2_cm3,0.4764435140505843
NASA_m2_g,0.2869037267308098
NAV_cm3_g,0.09119358348147857
