temp,lowp,outp,seed,mode,qt_frac,train_ratio,out_root,model,R2,MAE,RMSE,MAPE(%)
293K,0.01,1,2028,lowq,0.6,0.5,./RUN_FULL_EXP,cat,0.9888626043894456,0.0097295235832557,0.0002091292652217632,2.7113584628818566
