{
  "R2": 0.9888626043894456,
  "MAE": 0.0097295235832557,
  "RMSE": 0.0002091292652217632,
  "MAPE(%)": 2.7113584628818566
}