{
  "R2": 0.9832306201297037,
  "MAE": 0.019725833417536427,
  "RMSE": 0.0011771580736293485,
  "MAPE(%)": 3.6363079287356714
}