{
  "R2": 0.9654929388093035,
  "MAE": 0.023077884655961896,
  "RMSE": 0.004954482980341798,
  "MAPE(%)": 4.5396146754555975
}