temp,lowp,outp,seed,mode,qt_frac,train_ratio,out_root,model,R2,MAE,RMSE,MAPE(%)
273K,0.01,1,2029,struct_with_input,0.0,0.8,./RUN_FULL_EXP,cat,0.9654929388093035,0.023077884655961896,0.004954482980341798,4.5396146754555975
