{
  "R2": 0.9684211392326434,
  "MAE": 0.10586421041927756,
  "RMSE": 0.03659807935783517,
  "MAPE(%)": 4.558322223391218
}