{
  "R2": 0.962927895798701,
  "MAE": 0.07515476923548886,
  "RMSE": 0.016435448188842076,
  "MAPE(%)": 5.355628392905442
}