Feature,Importance
HENRY,61.56385557845125
ASA_m2_g,11.999700529075945
ASA_m2_cm3,6.083931517849348
AV_VF,4.317482492057745
cm3_g,3.7260695732944398
AV_cm3_g,3.7207339933140733
LFPD,2.0451725661544615
PLD,2.0272651741744436
LCD,1.8774546323543355
Has_OMS,1.429577913509504
NASA_m2_cm3,0.6116807665277527
NASA_m2_g,0.4579481787336462
NAV_cm3_g,0.13912708450304548
