temp,lowp,outp,seed,mode,qt_frac,train_ratio,out_root,model,R2,MAE,RMSE,MAPE(%)
313K,HENRY,15,2025,lowq,0.55,0.5,./RUN_FULL_EXP,cat,0.9709876123912302,0.10979532287070451,0.025735804078511327,4.47474833287253
