{
  "R2": 0.9709876123912302,
  "MAE": 0.10979532287070451,
  "RMSE": 0.025735804078511327,
  "MAPE(%)": 4.47474833287253
}