{
  "R2": 0.9561679825730155,
  "MAE": 0.10504605789638156,
  "RMSE": 0.02672679349227817,
  "MAPE(%)": 5.320866999575259
}