{
  "R2": 0.9924122408026945,
  "MAE": 0.007836882829410115,
  "RMSE": 0.00015155345071997845,
  "MAPE(%)": 2.12402345335164
}