{
  "R2": 0.9903138616047605,
  "MAE": 0.006860356787355532,
  "RMSE": 9.54013840578468e-05,
  "MAPE(%)": 2.747209370062438
}