{
  "R2": 0.9782588587318286,
  "MAE": 0.06327873820065373,
  "RMSE": 0.00946840232860374,
  "MAPE(%)": 5.343924717149966
}