Feature,Importance
0.01,85.41960393114415
cm3_g,2.3371101152990033
LFPD,1.9558351686459665
PLD,1.8220209347142995
Has_OMS,1.5276533030527553
AV_cm3_g,1.2832601998251392
AV_VF,1.2608917612364703
ASA_m2_cm3,1.211037715571855
LCD,1.1842862551263404
ASA_m2_g,0.9816450215345993
NASA_m2_cm3,0.6008199498228397
NASA_m2_g,0.3893746340313409
NAV_cm3_g,0.026461009995242212
