temp,lowp,outp,seed,mode,qt_frac,train_ratio,out_root,model,R2,MAE,RMSE,MAPE(%)
313K,0.01,1,2025,lowq,0.3,0.5,./RUN_FULL_EXP,cat,0.9915734208278405,0.006967000660674124,0.00010996063360516767,2.830753565915926
