{
  "R2": 0.9915734208278405,
  "MAE": 0.006967000660674124,
  "RMSE": 0.00010996063360516767,
  "MAPE(%)": 2.830753565915926
}