Feature,Importance
HENRY,84.013034990223
Has_OMS,2.294266947852372
AV_cm3_g,1.945207468625895
cm3_g,1.9309461693603491
LFPD,1.8272115201421852
AV_VF,1.7982390157665646
LCD,1.7400464664619077
ASA_m2_g,1.5764526571813067
PLD,1.0187510904072417
ASA_m2_cm3,0.8746463270199095
NASA_m2_cm3,0.5030282262990724
NASA_m2_g,0.3798223779525055
NAV_cm3_g,0.09834674270768211
