{
  "R2": 0.9929098380454981,
  "MAE": 0.007942561811459086,
  "RMSE": 0.00020426407388235112,
  "MAPE(%)": 2.1226848235984552
}