Feature,Importance
0.5,70.48343534828958
ASA_m2_g,6.869525119920138
AV_VF,5.16589516780167
ASA_m2_cm3,4.832832903873584
AV_cm3_g,2.447845737166074
cm3_g,2.2400125451969473
LCD,2.177870049699719
PLD,1.7598491402922816
LFPD,1.739538257067182
Has_OMS,1.2894952249434395
NASA_m2_cm3,0.6107731927905304
NASA_m2_g,0.3206170793118388
NAV_cm3_g,0.06231023364705263
