{
  "R2": 0.963223474677667,
  "MAE": 0.0863712459793879,
  "RMSE": 0.015549152723626732,
  "MAPE(%)": 4.293854902063499
}