Feature,Importance
0.05,52.36978636152458
ASA_m2_g,13.45244866835858
AV_cm3_g,7.390183262578282
ASA_m2_cm3,6.812643707222691
AV_VF,6.804269540072474
cm3_g,3.08709712349062
PLD,2.286222413806263
LFPD,2.277122088973282
LCD,2.152050406923966
Has_OMS,1.6647666777183785
NASA_m2_cm3,0.8512052277778753
NASA_m2_g,0.7887315867677818
NAV_cm3_g,0.06347293478524317
