temp,lowp,outp,seed,mode,qt_frac,train_ratio,out_root,model,R2,MAE,RMSE,MAPE(%)
293K,0.05,15,2027,lowq,0.2,0.5,./RUN_FULL_EXP,cat,0.966691707617898,0.16452722471773287,0.058449027829244424,5.507162505190748
