{
  "R2": 0.966691707617898,
  "MAE": 0.16452722471773287,
  "RMSE": 0.058449027829244424,
  "MAPE(%)": 5.507162505190748
}