Feature,Importance
0.01,83.4272110523904
ASA_m2_cm3,2.4869934702374783
AV_cm3_g,2.192885913807198
ASA_m2_g,1.7633463608802693
AV_VF,1.6874983872376086
PLD,1.5304763556439276
LCD,1.4933936341603882
cm3_g,1.4676137927996875
Has_OMS,1.3931932606964268
LFPD,1.339154970021875
NASA_m2_g,0.6866946640681793
NASA_m2_cm3,0.40606568388526976
NAV_cm3_g,0.12547245417130254
