Feature,Importance
0.01,82.89559912817
ASA_m2_cm3,4.220761870335903
AV_VF,2.075706486517646
Has_OMS,1.932392967626157
AV_cm3_g,1.451141152744898
ASA_m2_g,1.4353750962912466
PLD,1.3123615028026188
cm3_g,1.2558783818058845
LCD,1.2524147890669046
LFPD,1.1518974003566773
NASA_m2_cm3,0.5012037518218619
NASA_m2_g,0.4491027328801992
NAV_cm3_g,0.06616473957999788
