{
  "R2": 0.987873295399926,
  "MAE": 0.0167197034203575,
  "RMSE": 0.0007468711935890364,
  "MAPE(%)": 3.076108821401885
}