{
  "R2": 0.9829673767120629,
  "MAE": 0.01774634580158623,
  "RMSE": 0.0010713920765638497,
  "MAPE(%)": 3.1976462010801896
}