Feature,Importance
0.5,91.92837950759136
cm3_g,1.4184252445528251
LFPD,0.9356126822524601
AV_cm3_g,0.9089478440912465
ASA_m2_g,0.8905220670759472
PLD,0.8377567416812426
AV_VF,0.6841990681916608
Has_OMS,0.5702917959388856
ASA_m2_cm3,0.5678625284298539
NASA_m2_cm3,0.3966241311823885
NASA_m2_g,0.3677172486870385
LCD,0.35319214667824284
NAV_cm3_g,0.14046899364684903
