temp,lowp,outp,seed,mode,qt_frac,train_ratio,out_root,model,R2,MAE,RMSE,MAPE(%)
313K,0.5,1,2027,lowq,0.45,0.5,./RUN_FULL_EXP,cat,0.9972393045500522,0.00361868121468837,2.9329366020109027e-05,1.4594970177095532
