{
  "R2": 0.9972393045500522,
  "MAE": 0.00361868121468837,
  "RMSE": 2.9329366020109027e-05,
  "MAPE(%)": 1.4594970177095532
}