temp,lowp,outp,seed,mode,qt_frac,train_ratio,out_root,model,R2,MAE,RMSE,MAPE(%)
293K,0.5,15,2028,lowq,0.45,0.5,./RUN_FULL_EXP,cat,0.9657033097790397,0.15856125758411108,0.05234371349213939,5.201491945683279
