{
  "R2": 0.9657033097790397,
  "MAE": 0.15856125758411108,
  "RMSE": 0.05234371349213939,
  "MAPE(%)": 5.201491945683279
}