Feature,Importance
0.01,78.08797950048253
ASA_m2_cm3,3.5117867917398944
AV_VF,3.162571959014446
Has_OMS,3.014093348124838
cm3_g,2.440764716262329
ASA_m2_g,1.955616382832863
AV_cm3_g,1.7502006113397415
PLD,1.6756515133757688
LFPD,1.6189960875408322
LCD,1.4287971267352826
NASA_m2_cm3,0.6694832618052565
NASA_m2_g,0.6051950873567423
NAV_cm3_g,0.07886361338946805
