{
  "R2": 0.9845410181322394,
  "MAE": 0.018799321040364997,
  "RMSE": 0.0010124268344189405,
  "MAPE(%)": 3.493580260224502
}