temp,lowp,outp,seed,mode,qt_frac,train_ratio,out_root,model,R2,MAE,RMSE,MAPE(%)
273K,0.01,1,2025,struct_with_input,0.35,0.35,./RUN_FULL_EXP,cat,0.9845410181322394,0.018799321040364997,0.0010124268344189405,3.493580260224502
