Feature,Importance
0.01,53.19934229283113
ASA_m2_g,12.327367360323729
ASA_m2_cm3,7.859932229021867
AV_cm3_g,5.892939560850876
AV_VF,5.209543797417479
cm3_g,4.6319768599261675
PLD,2.8365135362309437
LFPD,2.4274934943537687
LCD,2.1982455661894678
Has_OMS,1.6275587072382556
NASA_m2_g,0.8968947603091381
NASA_m2_cm3,0.8024874384765668
NAV_cm3_g,0.08970439683062421
