{
  "R2": 0.946280844491317,
  "MAE": 0.2500281532907952,
  "RMSE": 0.13463922851960852,
  "MAPE(%)": 6.322121069067332
}