Feature,Importance
0.1,86.49252450545218
cm3_g,1.7626387814575522
AV_cm3_g,1.6611581447057469
AV_VF,1.6553628888512337
Has_OMS,1.5849176221376418
LFPD,1.3705701055588324
ASA_m2_g,1.3637025688457836
PLD,1.086426804044895
ASA_m2_cm3,1.0055604094592332
LCD,0.8145584689652254
NASA_m2_cm3,0.7606649642719705
NASA_m2_g,0.3830555835047279
NAV_cm3_g,0.058859152744964796
