{
  "R2": 0.9937706616928282,
  "MAE": 0.008038421286688623,
  "RMSE": 0.00016678869099828376,
  "MAPE(%)": 2.1902868533282573
}