Feature,Importance
0.01,79.95805407569203
AV_VF,2.7058395205424017
LCD,2.4026666767620037
Has_OMS,2.2166910569830045
cm3_g,2.166890775478654
AV_cm3_g,2.048981251308971
LFPD,1.9974581850802178
ASA_m2_cm3,1.922095868460194
NASA_m2_cm3,1.796896555983553
ASA_m2_g,1.2505907024424812
PLD,0.9998184218178755
NASA_m2_g,0.4681946104411928
NAV_cm3_g,0.06582229900739994
