Feature,Importance
0.01,79.21335388799292
Has_OMS,3.8183422529579207
PLD,2.5097701931836656
ASA_m2_g,2.4150584482669424
ASA_m2_cm3,2.296422436275032
LCD,1.8124494943764795
AV_cm3_g,1.7623373861704055
cm3_g,1.7023300858781623
LFPD,1.5426205146985275
AV_VF,1.0444826583983287
NASA_m2_g,0.9883729535718805
NASA_m2_cm3,0.6682189956363965
NAV_cm3_g,0.22624069259335639
