{
  "R2": 0.9036375708004973,
  "MAE": 0.03281629407676412,
  "RMSE": 0.016309197656542936,
  "MAPE(%)": 5.744284259735455
}