{
  "R2": 0.9076937606520744,
  "MAE": 0.033468134781464494,
  "RMSE": 0.01421611643503557,
  "MAPE(%)": 5.741847742021687
}