{
  "R2": 0.975198703894961,
  "MAE": 0.03895374114620003,
  "RMSE": 0.006853507549954216,
  "MAPE(%)": 3.584279833392001
}