{
  "R2": 0.982914088454889,
  "MAE": 0.045622057209030405,
  "RMSE": 0.008432287505978079,
  "MAPE(%)": 3.006548311168237
}