{
  "R2": 0.9708969444783375,
  "MAE": 0.09071290241221816,
  "RMSE": 0.020398307270738218,
  "MAPE(%)": 4.544215553453855
}