temp,lowp,outp,seed,mode,qt_frac,train_ratio,out_root,model,R2,MAE,RMSE,MAPE(%)
273K,0.5,5,2028,lowq,0.25,0.5,./RUN_FULL_EXP,cat,0.9708969444783375,0.09071290241221816,0.020398307270738218,4.544215553453855
