Feature,Importance
0.1,52.79556916528265
ASA_m2_g,13.319241827726062
ASA_m2_cm3,8.147283303905967
AV_cm3_g,5.718001767976724
AV_VF,5.084203693497783
cm3_g,4.13863492449636
PLD,2.8090209915780675
LCD,2.627472306227269
LFPD,1.9499926834498509
Has_OMS,1.668429488930629
NASA_m2_cm3,0.9098697650802111
NASA_m2_g,0.6932517517200515
NAV_cm3_g,0.13902833012837584
