{
  "R2": 0.9602196753785817,
  "MAE": 0.2299464934175041,
  "RMSE": 0.10909759635214143,
  "MAPE(%)": 6.1278734575412175
}