{
  "R2": 0.9806464050206167,
  "MAE": 0.039773509528159806,
  "RMSE": 0.003792360418753931,
  "MAPE(%)": 3.777180806442953
}