Feature,Importance
0.05,54.26897489226482
ASA_m2_g,11.7946275462659
ASA_m2_cm3,6.990269390742569
AV_VF,6.583928408803014
AV_cm3_g,5.634202428280541
cm3_g,4.246171291142491
PLD,2.763343217170069
LFPD,2.336791361815884
LCD,2.21658653345212
Has_OMS,1.5576256901053729
NASA_m2_cm3,0.7882518977230302
NASA_m2_g,0.7535931799746145
NAV_cm3_g,0.06563416225958814
