{
  "R2": 0.9481314133615267,
  "MAE": 0.24466748624864004,
  "RMSE": 0.13334413509528417,
  "MAPE(%)": 6.241550493020698
}