temp,lowp,outp,seed,mode,qt_frac,train_ratio,out_root,model,R2,MAE,RMSE,MAPE(%)
273K,0.05,15,2028,lowq,0.6,0.5,./RUN_FULL_EXP,cat,0.9481314133615267,0.24466748624864004,0.13334413509528417,6.241550493020698
