{
  "R2": 0.9641437960686011,
  "MAE": 0.16364507294546465,
  "RMSE": 0.0568449958385671,
  "MAPE(%)": 5.4177236467249
}