Feature,Importance
0.5,80.87139940112755
ASA_m2_g,3.817829223471895
AV_VF,3.5225053111759004
AV_cm3_g,2.44520580816614
ASA_m2_cm3,2.3696131914282255
cm3_g,1.457872446475301
LFPD,1.1524869622117173
Has_OMS,1.1256177158255138
PLD,1.1021105697401306
LCD,1.0274136458961929
NASA_m2_cm3,0.5774176467907343
NASA_m2_g,0.45723090755367557
NAV_cm3_g,0.07329717013703385
