{
  "R2": 0.9823685661551533,
  "MAE": 0.029043042075525192,
  "RMSE": 0.0018375450951214408,
  "MAPE(%)": 2.5740712999794715
}