{
  "R2": 0.9588265105301744,
  "MAE": 0.16349767367140863,
  "RMSE": 0.07033425367045712,
  "MAPE(%)": 5.405227968378665
}