temp,lowp,outp,seed,mode,qt_frac,train_ratio,out_root,model,R2,MAE,RMSE,MAPE(%)
293K,HENRY,15,2028,lowq,0.25,0.5,./RUN_FULL_EXP,cat,0.9588265105301744,0.16349767367140863,0.07033425367045712,5.405227968378665
