{
  "R2": 0.9834781061699412,
  "MAE": 0.03446473407137638,
  "RMSE": 0.003246206046724965,
  "MAPE(%)": 3.2286263941080042
}