Feature,Importance
cm3_g,15.286886728441326
PLD,14.876825868347916
Has_OMS,14.351979425031343
AV_VF,9.57902928405942
ASA_m2_cm3,9.35456386774795
LFPD,9.308025038905415
LCD,9.03962517294303
ASA_m2_g,7.295704506478935
AV_cm3_g,6.182254888212524
NASA_m2_cm3,2.689112128991456
NASA_m2_g,1.9014667354431707
NAV_cm3_g,0.13452635539752397
