temp,lowp,outp,seed,mode,qt_frac,train_ratio,out_root,model,R2,MAE,RMSE,MAPE(%)
293K,0.01,1,2025,struct,0.0,0.2,./RUN_FULL_EXP,cat,0.2908747728426967,0.1322106342559928,0.05243281759870963,51.09466648941615
