{
  "R2": 0.2908747728426967,
  "MAE": 0.1322106342559928,
  "RMSE": 0.05243281759870963,
  "MAPE(%)": 51.09466648941615
}