Feature,Importance
0.5,91.0365485398804
AV_cm3_g,1.4756392903568272
Has_OMS,1.274564642372626
cm3_g,0.9414574374134298
LCD,0.937108576442945
ASA_m2_g,0.9187462893600499
AV_VF,0.6867520048509977
LFPD,0.6812704182012839
PLD,0.6108191904516405
ASA_m2_cm3,0.5334404216028418
NASA_m2_cm3,0.5014536287386939
NASA_m2_g,0.328692740882981
NAV_cm3_g,0.07350681944529897
