temp,lowp,outp,seed,mode,qt_frac,train_ratio,out_root,model,R2,MAE,RMSE,MAPE(%)
293K,0.5,1,2029,lowq,0.2,0.5,./RUN_FULL_EXP,cat,0.9966451108745588,0.006333350433764133,0.00013541200992427436,1.729822667824983
