{
  "R2": 0.9966451108745588,
  "MAE": 0.006333350433764133,
  "RMSE": 0.00013541200992427436,
  "MAPE(%)": 1.729822667824983
}