{
  "R2": 0.9417315860705385,
  "MAE": 0.08452834209023372,
  "RMSE": 0.017697833780976144,
  "MAPE(%)": 7.120460770387531
}