{
  "R2": 0.9733102048020348,
  "MAE": 0.0665438594983096,
  "RMSE": 0.013009612122600376,
  "MAPE(%)": 4.9340766012841435
}