{
  "R2": 0.9935379017544294,
  "MAE": 0.00773571337367006,
  "RMSE": 0.00017211220034557304,
  "MAPE(%)": 2.0989994866629162
}