Feature,Importance
0.05,63.8093027976933
ASA_m2_g,8.528164718097177
AV_VF,6.528508475222767
AV_cm3_g,5.388409295702705
ASA_m2_cm3,5.029168445812816
LFPD,2.236195149917969
PLD,2.1637245904221944
cm3_g,2.1343331918999198
LCD,1.410015736275274
Has_OMS,1.3432019057790097
NASA_m2_cm3,0.6748782601640794
NASA_m2_g,0.6509772851508598
NAV_cm3_g,0.1031201478619258
