{
  "R2": 0.9690460904243412,
  "MAE": 0.11104936759472969,
  "RMSE": 0.02517944799911645,
  "MAPE(%)": 4.459604378878848
}