{
  "R2": 0.9811641953870419,
  "MAE": 0.0523676808121315,
  "RMSE": 0.006539863993790734,
  "MAPE(%)": 3.6032503441674204
}