Feature,Importance
0.01,63.03900863090604
ASA_m2_cm3,7.498354523825444
ASA_m2_g,7.216374630868552
AV_VF,4.356872456827819
AV_cm3_g,4.355478014052488
LCD,2.6465323746855156
LFPD,2.4157400893212713
PLD,2.3926391451097246
Has_OMS,2.175645107482757
cm3_g,1.9763916918031725
NASA_m2_cm3,0.9585620796263458
NASA_m2_g,0.8756931215349295
NAV_cm3_g,0.09270813395594728
