{
  "R2": 0.9600487653375657,
  "MAE": 0.10510186426982507,
  "RMSE": 0.027614881223582594,
  "MAPE(%)": 5.323502828646378
}