{
  "R2": 0.9715928262180111,
  "MAE": 0.058218023698469755,
  "RMSE": 0.008402029638267671,
  "MAPE(%)": 4.028990897302827
}