{
  "R2": 0.9842887643906998,
  "MAE": 0.018807134963004686,
  "RMSE": 0.001005472428752666,
  "MAPE(%)": 3.5097457490898973
}