temp,lowp,outp,seed,mode,qt_frac,train_ratio,out_root,model,R2,MAE,RMSE,MAPE(%)
273K,0.01,1,2027,struct_with_input,0.35,0.35,./RUN_FULL_EXP,cat,0.9831878881218722,0.018580488922839023,0.0010937271217926485,3.452613089697396
