{
  "R2": 0.41475110744705324,
  "MAE": 0.18276954335318707,
  "RMSE": 0.08931072091803567,
  "MAPE(%)": 46.94020944455975
}