{
  "R2": 0.955783254985093,
  "MAE": 0.10138754511603165,
  "RMSE": 0.02484228018853524,
  "MAPE(%)": 5.200448501060925
}