{
  "R2": 0.9917939518853052,
  "MAE": 0.0356926801505803,
  "RMSE": 0.0028419301068718077,
  "MAPE(%)": 2.8842481669022773
}