temp,lowp,outp,seed,mode,qt_frac,train_ratio,out_root,model,R2,MAE,RMSE,MAPE(%)
273K,0.05,1,2026,lowq,0.3,0.5,./RUN_FULL_EXP,cat,0.9886514962513011,0.015499800375535404,0.000761651687264169,2.822256934355853
