{
  "R2": 0.9886514962513011,
  "MAE": 0.015499800375535404,
  "RMSE": 0.000761651687264169,
  "MAPE(%)": 2.822256934355853
}