{
  "R2": 0.9195180490289704,
  "MAE": 0.2577356322408255,
  "RMSE": 0.1539208681808036,
  "MAPE(%)": 11.041176786704082
}