Feature,Importance
HENRY,87.2622047159414
cm3_g,1.6831485282635348
AV_cm3_g,1.5304551260538388
LCD,1.394046197735825
AV_VF,1.357071837467278
PLD,1.3445285185932283
ASA_m2_g,1.248326066303539
ASA_m2_cm3,1.2341636391523598
Has_OMS,1.1782749711631884
LFPD,0.8166724311409771
NASA_m2_cm3,0.5507098104114176
NASA_m2_g,0.28611947349833966
NAV_cm3_g,0.11427868427508181
