{
  "R2": 0.9947160525917097,
  "MAE": 0.0040242727177884985,
  "RMSE": 3.997340898252815e-05,
  "MAPE(%)": 1.5080352162308452
}