temp,lowp,outp,seed,mode,qt_frac,train_ratio,out_root,model,R2,MAE,RMSE,MAPE(%)
313K,HENRY,1,2028,lowq,0.7,0.5,./RUN_FULL_EXP,cat,0.9947160525917097,0.0040242727177884985,3.997340898252815e-05,1.5080352162308452
