Feature,Importance
0.01,71.59488228595615
ASA_m2_cm3,6.09600064269317
ASA_m2_g,4.913411616833614
AV_VF,4.056123960031293
cm3_g,2.2046122763357916
AV_cm3_g,2.1490959015528506
LFPD,2.028528247870084
Has_OMS,1.928741914614308
PLD,1.7769269860818369
LCD,1.7555871628431077
NASA_m2_cm3,0.7297965811978759
NASA_m2_g,0.6413954539936647
NAV_cm3_g,0.12489696999626233
