{
  "R2": 0.9670956176224778,
  "MAE": 0.061551581850121245,
  "RMSE": 0.008101811330622669,
  "MAPE(%)": 4.209898348013841
}