Feature,Importance
0.01,82.28505496578234
cm3_g,2.8372360882681993
ASA_m2_cm3,1.8719473448781863
AV_cm3_g,1.746456862401389
ASA_m2_g,1.7314309238391319
PLD,1.7012233013960922
LFPD,1.5304125598927854
Has_OMS,1.3785983788108824
AV_VF,1.334566303921747
NASA_m2_g,1.2965160536133564
NASA_m2_cm3,1.162330861614937
LCD,0.970698461876943
NAV_cm3_g,0.15352789370401207
