{
  "R2": 0.9529711063576688,
  "MAE": 0.025913219361632378,
  "RMSE": 0.0069664724370326276,
  "MAPE(%)": 4.482598568025093
}