Feature,Importance
0.05,49.74373974550034
ASA_m2_g,12.825108861796107
ASA_m2_cm3,7.6444664819755435
AV_VF,7.275381664800303
AV_cm3_g,6.482681294902939
cm3_g,4.75357965116344
PLD,2.761047999336925
LFPD,2.5080933275727673
LCD,2.459904482676889
Has_OMS,1.647337337551931
NASA_m2_cm3,1.1153174035098883
NASA_m2_g,0.6355487499345761
NAV_cm3_g,0.14779299927833459
