{
  "R2": 0.9511420645441284,
  "MAE": 0.23749218916968423,
  "RMSE": 0.12690593434475825,
  "MAPE(%)": 6.1557752810089035
}