Feature,Importance
0.01,55.97865269989939
ASA_m2_g,12.717877754213053
ASA_m2_cm3,7.191620171780899
AV_VF,5.091853064174708
cm3_g,4.6349777181915925
AV_cm3_g,3.9821083099900663
LCD,2.4255461014158484
PLD,2.389669644080906
LFPD,2.0824936777011103
Has_OMS,2.013590508097915
NASA_m2_cm3,0.7333172355012655
NASA_m2_g,0.6625467114762319
NAV_cm3_g,0.09574640347698037
