{
  "R2": 0.9628031913100967,
  "MAE": 0.16835683182428368,
  "RMSE": 0.058854232696453714,
  "MAPE(%)": 5.549044209403617
}