Feature,Importance
0.1,56.76215767923555
ASA_m2_g,13.95870556722491
ASA_m2_cm3,7.090505665623355
AV_cm3_g,4.947041356380979
AV_VF,3.9758588043732885
cm3_g,3.3050367066468187
LCD,2.530507701549761
PLD,2.4389622746769994
LFPD,1.8087574821968355
Has_OMS,1.326575467935099
NASA_m2_g,1.0386277836922526
NASA_m2_cm3,0.7395552677108126
NAV_cm3_g,0.07770824275335976
