temp,lowp,outp,seed,mode,qt_frac,train_ratio,out_root,model,R2,MAE,RMSE,MAPE(%)
293K,0.1,15,2026,lowq,0.5,0.5,./RUN_FULL_EXP,cat,0.9602223475706082,0.16754922247447024,0.0584573004509132,5.379958492673587
