{
  "R2": 0.9602223475706082,
  "MAE": 0.16754922247447024,
  "RMSE": 0.0584573004509132,
  "MAPE(%)": 5.379958492673587
}