{
  "R2": 0.9832157754980815,
  "MAE": 0.014296451664655593,
  "RMSE": 0.0027128554853407248,
  "MAPE(%)": 2.328143502618372
}