Feature,Importance
0.05,88.55331482469475
AV_cm3_g,1.5457895729770377
Has_OMS,1.52683372553817
cm3_g,1.3998496942835539
LCD,1.3960507816555505
AV_VF,1.215610374052639
ASA_m2_cm3,1.0937578138263655
ASA_m2_g,0.8821298963144699
PLD,0.723523779889253
LFPD,0.6689247972368514
NASA_m2_cm3,0.5638247514402591
NASA_m2_g,0.3574903825134599
NAV_cm3_g,0.07289960557766653
