{
  "R2": 0.9942605847413343,
  "MAE": 0.0050047882024016515,
  "RMSE": 5.1698073227146086e-05,
  "MAPE(%)": 1.9510358311865743
}