{
  "R2": 0.9588514438977493,
  "MAE": 0.17122308214352322,
  "RMSE": 0.06102164694258904,
  "MAPE(%)": 5.514284255551067
}