{
  "R2": 0.9919448976441616,
  "MAE": 0.03638463701646768,
  "RMSE": 0.003265364360292664,
  "MAPE(%)": 2.9033584325586865
}