{
  "R2": 0.9752170078551805,
  "MAE": 0.1041702187829405,
  "RMSE": 0.023930619798977384,
  "MAPE(%)": 4.2820174794815165
}