Feature,Importance
0.1,62.7861705017133
ASA_m2_g,11.786934081172689
ASA_m2_cm3,5.783063528653768
AV_cm3_g,4.795750078872052
AV_VF,4.67755782718446
cm3_g,2.426470475565423
LCD,2.0799012734475633
PLD,1.869890155144479
LFPD,1.520137533894092
Has_OMS,0.9163083751486397
NASA_m2_cm3,0.6390989807191979
NASA_m2_g,0.6155492849984467
NAV_cm3_g,0.10316790348588117
