{
  "R2": 0.9712413422791647,
  "MAE": 0.06439302876460005,
  "RMSE": 0.011155112887159454,
  "MAPE(%)": 4.584800358109395
}