Feature,Importance
0.01,71.11231165054211
ASA_m2_cm3,5.926194597043053
ASA_m2_g,5.232992254915935
AV_VF,4.006468441181307
AV_cm3_g,3.0477064164056995
LCD,2.0109097221349126
cm3_g,1.8951737074441877
PLD,1.8899971835142815
Has_OMS,1.7374271916463027
LFPD,1.66204386378933
NASA_m2_g,0.7018639619515976
NASA_m2_cm3,0.6629924507352771
NAV_cm3_g,0.1139185586960057
