temp,lowp,outp,seed,mode,qt_frac,train_ratio,out_root,model,R2,MAE,RMSE,MAPE(%)
293K,0.01,5,2026,lowq,0.1,0.5,./RUN_FULL_EXP,cat,0.9726571328348058,0.06588547976789517,0.011959019065603737,4.732451720131194
