{
  "R2": 0.9726571328348058,
  "MAE": 0.06588547976789517,
  "RMSE": 0.011959019065603737,
  "MAPE(%)": 4.732451720131194
}