Feature,Importance
0.01,83.13342038639776
ASA_m2_cm3,2.3694725994601837
AV_cm3_g,2.3526577283799797
AV_VF,1.93662805699902
ASA_m2_g,1.7246787837661026
PLD,1.6294022662577592
LCD,1.5825264766416318
cm3_g,1.5201110427245208
LFPD,1.1991088515043105
Has_OMS,1.1134769322821196
NASA_m2_g,0.7896330175117466
NASA_m2_cm3,0.5853886959271126
NAV_cm3_g,0.06349516214772678
