{
  "R2": 0.9480521438694851,
  "MAE": 0.09864736495346249,
  "RMSE": 0.02226377334213697,
  "MAPE(%)": 4.976370624021423
}