{
  "R2": 0.9680380061255088,
  "MAE": 0.16597233002206957,
  "RMSE": 0.06044650869985785,
  "MAPE(%)": 5.936105151703951
}