Feature,Importance
0.1,86.91323453781224
cm3_g,1.7745998123277373
LCD,1.746283477399957
ASA_m2_g,1.6600923437187678
PLD,1.3944270175522138
AV_VF,1.2877892525845822
ASA_m2_cm3,1.2616817748347973
LFPD,1.2222705534951337
Has_OMS,1.0931083637675014
AV_cm3_g,0.8806702449020567
NASA_m2_cm3,0.47126190905666315
NASA_m2_g,0.23573831267995676
NAV_cm3_g,0.058842399868402645
