{
  "R2": 0.995718963366454,
  "MAE": 0.004860982607520429,
  "RMSE": 7.218340812940008e-05,
  "MAPE(%)": 1.9591410335162016
}