{
  "R2": 0.9620261839404876,
  "MAE": 0.07683661180367363,
  "RMSE": 0.015679135230868127,
  "MAPE(%)": 5.487874697523002
}