{
  "R2": 0.9838476330071271,
  "MAE": 0.01668957046325092,
  "RMSE": 0.0007311668389500687,
  "MAPE(%)": 3.138410227493438
}