Feature,Importance
0.01,77.33239046084029
ASA_m2_g,4.584091859789141
ASA_m2_cm3,4.20798998178265
AV_VF,3.016853206353573
AV_cm3_g,2.268106592525251
cm3_g,1.905573054748814
LCD,1.4849162919078371
PLD,1.4672957310971932
Has_OMS,1.3950681699646093
LFPD,1.276538766364737
NASA_m2_cm3,0.5858100550837607
NASA_m2_g,0.4477484812129129
NAV_cm3_g,0.02761734832921501
