{
  "R2": 0.9698062370629478,
  "MAE": 0.0395703915874449,
  "RMSE": 0.00324840258030472,
  "MAPE(%)": 3.5359856193920334
}