temp,lowp,outp,seed,mode,qt_frac,train_ratio,out_root,model,R2,MAE,RMSE,MAPE(%)
313K,0.01,5,2025,lowq,0.8,0.5,./RUN_FULL_EXP,cat,0.9698062370629478,0.0395703915874449,0.00324840258030472,3.5359856193920334
