{
  "R2": 0.9734569712877905,
  "MAE": 0.09220235504121939,
  "RMSE": 0.022300857629998005,
  "MAPE(%)": 4.7900739750309524
}