{
  "R2": 0.9715614864271508,
  "MAE": 0.1187112395527019,
  "RMSE": 0.02874168409837142,
  "MAPE(%)": 4.975924097616675
}