{
  "R2": 0.9588106687646238,
  "MAE": 0.1699487733203233,
  "RMSE": 0.060332041820597065,
  "MAPE(%)": 5.453847321624101
}