{
  "R2": 0.9701129369626915,
  "MAE": 0.06508608037745259,
  "RMSE": 0.01123350313332622,
  "MAPE(%)": 4.556927505351084
}