{
  "R2": 0.9924726434843474,
  "MAE": 0.007357923551177373,
  "RMSE": 0.0001243349044492088,
  "MAPE(%)": 1.9700393890453922
}