temp,lowp,outp,seed,mode,qt_frac,train_ratio,out_root,model,R2,MAE,RMSE,MAPE(%)
293K,0.05,1,2026,lowq,0.7,0.5,./RUN_FULL_EXP,cat,0.9924726434843474,0.007357923551177373,0.0001243349044492088,1.9700393890453922
