{
  "R2": 0.9943618424667318,
  "MAE": 0.02498335535510588,
  "RMSE": 0.0012922264693655977,
  "MAPE(%)": 1.9276730790982348
}