{
  "R2": 0.9765489249611522,
  "MAE": 0.06323025041491798,
  "RMSE": 0.010286855727608615,
  "MAPE(%)": 5.680581721505671
}