{
  "R2": 0.9558933504483909,
  "MAE": 0.09609593686427366,
  "RMSE": 0.02073235405969237,
  "MAPE(%)": 4.837987813360347
}