temp,lowp,outp,seed,mode,qt_frac,train_ratio,out_root,model,R2,MAE,RMSE,MAPE(%)
293K,0.01,1,2027,struct_with_input,0.15,0.15,./RUN_FULL_EXP,cat,0.9772566698096501,0.013817296417150085,0.0009181546340967653,4.0750308084526035
