{
  "R2": 0.9772566698096501,
  "MAE": 0.013817296417150085,
  "RMSE": 0.0009181546340967653,
  "MAPE(%)": 4.0750308084526035
}