Feature,Importance
0.05,82.9084227167756
ASA_m2_g,2.095466658522485
cm3_g,1.9786650894580136
ASA_m2_cm3,1.9500321729087764
AV_VF,1.8306919784979203
AV_cm3_g,1.778770695537712
LCD,1.6866598463623381
Has_OMS,1.612257817460157
PLD,1.2699217015514404
LFPD,1.2098178560376298
NASA_m2_cm3,1.0752665437463935
NASA_m2_g,0.512282233871108
NAV_cm3_g,0.09174468927041533
