{
  "R2": 0.9881934281811198,
  "MAE": 0.015173302195650083,
  "RMSE": 0.000574926843673974,
  "MAPE(%)": 2.782327219561968
}