{
  "R2": 0.9920664992567229,
  "MAE": 0.00805107516117588,
  "RMSE": 0.00015861738783757846,
  "MAPE(%)": 2.1936176561997986
}