temp,lowp,outp,seed,mode,qt_frac,train_ratio,out_root,model,R2,MAE,RMSE,MAPE(%)
293K,0.05,1,2026,lowq,0.55,0.5,./RUN_FULL_EXP,cat,0.9920664992567229,0.00805107516117588,0.00015861738783757846,2.1936176561997986
