{
  "R2": 0.967240367213328,
  "MAE": 0.11225974987054234,
  "RMSE": 0.03870650708846556,
  "MAPE(%)": 4.671230416502898
}