temp,lowp,outp,seed,mode,qt_frac,train_ratio,out_root,model,R2,MAE,RMSE,MAPE(%)
313K,HENRY,15,2027,lowq,0.1,0.5,./RUN_FULL_EXP,cat,0.967240367213328,0.11225974987054234,0.03870650708846556,4.671230416502898
