{
  "R2": 0.9664881068238388,
  "MAE": 0.11069946268268215,
  "RMSE": 0.04021989226635949,
  "MAPE(%)": 4.739919593533535
}