temp,lowp,outp,seed,mode,qt_frac,train_ratio,out_root,model,R2,MAE,RMSE,MAPE(%)
313K,0.1,15,2027,lowq,0.05,0.5,./RUN_FULL_EXP,cat,0.9664881068238388,0.11069946268268215,0.04021989226635949,4.739919593533535
