{
  "R2": 0.9689548771806488,
  "MAE": 0.11013701091802247,
  "RMSE": 0.02375841495261514,
  "MAPE(%)": 4.313663072226611
}