{
  "R2": 0.9868444672618366,
  "MAE": 0.01297238096364217,
  "RMSE": 0.00045705960387377293,
  "MAPE(%)": 2.3735348762381596
}