temp,lowp,outp,seed,mode,qt_frac,train_ratio,out_root,model,R2,MAE,RMSE,MAPE(%)
273K,0.1,1,2029,lowq,0.8,0.5,./RUN_FULL_EXP,cat,0.9868444672618366,0.01297238096364217,0.00045705960387377293,2.3735348762381596
