Feature,Importance
0.01,71.33119682137111
ASA_m2_g,5.156675588166271
ASA_m2_cm3,4.460609909735867
AV_VF,4.166116550681424
AV_cm3_g,2.5735945475311963
cm3_g,2.514049043893948
LCD,2.266200970752448
Has_OMS,2.1280293397093546
LFPD,1.7974391580505555
PLD,1.7704586401189166
NASA_m2_cm3,1.1186619341352457
NASA_m2_g,0.4842097418814862
NAV_cm3_g,0.2327577539722168
