{
  "R2": 0.9714751412127112,
  "MAE": 0.0647395436454278,
  "RMSE": 0.011016260063811949,
  "MAPE(%)": 4.626872354484107
}