{
  "R2": 0.545449514261705,
  "MAE": 0.33054861458022144,
  "RMSE": 0.227703934620159,
  "MAPE(%)": 31.870395845226042
}