{
  "R2": 0.9953403890717025,
  "MAE": 0.025790040060645877,
  "RMSE": 0.0015262225608678435,
  "MAPE(%)": 2.1855366681443393
}