{
  "R2": 0.5241921137009661,
  "MAE": 0.33328358204240344,
  "RMSE": 0.23152400613769503,
  "MAPE(%)": 30.467082539900602
}