Feature,Importance
HENRY,76.00707211412211
ASA_m2_cm3,4.388108915030618
ASA_m2_g,3.9705724057509997
AV_cm3_g,3.7121587102348155
AV_VF,2.955392735863892
cm3_g,2.080884976519965
LCD,1.546732007630018
LFPD,1.473489065383583
PLD,1.288151669332869
Has_OMS,1.1473222932710045
NASA_m2_cm3,0.8377461020680363
NASA_m2_g,0.5260143878856898
NAV_cm3_g,0.06635461690638114
