temp,lowp,outp,seed,mode,qt_frac,train_ratio,out_root,model,R2,MAE,RMSE,MAPE(%)
313K,HENRY,5,2027,lowq,0.75,0.5,./RUN_FULL_EXP,cat,0.9787833214261106,0.03238257131566858,0.0024513226264959924,2.9052869564448938
