{
  "R2": 0.9787833214261106,
  "MAE": 0.03238257131566858,
  "RMSE": 0.0024513226264959924,
  "MAPE(%)": 2.9052869564448938
}