{
  "R2": 0.9593224694519952,
  "MAE": 0.17266433316577964,
  "RMSE": 0.07314012996890094,
  "MAPE(%)": 5.869362650247962
}