Feature,Importance
0.05,61.58133381306333
ASA_m2_g,13.341814981709943
ASA_m2_cm3,5.273272106716037
AV_VF,4.645366776388355
AV_cm3_g,3.972296279809294
cm3_g,2.4375612233134767
PLD,2.320461526328278
LCD,2.104195030415574
Has_OMS,1.566915941315456
LFPD,1.4911884524912526
NASA_m2_g,0.5831080902854747
NASA_m2_cm3,0.556601822225871
NAV_cm3_g,0.12588395593764964
