temp,lowp,outp,seed,mode,qt_frac,train_ratio,out_root,model,R2,MAE,RMSE,MAPE(%)
313K,0.05,15,2025,lowq,0.5,0.5,./RUN_FULL_EXP,cat,0.9698616995935936,0.11413657029296011,0.027236007627511244,4.645237883989871
