{
  "R2": 0.9698616995935936,
  "MAE": 0.11413657029296011,
  "RMSE": 0.027236007627511244,
  "MAPE(%)": 4.645237883989871
}