Feature,Importance
0.05,83.89847476327876
ASA_m2_cm3,2.3894042104721565
AV_VF,2.1432938988392505
cm3_g,1.8016004131587626
Has_OMS,1.5565637771666725
AV_cm3_g,1.555399585164835
ASA_m2_g,1.5352293528700203
PLD,1.429795945174341
LCD,1.2940174724289413
LFPD,1.1571125237336959
NASA_m2_g,0.5846971974636885
NASA_m2_cm3,0.5707855917075612
NAV_cm3_g,0.0836252685413151
