temp,lowp,outp,seed,mode,qt_frac,train_ratio,out_root,model,R2,MAE,RMSE,MAPE(%)
273K,0.05,1,2025,lowq,0.45,0.5,./RUN_FULL_EXP,cat,0.9870801089211902,0.015381324912892614,0.0007179666829734155,2.781062743711405
