{
  "R2": 0.9870801089211902,
  "MAE": 0.015381324912892614,
  "RMSE": 0.0007179666829734155,
  "MAPE(%)": 2.781062743711405
}