Feature,Importance
0.5,92.59864345415126
cm3_g,1.2736844991232203
ASA_m2_g,1.0441135216299289
PLD,0.8202716358073965
LFPD,0.7777563319744394
AV_cm3_g,0.690270029274179
Has_OMS,0.6710816158937267
AV_VF,0.6427856446042195
LCD,0.6017201430273228
ASA_m2_cm3,0.3791321639908975
NASA_m2_cm3,0.24810880716190883
NASA_m2_g,0.16857728864492375
NAV_cm3_g,0.08385486471656775
