{
  "R2": 0.9973264228491524,
  "MAE": 0.0035399889954170574,
  "RMSE": 2.4320697876949447e-05,
  "MAPE(%)": 1.385637769376275
}