{
  "R2": 0.9566167311413915,
  "MAE": 0.1718690300500082,
  "RMSE": 0.05746501366530997,
  "MAPE(%)": 5.395105483696258
}