temp,lowp,outp,seed,mode,qt_frac,train_ratio,out_root,model,R2,MAE,RMSE,MAPE(%)
293K,0.01,15,2027,lowq,0.75,0.5,./RUN_FULL_EXP,cat,0.9566167311413915,0.1718690300500082,0.05746501366530997,5.395105483696258
