Feature,Importance
0.01,53.6777083868952
ASA_m2_g,15.058539925903862
AV_cm3_g,6.501158483335614
ASA_m2_cm3,6.359124383533295
AV_VF,5.093396183113138
cm3_g,3.5571752913051076
PLD,2.6243727699443196
LFPD,2.248874400576595
LCD,2.088572564375595
Has_OMS,1.2978300200633397
NASA_m2_cm3,0.7304260476270826
NASA_m2_g,0.6816590092710285
NAV_cm3_g,0.08116253405582263
