{
  "R2": 0.9752112795972787,
  "MAE": 0.02157666241146552,
  "RMSE": 0.0030604476231693733,
  "MAPE(%)": 3.659901414797786
}