temp,lowp,outp,seed,mode,qt_frac,train_ratio,out_root,model,R2,MAE,RMSE,MAPE(%)
273K,0.01,1,2029,lowq,0.1,0.5,./RUN_FULL_EXP,cat,0.9752112795972787,0.02157666241146552,0.0030604476231693733,3.659901414797786
