{
  "R2": 0.970203334548052,
  "MAE": 0.05541726632169079,
  "RMSE": 0.007415972278152107,
  "MAPE(%)": 3.785449369154734
}