temp,lowp,outp,seed,mode,qt_frac,train_ratio,out_root,model,R2,MAE,RMSE,MAPE(%)
293K,0.1,5,2027,lowq,0.65,0.5,./RUN_FULL_EXP,cat,0.970203334548052,0.05541726632169079,0.007415972278152107,3.785449369154734
