Feature,Importance
0.05,54.99880690154187
ASA_m2_g,13.53352807239393
ASA_m2_cm3,6.366675501646462
AV_cm3_g,5.5546718054665645
AV_VF,4.949137430159506
cm3_g,4.02964633896352
LCD,3.0418577721152373
PLD,2.191004204843487
LFPD,1.9662219023400203
Has_OMS,1.6881759001936911
NASA_m2_cm3,0.9127223100059518
NASA_m2_g,0.695186904293404
NAV_cm3_g,0.0723649560363735
