{
  "R2": 0.9673180697541627,
  "MAE": 0.15890250593447652,
  "RMSE": 0.05562954640253565,
  "MAPE(%)": 5.348280519688456
}