{
  "R2": 0.9865688613157156,
  "MAE": 0.013837563679762691,
  "RMSE": 0.0005776801893335943,
  "MAPE(%)": 2.491674991903644
}