{
  "R2": 0.9891041075073648,
  "MAE": 0.008851297946875567,
  "RMSE": 0.00045943983769508346,
  "MAPE(%)": 2.3126106836718914
}