temp,lowp,outp,seed,mode,qt_frac,train_ratio,out_root,model,R2,MAE,RMSE,MAPE(%)
293K,HENRY,1,2028,lowq,0.15,0.5,./RUN_FULL_EXP,cat,0.9891041075073648,0.008851297946875567,0.00045943983769508346,2.3126106836718914
