Feature,Importance
0.01,70.61636097054232
ASA_m2_g,5.8462235214683345
ASA_m2_cm3,4.857450904763377
AV_cm3_g,4.093683252179142
AV_VF,3.6876130302983996
LFPD,2.200986906860168
LCD,2.002964924568691
cm3_g,1.8585750101597645
PLD,1.7062201909358283
Has_OMS,1.5708089469173994
NASA_m2_g,0.7340031879945951
NASA_m2_cm3,0.68936489695535
NAV_cm3_g,0.13574425635666307
