{
  "R2": 0.9669705366817218,
  "MAE": 0.06776531711496105,
  "RMSE": 0.014277128443458846,
  "MAPE(%)": 4.666383405047972
}