temp,lowp,outp,seed,mode,qt_frac,train_ratio,out_root,model,R2,MAE,RMSE,MAPE(%)
293K,0.01,5,2027,lowq,0.1,0.5,./RUN_FULL_EXP,cat,0.9669705366817218,0.06776531711496105,0.014277128443458846,4.666383405047972
