Feature,Importance
0.05,85.18562490285379
cm3_g,2.2052788805172474
Has_OMS,1.7539730916063747
ASA_m2_g,1.5877804581941524
AV_VF,1.5758337218696017
LFPD,1.5747750206712237
AV_cm3_g,1.4186999000994922
PLD,1.391602547904384
LCD,1.3453527303198174
ASA_m2_cm3,1.0117910833261006
NASA_m2_g,0.5223714234501003
NASA_m2_cm3,0.35332014928323296
NAV_cm3_g,0.07359608990448234
