temp,lowp,outp,seed,mode,qt_frac,train_ratio,out_root,model,R2,MAE,RMSE,MAPE(%)
293K,0.05,1,2025,lowq,0.25,0.5,./RUN_FULL_EXP,cat,0.9917920833482671,0.008631917106771726,0.00025531027408924346,2.3034531631450705
