{
  "R2": 0.9917920833482671,
  "MAE": 0.008631917106771726,
  "RMSE": 0.00025531027408924346,
  "MAPE(%)": 2.3034531631450705
}