{
  "R2": 0.35516009389505976,
  "MAE": 0.12235374845860461,
  "RMSE": 0.043499153869979816,
  "MAPE(%)": 48.25115582958867
}