Feature,Importance
0.1,60.15845533917124
ASA_m2_g,10.365067121602893
AV_VF,6.271445153466553
AV_cm3_g,6.217213674494863
ASA_m2_cm3,5.516932365282166
cm3_g,2.684222990200471
PLD,2.178851817977452
LFPD,2.0364366442557693
LCD,1.5389216517516737
Has_OMS,1.442944320101447
NASA_m2_cm3,0.8032311161981858
NASA_m2_g,0.6488403873598887
NAV_cm3_g,0.1374374181373822
