{
  "R2": 0.971312084608219,
  "MAE": 0.110796114210518,
  "RMSE": 0.02607372242354183,
  "MAPE(%)": 4.463099669701444
}