{
  "R2": 0.9896590695968263,
  "MAE": 0.006833471464742584,
  "RMSE": 8.341569450575732e-05,
  "MAPE(%)": 2.6692936691011675
}