temp,lowp,outp,seed,mode,qt_frac,train_ratio,out_root,model,R2,MAE,RMSE,MAPE(%)
313K,0.01,1,2028,lowq,0.65,0.5,./RUN_FULL_EXP,cat,0.9896590695968263,0.006833471464742584,8.341569450575732e-05,2.6692936691011675
