Feature,Importance
0.01,59.02712979504123
ASA_m2_g,12.963565651236424
AV_VF,5.469025883122833
ASA_m2_cm3,5.173257982086287
cm3_g,3.9279648840169776
AV_cm3_g,3.0752640064390095
LCD,2.5499606610309145
PLD,2.3703785854598483
LFPD,1.8965964399290067
Has_OMS,1.7652071402243827
NASA_m2_cm3,0.8919129670954729
NASA_m2_g,0.7972266781627683
NAV_cm3_g,0.09250932615484704
