Feature,Importance
0.5,91.53645989936668
cm3_g,1.1934579012397784
AV_VF,1.0530739206966584
Has_OMS,0.9824365506856279
AV_cm3_g,0.9338528374714177
ASA_m2_cm3,0.8657108674041489
LCD,0.7726578653379936
LFPD,0.7679952908165931
ASA_m2_g,0.6868378857013331
PLD,0.5417964140781706
NASA_m2_cm3,0.3928380621103305
NASA_m2_g,0.1654697865126802
NAV_cm3_g,0.1074127185786065
