{
  "R2": 0.9953291809987288,
  "MAE": 0.010455895699162034,
  "RMSE": 0.0002795109663757487,
  "MAPE(%)": 1.9227532190921726
}