Feature,Importance
0.1,78.33827697283864
ASA_m2_g,4.591078972842038
ASA_m2_cm3,3.007289141957105
AV_cm3_g,2.758539385651323
AV_VF,2.611496119550224
cm3_g,2.1728412994597215
LCD,1.8376120465097758
Has_OMS,1.195541569239873
LFPD,1.085295997736793
PLD,0.9792686176062654
NASA_m2_g,0.739734903138868
NASA_m2_cm3,0.5707795534695067
NAV_cm3_g,0.11224541999986172
