{
  "R2": 0.9791355971673246,
  "MAE": 0.03422350391297543,
  "RMSE": 0.003718612573197581,
  "MAPE(%)": 3.050110018067233
}