temp,lowp,outp,seed,mode,qt_frac,train_ratio,out_root,model,R2,MAE,RMSE,MAPE(%)
313K,0.1,5,2026,lowq,0.35,0.5,./RUN_FULL_EXP,cat,0.9791355971673246,0.03422350391297543,0.003718612573197581,3.050110018067233
