Feature,Importance
0.5,61.5702847388123
ASA_m2_g,13.983133459627638
ASA_m2_cm3,4.7087855343557505
AV_VF,4.620815378886096
AV_cm3_g,4.1738587708861115
cm3_g,2.8768055437645423
PLD,2.123765162766617
LCD,2.0943099449415317
LFPD,1.8873925568904837
Has_OMS,0.9749580008302414
NASA_m2_cm3,0.5215073909151386
NASA_m2_g,0.39578492708545926
NAV_cm3_g,0.06859859023811361
