{
  "R2": 0.9779202765551313,
  "MAE": 0.10495430742285915,
  "RMSE": 0.025776561914939156,
  "MAPE(%)": 4.557763731190951
}