Feature,Importance
PLD,15.463835900118484
Has_OMS,13.437692691881907
cm3_g,13.04907916153053
AV_VF,11.492355634127435
LCD,10.138039532229417
ASA_m2_cm3,9.518731585842971
LFPD,8.085216542812283
AV_cm3_g,7.828039625622144
ASA_m2_g,6.5657960611914366
NASA_m2_cm3,2.464134368940329
NASA_m2_g,1.7635296209625517
NAV_cm3_g,0.1935492747405177
