{
  "R2": 0.441658527331084,
  "MAE": 0.1196694562662243,
  "RMSE": 0.04154853355576166,
  "MAPE(%)": 49.75861674676902
}