temp,lowp,outp,seed,mode,qt_frac,train_ratio,out_root,model,R2,MAE,RMSE,MAPE(%)
293K,0.01,1,2029,struct,0.0,0.55,./RUN_FULL_EXP,cat,0.441658527331084,0.1196694562662243,0.04154853355576166,49.75861674676902
