temp,lowp,outp,seed,mode,qt_frac,train_ratio,out_root,model,R2,MAE,RMSE,MAPE(%)
273K,0.1,15,2025,lowq,0.75,0.5,./RUN_FULL_EXP,cat,0.9542182202398212,0.23322056575846994,0.11230801090552356,5.997650967098348
