{
  "R2": 0.9542182202398212,
  "MAE": 0.23322056575846994,
  "RMSE": 0.11230801090552356,
  "MAPE(%)": 5.997650967098348
}