{
  "R2": 0.9546477434474792,
  "MAE": 0.2390811098964594,
  "RMSE": 0.11515527055447142,
  "MAPE(%)": 6.127794803387563
}