Feature,Importance
HENRY,54.20195951253243
ASA_m2_g,14.194578654806406
AV_VF,6.4423088865218885
ASA_m2_cm3,6.24546696734664
AV_cm3_g,5.6621794288601155
cm3_g,2.7701279821760623
LCD,2.6248465304348247
PLD,2.604543808909244
LFPD,1.9499949832133474
Has_OMS,1.4827795700750221
NASA_m2_cm3,0.9392886478538628
NASA_m2_g,0.7780154108683401
NAV_cm3_g,0.1039096164018358
