{
  "R2": 0.9497022684757227,
  "MAE": 0.1640197155601907,
  "RMSE": 0.069384130591246,
  "MAPE(%)": 5.196764254936353
}