Feature,Importance
0.1,86.80364299786243
Has_OMS,2.381014050601988
AV_cm3_g,1.9068173856106163
cm3_g,1.5945020535860814
AV_VF,1.4381029301809318
ASA_m2_cm3,1.1930040338046286
LCD,1.1156367354258538
ASA_m2_g,1.029981361194196
NASA_m2_cm3,0.7286925860016938
LFPD,0.7270721420364173
PLD,0.7187807231067644
NASA_m2_g,0.3209237032038471
NAV_cm3_g,0.041829297384551364
