{
  "R2": 0.993767125332807,
  "MAE": 0.00450964239601908,
  "RMSE": 4.097462009754105e-05,
  "MAPE(%)": 1.7202083717804655
}