Feature,Importance
0.01,84.24538418360984
ASA_m2_g,1.9546258793723363
LCD,1.7941136459955145
cm3_g,1.7480869103354886
AV_cm3_g,1.642809664007651
Has_OMS,1.587411685071787
ASA_m2_cm3,1.4711669684336401
AV_VF,1.346111177518647
LFPD,1.3258555171239375
PLD,1.1124500817042433
NASA_m2_g,0.915119686546366
NASA_m2_cm3,0.7601646343427777
NAV_cm3_g,0.09669996593774602
