{
  "R2": 0.9909056805332108,
  "MAE": 0.008977422577857767,
  "RMSE": 0.0001552011624620959,
  "MAPE(%)": 2.510583217876089
}