temp,lowp,outp,seed,mode,qt_frac,train_ratio,out_root,model,R2,MAE,RMSE,MAPE(%)
293K,0.01,1,2027,struct_with_input,0.65,0.65,./RUN_FULL_EXP,cat,0.9909056805332108,0.008977422577857767,0.0001552011624620959,2.510583217876089
