{
  "R2": 0.9846945333302759,
  "MAE": 0.015635842170122694,
  "RMSE": 0.0008020776271885746,
  "MAPE(%)": 2.8560197436778503
}