Feature,Importance
0.05,73.09720240836033
ASA_m2_g,4.868489722631635
AV_VF,4.308933919478677
ASA_m2_cm3,3.995802769756355
AV_cm3_g,3.042872610407334
cm3_g,2.1747272690690553
Has_OMS,1.8897217465667346
PLD,1.8367198714204778
LCD,1.7925317744613098
LFPD,1.5792663320766966
NASA_m2_cm3,0.8170823155163566
NASA_m2_g,0.5268786786493851
NAV_cm3_g,0.06977058160564284
