{
  "R2": 0.9730782018044418,
  "MAE": 0.06319122574300325,
  "RMSE": 0.012431850019943293,
  "MAPE(%)": 4.541247570965034
}