Feature,Importance
0.1,86.36978378881227
cm3_g,1.8614714009638074
Has_OMS,1.5369094937333814
ASA_m2_g,1.3920950292128325
LFPD,1.335920351704982
ASA_m2_cm3,1.3211598711530201
AV_VF,1.306407660792906
AV_cm3_g,1.2946203633404183
PLD,1.2838681153591687
LCD,1.108068327293656
NASA_m2_g,0.560572301540503
NASA_m2_cm3,0.5380239371026581
NAV_cm3_g,0.09109935899041079
