{
  "R2": 0.993202306659674,
  "MAE": 0.008171546933491003,
  "RMSE": 0.00019391879686189012,
  "MAPE(%)": 2.185448248262191
}