Feature,Importance
0.05,87.92132969574891
cm3_g,1.796506604130179
PLD,1.601426882210514
LCD,1.4848274744982835
AV_VF,1.3959248459505678
ASA_m2_cm3,1.3819911439613612
AV_cm3_g,1.233181100417606
ASA_m2_g,0.9183964476355744
Has_OMS,0.7021951145500955
LFPD,0.6953209332401363
NASA_m2_g,0.43532624610341214
NASA_m2_cm3,0.31540719401410117
NAV_cm3_g,0.11816631753925187
