{
  "R2": 0.9948307729938045,
  "MAE": 0.005155344672377947,
  "RMSE": 7.997790552510864e-05,
  "MAPE(%)": 2.0941396528053136
}