Feature,Importance
0.01,69.53658598891356
ASA_m2_cm3,5.512686825829008
ASA_m2_g,5.199855917905779
AV_VF,4.218170127483725
AV_cm3_g,3.7133184714698753
LCD,2.2498553853362995
PLD,2.1779514172069128
LFPD,1.8916719552306647
Has_OMS,1.7802248680177115
cm3_g,1.740354100305656
NASA_m2_cm3,1.0873443109237455
NASA_m2_g,0.7647731477012033
NAV_cm3_g,0.12720748367585036
