{
  "R2": 0.9647692519378548,
  "MAE": 0.06042376430059358,
  "RMSE": 0.008306008362004914,
  "MAPE(%)": 4.093029627993378
}