{
  "R2": 0.9060694583345255,
  "MAE": 0.10195137900553423,
  "RMSE": 0.027979101838820325,
  "MAPE(%)": 8.150313018169635
}