Feature,Importance
0.01,85.50145520766962
AV_cm3_g,2.0729340308997646
cm3_g,1.9630733848624597
Has_OMS,1.7071898890307933
LFPD,1.6419146701398346
AV_VF,1.2508041162740158
LCD,1.2464683021046385
ASA_m2_cm3,1.1017990975012717
PLD,1.101287177418963
ASA_m2_g,1.0555278743487126
NASA_m2_cm3,0.7022480432865323
NASA_m2_g,0.5755829303995031
NAV_cm3_g,0.07971527606390577
