{
  "R2": 0.9921175180087295,
  "MAE": 0.007134290815250093,
  "RMSE": 0.00013096994812527194,
  "MAPE(%)": 3.00926572905268
}