temp,lowp,outp,seed,mode,qt_frac,train_ratio,out_root,model,R2,MAE,RMSE,MAPE(%)
313K,HENRY,1,2028,lowq,0.6,0.5,./RUN_FULL_EXP,cat,0.9956650056320835,0.003957546861886518,3.6579559702424046e-05,1.5342250690574797
