{
  "R2": 0.9956650056320835,
  "MAE": 0.003957546861886518,
  "RMSE": 3.6579559702424046e-05,
  "MAPE(%)": 1.5342250690574797
}