{
  "R2": 0.9746316197797703,
  "MAE": 0.06242307627092296,
  "RMSE": 0.01134514341965782,
  "MAPE(%)": 4.301027246467648
}