{
  "R2": 0.9940212135116547,
  "MAE": 0.027273863136974164,
  "RMSE": 0.0020059133528482383,
  "MAPE(%)": 2.1784687570830874
}