Feature,Importance
HENRY,71.27426913912836
ASA_m2_g,6.105487791758434
ASA_m2_cm3,4.452977141996228
AV_VF,4.102492155231904
cm3_g,3.1422395541188437
AV_cm3_g,2.249857213381891
LFPD,1.9260436230774907
LCD,1.8920928414727576
Has_OMS,1.8758885739370483
PLD,1.622702157340569
NASA_m2_cm3,0.8429945573305129
NASA_m2_g,0.38999851954377274
NAV_cm3_g,0.12295673168221473
