temp,lowp,outp,seed,mode,qt_frac,train_ratio,out_root,model,R2,MAE,RMSE,MAPE(%)
293K,HENRY,5,2029,lowq,0.25,0.5,./RUN_FULL_EXP,cat,0.9708429400394606,0.058763407725501815,0.010710859346563713,3.996114967249763
