{
  "R2": 0.9708429400394606,
  "MAE": 0.058763407725501815,
  "RMSE": 0.010710859346563713,
  "MAPE(%)": 3.996114967249763
}