Feature,Importance
0.01,71.69508795054463
ASA_m2_g,4.749904853615138
AV_VF,4.678567918578014
ASA_m2_cm3,4.596218925567937
AV_cm3_g,3.066659527569282
cm3_g,2.3467136094505894
LCD,2.0922339579136353
LFPD,1.8175381182287085
PLD,1.8136869499388337
Has_OMS,1.6790358901274254
NASA_m2_g,0.7493168362513583
NASA_m2_cm3,0.5909061484747058
NAV_cm3_g,0.12412931373973905
