{
  "R2": 0.9692482272037102,
  "MAE": 0.06472005412791168,
  "RMSE": 0.012553808689670905,
  "MAPE(%)": 4.51847168983114
}