Feature,Importance
0.1,53.34994968969907
ASA_m2_g,13.782675578437596
ASA_m2_cm3,6.258132364352257
AV_VF,5.9774572218377084
AV_cm3_g,5.575891140562292
cm3_g,3.8547977484648617
LCD,3.0580722501053783
PLD,2.9568028529370998
LFPD,1.9041272900869948
Has_OMS,1.6961729632574065
NASA_m2_cm3,0.8855656621422812
NASA_m2_g,0.6309919383828102
NAV_cm3_g,0.06936329973426128
