{
  "R2": 0.958309350352569,
  "MAE": 0.23402644697983532,
  "RMSE": 0.11173990097404636,
  "MAPE(%)": 6.172993969748219
}