Feature,Importance
0.5,59.97285124113758
ASA_m2_g,13.96172882519297
AV_VF,5.631906364723818
ASA_m2_cm3,4.387009362495091
AV_cm3_g,3.8824491859964283
cm3_g,3.7164827450938867
PLD,2.219206334240607
LCD,1.9012995979622618
LFPD,1.8999326751715377
Has_OMS,1.3705098065235342
NASA_m2_g,0.5001609427766209
NASA_m2_cm3,0.43613698757884695
NAV_cm3_g,0.12032593110682759
