{
  "R2": 0.9639785881444952,
  "MAE": 0.15977355324110282,
  "RMSE": 0.05333738017104684,
  "MAPE(%)": 5.1493815599730235
}