Feature,Importance
0.01,82.48589366019569
AV_VF,2.2094006629776946
ASA_m2_g,2.1011437316009105
cm3_g,2.0814329871867603
AV_cm3_g,1.9643359950857553
ASA_m2_cm3,1.8037502125190037
LFPD,1.6231106831851863
Has_OMS,1.4789283745262356
PLD,1.4024196350935358
LCD,1.0879353853049192
NASA_m2_cm3,0.8685159032064507
NASA_m2_g,0.8629559003230626
NAV_cm3_g,0.0301768687948233
