temp,lowp,outp,seed,mode,qt_frac,train_ratio,out_root,model,R2,MAE,RMSE,MAPE(%)
273K,0.01,1,2027,lowq,0.05,0.5,./RUN_FULL_EXP,cat,0.9591818419003724,0.02356077485918355,0.0053037480941094785,3.894763314760432
