{
  "R2": 0.9591818419003724,
  "MAE": 0.02356077485918355,
  "RMSE": 0.0053037480941094785,
  "MAPE(%)": 3.894763314760432
}