{
  "R2": 0.543439245940636,
  "MAE": 0.3304910379319815,
  "RMSE": 0.22857620751509636,
  "MAPE(%)": 31.24199328252506
}