{
  "R2": 0.9116113837373045,
  "MAE": 0.1041233119947487,
  "RMSE": 0.02815687374351954,
  "MAPE(%)": 8.416690144291064
}