{
  "R2": 0.9809412675909606,
  "MAE": 0.03362445229455494,
  "RMSE": 0.002863661163557481,
  "MAPE(%)": 3.0455682045018855
}