{
  "R2": 0.9629916251536323,
  "MAE": 0.1645981175594796,
  "RMSE": 0.0578389795797298,
  "MAPE(%)": 5.466150706273118
}