Feature,Importance
0.01,84.81504650703417
AV_cm3_g,2.7317086996663593
cm3_g,1.8403086752210382
Has_OMS,1.7140862828976908
AV_VF,1.5220218804802281
LCD,1.5082431000970655
LFPD,1.498186004998104
ASA_m2_g,1.173831863309757
ASA_m2_cm3,0.8554788750769922
PLD,0.8352865578838117
NASA_m2_g,0.7237814175045376
NASA_m2_cm3,0.7234302526638317
NAV_cm3_g,0.05858988316637943
