{
  "R2": 0.9749724471151539,
  "MAE": 0.012963278712799788,
  "RMSE": 0.0015926218261442659,
  "MAPE(%)": 3.3638566373920002
}