temp,lowp,outp,seed,mode,qt_frac,train_ratio,out_root,model,R2,MAE,RMSE,MAPE(%)
293K,0.01,1,2029,lowq,0.05,0.5,./RUN_FULL_EXP,cat,0.9749724471151539,0.012963278712799788,0.0015926218261442659,3.3638566373920002
