{
  "R2": 0.9565753079656308,
  "MAE": 0.23705787937460732,
  "RMSE": 0.13016517377926376,
  "MAPE(%)": 6.503703246695329
}