Feature,Importance
0.01,76.86049431048603
ASA_m2_g,4.867347255808348
AV_VF,3.53286249328472
ASA_m2_cm3,3.120864412970669
AV_cm3_g,2.1726702905450668
Has_OMS,1.7204186649787756
LCD,1.7021708301145575
LFPD,1.6823965824661247
cm3_g,1.62733326887917
PLD,1.429680740422628
NASA_m2_cm3,0.6906497862595253
NASA_m2_g,0.5089114332741351
NAV_cm3_g,0.08419993051026584
