temp,lowp,outp,seed,mode,qt_frac,train_ratio,out_root,model,R2,MAE,RMSE,MAPE(%)
313K,0.01,5,2025,lowq,0.65,0.5,./RUN_FULL_EXP,cat,0.9764156691860729,0.039210287836254035,0.003103764044607407,3.5343137362981203
