{
  "R2": 0.9764156691860729,
  "MAE": 0.039210287836254035,
  "RMSE": 0.003103764044607407,
  "MAPE(%)": 3.5343137362981203
}