Feature,Importance
0.5,52.11278471229579
ASA_m2_g,19.17538311112883
AV_VF,5.6382314091160834
ASA_m2_cm3,5.598417507152428
AV_cm3_g,4.778973081823423
cm3_g,3.2551736969546465
PLD,2.6286817819513084
LCD,2.5998576234340693
LFPD,2.0255540209364877
Has_OMS,1.1194615567115054
NASA_m2_cm3,0.5223359161687776
NASA_m2_g,0.4980015229917467
NAV_cm3_g,0.0471440593348982
