temp,lowp,outp,seed,mode,qt_frac,train_ratio,out_root,model,R2,MAE,RMSE,MAPE(%)
273K,0.5,15,2025,lowq,0.75,0.5,./RUN_FULL_EXP,cat,0.9435116483361997,0.2390555178985253,0.13061371553201348,5.969336752318307
