{
  "R2": 0.9435116483361997,
  "MAE": 0.2390555178985253,
  "RMSE": 0.13061371553201348,
  "MAPE(%)": 5.969336752318307
}