{
  "R2": 0.4425325106396816,
  "MAE": 0.11632212254281132,
  "RMSE": 0.03867748144503834,
  "MAPE(%)": 41.61171131675355
}