Feature,Importance
0.01,82.97058113417245
ASA_m2_cm3,2.1342613214701784
AV_VF,2.083388221153531
PLD,1.9446791033764537
ASA_m2_g,1.9389387826517521
LCD,1.6619350989912505
AV_cm3_g,1.6224114278602255
cm3_g,1.544306638257366
Has_OMS,1.5127212501374578
LFPD,1.4070919163910929
NASA_m2_cm3,0.6749700555594416
NASA_m2_g,0.4865569876930225
NAV_cm3_g,0.018158062285773068
