Feature,Importance
0.01,81.61415027830544
ASA_m2_cm3,2.9925441036004687
AV_VF,2.3902151372919183
Has_OMS,2.36781023531183
PLD,1.6968351450689114
cm3_g,1.6825324171744371
AV_cm3_g,1.6686212689259252
ASA_m2_g,1.6243457330216542
LCD,1.5897959888020732
LFPD,1.268391964666964
NASA_m2_cm3,0.7468993259060269
NASA_m2_g,0.3313467043030593
NAV_cm3_g,0.026511697621312533
