temp,lowp,outp,seed,mode,qt_frac,train_ratio,out_root,model,R2,MAE,RMSE,MAPE(%)
273K,0.01,1,2025,struct_with_input,0.7,0.7,./RUN_FULL_EXP,cat,0.9846605171200494,0.01597282962727634,0.0006163073892561845,3.0417682973850066
