{
  "R2": 0.9846605171200494,
  "MAE": 0.01597282962727634,
  "RMSE": 0.0006163073892561845,
  "MAPE(%)": 3.0417682973850066
}