{
  "R2": 0.9926875694756336,
  "MAE": 0.007538517052069659,
  "RMSE": 0.00015739074075188053,
  "MAPE(%)": 2.009479252872049
}