{
  "R2": 0.9454782808182077,
  "MAE": 0.21277200758675108,
  "RMSE": 0.10438557465076917,
  "MAPE(%)": 8.166153436050887
}