{
  "R2": 0.966400737579109,
  "MAE": 0.16077528026885754,
  "RMSE": 0.05416972974736992,
  "MAPE(%)": 5.302313421763613
}