{
  "R2": 0.9678552697274725,
  "MAE": 0.16202615149093635,
  "RMSE": 0.0577106323955902,
  "MAPE(%)": 5.556228375558208
}