{
  "R2": 0.976760414845182,
  "MAE": 0.04788631626455298,
  "RMSE": 0.011051011854520475,
  "MAPE(%)": 3.143470243281279
}