{
  "R2": 0.9928048100350645,
  "MAE": 0.008054298197549787,
  "RMSE": 0.00015571304897324858,
  "MAPE(%)": 2.1943930783007675
}