Feature,Importance
0.01,80.76480983116912
Has_OMS,3.071373788666761
ASA_m2_cm3,2.605240460482646
ASA_m2_g,2.2284879995749565
PLD,2.2252076942527905
LFPD,1.6569701575833027
cm3_g,1.5955232627613505
AV_VF,1.42635352537147
LCD,1.369286164127521
AV_cm3_g,1.1271922628100073
NASA_m2_g,1.0062533276641485
NASA_m2_cm3,0.7202581059033653
NAV_cm3_g,0.20304341963259298
