Feature,Importance
0.01,80.87914194921757
ASA_m2_g,2.4749182347626295
Has_OMS,2.4327920028772234
ASA_m2_cm3,2.363970159817317
cm3_g,2.353977623364988
AV_cm3_g,2.302109823105295
LCD,2.024785637193676
AV_VF,1.7013173802819366
LFPD,1.197754308724247
PLD,0.7847985058540633
NASA_m2_g,0.699812783402622
NASA_m2_cm3,0.6139962850810048
NAV_cm3_g,0.17062530631744888
