{
  "R2": 0.9521143554193616,
  "MAE": 0.026762984887915876,
  "RMSE": 0.007211213591662812,
  "MAPE(%)": 4.951844212618127
}