{
  "R2": 0.9161941602310705,
  "MAE": 0.029021838005541124,
  "RMSE": 0.013758608183001415,
  "MAPE(%)": 4.555534987024293
}