{
  "R2": 0.9594320229544482,
  "MAE": 0.22481539715193466,
  "RMSE": 0.118027121575044,
  "MAPE(%)": 6.115493941991362
}