temp,lowp,outp,seed,mode,qt_frac,train_ratio,out_root,model,R2,MAE,RMSE,MAPE(%)
273K,0.5,15,2027,lowq,0.2,0.5,./RUN_FULL_EXP,cat,0.9594320229544482,0.22481539715193466,0.118027121575044,6.115493941991362
