temp,lowp,outp,seed,mode,qt_frac,train_ratio,out_root,model,R2,MAE,RMSE,MAPE(%)
293K,HENRY,5,2025,lowq,0.05,0.5,./RUN_FULL_EXP,cat,0.9684971671916458,0.06227335320245168,0.014580138618895868,4.360545292619278
