{
  "R2": 0.9684971671916458,
  "MAE": 0.06227335320245168,
  "RMSE": 0.014580138618895868,
  "MAPE(%)": 4.360545292619278
}