{
  "R2": 0.9515849692284164,
  "MAE": 0.18171940317513166,
  "RMSE": 0.07920428396323145,
  "MAPE(%)": 5.993382256178373
}