{
  "R2": 0.9848480062121288,
  "MAE": 0.01835130373426524,
  "RMSE": 0.0012169025004834181,
  "MAPE(%)": 3.3993050822455455
}