{
  "R2": 0.9317262770100352,
  "MAE": 0.23670379080407022,
  "RMSE": 0.12827875210535858,
  "MAPE(%)": 8.679903012818485
}