{
  "R2": 0.8233656618522954,
  "MAE": 0.1326505799128328,
  "RMSE": 0.03974173203332341,
  "MAPE(%)": 10.993612417191951
}