{
  "R2": 0.5353629713926727,
  "MAE": 0.32813643788982233,
  "RMSE": 0.22232989641660889,
  "MAPE(%)": 30.937442870466153
}