{
  "R2": 0.39510121997657954,
  "MAE": 0.12361702023271758,
  "RMSE": 0.043733746310335136,
  "MAPE(%)": 52.109062868654895
}