Feature,Importance
0.5,69.36862097697605
ASA_m2_g,6.991612473992978
AV_VF,5.3412575500624655
ASA_m2_cm3,5.055388779599059
AV_cm3_g,3.7933514085270463
PLD,1.8873707067291041
LFPD,1.7993286359368983
cm3_g,1.7986820949874478
LCD,1.6416667053567
Has_OMS,0.9478728828102247
NASA_m2_cm3,0.698015293254275
NASA_m2_g,0.5410654934601272
NAV_cm3_g,0.13576699830764177
