{
  "R2": 0.9707866223194488,
  "MAE": 0.09196957279428038,
  "RMSE": 0.02243014943297886,
  "MAPE(%)": 4.687920880936107
}