Feature,Importance
0.05,66.8048504483524
ASA_m2_cm3,6.309894280666216
ASA_m2_g,5.557970346911052
AV_VF,5.253580308505277
AV_cm3_g,2.824513027512238
cm3_g,2.7134763521430827
PLD,2.699721312110171
LFPD,2.2383754028772387
Has_OMS,2.228982363878139
LCD,1.7616484850104865
NASA_m2_cm3,0.9581553806660887
NASA_m2_g,0.5148287695572702
NAV_cm3_g,0.13400352181032965
