{
  "R2": 0.9577257388283703,
  "MAE": 0.10119319237717064,
  "RMSE": 0.02345361466998227,
  "MAPE(%)": 5.092095298203769
}