Feature,Importance
HENRY,56.09414641006611
ASA_m2_g,12.636188610590313
ASA_m2_cm3,6.657324984999681
AV_cm3_g,5.303489952876795
AV_VF,5.253068447907525
cm3_g,3.925975789509026
PLD,2.670851086603263
LCD,2.624053053165162
LFPD,1.8733526145973096
Has_OMS,1.5617226222849785
NASA_m2_cm3,0.7295773395999678
NASA_m2_g,0.6309366087169708
NAV_cm3_g,0.03931247908290733
