temp,lowp,outp,seed,mode,qt_frac,train_ratio,out_root,model,R2,MAE,RMSE,MAPE(%)
293K,HENRY,15,2026,lowq,0.2,0.5,./RUN_FULL_EXP,cat,0.9609230979329828,0.16116580532514346,0.06765767441987025,5.438810995907093
