{
  "R2": 0.9609230979329828,
  "MAE": 0.16116580532514346,
  "RMSE": 0.06765767441987025,
  "MAPE(%)": 5.438810995907093
}