{
  "R2": 0.9713158235392925,
  "MAE": 0.06390520769864952,
  "RMSE": 0.013038469056714425,
  "MAPE(%)": 4.331929592314381
}