Feature,Importance
0.5,57.49902484998004
ASA_m2_g,12.891190579298916
ASA_m2_cm3,5.489582989077318
AV_cm3_g,5.178851877290752
cm3_g,4.831961224510606
AV_VF,4.745395581204555
LCD,2.730037202859599
PLD,2.293727863046894
LFPD,1.7758801840223495
Has_OMS,1.3889785708267446
NASA_m2_cm3,0.7611487247585623
NASA_m2_g,0.34693228188070413
NAV_cm3_g,0.06728807124293086
