{
  "R2": 0.9660153150409954,
  "MAE": 0.1560432260262394,
  "RMSE": 0.06197773318789541,
  "MAPE(%)": 5.281830935855076
}