Feature,Importance
0.1,86.05391634527717
AV_VF,2.153178766578118
AV_cm3_g,2.047809541933276
Has_OMS,1.7029320767207594
ASA_m2_cm3,1.5578440680893508
cm3_g,1.3233197707645346
ASA_m2_g,1.1391596286692576
LCD,1.0622445449308897
PLD,1.0413764490638058
LFPD,0.8289050430339715
NASA_m2_cm3,0.634471521143724
NASA_m2_g,0.40277941973096715
NAV_cm3_g,0.052062824064188114
