{
  "R2": 0.9779356985022383,
  "MAE": 0.019303863176530125,
  "RMSE": 0.0028214145731597843,
  "MAPE(%)": 3.135859561822998
}