Feature,Importance
PLD,15.48891906090156
cm3_g,12.724863075067748
Has_OMS,12.386186548376562
ASA_m2_cm3,11.748666597595042
AV_VF,11.591863369355343
LCD,9.404468615321756
LFPD,7.908696878682522
AV_cm3_g,7.326478302374459
ASA_m2_g,7.286889129136681
NASA_m2_cm3,1.9575570157581714
NASA_m2_g,1.720125518123906
NAV_cm3_g,0.4552858893062316
