Feature,Importance
Has_OMS,13.822167682591516
PLD,12.934169283483955
cm3_g,12.62982883332543
AV_VF,11.755732655038015
ASA_m2_cm3,11.393469153492365
LCD,10.199523249561764
LFPD,8.644686711563619
AV_cm3_g,7.773174343891534
ASA_m2_g,6.655735990173172
NASA_m2_cm3,2.0738827509828948
NASA_m2_g,1.8634195193388603
NAV_cm3_g,0.25420982655687957
