{
  "R2": 0.3899976512120854,
  "MAE": 0.19004613896799238,
  "RMSE": 0.10469057043948951,
  "MAPE(%)": 53.98239597028171
}