temp,lowp,outp,seed,mode,qt_frac,train_ratio,out_root,model,R2,MAE,RMSE,MAPE(%)
273K,0.01,1,2029,struct,0.0,0.35,./RUN_FULL_EXP,cat,0.3899976512120854,0.19004613896799238,0.10469057043948951,53.98239597028171
