Feature,Importance
0.1,51.87884107176731
ASA_m2_g,15.047906131983076
ASA_m2_cm3,5.896837588163981
AV_cm3_g,5.856229212675984
AV_VF,5.696388764483375
cm3_g,4.766459778490498
LCD,2.595862295840958
PLD,2.54189303800947
LFPD,2.312185768490012
Has_OMS,1.7430765368473151
NASA_m2_cm3,1.0705535836137698
NASA_m2_g,0.5317537442873859
NAV_cm3_g,0.06201248534684645
