{
  "R2": 0.9577911529012405,
  "MAE": 0.23693495601762699,
  "RMSE": 0.11468163088480152,
  "MAPE(%)": 6.463377771611787
}