Feature,Importance
0.01,80.33792773557266
Has_OMS,3.115875601324588
AV_VF,2.8290451376175443
ASA_m2_cm3,2.4843977463775273
ASA_m2_g,2.347311797437445
cm3_g,1.647116224888288
AV_cm3_g,1.6227727438986477
PLD,1.6044036771044023
LFPD,1.444902828426609
LCD,1.187738917575332
NASA_m2_cm3,0.8292678017214279
NASA_m2_g,0.45440971469162933
NAV_cm3_g,0.09483007336385404
