{
  "R2": 0.9865548299758398,
  "MAE": 0.01801369800786724,
  "RMSE": 0.000948813040767028,
  "MAPE(%)": 3.292450251708698
}