temp,lowp,outp,seed,mode,qt_frac,train_ratio,out_root,model,R2,MAE,RMSE,MAPE(%)
273K,0.01,1,2029,lowq,0.05,0.5,./RUN_FULL_EXP,cat,0.9671473104068917,0.02252521908498993,0.004248821498699103,3.8957343586522795
