{
  "R2": 0.9671473104068917,
  "MAE": 0.02252521908498993,
  "RMSE": 0.004248821498699103,
  "MAPE(%)": 3.8957343586522795
}