temp,lowp,outp,seed,mode,qt_frac,train_ratio,out_root,model,R2,MAE,RMSE,MAPE(%)
293K,0.5,15,2029,lowq,0.25,0.5,./RUN_FULL_EXP,cat,0.9631300681160764,0.15467732879315027,0.06276748504588155,5.09719637549913
