{
  "R2": 0.9631300681160764,
  "MAE": 0.15467732879315027,
  "RMSE": 0.06276748504588155,
  "MAPE(%)": 5.09719637549913
}