Feature,Importance
0.05,82.05168544729328
ASA_m2_cm3,2.4065075212886162
AV_VF,2.2703106988949946
Has_OMS,2.0946923825844466
cm3_g,1.998060750118513
ASA_m2_g,1.7195211987946686
PLD,1.610070155581749
AV_cm3_g,1.606819688518351
LFPD,1.5172638151507847
LCD,1.5117220545940326
NASA_m2_g,0.5792017863425526
NASA_m2_cm3,0.5476939464808743
NAV_cm3_g,0.08645055435712018
