temp,lowp,outp,seed,mode,qt_frac,train_ratio,out_root,model,R2,MAE,RMSE,MAPE(%)
273K,0.05,1,2025,lowq,0.35,0.5,./RUN_FULL_EXP,cat,0.9865442106481463,0.01603282096732196,0.0008741672834019314,2.885432148872396
