{
  "R2": 0.9865442106481463,
  "MAE": 0.01603282096732196,
  "RMSE": 0.0008741672834019314,
  "MAPE(%)": 2.885432148872396
}