{
  "R2": 0.9614584910338115,
  "MAE": 0.22847108547872785,
  "RMSE": 0.11372332171289955,
  "MAPE(%)": 6.251315539902652
}