{
  "R2": 0.9947446716972445,
  "MAE": 0.026155023760531113,
  "RMSE": 0.0016910655067735314,
  "MAPE(%)": 2.108088532593462
}