{
  "R2": 0.9659546682414074,
  "MAE": 0.15415449565090064,
  "RMSE": 0.05951494867031191,
  "MAPE(%)": 5.277712754404195
}