Feature,Importance
0.5,52.30630090857184
ASA_m2_g,14.246970565521856
AV_cm3_g,6.624101744218259
ASA_m2_cm3,6.384204206070652
AV_VF,6.038598762584447
cm3_g,4.988109693833917
PLD,2.607393820564978
LCD,2.2915932983510716
LFPD,1.864578148691179
Has_OMS,1.241036688746987
NASA_m2_cm3,0.6854495969410803
NASA_m2_g,0.6532006370098525
NAV_cm3_g,0.06846192889387885
