{
  "R2": 0.9630151468684262,
  "MAE": 0.22317022817333312,
  "RMSE": 0.10076177792233036,
  "MAPE(%)": 5.9081093141477155
}