{
  "R2": 0.995350601538788,
  "MAE": 0.0039736584771357785,
  "RMSE": 3.927333588812042e-05,
  "MAPE(%)": 1.5195769382675997
}