Feature,Importance
0.5,56.03677764611269
ASA_m2_g,14.879369265041472
ASA_m2_cm3,6.173245654782658
AV_VF,4.9059276792888085
AV_cm3_g,4.663620624683107
cm3_g,3.7646310159801963
LCD,2.650369082106054
PLD,2.3212574307380636
LFPD,2.028193830998836
Has_OMS,1.278423060431172
NASA_m2_cm3,0.6117083421536046
NASA_m2_g,0.587354595952722
NAV_cm3_g,0.09912177173060652
