temp,lowp,outp,seed,mode,qt_frac,train_ratio,out_root,model,R2,MAE,RMSE,MAPE(%)
273K,0.5,15,2026,lowq,0.5,0.5,./RUN_FULL_EXP,cat,0.9533557227658395,0.2345453605460735,0.11793939324598328,6.098150069827684
