{
  "R2": 0.9533557227658395,
  "MAE": 0.2345453605460735,
  "RMSE": 0.11793939324598328,
  "MAPE(%)": 6.098150069827684
}