{
  "R2": 0.9557939592121507,
  "MAE": 0.17397113931967675,
  "RMSE": 0.07020476402064015,
  "MAPE(%)": 5.7014365487426515
}