{
  "R2": 0.959739560704972,
  "MAE": 0.1826350969551861,
  "RMSE": 0.06802297644939677,
  "MAPE(%)": 6.236595753693766
}