{
  "R2": 0.9454585499010438,
  "MAE": 0.025506382557637222,
  "RMSE": 0.008601962746210886,
  "MAPE(%)": 4.145197596793181
}