Feature,Importance
0.01,61.11699351566405
ASA_m2_g,9.2045953926771
ASA_m2_cm3,7.135084826139585
AV_VF,4.543360885814423
AV_cm3_g,4.399800881622128
cm3_g,3.870501123324605
PLD,2.714646162547698
LCD,2.2275371813981044
Has_OMS,1.6641612173159552
LFPD,1.4781974355318395
NASA_m2_cm3,0.705811334829999
NASA_m2_g,0.6135453081800202
NAV_cm3_g,0.3257647349544872
