Feature,Importance
0.01,48.63376616733994
ASA_m2_g,15.870186297152333
ASA_m2_cm3,6.7243724415786605
AV_cm3_g,6.573515492017236
AV_VF,5.16950258517077
cm3_g,4.859879405777006
PLD,3.2582987098238414
LCD,2.754374003469944
LFPD,2.2719978072988485
Has_OMS,2.0315020286421537
NASA_m2_cm3,1.1661204665942277
NASA_m2_g,0.5598172521858074
NAV_cm3_g,0.12666734294923385
