{
  "R2": 0.9596956782172226,
  "MAE": 0.23945109948994914,
  "RMSE": 0.11504261182581571,
  "MAPE(%)": 6.492682544729515
}