temp,lowp,outp,seed,mode,qt_frac,train_ratio,out_root,model,R2,MAE,RMSE,MAPE(%)
273K,0.01,15,2029,lowq,0.2,0.5,./RUN_FULL_EXP,cat,0.9596956782172226,0.23945109948994914,0.11504261182581571,6.492682544729515
