Feature,Importance
0.01,88.07316047268216
cm3_g,1.7992200057598122
AV_cm3_g,1.5030018752963954
LCD,1.3541722869971102
ASA_m2_cm3,1.2839420299226332
PLD,1.27637539460711
AV_VF,1.2221714067222043
ASA_m2_g,0.919394436647827
Has_OMS,0.8544425126507439
LFPD,0.721496845102715
NASA_m2_cm3,0.4609276211383397
NASA_m2_g,0.4444566028540153
NAV_cm3_g,0.0872385096189588
