{
  "R2": 0.9906782181582444,
  "MAE": 0.006839243601434613,
  "RMSE": 8.465535675032112e-05,
  "MAPE(%)": 2.728436306830163
}