Feature,Importance
0.05,65.28183659378512
ASA_m2_cm3,7.528981078293519
ASA_m2_g,6.763790192296739
AV_VF,4.424248641682343
AV_cm3_g,3.087036514547858
LFPD,2.694397889754473
PLD,2.4372645733525284
cm3_g,2.2464498871795273
LCD,2.227651193135959
Has_OMS,1.859218404099669
NASA_m2_cm3,0.7851680808963755
NASA_m2_g,0.592680233689763
NAV_cm3_g,0.07127671728613903
