temp,lowp,outp,seed,mode,qt_frac,train_ratio,out_root,model,R2,MAE,RMSE,MAPE(%)
273K,0.05,5,2025,lowq,0.15,0.5,./RUN_FULL_EXP,cat,0.9631149169755979,0.10165386184442415,0.02809442005910958,5.280829413869674
