{
  "R2": 0.9631149169755979,
  "MAE": 0.10165386184442415,
  "RMSE": 0.02809442005910958,
  "MAPE(%)": 5.280829413869674
}