Feature,Importance
0.1,55.91797435338424
ASA_m2_g,14.857641888559481
ASA_m2_cm3,6.3019086770931825
AV_cm3_g,5.471697017150422
AV_VF,4.568143154455745
cm3_g,3.173856011131866
PLD,2.3442474893127465
LFPD,2.2034973246950518
LCD,2.1921635951174547
Has_OMS,1.3180034757598884
NASA_m2_cm3,0.9543991533651534
NASA_m2_g,0.6590138386968865
NAV_cm3_g,0.03745402127787995
