{
  "R2": 0.9556781788041315,
  "MAE": 0.1672231496843641,
  "RMSE": 0.05449463500327965,
  "MAPE(%)": 5.278724212404666
}