Feature,Importance
0.01,70.43153822356828
ASA_m2_g,5.674310156045839
ASA_m2_cm3,5.235433926260476
AV_VF,4.616540794502613
AV_cm3_g,3.8887031257685356
LCD,1.983447420459966
PLD,1.9011802737087786
LFPD,1.8908986088804454
cm3_g,1.707156531095035
Has_OMS,1.209397808721813
NASA_m2_cm3,0.7883678422797379
NASA_m2_g,0.6054321062562852
NAV_cm3_g,0.06759318245220883
