{
  "R2": 0.9703033751826036,
  "MAE": 0.06711837098763457,
  "RMSE": 0.015075555172241342,
  "MAPE(%)": 4.933665836426551
}