{
  "R2": 0.9883284209551279,
  "MAE": 0.013963664656027552,
  "RMSE": 0.00046796417736092263,
  "MAPE(%)": 2.560644391854365
}