temp,lowp,outp,seed,mode,qt_frac,train_ratio,out_root,model,R2,MAE,RMSE,MAPE(%)
273K,0.05,1,2026,lowq,0.7,0.5,./RUN_FULL_EXP,cat,0.9883284209551279,0.013963664656027552,0.00046796417736092263,2.560644391854365
