Feature,Importance
0.01,59.92827887819138
ASA_m2_g,7.770547762581969
ASA_m2_cm3,6.983873331371709
AV_VF,6.110236370712484
AV_cm3_g,5.594709786538585
cm3_g,3.8625607647444817
PLD,2.4668601163680823
LCD,2.360476953502777
Has_OMS,1.8124364137085098
LFPD,1.7129283624070195
NASA_m2_cm3,0.6933528228405577
NASA_m2_g,0.5924813000442362
NAV_cm3_g,0.11125713698821688
