{
  "R2": 0.9687057582333087,
  "MAE": 0.061893268766807744,
  "RMSE": 0.007995082993566901,
  "MAPE(%)": 4.242147626128383
}