{
  "R2": 0.9743167135850804,
  "MAE": 0.0414938955194118,
  "RMSE": 0.0042166705177287345,
  "MAPE(%)": 3.8425803426700855
}