{
  "R2": 0.7359405868265882,
  "MAE": 0.5036430705530268,
  "RMSE": 0.4947598667062857,
  "MAPE(%)": 21.648751056599732
}