{
  "R2": 0.9508528484801605,
  "MAE": 0.2609709220473794,
  "RMSE": 0.15190292731763427,
  "MAPE(%)": 7.6122672442839905
}