{
  "R2": 0.9458734782967778,
  "MAE": 0.2661209774677585,
  "RMSE": 0.15410685737576912,
  "MAPE(%)": 7.329614258704736
}