Feature,Importance
cm3_g,13.844229146189257
AV_VF,13.4243523497247
ASA_m2_cm3,12.50262632824752
PLD,11.9535228802831
ASA_m2_g,9.839628522046018
LCD,9.559154293412218
Has_OMS,9.042134744341746
LFPD,8.69286594342114
AV_cm3_g,6.918422667187712
NASA_m2_g,1.9581058035034193
NASA_m2_cm3,1.8668748937811541
NAV_cm3_g,0.3980824278620235
