{
  "R2": 0.5319706859106528,
  "MAE": 0.3295598463757471,
  "RMSE": 0.23908968280680215,
  "MAPE(%)": 31.7114251244447
}