Feature,Importance
0.05,61.13883835331462
ASA_m2_g,12.244080575708589
ASA_m2_cm3,6.311751926664443
AV_cm3_g,4.410893065952605
AV_VF,4.149079380430472
cm3_g,3.2064597939401
PLD,2.045940860976713
LFPD,1.9465506691321481
LCD,1.8962399913149843
Has_OMS,1.229100174601622
NASA_m2_cm3,0.8164855700496916
NASA_m2_g,0.5197032581331027
NAV_cm3_g,0.08487637978094521
