{
  "R2": 0.968394660738476,
  "MAE": 0.11046858995847286,
  "RMSE": 0.02451171112552025,
  "MAPE(%)": 4.367374806296484
}