temp,lowp,outp,seed,mode,qt_frac,train_ratio,out_root,model,R2,MAE,RMSE,MAPE(%)
313K,0.05,15,2029,lowq,0.8,0.5,./RUN_FULL_EXP,cat,0.968394660738476,0.11046858995847286,0.02451171112552025,4.367374806296484
