temp,lowp,outp,seed,mode,qt_frac,train_ratio,out_root,model,R2,MAE,RMSE,MAPE(%)
293K,0.01,1,2028,struct_with_input,0.0,0.3,./RUN_FULL_EXP,cat,0.9550712792174919,0.016011882226025082,0.0032195093383142223,4.0657877854421445
