{
  "R2": 0.9550712792174919,
  "MAE": 0.016011882226025082,
  "RMSE": 0.0032195093383142223,
  "MAPE(%)": 4.0657877854421445
}