{
  "R2": 0.9934685127534842,
  "MAE": 0.02625389722448104,
  "RMSE": 0.001616798611080479,
  "MAPE(%)": 2.004669064227096
}