Feature,Importance
HENRY,83.49286434127802
AV_cm3_g,2.3321568916268443
Has_OMS,2.0838317493592813
cm3_g,1.89135525002903
AV_VF,1.7395813584030784
ASA_m2_cm3,1.6150096248462587
LFPD,1.5464440471843655
LCD,1.4345781873863073
PLD,1.383744562119062
NASA_m2_cm3,0.9742021293490695
ASA_m2_g,0.843396923583199
NASA_m2_g,0.5916601854981843
NAV_cm3_g,0.07117474933729769
