{
  "R2": 0.9930487722337121,
  "MAE": 0.007906099233676018,
  "RMSE": 0.00023361428415951812,
  "MAPE(%)": 2.1926110263688976
}