Feature,Importance
Has_OMS,15.898883835293331
AV_cm3_g,12.467570942652063
PLD,10.349243501822109
cm3_g,9.971178634423508
AV_VF,9.846469793400423
LCD,8.57535304547418
ASA_m2_cm3,8.454788280800756
LFPD,8.198073331494383
ASA_m2_g,7.556076279622239
NASA_m2_g,4.500921851218128
NASA_m2_cm3,4.1537868572677565
NAV_cm3_g,0.027653646531101594
