{
  "R2": 0.05207047226442141,
  "MAE": 0.15412963474171548,
  "RMSE": 0.06799359908537138,
  "MAPE(%)": 80.2230388316841
}