Feature,Importance
0.05,63.56044056409542
ASA_m2_g,6.992274373143467
AV_cm3_g,6.2846729573257205
AV_VF,6.21296833121679
ASA_m2_cm3,5.168251660265845
cm3_g,3.0672036437302634
LCD,2.3517816001423246
PLD,2.1782177688604807
LFPD,1.4738421617321988
Has_OMS,1.3912238413054216
NASA_m2_cm3,0.7051196574387815
NASA_m2_g,0.5066798937763971
NAV_cm3_g,0.10732354696690861
