temp,lowp,outp,seed,mode,qt_frac,train_ratio,out_root,model,R2,MAE,RMSE,MAPE(%)
313K,0.05,15,2028,lowq,0.25,0.5,./RUN_FULL_EXP,cat,0.9603759020369288,0.11497379979076403,0.041554927348169776,4.8177485492287255
