{
  "R2": 0.9603759020369288,
  "MAE": 0.11497379979076403,
  "RMSE": 0.041554927348169776,
  "MAPE(%)": 4.8177485492287255
}