{
  "R2": 0.9482054285955859,
  "MAE": 0.2412808524133086,
  "RMSE": 0.1307078664524683,
  "MAPE(%)": 6.10701508732033
}