{
  "R2": 0.9712067987736506,
  "MAE": 0.10554521010810726,
  "RMSE": 0.02328305476625149,
  "MAPE(%)": 4.160114794645416
}