Feature,Importance
0.05,84.02192212299227
AV_cm3_g,2.372472483195096
ASA_m2_g,1.7964574687473691
LCD,1.7024879060900244
AV_VF,1.6931374442903142
ASA_m2_cm3,1.5836310184641411
PLD,1.4841746436000565
cm3_g,1.4827874062867534
Has_OMS,1.450426011738075
LFPD,1.032487577617315
NASA_m2_cm3,0.9211388759249036
NASA_m2_g,0.41056962061972696
NAV_cm3_g,0.048307420433954563
