{
  "R2": 0.9867630407145447,
  "MAE": 0.015523065565990285,
  "RMSE": 0.0006844359986170556,
  "MAPE(%)": 2.8648310582249468
}