{
  "R2": 0.9799240445036194,
  "MAE": 0.03432023175747375,
  "RMSE": 0.0027153039102018215,
  "MAPE(%)": 3.1581481025737137
}