Feature,Importance
0.01,85.85408124977552
cm3_g,1.977242350630879
ASA_m2_g,1.8845106056256589
PLD,1.6349481746167112
LCD,1.4756671331278652
AV_cm3_g,1.4193349566439721
Has_OMS,1.2326748863420216
ASA_m2_cm3,1.1769669588237777
AV_VF,1.0373643386122358
LFPD,1.0353999572555912
NASA_m2_g,0.7330872817253966
NASA_m2_cm3,0.48219039144817133
NAV_cm3_g,0.0565317153721885
