{
  "R2": 0.9910535700357956,
  "MAE": 0.006946926946901198,
  "RMSE": 0.00010224477820036197,
  "MAPE(%)": 2.8324341645289874
}