temp,lowp,outp,seed,mode,qt_frac,train_ratio,out_root,model,R2,MAE,RMSE,MAPE(%)
273K,0.1,15,2027,lowq,0.75,0.5,./RUN_FULL_EXP,cat,0.9478105315422336,0.24018621630597506,0.12837833026498235,6.199949068832822
