{
  "R2": 0.9478105315422336,
  "MAE": 0.24018621630597506,
  "RMSE": 0.12837833026498235,
  "MAPE(%)": 6.199949068832822
}