Feature,Importance
0.01,83.89780257949913
AV_VF,2.5032777917865503
ASA_m2_cm3,2.286372644735368
LCD,1.7019380956566563
cm3_g,1.6092760034714906
AV_cm3_g,1.539138794025187
LFPD,1.3500290131458106
NASA_m2_cm3,1.3119931142098475
PLD,1.249510607370386
ASA_m2_g,1.2191590147329496
Has_OMS,0.6933597565548024
NASA_m2_g,0.554441113519883
NAV_cm3_g,0.08370147129191903
