{
  "R2": 0.909623404768102,
  "MAE": 0.03188647102018555,
  "RMSE": 0.015363555527303487,
  "MAPE(%)": 5.1948025745187305
}