Feature,Importance
PLD,14.210849003308006
cm3_g,12.541734341723012
Has_OMS,12.26698588334412
AV_VF,12.212400240984497
ASA_m2_cm3,12.057474031681457
LFPD,10.485490502491523
LCD,8.61862634541316
ASA_m2_g,6.573221941469824
AV_cm3_g,6.240749965728058
NASA_m2_g,2.393442014388445
NASA_m2_cm3,2.2401841112418497
NAV_cm3_g,0.15884161822604234
