{
  "R2": 0.39149191925977134,
  "MAE": 0.19086698658812745,
  "RMSE": 0.09936224402822602,
  "MAPE(%)": 58.68981515418026
}