{
  "R2": 0.4112464834079903,
  "MAE": 0.18171589663129498,
  "RMSE": 0.09156592780914781,
  "MAPE(%)": 48.8804866859058
}