Feature,Importance
0.05,76.14561141771837
ASA_m2_g,4.251260563173159
AV_cm3_g,3.7842059056200292
ASA_m2_cm3,3.6179398754589336
AV_VF,2.7714869349303393
cm3_g,2.016472878074754
LCD,1.5750998806368632
PLD,1.5228552815910128
Has_OMS,1.4133143687350895
LFPD,1.3528070496401687
NASA_m2_cm3,0.9475375162244125
NASA_m2_g,0.4876836176540002
NAV_cm3_g,0.11372471054287354
