{
  "R2": 0.9782466542261595,
  "MAE": 0.03530368242914472,
  "RMSE": 0.0034749244205990854,
  "MAPE(%)": 3.2251199327625693
}