{
  "R2": 0.9625727185306248,
  "MAE": 0.10892260062365466,
  "RMSE": 0.03296680974298064,
  "MAPE(%)": 6.010501963372975
}