Feature,Importance
cm3_g,14.333552124446253
AV_VF,12.647008833618145
PLD,12.378831891058327
Has_OMS,10.883588931814982
ASA_m2_cm3,10.464970311436282
LCD,9.817715782715288
ASA_m2_g,9.757074371006802
LFPD,8.407958074130553
AV_cm3_g,7.3918039465077054
NASA_m2_cm3,1.6950320384951911
NASA_m2_g,1.6418362988822925
NAV_cm3_g,0.5806273958881725
