{
  "R2": 0.48792068169423597,
  "MAE": 0.34715122490076006,
  "RMSE": 0.25630966743954164,
  "MAPE(%)": 32.895722201471365
}