{
  "R2": 0.9688517692818791,
  "MAE": 0.06273987859434396,
  "RMSE": 0.010113949628661162,
  "MAPE(%)": 4.372209308037873
}