Feature,Importance
0.01,87.19597583297387
AV_cm3_g,1.8731610913958492
cm3_g,1.8386458042822669
LCD,1.4171416088803048
AV_VF,1.2572358791501126
ASA_m2_cm3,1.216261631829312
LFPD,1.0836128117461004
PLD,1.0274034602674262
ASA_m2_g,0.9843268881826202
Has_OMS,0.9428079402296703
NASA_m2_cm3,0.596359225698984
NASA_m2_g,0.4935722774331753
NAV_cm3_g,0.0734955479302954
