{
  "R2": 0.9857290901632308,
  "MAE": 0.011889786162926932,
  "RMSE": 0.0009331102128403736,
  "MAPE(%)": 3.44225282601054
}