{
  "R2": 0.9615709848274399,
  "MAE": 0.026661398193654432,
  "RMSE": 0.005017981580952015,
  "MAPE(%)": 4.9930810351984745
}