Feature,Importance
0.01,71.18432205991924
ASA_m2_g,5.34948411558198
ASA_m2_cm3,4.675687001391518
AV_VF,4.2436508292724255
AV_cm3_g,3.0932163100259316
cm3_g,2.433768026247153
LCD,2.1939568383843
Has_OMS,1.8730587354556112
PLD,1.8568973439246161
LFPD,1.6660185464342117
NASA_m2_cm3,0.933920181185824
NASA_m2_g,0.4121480364808445
NAV_cm3_g,0.08387197569632893
