{
  "R2": 0.9637971811115329,
  "MAE": 0.06085697815705677,
  "RMSE": 0.007519845229882262,
  "MAPE(%)": 4.134705968829024
}