temp,lowp,outp,seed,mode,qt_frac,train_ratio,out_root,model,R2,MAE,RMSE,MAPE(%)
293K,0.01,5,2029,lowq,0.8,0.5,./RUN_FULL_EXP,cat,0.9637971811115329,0.06085697815705677,0.007519845229882262,4.134705968829024
