temp,lowp,outp,seed,mode,qt_frac,train_ratio,out_root,model,R2,MAE,RMSE,MAPE(%)
313K,HENRY,5,2027,lowq,0.8,0.5,./RUN_FULL_EXP,cat,0.9791621663004492,0.03242839347194932,0.002286188245447207,2.8892584196235296
