{
  "R2": 0.9791621663004492,
  "MAE": 0.03242839347194932,
  "RMSE": 0.002286188245447207,
  "MAPE(%)": 2.8892584196235296
}