{
  "R2": 0.46439386958844664,
  "MAE": 0.18324731767579067,
  "RMSE": 0.09930987476287374,
  "MAPE(%)": 49.26543702369889
}