temp,lowp,outp,seed,mode,qt_frac,train_ratio,out_root,model,R2,MAE,RMSE,MAPE(%)
273K,0.01,1,2025,struct,0.0,0.7,./RUN_FULL_EXP,cat,0.46439386958844664,0.18324731767579067,0.09930987476287374,49.26543702369889
