{
  "R2": 0.9539560196282572,
  "MAE": 0.24339666181534422,
  "RMSE": 0.11838060135388094,
  "MAPE(%)": 6.311972889294718
}