{
  "R2": 0.966737955234302,
  "MAE": 0.024231946701214313,
  "RMSE": 0.004997667116468956,
  "MAPE(%)": 4.126009030358289
}