{
  "R2": 0.9769892244874862,
  "MAE": 0.0512349133078827,
  "RMSE": 0.010877698915990691,
  "MAPE(%)": 3.2848889456323116
}