Feature,Importance
0.01,81.53721962593264
ASA_m2_cm3,3.209648211887238
Has_OMS,2.5011852383763986
AV_VF,2.4692266737637207
cm3_g,1.8296980239099223
AV_cm3_g,1.7514732584952466
LCD,1.591191405144932
PLD,1.5096059209982133
ASA_m2_g,1.319933950600852
LFPD,1.2022883335303105
NASA_m2_g,0.6123197539265127
NASA_m2_cm3,0.4449826323064334
NAV_cm3_g,0.02122697112757453
