Feature,Importance
0.01,83.46705697923652
AV_VF,2.759697178746549
ASA_m2_cm3,2.190921248638811
PLD,1.8396887014136725
ASA_m2_g,1.822038528780867
LCD,1.5332811866355216
Has_OMS,1.3662904231722488
cm3_g,1.3318130476430436
AV_cm3_g,1.3149674446347477
LFPD,1.1911041377102718
NASA_m2_cm3,0.6547360619051085
NASA_m2_g,0.49358574353932694
NAV_cm3_g,0.034819317943328154
