{
  "R2": 0.9837820469444467,
  "MAE": 0.016172524648713892,
  "RMSE": 0.0006700573005801755,
  "MAPE(%)": 2.965287921681046
}