{
  "R2": 0.9867780964394274,
  "MAE": 0.015980364546701303,
  "RMSE": 0.000584383525358418,
  "MAPE(%)": 2.9984824894859443
}