Feature,Importance
0.05,51.61369436044284
ASA_m2_g,14.323947042594144
ASA_m2_cm3,8.400802567622915
AV_cm3_g,5.647350097531472
AV_VF,4.767952436480361
cm3_g,4.234221068965599
PLD,3.0513743208013016
LCD,2.5586152435529743
LFPD,2.060976887626681
Has_OMS,1.434720885623471
NASA_m2_g,0.954952513938781
NASA_m2_cm3,0.8651608292124958
NAV_cm3_g,0.0862317456069685
