{
  "R2": 0.950978236256061,
  "MAE": 0.24198398166789978,
  "RMSE": 0.13311114415719416,
  "MAPE(%)": 6.3276591143021435
}