temp,lowp,outp,seed,mode,qt_frac,train_ratio,out_root,model,R2,MAE,RMSE,MAPE(%)
273K,0.05,15,2026,lowq,0.35,0.5,./RUN_FULL_EXP,cat,0.950978236256061,0.24198398166789978,0.13311114415719416,6.3276591143021435
