{
  "R2": 0.9506158024977384,
  "MAE": 0.25252159381085554,
  "RMSE": 0.1288286566105055,
  "MAPE(%)": 6.5262164822129325
}