temp,lowp,outp,seed,mode,qt_frac,train_ratio,out_root,model,R2,MAE,RMSE,MAPE(%)
273K,0.01,15,2029,lowq,0.5,0.5,./RUN_FULL_EXP,cat,0.9506158024977384,0.25252159381085554,0.1288286566105055,6.5262164822129325
