Feature,Importance
0.01,76.94944607258607
AV_VF,4.2647546087091674
AV_cm3_g,3.6622570678668227
ASA_m2_g,3.5638875820959686
ASA_m2_cm3,3.219086955942757
cm3_g,1.8705409176183074
PLD,1.52604658847356
LFPD,1.5177612976344461
LCD,1.2337377805128396
Has_OMS,0.8547077373973215
NASA_m2_g,0.6536588054306333
NASA_m2_cm3,0.6007314126423519
NAV_cm3_g,0.08338317308974723
