Feature,Importance
0.05,52.03301997528275
ASA_m2_g,13.153945390758592
ASA_m2_cm3,8.034761502079938
AV_cm3_g,5.25391082005129
cm3_g,5.2500044127103385
AV_VF,5.015586399431631
PLD,2.8906278885130643
LCD,2.6111037889319104
LFPD,2.4420612741064023
Has_OMS,1.4590046219445052
NASA_m2_cm3,1.1082562919581427
NASA_m2_g,0.6657366143295115
NAV_cm3_g,0.08198101990195265
