{
  "R2": 0.9519310955608284,
  "MAE": 0.24027335087574503,
  "RMSE": 0.12329684436643168,
  "MAPE(%)": 6.167281819347158
}