{
  "R2": 0.9428925562022512,
  "MAE": 0.21586230967611245,
  "RMSE": 0.10971722404357068,
  "MAPE(%)": 8.241308914492935
}