Feature,Importance
0.1,86.10162893565618
Has_OMS,2.2738966875075426
ASA_m2_g,2.0397181966565703
AV_cm3_g,1.8935479288427137
AV_VF,1.3315184317098812
cm3_g,1.2057614672805168
LFPD,1.2031029487199998
LCD,1.108812216803968
PLD,0.8334973869190213
ASA_m2_cm3,0.7929618844504791
NASA_m2_cm3,0.7648283284484205
NASA_m2_g,0.36486511504342756
NAV_cm3_g,0.08586047196127586
