temp,lowp,outp,seed,mode,qt_frac,train_ratio,out_root,model,R2,MAE,RMSE,MAPE(%)
293K,0.1,1,2029,lowq,0.2,0.5,./RUN_FULL_EXP,cat,0.992921959435786,0.00822752148312082,0.00025840950203224154,2.2741960314338874
