{
  "R2": 0.992921959435786,
  "MAE": 0.00822752148312082,
  "RMSE": 0.00025840950203224154,
  "MAPE(%)": 2.2741960314338874
}