{
  "R2": 0.9587792762829194,
  "MAE": 0.23426272332838763,
  "RMSE": 0.12312262624940644,
  "MAPE(%)": 6.526002360032495
}