{
  "R2": 0.9702051573359755,
  "MAE": 0.10762743126924824,
  "RMSE": 0.024030644951424728,
  "MAPE(%)": 4.289886819122836
}