temp,lowp,outp,seed,mode,qt_frac,train_ratio,out_root,model,R2,MAE,RMSE,MAPE(%)
313K,0.1,15,2027,lowq,0.75,0.5,./RUN_FULL_EXP,cat,0.9702051573359755,0.10762743126924824,0.024030644951424728,4.289886819122836
