Feature,Importance
0.01,59.354309567282215
ASA_m2_g,10.136137352878523
AV_cm3_g,6.319774049345174
ASA_m2_cm3,5.976425980653519
AV_VF,5.490969269042599
cm3_g,3.424296724167362
LCD,2.2375767398950304
LFPD,1.9760979033723416
PLD,1.9711359817352943
Has_OMS,1.5541930616055932
NASA_m2_cm3,0.8851504809973222
NASA_m2_g,0.5593788350349527
NAV_cm3_g,0.11455405399006523
