{
  "R2": 0.9643366577303043,
  "MAE": 0.11984795279092716,
  "RMSE": 0.03658468661957959,
  "MAPE(%)": 4.865769015577481
}