Feature,Importance
0.1,78.43173549175425
ASA_m2_g,3.4244922567126297
AV_VF,3.2944220760545067
AV_cm3_g,3.124245031387965
ASA_m2_cm3,2.8671408819391884
cm3_g,1.7923235967780342
Has_OMS,1.6481200877679751
PLD,1.4785491166711389
LFPD,1.4622891971001342
LCD,1.157273294931833
NASA_m2_cm3,0.7789895745501909
NASA_m2_g,0.4622571164238323
NAV_cm3_g,0.07816227792827747
