{
  "R2": 0.9836057015479396,
  "MAE": 0.034259021036871874,
  "RMSE": 0.0031317723669813074,
  "MAPE(%)": 3.146274762860251
}