temp,lowp,outp,seed,mode,qt_frac,train_ratio,out_root,model,R2,MAE,RMSE,MAPE(%)
313K,0.1,5,2028,lowq,0.3,0.5,./RUN_FULL_EXP,cat,0.9836057015479396,0.034259021036871874,0.0031317723669813074,3.146274762860251
