Feature,Importance
0.01,85.72311169182039
AV_cm3_g,2.3010629636978703
cm3_g,1.7510858041808695
LCD,1.6174558073513692
Has_OMS,1.4843858985254785
AV_VF,1.47288783446091
ASA_m2_cm3,1.3718941009333516
LFPD,1.250881598001297
PLD,1.2339537879688132
NASA_m2_cm3,0.8047434177646062
ASA_m2_g,0.6132644493203386
NASA_m2_g,0.3153577240685504
NAV_cm3_g,0.05991492190612745
