{
  "R2": 0.9884930373697894,
  "MAE": 0.00942765488688709,
  "RMSE": 0.0001886604590398624,
  "MAPE(%)": 2.57462761665105
}