{
  "R2": 0.9615018283460143,
  "MAE": 0.1247063922266099,
  "RMSE": 0.04774516446523413,
  "MAPE(%)": 5.358586305336709
}