Feature,Importance
HENRY,72.25187915099372
ASA_m2_g,4.890712460824182
ASA_m2_cm3,4.552842916620446
AV_VF,4.502920532827859
AV_cm3_g,3.123793127135889
PLD,2.0112736596033876
LCD,1.8786911412591278
Has_OMS,1.8020439121334515
cm3_g,1.7754703604231927
LFPD,1.5990897092660903
NASA_m2_cm3,0.8414878952822129
NASA_m2_g,0.7265183712980064
NAV_cm3_g,0.04327676233242059
