{
  "R2": 0.974051665819228,
  "MAE": 0.0572407898043536,
  "RMSE": 0.008622324255279798,
  "MAPE(%)": 3.930692858559655
}