{
  "R2": 0.9902201848434313,
  "MAE": 0.010343500466815373,
  "RMSE": 0.00029225088648977517,
  "MAPE(%)": 2.877439349398049
}