Feature,Importance
0.5,70.6856242811792
AV_VF,5.708891344115215
ASA_m2_g,5.264685507904517
ASA_m2_cm3,4.299038879720071
cm3_g,2.9510012129735204
AV_cm3_g,2.7622837470184747
PLD,2.0301833578538804
LCD,1.897791908574106
LFPD,1.6565176642364778
Has_OMS,1.335359780364205
NASA_m2_cm3,0.8419767895340747
NASA_m2_g,0.5357952043523755
NAV_cm3_g,0.03085032217390271
