{
  "R2": 0.9738605140199396,
  "MAE": 0.09305966985772858,
  "RMSE": 0.02245112225953627,
  "MAPE(%)": 4.915320849018207
}