temp,lowp,outp,seed,mode,qt_frac,train_ratio,out_root,model,R2,MAE,RMSE,MAPE(%)
293K,HENRY,15,2026,lowq,0.05,0.5,./RUN_FULL_EXP,cat,0.9689445213251655,0.15822236253690325,0.058468664817538304,5.588897669404204
