{
  "R2": 0.9689445213251655,
  "MAE": 0.15822236253690325,
  "RMSE": 0.058468664817538304,
  "MAPE(%)": 5.588897669404204
}