{
  "R2": 0.9681026065133727,
  "MAE": 0.02435168153311233,
  "RMSE": 0.004859852044127298,
  "MAPE(%)": 3.92264290634369
}