{
  "R2": 0.4348024247703962,
  "MAE": 0.1172758081481511,
  "RMSE": 0.03951280315660706,
  "MAPE(%)": 47.76924013865224
}