Feature,Importance
HENRY,58.46511630235305
ASA_m2_g,10.670722891616041
AV_cm3_g,6.538371343099523
AV_VF,6.331131306805191
ASA_m2_cm3,5.434192350480393
cm3_g,3.202756529564747
PLD,2.3486584082831565
LFPD,2.0021023159152254
Has_OMS,1.746334019210759
LCD,1.715759998603846
NASA_m2_cm3,0.7917777450247974
NASA_m2_g,0.6967580065822487
NAV_cm3_g,0.056318782461015224
