{
  "R2": 0.974588851238583,
  "MAE": 0.10670586468581891,
  "RMSE": 0.024898118194671425,
  "MAPE(%)": 4.415296527092196
}