{
  "R2": 0.976520034618236,
  "MAE": 0.02140902579809106,
  "RMSE": 0.003475886604626716,
  "MAPE(%)": 3.8436780395384966
}