Feature,Importance
0.5,79.41153401409441
ASA_m2_g,4.1469434617127146
AV_cm3_g,3.3037517712039857
AV_VF,2.396509399085591
cm3_g,2.2417505067079184
ASA_m2_cm3,2.10517474331378
Has_OMS,1.5628841293360924
LCD,1.338654911998404
LFPD,1.1391365817430439
PLD,0.968972220417189
NASA_m2_cm3,0.6960069820232408
NASA_m2_g,0.5828389652691432
NAV_cm3_g,0.10584231309448959
