{
  "R2": 0.9863956180083664,
  "MAE": 0.03060097987538127,
  "RMSE": 0.0022453799897415574,
  "MAPE(%)": 2.800781032591089
}