{
  "R2": 0.9638874583715105,
  "MAE": 0.16771854200587583,
  "RMSE": 0.06085606158011191,
  "MAPE(%)": 5.566317133045049
}