{
  "R2": 0.9578180933216778,
  "MAE": 0.1689363229047394,
  "RMSE": 0.05665291204941215,
  "MAPE(%)": 5.317635881086961
}