{
  "R2": 0.9886786846733852,
  "MAE": 0.01569338855070956,
  "RMSE": 0.0007548950388504878,
  "MAPE(%)": 2.8217056487545347
}