Feature,Importance
0.01,87.79088463088507
cm3_g,1.962051471295454
LCD,1.447598105699617
AV_VF,1.3633175757994722
PLD,1.3290106274371751
AV_cm3_g,1.3085265393982068
Has_OMS,1.1115506887390196
ASA_m2_cm3,1.1098725444778672
ASA_m2_g,1.1018192160670826
LFPD,0.7704814609647456
NASA_m2_cm3,0.3823304042746771
NASA_m2_g,0.17704964548052698
NAV_cm3_g,0.1455070894810822
