{
  "R2": 0.9883060069895007,
  "MAE": 0.00669894067837468,
  "RMSE": 8.146174608553603e-05,
  "MAPE(%)": 2.5635699568260706
}