Feature,Importance
0.01,65.8814754519328
AV_VF,6.4634218031225386
ASA_m2_cm3,6.175031535158892
ASA_m2_g,4.352515328040461
AV_cm3_g,3.991214827289073
PLD,2.7845089107973267
LCD,2.4196503540478194
LFPD,2.313704634699326
Has_OMS,2.223195256122943
cm3_g,1.8877379215906458
NASA_m2_cm3,0.8459063042473619
NASA_m2_g,0.580839152395499
NAV_cm3_g,0.08079852055530164
