{
  "R2": 0.9541205837084261,
  "MAE": 0.10529786284965192,
  "RMSE": 0.02464238423431937,
  "MAPE(%)": 5.402084344736516
}