{
  "R2": 0.9219240421022766,
  "MAE": 0.3415829737137319,
  "RMSE": 0.2383014136039276,
  "MAPE(%)": 11.279982383784935
}