Feature,Importance
0.01,82.5764193096112
AV_VF,2.3603489604871433
AV_cm3_g,2.0906347894918667
ASA_m2_cm3,2.085025507899567
PLD,2.0384091917591913
Has_OMS,1.8609779126546193
ASA_m2_g,1.490326748004118
cm3_g,1.4832829063372077
LFPD,1.478585779187202
LCD,1.3929936503176041
NASA_m2_cm3,0.6526199748118279
NASA_m2_g,0.4716572792924593
NAV_cm3_g,0.01871799014599983
