Feature,Importance
0.5,74.84067435516675
ASA_m2_g,5.1658901585331645
ASA_m2_cm3,4.7429662754759425
AV_VF,3.090344014126687
AV_cm3_g,3.071016509654987
cm3_g,1.6959691086892548
LFPD,1.5574153467197103
LCD,1.5507857110408259
Has_OMS,1.4577614179062304
PLD,1.3581293980161666
NASA_m2_cm3,0.711315583563711
NASA_m2_g,0.6524210042163827
NAV_cm3_g,0.10531111689019626
