{
  "R2": 0.9764603001782539,
  "MAE": 0.049447454331484876,
  "RMSE": 0.005550281744947852,
  "MAPE(%)": 3.3201773558762193
}