{
  "R2": 0.41212749352847067,
  "MAE": 0.11975522136552856,
  "RMSE": 0.039151631626207974,
  "MAPE(%)": 48.61371802090219
}