temp,lowp,outp,seed,mode,qt_frac,train_ratio,out_root,model,R2,MAE,RMSE,MAPE(%)
273K,0.05,1,2028,lowq,0.55,0.5,./RUN_FULL_EXP,cat,0.9857566670633504,0.015176652724691948,0.0006896600320724165,2.760444702278706
