{
  "R2": 0.9857566670633504,
  "MAE": 0.015176652724691948,
  "RMSE": 0.0006896600320724165,
  "MAPE(%)": 2.760444702278706
}