{
  "R2": 0.9881710070037811,
  "MAE": 0.006606225055562806,
  "RMSE": 7.695190471102195e-05,
  "MAPE(%)": 2.5531356328883543
}