{
  "R2": 0.9881615572829509,
  "MAE": 0.030257663801141275,
  "RMSE": 0.002347901300151738,
  "MAPE(%)": 2.8397905898469706
}