{
  "R2": 0.9922105051202537,
  "MAE": 0.007609521628228454,
  "RMSE": 0.00015649738454376748,
  "MAPE(%)": 2.0373203425061193
}