Feature,Importance
0.1,61.41264882198228
ASA_m2_g,12.47280786317424
ASA_m2_cm3,6.55379227252126
AV_VF,4.673304198183069
AV_cm3_g,3.6630819971945257
cm3_g,3.05378409486647
PLD,2.081824741239687
LCD,1.890018688079821
LFPD,1.838627495216104
Has_OMS,1.2638720152095577
NASA_m2_g,0.5336955020735297
NASA_m2_cm3,0.4828062660175625
NAV_cm3_g,0.07973604424192036
