temp,lowp,outp,seed,mode,qt_frac,train_ratio,out_root,model,R2,MAE,RMSE,MAPE(%)
313K,0.1,15,2025,lowq,0.6,0.5,./RUN_FULL_EXP,cat,0.9699741845211596,0.11186308264942631,0.02597106360985051,4.4438049671894735
