{
  "R2": 0.9699741845211596,
  "MAE": 0.11186308264942631,
  "RMSE": 0.02597106360985051,
  "MAPE(%)": 4.4438049671894735
}