{
  "R2": 0.9890787027322804,
  "MAE": 0.015668089643115977,
  "RMSE": 0.0007531721141241523,
  "MAPE(%)": 2.842416113059551
}