temp,lowp,outp,seed,mode,qt_frac,train_ratio,out_root,model,R2,MAE,RMSE,MAPE(%)
273K,0.05,1,2028,lowq,0.3,0.5,./RUN_FULL_EXP,cat,0.9890787027322804,0.015668089643115977,0.0007531721141241523,2.842416113059551
