Feature,Importance
0.5,91.1884361356196
cm3_g,1.4532720372096866
Has_OMS,1.1216451785840682
ASA_m2_g,1.0191748220228931
AV_VF,0.9036906065842882
PLD,0.812370522641718
ASA_m2_cm3,0.7051079868221377
AV_cm3_g,0.6910208332172686
LCD,0.6567380097331282
LFPD,0.5421890210097431
NASA_m2_g,0.5019520916513672
NASA_m2_cm3,0.35265543245886005
NAV_cm3_g,0.0517473224452617
