{
  "R2": 0.9956236190884509,
  "MAE": 0.01017982971601223,
  "RMSE": 0.0002463243582149981,
  "MAPE(%)": 1.8758315667389207
}