{
  "R2": 0.29919206504503215,
  "MAE": 0.20235185247759596,
  "RMSE": 0.11539698171500201,
  "MAPE(%)": 57.47022680675487
}