{
  "R2": 0.31492270243976883,
  "MAE": 0.1984553298887051,
  "RMSE": 0.107288251296651,
  "MAPE(%)": 50.359360900990836
}