{
  "R2": 0.9568184664639053,
  "MAE": 0.16608076864783952,
  "RMSE": 0.0674051615547942,
  "MAPE(%)": 5.451044751355125
}