{
  "R2": 0.9875283970541238,
  "MAE": 0.015627589927156505,
  "RMSE": 0.0007961359113397928,
  "MAPE(%)": 2.797243520412244
}