{
  "R2": 0.9799825277773204,
  "MAE": 0.019858018181485422,
  "RMSE": 0.0013863584902124959,
  "MAPE(%)": 3.743717104739156
}