{
  "R2": 0.9838819252615881,
  "MAE": 0.01992160268661153,
  "RMSE": 0.0011209522394255212,
  "MAPE(%)": 3.781994345957375
}