{
  "R2": 0.9942939425220589,
  "MAE": 0.027632481329338314,
  "RMSE": 0.0018962026058618262,
  "MAPE(%)": 2.1769617384810354
}