Feature,Importance
0.01,83.09491979379682
ASA_m2_cm3,2.8151934736189554
ASA_m2_g,2.0759138659046674
AV_VF,1.7719717373552635
AV_cm3_g,1.627303979504244
PLD,1.6198883889852507
Has_OMS,1.5042079952395702
LCD,1.468498047386306
cm3_g,1.450200068409161
LFPD,1.3300834033914053
NASA_m2_cm3,0.6923021633482945
NASA_m2_g,0.44824207047370607
NAV_cm3_g,0.10127501258635818
