{
  "R2": 0.9849703359758681,
  "MAE": 0.01569871297005581,
  "RMSE": 0.0005449229756975038,
  "MAPE(%)": 2.888930671411436
}