temp,lowp,outp,seed,mode,qt_frac,train_ratio,out_root,model,R2,MAE,RMSE,MAPE(%)
273K,0.01,1,2028,struct_with_input,0.8,0.8,./RUN_FULL_EXP,cat,0.9846692865369747,0.01550870868157632,0.0005369456492486011,2.8475066248579113
