{
  "R2": 0.955657300906786,
  "MAE": 0.10181135474310755,
  "RMSE": 0.024564156347649267,
  "MAPE(%)": 5.069128113245845
}