temp,lowp,outp,seed,mode,qt_frac,train_ratio,out_root,model,R2,MAE,RMSE,MAPE(%)
273K,HENRY,5,2026,lowq,0.55,0.5,./RUN_FULL_EXP,cat,0.955657300906786,0.10181135474310755,0.024564156347649267,5.069128113245845
