Feature,Importance
0.1,56.31766728214066
ASA_m2_g,14.932611719324367
ASA_m2_cm3,6.312642684111372
AV_VF,4.933019040874127
AV_cm3_g,4.192454551089609
cm3_g,3.658037075485539
PLD,2.6874372122195127
LFPD,2.3685071042195127
LCD,2.0783294790590445
Has_OMS,1.2959180210394896
NASA_m2_cm3,0.7632458206344779
NASA_m2_g,0.40412217606420164
NAV_cm3_g,0.056007833738126546
