{
  "R2": 0.9608712449606027,
  "MAE": 0.16398270794668593,
  "RMSE": 0.05568460671879328,
  "MAPE(%)": 5.253992559525273
}