Feature,Importance
0.01,85.86272755088518
ASA_m2_g,1.9374839888474704
cm3_g,1.715654470440218
Has_OMS,1.5528027625607626
AV_cm3_g,1.542456644090562
LCD,1.4127284453255244
AV_VF,1.2725346192291336
LFPD,1.1827560086156068
ASA_m2_cm3,1.0952973945078557
PLD,1.0168380717428154
NASA_m2_cm3,0.6857252969710319
NASA_m2_g,0.6565308822120267
NAV_cm3_g,0.06646386457181522
