temp,lowp,outp,seed,mode,qt_frac,train_ratio,out_root,model,R2,MAE,RMSE,MAPE(%)
293K,0.01,1,2027,lowq,0.75,0.5,./RUN_FULL_EXP,cat,0.9889635927316837,0.009492100964434333,0.0001689533343279222,2.6106690041291087
