{
  "R2": 0.9889635927316837,
  "MAE": 0.009492100964434333,
  "RMSE": 0.0001689533343279222,
  "MAPE(%)": 2.6106690041291087
}