{
  "R2": 0.6719788419208363,
  "MAE": 0.5733446297991761,
  "RMSE": 0.6295450183294831,
  "MAPE(%)": 24.10308418444409
}