{
  "R2": 0.9631018019465084,
  "MAE": 0.07335403261554184,
  "RMSE": 0.017704459436927042,
  "MAPE(%)": 5.245285995121343
}