{
  "R2": 0.9945759367598176,
  "MAE": 0.005039648349163616,
  "RMSE": 7.183231554428097e-05,
  "MAPE(%)": 2.0062662996096603
}