Feature,Importance
0.05,84.13699834099334
ASA_m2_g,2.1332332049499527
AV_VF,1.8119866401266136
AV_cm3_g,1.716196925886934
ASA_m2_cm3,1.6571671190920314
PLD,1.5609678263910334
LCD,1.4507642587058023
cm3_g,1.3582063503816006
Has_OMS,1.333124536278674
LFPD,1.3154227049417133
NASA_m2_g,0.8639328425385007
NASA_m2_cm3,0.569176839695044
NAV_cm3_g,0.09282241001873591
