{
  "R2": 0.9865955477086242,
  "MAE": 0.013761328748771994,
  "RMSE": 0.00046783675882086293,
  "MAPE(%)": 2.516698887446257
}