temp,lowp,outp,seed,mode,qt_frac,train_ratio,out_root,model,R2,MAE,RMSE,MAPE(%)
273K,0.05,1,2026,lowq,0.8,0.5,./RUN_FULL_EXP,cat,0.9865955477086242,0.013761328748771994,0.00046783675882086293,2.516698887446257
