Feature,Importance
0.05,82.57464267545117
AV_cm3_g,2.871083549133105
ASA_m2_g,1.998416004193958
ASA_m2_cm3,1.744776459156377
Has_OMS,1.7276622679084064
AV_VF,1.724473238252017
LFPD,1.6428164734051514
cm3_g,1.6301281237364857
LCD,1.3115030193007085
PLD,1.2288558295262895
NASA_m2_cm3,0.8686926125155738
NASA_m2_g,0.5985785735682897
NAV_cm3_g,0.07837117385242304
