{
  "R2": 0.9863355377015528,
  "MAE": 0.016498136082411716,
  "RMSE": 0.0010469573619909746,
  "MAPE(%)": 2.9562849306543555
}