Feature,Importance
0.5,53.424113339570816
ASA_m2_g,16.084563129666588
AV_VF,5.90566229508709
ASA_m2_cm3,5.727215615125137
AV_cm3_g,5.579230969274493
cm3_g,3.3976241198127717
PLD,2.7959468143240813
LCD,2.397198673391822
LFPD,2.1078553594890073
Has_OMS,1.3120552644400478
NASA_m2_cm3,0.7555038555017107
NASA_m2_g,0.4486703215410419
NAV_cm3_g,0.06436024277539226
