{
  "R2": 0.9511465391214675,
  "MAE": 0.23173416209271874,
  "RMSE": 0.11658190059737768,
  "MAPE(%)": 5.779710707471824
}