temp,lowp,outp,seed,mode,qt_frac,train_ratio,out_root,model,R2,MAE,RMSE,MAPE(%)
273K,HENRY,1,2026,lowq,0.45,0.5,./RUN_FULL_EXP,cat,0.987695833662812,0.015106442252554038,0.0006914597059887683,2.7470003771703904
