{
  "R2": 0.987695833662812,
  "MAE": 0.015106442252554038,
  "RMSE": 0.0006914597059887683,
  "MAPE(%)": 2.7470003771703904
}