Feature,Importance
HENRY,56.50756095912383
ASA_m2_g,12.085968101302795
AV_cm3_g,7.03131551040987
AV_VF,6.44737509224777
ASA_m2_cm3,4.759525799152627
PLD,2.6765721634148325
cm3_g,2.509952303980342
LFPD,2.3006577240911237
LCD,2.2211566964827223
Has_OMS,1.4742346851039254
NASA_m2_cm3,1.1009528860564137
NASA_m2_g,0.7983236831745136
NAV_cm3_g,0.08640439545925802
