{
  "R2": 0.9552253548094432,
  "MAE": 0.1679857500106109,
  "RMSE": 0.06679574724650315,
  "MAPE(%)": 5.440011385909568
}