Feature,Importance
HENRY,87.72931761354722
cm3_g,2.436543078702871
AV_cm3_g,1.9089050025623133
AV_VF,1.3014798850011078
LFPD,1.2052693381548198
ASA_m2_g,1.1116905854493921
ASA_m2_cm3,1.0145023374283708
Has_OMS,0.9753774365565403
PLD,0.9085250941672554
LCD,0.6771030197537232
NASA_m2_cm3,0.329456360934206
NASA_m2_g,0.29003192295766406
NAV_cm3_g,0.11179832478450985
