{
  "R2": 0.9958712620988813,
  "MAE": 0.003548402419704326,
  "RMSE": 2.733016627892159e-05,
  "MAPE(%)": 1.3196346105959036
}