{
  "R2": 0.9924998012375403,
  "MAE": 0.0076546815935203405,
  "RMSE": 0.00014043364999333512,
  "MAPE(%)": 2.0598670915738597
}