temp,lowp,outp,seed,mode,qt_frac,train_ratio,out_root,model,R2,MAE,RMSE,MAPE(%)
293K,HENRY,1,2025,lowq,0.6,0.5,./RUN_FULL_EXP,cat,0.9924998012375403,0.0076546815935203405,0.00014043364999333512,2.0598670915738597
