Feature,Importance
0.05,65.13284611116669
ASA_m2_g,8.134675506528293
ASA_m2_cm3,5.918564294867523
AV_VF,5.465689197294258
LCD,2.675982866688933
PLD,2.5915900593403767
AV_cm3_g,2.5678275029030817
LFPD,2.151495590589202
cm3_g,2.13798234531884
Has_OMS,1.7604978826474682
NASA_m2_cm3,0.8547589151391052
NASA_m2_g,0.5343822173249401
NAV_cm3_g,0.07370751019131512
