{
  "R2": 0.9564524660832567,
  "MAE": 0.09716510337609029,
  "RMSE": 0.020767868015317825,
  "MAPE(%)": 4.837371951879045
}