temp,lowp,outp,seed,mode,qt_frac,train_ratio,out_root,model,R2,MAE,RMSE,MAPE(%)
273K,0.05,5,2029,lowq,0.7,0.5,./RUN_FULL_EXP,cat,0.9564524660832567,0.09716510337609029,0.020767868015317825,4.837371951879045
