Feature,Importance
HENRY,53.71393872510453
ASA_m2_g,12.593876032924676
AV_VF,7.579923578223058
ASA_m2_cm3,7.049557848966671
AV_cm3_g,5.520651055523642
PLD,2.893121886070395
cm3_g,2.7154034228202164
LCD,2.1306117681627486
LFPD,2.090489386365256
Has_OMS,1.7367917598131417
NASA_m2_cm3,1.0335650266663894
NASA_m2_g,0.7829144728251307
NAV_cm3_g,0.15915503653417612
