{
  "R2": 0.9516969870777011,
  "MAE": 0.24302104572015648,
  "RMSE": 0.12328677272505667,
  "MAPE(%)": 6.4671525457434
}