temp,lowp,outp,seed,mode,qt_frac,train_ratio,out_root,model,R2,MAE,RMSE,MAPE(%)
273K,HENRY,15,2028,lowq,0.55,0.5,./RUN_FULL_EXP,cat,0.9516969870777011,0.24302104572015648,0.12328677272505667,6.4671525457434
