Feature,Importance
0.5,92.91263468350694
cm3_g,1.1822731998037628
AV_cm3_g,1.128478544690007
LCD,0.8410127065470548
AV_VF,0.6277012888744081
Has_OMS,0.5194102137991197
PLD,0.511616164807767
ASA_m2_g,0.507563635732095
ASA_m2_cm3,0.5042843049462349
LFPD,0.49925656264168294
NASA_m2_cm3,0.37760689855786383
NASA_m2_g,0.33524724118839955
NAV_cm3_g,0.05291455490467315
