{
  "R2": 0.9950316930693326,
  "MAE": 0.006543328715048276,
  "RMSE": 0.00021621054711706014,
  "MAPE(%)": 1.8633205564038253
}