Feature,Importance
0.1,55.05209284558852
ASA_m2_g,11.855491890764263
ASA_m2_cm3,7.407406128277017
AV_VF,5.653146071651077
AV_cm3_g,5.2426907549146895
cm3_g,4.77421726080817
PLD,2.674049398387322
LCD,2.419745202081397
LFPD,1.933975323664314
Has_OMS,1.3528324701600205
NASA_m2_cm3,0.8342048444354707
NASA_m2_g,0.7002409748441323
NAV_cm3_g,0.09990683442361908
