{
  "R2": 0.9557567035264022,
  "MAE": 0.23731154618293734,
  "RMSE": 0.11690528809289766,
  "MAPE(%)": 6.282816584310315
}