{
  "R2": 0.961157208041747,
  "MAE": 0.11937050081375673,
  "RMSE": 0.049789084009663524,
  "MAPE(%)": 5.066151541249399
}