Feature,Importance
HENRY,62.251362398822714
ASA_m2_g,9.801209176449163
ASA_m2_cm3,5.909535075877222
AV_VF,4.882277724472694
AV_cm3_g,3.152755010596571
LFPD,3.0422136113081715
PLD,2.608100289409026
LCD,2.4953202655609372
Has_OMS,2.071239934504701
cm3_g,2.0231123508943063
NASA_m2_cm3,0.9592525457748375
NASA_m2_g,0.6318658841735979
NAV_cm3_g,0.17175573215605971
