{
  "R2": 0.9614290762093419,
  "MAE": 0.10369529010364316,
  "RMSE": 0.029177701793612367,
  "MAPE(%)": 5.4757614586132775
}