Feature,Importance
HENRY,85.58256611206899
cm3_g,1.7456285776986995
Has_OMS,1.7434875168628612
AV_cm3_g,1.6886438743040273
LCD,1.6573660243095232
AV_VF,1.4569449951183644
ASA_m2_g,1.3951816983411165
LFPD,1.3309795181584616
ASA_m2_cm3,1.0964641480277435
PLD,0.8905649166184908
NASA_m2_cm3,0.8408638621412002
NASA_m2_g,0.5083086567953614
NAV_cm3_g,0.06300009955513804
