{
  "R2": 0.9932198110401519,
  "MAE": 0.006867860124688315,
  "RMSE": 0.00010640072511290493,
  "MAPE(%)": 1.8087805665809702
}