Feature,Importance
0.1,57.48856979337517
ASA_m2_g,13.084440541087831
AV_VF,6.2218326973773355
AV_cm3_g,5.687500262027128
ASA_m2_cm3,4.8235016210818635
cm3_g,2.534269999601307
PLD,2.530357465445856
LFPD,2.4086568445261114
LCD,1.9902920624811542
Has_OMS,1.5852794270010098
NASA_m2_cm3,0.9492078987423564
NASA_m2_g,0.6130022080399167
NAV_cm3_g,0.08308917921297544
