{
  "R2": 0.9539412243185631,
  "MAE": 0.16535828168376765,
  "RMSE": 0.06649508816431335,
  "MAPE(%)": 5.253337713324784
}