{
  "R2": 0.9902422554239315,
  "MAE": 0.009687168562323416,
  "RMSE": 0.00017980284952265698,
  "MAPE(%)": 2.7034441956118833
}