{
  "R2": 0.9931243637523843,
  "MAE": 0.031929907086675445,
  "RMSE": 0.0024586917843723915,
  "MAPE(%)": 2.5108826352219507
}