Feature,Importance
0.1,86.18674704457194
AV_cm3_g,2.219012444441248
AV_VF,2.0077530155836034
Has_OMS,1.7730561384537802
cm3_g,1.6244681641713075
ASA_m2_cm3,1.2245323363611624
PLD,1.1967452174558961
LCD,1.1624796118119398
LFPD,0.9272261535292589
ASA_m2_g,0.6627473632572553
NASA_m2_cm3,0.636579817950481
NASA_m2_g,0.31147097302849613
NAV_cm3_g,0.06718171938363979
