{
  "R2": 0.994197380250141,
  "MAE": 0.00820559856311603,
  "RMSE": 0.0002151423088959311,
  "MAPE(%)": 2.205638699046355
}