Feature,Importance
0.5,59.933863331645746
ASA_m2_g,15.216699142120719
AV_VF,4.516645649182112
AV_cm3_g,4.23589202948742
ASA_m2_cm3,4.199607315421258
cm3_g,2.9373496674610506
PLD,2.3417658103168617
LCD,2.2860933484907067
LFPD,1.9209458976483138
Has_OMS,1.1421907832335463
NASA_m2_cm3,0.6640461440320382
NASA_m2_g,0.5187158241388126
NAV_cm3_g,0.08618505682142137
