{
  "R2": 0.9625312630793877,
  "MAE": 0.15868733811522462,
  "RMSE": 0.05242725271307222,
  "MAPE(%)": 5.102209261793485
}