{
  "R2": 0.5626248609583697,
  "MAE": 0.4330380435336802,
  "RMSE": 0.3685320650432245,
  "MAPE(%)": 31.191517598719322
}