{
  "R2": 0.9957001610366805,
  "MAE": 0.025248406573602705,
  "RMSE": 0.0014085192789829826,
  "MAPE(%)": 2.0276856116771333
}