{
  "R2": 0.9528228078373646,
  "MAE": 0.23242333230502166,
  "RMSE": 0.1176072509138747,
  "MAPE(%)": 5.991790991369265
}