temp,lowp,outp,seed,mode,qt_frac,train_ratio,out_root,model,R2,MAE,RMSE,MAPE(%)
273K,0.1,1,2027,lowq,0.65,0.5,./RUN_FULL_EXP,cat,0.988213226359059,0.013775433090328361,0.0005047911040857899,2.5186817995183555
