{
  "R2": 0.988213226359059,
  "MAE": 0.013775433090328361,
  "RMSE": 0.0005047911040857899,
  "MAPE(%)": 2.5186817995183555
}