Feature,Importance
0.05,48.03347755865349
ASA_m2_g,19.561038037109192
ASA_m2_cm3,7.127699701227356
AV_VF,5.2167367206541595
AV_cm3_g,4.7015988419961845
cm3_g,4.389645696363757
PLD,3.0140706871473877
LCD,2.689769097413091
LFPD,2.325894908352398
Has_OMS,1.484541874253881
NASA_m2_cm3,0.8797389081768319
NASA_m2_g,0.5106229473582916
NAV_cm3_g,0.06516502129398942
