temp,lowp,outp,seed,mode,qt_frac,train_ratio,out_root,model,R2,MAE,RMSE,MAPE(%)
273K,0.05,15,2025,lowq,0.8,0.5,./RUN_FULL_EXP,cat,0.9524707540033827,0.23997995678533018,0.1128248578749365,6.067588095251009
