{
  "R2": 0.9524707540033827,
  "MAE": 0.23997995678533018,
  "RMSE": 0.1128248578749365,
  "MAPE(%)": 6.067588095251009
}