{
  "R2": 0.9293964552189257,
  "MAE": 0.245008510458311,
  "RMSE": 0.13326886824579717,
  "MAPE(%)": 9.314978203485877
}