{
  "R2": 0.9736788712210954,
  "MAE": 0.05636087109998464,
  "RMSE": 0.009674036840427353,
  "MAPE(%)": 3.8903293965360533
}