Feature,Importance
0.01,72.22648916738551
ASA_m2_cm3,4.728913230222437
AV_VF,4.237122142580707
ASA_m2_g,4.156843705126643
AV_cm3_g,3.016807469416937
cm3_g,2.4047920921856214
LCD,2.2057381128169498
PLD,2.055619648257252
Has_OMS,1.9917869702479067
LFPD,1.361043746706774
NASA_m2_g,0.7652502260660461
NASA_m2_cm3,0.7619519372568099
NAV_cm3_g,0.08764155173041031
