{
  "R2": 0.9646850223286699,
  "MAE": 0.07178394601193859,
  "RMSE": 0.014721581440578242,
  "MAPE(%)": 5.156657191180216
}