Feature,Importance
0.01,71.75651627412027
ASA_m2_cm3,5.4712401210739845
ASA_m2_g,4.52736177983794
AV_VF,3.9036378422869196
cm3_g,2.979185116136637
PLD,2.6609665480672775
AV_cm3_g,2.1562487737001486
Has_OMS,1.989275710051462
LCD,1.8788201130784274
LFPD,1.1276479475756738
NASA_m2_cm3,0.9663620075581647
NASA_m2_g,0.37895509871632505
NAV_cm3_g,0.20378266779676368
