{
  "R2": 0.9511633445197025,
  "MAE": 0.08863976399537077,
  "RMSE": 0.0239934155466985,
  "MAPE(%)": 7.163683296032905
}