Feature,Importance
0.01,80.76957509384529
ASA_m2_cm3,3.76701550017198
Has_OMS,2.511675430424387
AV_VF,2.2827662602428456
AV_cm3_g,1.9786469121372743
LCD,1.8666994426148893
cm3_g,1.7414463172679855
PLD,1.4153000558769544
LFPD,1.3422030948726158
ASA_m2_g,1.1765277957103635
NASA_m2_g,0.6994496833369978
NASA_m2_cm3,0.402173351676029
NAV_cm3_g,0.04652106182239181
