{
  "R2": 0.9830504466449599,
  "MAE": 0.017779754729407956,
  "RMSE": 0.0011176011019993386,
  "MAPE(%)": 3.3271725285193248
}