temp,lowp,outp,seed,mode,qt_frac,train_ratio,out_root,model,R2,MAE,RMSE,MAPE(%)
273K,0.01,1,2028,struct_with_input,0.3,0.6,./RUN_FULL_EXP,cat,0.9858500363996944,0.017625058461070563,0.0010029927576929991,3.2615029642479336
