{
  "R2": 0.9858500363996944,
  "MAE": 0.017625058461070563,
  "RMSE": 0.0010029927576929991,
  "MAPE(%)": 3.2615029642479336
}