{
  "R2": 0.9524492192618995,
  "MAE": 0.19489156424102858,
  "RMSE": 0.08989715893856785,
  "MAPE(%)": 6.912680613897503
}