{
  "R2": 0.954665642168082,
  "MAE": 0.18695801822472236,
  "RMSE": 0.08621689827794728,
  "MAPE(%)": 7.013457100093386
}