Feature,Importance
0.01,60.90593906336384
ASA_m2_g,11.359582336584051
ASA_m2_cm3,5.932645377726197
AV_cm3_g,5.134706994834547
AV_VF,4.629059483706981
cm3_g,3.305948420309721
LCD,2.148665923217901
PLD,2.117201707765282
LFPD,1.7641072487092249
Has_OMS,1.0846046189526037
NASA_m2_cm3,0.776921724231345
NASA_m2_g,0.7447990922852744
NAV_cm3_g,0.0958180083130617
