temp,lowp,outp,seed,mode,qt_frac,train_ratio,out_root,model,R2,MAE,RMSE,MAPE(%)
313K,0.01,15,2026,lowq,0.05,0.5,./RUN_FULL_EXP,cat,0.9655693605584181,0.11788730203117932,0.04181700826793023,5.083606194266835
