{
  "R2": 0.9655693605584181,
  "MAE": 0.11788730203117932,
  "RMSE": 0.04181700826793023,
  "MAPE(%)": 5.083606194266835
}