{
  "R2": 0.9406918607388479,
  "MAE": 0.03504139967528464,
  "RMSE": 0.008695661987293811,
  "MAPE(%)": 7.037417455423123
}