{
  "R2": 0.9517639184813415,
  "MAE": 0.033732072503911144,
  "RMSE": 0.0065520288769460346,
  "MAPE(%)": 7.257107320376238
}