temp,lowp,outp,seed,mode,qt_frac,train_ratio,out_root,model,R2,MAE,RMSE,MAPE(%)
273K,0.01,1,2028,struct_with_input,0.05,0.05,./RUN_FULL_EXP,cat,0.9406918607388479,0.03504139967528464,0.008695661987293811,7.037417455423123
