Feature,Importance
0.05,51.77842464346437
ASA_m2_g,15.815350683919625
ASA_m2_cm3,7.03333672514526
AV_VF,4.789182726314203
AV_cm3_g,4.529722843308788
cm3_g,4.357773492100194
LCD,2.967053323030704
PLD,2.9303084350025976
LFPD,2.291674065851076
Has_OMS,1.4805420564300869
NASA_m2_cm3,1.0086056661876244
NASA_m2_g,0.8929705699906769
NAV_cm3_g,0.12505476925477493
