{
  "R2": 0.9507462413807097,
  "MAE": 0.23923638974053832,
  "RMSE": 0.1303471723613714,
  "MAPE(%)": 6.256540184443443
}