temp,lowp,outp,seed,mode,qt_frac,train_ratio,out_root,model,R2,MAE,RMSE,MAPE(%)
273K,0.05,15,2026,lowq,0.4,0.5,./RUN_FULL_EXP,cat,0.9507462413807097,0.23923638974053832,0.1303471723613714,6.256540184443443
