{
  "R2": 0.9703177722145867,
  "MAE": 0.016955278016025335,
  "RMSE": 0.0017736202380876074,
  "MAPE(%)": 5.208289209627784
}