temp,lowp,outp,seed,mode,qt_frac,train_ratio,out_root,model,R2,MAE,RMSE,MAPE(%)
313K,0.1,1,2027,lowq,0.6,0.5,./RUN_FULL_EXP,cat,0.9956413016472327,0.004259852219008752,3.670449138310357e-05,1.6374892852769785
