{
  "R2": 0.9956413016472327,
  "MAE": 0.004259852219008752,
  "RMSE": 3.670449138310357e-05,
  "MAPE(%)": 1.6374892852769785
}