{
  "R2": 0.971163779775235,
  "MAE": 0.10802321392595701,
  "RMSE": 0.024635048731600332,
  "MAPE(%)": 4.325163003564025
}