temp,lowp,outp,seed,mode,qt_frac,train_ratio,out_root,model,R2,MAE,RMSE,MAPE(%)
313K,HENRY,15,2025,lowq,0.6,0.5,./RUN_FULL_EXP,cat,0.971163779775235,0.10802321392595701,0.024635048731600332,4.325163003564025
