Feature,Importance
0.01,81.51052920889587
ASA_m2_cm3,3.3229249294153416
AV_VF,2.4783729958543335
Has_OMS,2.0455117372082627
ASA_m2_g,1.9432956431846138
LCD,1.7301206639361533
AV_cm3_g,1.6948408124896577
cm3_g,1.6613614196358488
PLD,1.3497238685232356
LFPD,0.9917605485646742
NASA_m2_g,0.63539668762622
NASA_m2_cm3,0.5370914632247186
NAV_cm3_g,0.09907002144107754
