temp,lowp,outp,seed,mode,qt_frac,train_ratio,out_root,model,R2,MAE,RMSE,MAPE(%)
273K,0.01,1,2026,struct_with_input,0.55,0.55,./RUN_FULL_EXP,cat,0.9845925067880843,0.017224436093454313,0.0007696177894374216,3.138736732658356
