temp,lowp,outp,seed,mode,qt_frac,train_ratio,out_root,model,R2,MAE,RMSE,MAPE(%)
273K,0.01,1,2026,struct_with_input,0.55,0.55,./RUN_FULL_EXP,cat,0.9867287650430792,0.016795516903608185,0.0006523890979037954,3.1412179414165275
