{
  "R2": 0.9867287650430792,
  "MAE": 0.016795516903608185,
  "RMSE": 0.0006523890979037954,
  "MAPE(%)": 3.1412179414165275
}