Feature,Importance
0.1,60.89719102535031
ASA_m2_g,9.42454351599096
AV_cm3_g,6.576152965057996
AV_VF,6.419438021542567
ASA_m2_cm3,5.8683197519673165
cm3_g,2.3976396222510346
PLD,2.307862427682977
LCD,1.8809851338070878
LFPD,1.7361848121531
Has_OMS,1.0538901010788797
NASA_m2_cm3,0.7592300917659439
NASA_m2_g,0.5974022794213176
NAV_cm3_g,0.0811602519305288
