temp,lowp,outp,seed,mode,qt_frac,train_ratio,out_root,model,R2,MAE,RMSE,MAPE(%)
313K,0.1,15,2028,lowq,0.05,0.5,./RUN_FULL_EXP,cat,0.9659252226050076,0.11291590654791654,0.04144320904973992,4.763770365574973
