{
  "R2": 0.9659252226050076,
  "MAE": 0.11291590654791654,
  "RMSE": 0.04144320904973992,
  "MAPE(%)": 4.763770365574973
}