Feature,Importance
0.5,58.67395167639535
ASA_m2_g,12.953842297548894
ASA_m2_cm3,6.1538185288114375
AV_cm3_g,5.69565263193481
AV_VF,3.9625729108297194
cm3_g,3.7949022871378264
PLD,2.4392209891582333
LCD,2.1004360637581394
LFPD,1.766974385396047
Has_OMS,1.1519967914045282
NASA_m2_cm3,0.7956770762639839
NASA_m2_g,0.4515283292609904
NAV_cm3_g,0.059426032100043234
