{
  "R2": 0.9691149518340242,
  "MAE": 0.15477236566446848,
  "RMSE": 0.051400753984857016,
  "MAPE(%)": 5.140419761557645
}