temp,lowp,outp,seed,mode,qt_frac,train_ratio,out_root,model,R2,MAE,RMSE,MAPE(%)
293K,0.5,15,2029,lowq,0.3,0.5,./RUN_FULL_EXP,cat,0.9691149518340242,0.15477236566446848,0.051400753984857016,5.140419761557645
