Feature,Importance
0.01,62.40581256594463
ASA_m2_g,8.902721434919457
ASA_m2_cm3,6.725088376965001
AV_VF,4.986712956105373
AV_cm3_g,3.6568912134959533
LFPD,2.6991828025201374
PLD,2.563326376117948
LCD,2.416336606622976
Has_OMS,1.9814085529612033
cm3_g,1.7924237193402255
NASA_m2_cm3,1.0610157620367553
NASA_m2_g,0.6965738777138942
NAV_cm3_g,0.1125057552564679
