{
  "R2": 0.9507178955104845,
  "MAE": 0.10485433626567306,
  "RMSE": 0.023693320142890665,
  "MAPE(%)": 5.253002764600565
}