temp,lowp,outp,seed,mode,qt_frac,train_ratio,out_root,model,R2,MAE,RMSE,MAPE(%)
293K,0.1,1,2025,lowq,0.8,0.5,./RUN_FULL_EXP,cat,0.9923174613201466,0.007015844450568157,0.00010993425496325367,1.877467152094188
