{
  "R2": 0.9923174613201466,
  "MAE": 0.007015844450568157,
  "RMSE": 0.00010993425496325367,
  "MAPE(%)": 1.877467152094188
}