Feature,Importance
HENRY,56.43241279682989
ASA_m2_g,14.83248700632849
ASA_m2_cm3,6.639497945073674
AV_VF,5.354786555889548
AV_cm3_g,3.9209413650906026
cm3_g,3.1959307846599647
PLD,2.431034103334324
LCD,2.339325612570832
LFPD,1.8184880530838383
Has_OMS,1.3680157383414693
NASA_m2_cm3,0.8011631257380128
NASA_m2_g,0.7922341509575309
NAV_cm3_g,0.07368276210182798
