{
  "R2": 0.9595848047631637,
  "MAE": 0.16020833925972516,
  "RMSE": 0.05353568948173264,
  "MAPE(%)": 5.082807023394903
}