temp,lowp,outp,seed,mode,qt_frac,train_ratio,out_root,model,R2,MAE,RMSE,MAPE(%)
293K,HENRY,15,2026,lowq,0.75,0.5,./RUN_FULL_EXP,cat,0.9595848047631637,0.16020833925972516,0.05353568948173264,5.082807023394903
