temp,lowp,outp,seed,mode,qt_frac,train_ratio,out_root,model,R2,MAE,RMSE,MAPE(%)
313K,0.5,15,2028,lowq,0.65,0.5,./RUN_FULL_EXP,cat,0.9714152082026215,0.10526816253200671,0.023360105261950197,4.216276941253606
