{
  "R2": 0.9714152082026215,
  "MAE": 0.10526816253200671,
  "RMSE": 0.023360105261950197,
  "MAPE(%)": 4.216276941253606
}