{
  "R2": 0.9543765795959505,
  "MAE": 0.2357134256763079,
  "RMSE": 0.12640383951435102,
  "MAPE(%)": 6.202861486036578
}