Feature,Importance
0.1,88.59077081375581
cm3_g,2.3608856302759214
Has_OMS,1.3342743951710505
AV_cm3_g,1.2935358052573669
ASA_m2_cm3,1.234441909753814
LCD,1.0805352592597341
AV_VF,0.9427337745987444
LFPD,0.8604974592860685
NASA_m2_cm3,0.7337041307587456
ASA_m2_g,0.7096378477171991
PLD,0.6179790301535256
NASA_m2_g,0.16756282841449874
NAV_cm3_g,0.07344111559751317
