{
  "R2": 0.9774442286483012,
  "MAE": 0.006573093151316402,
  "RMSE": 0.0007264676560833951,
  "MAPE(%)": 2.2285834992764544
}