Feature,Importance
0.01,84.15474815928532
AV_VF,2.955329450850418
ASA_m2_cm3,2.3777481291509477
AV_cm3_g,1.773175744828816
PLD,1.7479121261741006
Has_OMS,1.4806960952578911
cm3_g,1.269287464034025
ASA_m2_g,1.2665183365140287
LCD,1.1760017695990865
LFPD,0.9364598501444408
NASA_m2_cm3,0.4268304084671652
NASA_m2_g,0.38932210962914154
NAV_cm3_g,0.04597035606460764
