Feature,Importance
0.01,82.51933712425564
ASA_m2_cm3,3.2029334051101466
AV_VF,2.220209721629737
Has_OMS,2.100889599553779
ASA_m2_g,1.7715412531998223
PLD,1.5379550647831246
LFPD,1.4110103520679256
AV_cm3_g,1.3686328151369276
cm3_g,1.3585829790308457
LCD,1.2770823284630755
NASA_m2_cm3,0.6942260045946484
NASA_m2_g,0.4979870476521269
NAV_cm3_g,0.03961230452219546
