temp,lowp,outp,seed,mode,qt_frac,train_ratio,out_root,model,R2,MAE,RMSE,MAPE(%)
273K,0.01,1,2028,struct_with_input,0.0,0.65,./RUN_FULL_EXP,cat,0.9460857668855096,0.024699610460147858,0.008769867815044569,3.7597158556384866
