{
  "R2": 0.9460857668855096,
  "MAE": 0.024699610460147858,
  "RMSE": 0.008769867815044569,
  "MAPE(%)": 3.7597158556384866
}