Feature,Importance
HENRY,59.374479435837785
ASA_m2_g,9.93272335927295
AV_VF,7.06937058442911
AV_cm3_g,6.63488288849815
ASA_m2_cm3,5.797213838631524
cm3_g,2.3181245943566515
PLD,2.2289001764845047
LFPD,2.187184547255807
LCD,1.8558468942911581
Has_OMS,1.2177163553144101
NASA_m2_cm3,0.7549177105822147
NASA_m2_g,0.534709917652685
NAV_cm3_g,0.09392969739304616
