{
  "R2": 0.9664427884641971,
  "MAE": 0.11458427413915277,
  "RMSE": 0.04070874056799838,
  "MAPE(%)": 4.891346660440982
}