{
  "R2": 0.9720792585391032,
  "MAE": 0.06665999583494098,
  "RMSE": 0.013558893463351554,
  "MAPE(%)": 4.822873332189845
}