Feature,Importance
0.1,86.22084864852387
AV_cm3_g,2.2021234091507993
Has_OMS,2.0379649062080514
ASA_m2_g,1.4008027463689074
cm3_g,1.3765505741434352
LCD,1.352811637118242
AV_VF,1.2458085790949585
LFPD,1.172459069894633
ASA_m2_cm3,0.8887754481521634
PLD,0.8242023312818288
NASA_m2_cm3,0.7465647739827942
NASA_m2_g,0.414271654833241
NAV_cm3_g,0.11681622124707157
