{
  "R2": 0.992761697749396,
  "MAE": 0.007923332366505309,
  "RMSE": 0.00015735331148670201,
  "MAPE(%)": 2.1857037369166537
}