{
  "R2": 0.9924555212184593,
  "MAE": 0.008494513764971637,
  "RMSE": 0.00019929996399963818,
  "MAPE(%)": 2.290807461951697
}