temp,lowp,outp,seed,mode,qt_frac,train_ratio,out_root,model,R2,MAE,RMSE,MAPE(%)
293K,0.05,1,2025,lowq,0.35,0.5,./RUN_FULL_EXP,cat,0.9924555212184593,0.008494513764971637,0.00019929996399963818,2.290807461951697
