Feature,Importance
0.01,79.41962553278938
Has_OMS,3.2905066836189265
ASA_m2_cm3,2.534571941887025
cm3_g,2.3436296899314706
ASA_m2_g,2.28014357270235
LCD,2.0377281641517477
AV_cm3_g,1.8091825669826407
LFPD,1.7526158954226687
PLD,1.5201231596976659
AV_VF,1.1081543951604533
NASA_m2_cm3,1.0562416262039793
NASA_m2_g,0.7630748601104171
NAV_cm3_g,0.0844019113412611
