{
  "R2": 0.93182114303129,
  "MAE": 0.03173631360408514,
  "RMSE": 0.011042336825268693,
  "MAPE(%)": 6.089256145678081
}