{
  "R2": 0.9660800455666818,
  "MAE": 0.021325379734041736,
  "RMSE": 0.004533043689948671,
  "MAPE(%)": 3.5290089532369873
}