{
  "R2": 0.9712041935168638,
  "MAE": 0.08918501975227351,
  "RMSE": 0.018915367711789786,
  "MAPE(%)": 4.5755406393945055
}