temp,lowp,outp,seed,mode,qt_frac,train_ratio,out_root,model,R2,MAE,RMSE,MAPE(%)
273K,0.5,5,2025,lowq,0.3,0.5,./RUN_FULL_EXP,cat,0.9712041935168638,0.08918501975227351,0.018915367711789786,4.5755406393945055
