Feature,Importance
0.05,85.26522082411694
AV_cm3_g,2.3414865855720945
cm3_g,2.184258839036807
LCD,1.680760639189048
PLD,1.5041326229867449
LFPD,1.4813670045308784
Has_OMS,1.4792480578133453
AV_VF,1.3533894457465068
ASA_m2_cm3,1.0562890565658059
ASA_m2_g,0.6521970054036276
NASA_m2_cm3,0.6008589326032154
NASA_m2_g,0.37622693200165036
NAV_cm3_g,0.02456405443333966
