{
  "R2": 0.9804883933181116,
  "MAE": 0.010308548308360768,
  "RMSE": 0.0009409834874017729,
  "MAPE(%)": 2.672546090406787
}