{
  "R2": 0.9506780562029294,
  "MAE": 0.23978816285174803,
  "RMSE": 0.11633510691304198,
  "MAPE(%)": 6.08142244476977
}