temp,lowp,outp,seed,mode,qt_frac,train_ratio,out_root,model,R2,MAE,RMSE,MAPE(%)
273K,HENRY,15,2025,lowq,0.8,0.5,./RUN_FULL_EXP,cat,0.9506780562029294,0.23978816285174803,0.11633510691304198,6.08142244476977
