Feature,Importance
0.1,76.09195478363382
ASA_m2_g,4.381167013791064
AV_VF,3.4399462134115035
ASA_m2_cm3,3.115406348150786
AV_cm3_g,2.8289583433218266
cm3_g,2.770491732608018
Has_OMS,1.4635563323303797
LCD,1.4130644877933187
PLD,1.409356076278238
LFPD,1.3518321571376768
NASA_m2_cm3,0.9320488300234823
NASA_m2_g,0.7083694578150652
NAV_cm3_g,0.09384822370484439
