{
  "R2": 0.9825340335537283,
  "MAE": 0.03236209884532215,
  "RMSE": 0.0023601821010947616,
  "MAPE(%)": 2.9145724031227402
}