{
  "R2": 0.9397014854233007,
  "MAE": 0.2199596561633978,
  "RMSE": 0.11073630827167695,
  "MAPE(%)": 7.697982411251607
}