{
  "R2": 0.9672137112102741,
  "MAE": 0.0150384957370246,
  "RMSE": 0.005059005355970831,
  "MAPE(%)": 2.559355045194999
}