Feature,Importance
0.5,80.86824560164764
ASA_m2_g,3.464251567966698
AV_cm3_g,2.794019896756705
AV_VF,2.6958034756428018
ASA_m2_cm3,2.5579685188057018
LCD,1.7034907222526785
cm3_g,1.660331346159493
Has_OMS,1.315306171237035
PLD,0.9948342785832368
LFPD,0.9058460215052578
NASA_m2_cm3,0.5072477716033371
NASA_m2_g,0.4331677390111713
NAV_cm3_g,0.0994868888282448
