{
  "R2": 0.9843567006662136,
  "MAE": 0.030639716526885328,
  "RMSE": 0.002202839425935539,
  "MAPE(%)": 2.7660478945128455
}