Feature,Importance
HENRY,87.5678332129867
cm3_g,1.897553912751792
AV_cm3_g,1.5380261012032697
LCD,1.4852296556427897
ASA_m2_cm3,1.271688768196301
PLD,1.2700306601407592
AV_VF,1.1992455130016413
ASA_m2_g,1.0682893777842142
Has_OMS,0.8523308504729218
LFPD,0.7122703595558163
NASA_m2_g,0.643242570848558
NASA_m2_cm3,0.39005139407076733
NAV_cm3_g,0.10420762334446103
