{
  "R2": 0.9952888071141512,
  "MAE": 0.004206885573002355,
  "RMSE": 6.117855609481519e-05,
  "MAPE(%)": 1.6253094016330467
}