{
  "R2": 0.7090750447586511,
  "MAE": 0.42301381226605816,
  "RMSE": 0.3729105532008877,
  "MAPE(%)": 22.181774242504858
}