Feature,Importance
0.01,67.47376707502264
cm3_g,4.4956006096867585
AV_VF,4.351208420386219
ASA_m2_cm3,4.137665680454324
ASA_m2_g,3.8689723160236666
Has_OMS,3.7785968400470433
PLD,2.8941888298774257
AV_cm3_g,2.603443863475677
LCD,2.5488952754690857
LFPD,1.8298939539802297
NASA_m2_cm3,1.0905229326030708
NASA_m2_g,0.9028120259193141
NAV_cm3_g,0.024432177054554135
