{
  "R2": 0.953602426951502,
  "MAE": 0.08438589702642786,
  "RMSE": 0.020362463178158707,
  "MAPE(%)": 6.149834749466603
}