Feature,Importance
0.01,85.1495113166499
ASA_m2_g,2.144205874198461
Has_OMS,2.1069600329477565
cm3_g,1.6907718031509107
AV_cm3_g,1.6900659412126067
ASA_m2_cm3,1.6653897817090464
LCD,1.610695735233952
LFPD,1.1487336187577781
PLD,0.8911900163009344
NASA_m2_g,0.8114780918271974
AV_VF,0.6380764637472904
NASA_m2_cm3,0.39790285498805933
NAV_cm3_g,0.055018469276075344
