{
  "R2": 0.4196621390072155,
  "MAE": 0.12029910225558768,
  "RMSE": 0.04148930207431043,
  "MAPE(%)": 47.04317621443666
}