temp,lowp,outp,seed,mode,qt_frac,train_ratio,out_root,model,R2,MAE,RMSE,MAPE(%)
293K,0.01,1,2025,struct,0.0,0.8,./RUN_FULL_EXP,cat,0.4196621390072155,0.12029910225558768,0.04148930207431043,47.04317621443666
