Feature,Importance
0.01,62.297994514475796
ASA_m2_g,7.882851654027825
AV_cm3_g,6.967479694697425
AV_VF,6.373524673761326
ASA_m2_cm3,5.638463575603807
PLD,2.0837897168760167
cm3_g,1.9905445478904402
LCD,1.936398292196408
LFPD,1.66452029533485
Has_OMS,1.5224391860981168
NASA_m2_cm3,0.8544446584098264
NASA_m2_g,0.6862251785831961
NAV_cm3_g,0.1013240120449787
