{
  "R2": 0.9699517750506251,
  "MAE": 0.12132799587681366,
  "RMSE": 0.031624695777474475,
  "MAPE(%)": 5.0503052799086126
}