temp,lowp,outp,seed,mode,qt_frac,train_ratio,out_root,model,R2,MAE,RMSE,MAPE(%)
313K,0.01,15,2028,lowq,0.25,0.5,./RUN_FULL_EXP,cat,0.9699517750506251,0.12132799587681366,0.031624695777474475,5.0503052799086126
