Feature,Importance
0.01,58.331388585785426
ASA_m2_g,11.937143202718097
AV_cm3_g,6.344480069513826
AV_VF,6.087576518411186
ASA_m2_cm3,5.202496360558888
cm3_g,3.5099269386707297
PLD,2.1419008613852957
LCD,2.071877683007295
LFPD,1.7371148517179784
Has_OMS,1.1906039802525012
NASA_m2_cm3,0.7620080330772849
NASA_m2_g,0.5685421974711674
NAV_cm3_g,0.11494071743032139
