{
  "R2": 0.9731055281773734,
  "MAE": 0.11861345729619945,
  "RMSE": 0.030173111017297083,
  "MAPE(%)": 5.049565564778688
}