{
  "R2": 0.9563921475096494,
  "MAE": 0.1854245594882137,
  "RMSE": 0.08386074493806076,
  "MAPE(%)": 6.791440902343537
}