Feature,Importance
0.5,66.78988424871841
ASA_m2_g,8.815544598714665
ASA_m2_cm3,4.981486578698537
AV_VF,4.761860745687953
AV_cm3_g,4.4417451994072925
cm3_g,2.7645562058153756
LCD,2.2782506889891203
PLD,1.6458898803771065
LFPD,1.4373715163890661
Has_OMS,0.9824126145617857
NASA_m2_g,0.528406325085129
NASA_m2_cm3,0.5189738925349743
NAV_cm3_g,0.05361750502058267
