{
  "R2": 0.9710085222903763,
  "MAE": 0.1055318060702198,
  "RMSE": 0.022420238924773274,
  "MAPE(%)": 4.157566443307942
}