{
  "R2": 0.9605542765587641,
  "MAE": 0.16227909819679912,
  "RMSE": 0.05344275167637349,
  "MAPE(%)": 5.185555764529624
}