{
  "R2": 0.9827142642106304,
  "MAE": 0.029077977879244647,
  "RMSE": 0.0018416786283868497,
  "MAPE(%)": 2.5780167989577145
}