temp,lowp,outp,seed,mode,qt_frac,train_ratio,out_root,model,R2,MAE,RMSE,MAPE(%)
273K,0.05,5,2027,lowq,0.15,0.5,./RUN_FULL_EXP,cat,0.9620504330468928,0.10406390287145843,0.02939915606733141,5.402541699096439
