{
  "R2": 0.9620504330468928,
  "MAE": 0.10406390287145843,
  "RMSE": 0.02939915606733141,
  "MAPE(%)": 5.402541699096439
}