{
  "R2": 0.9927817877981283,
  "MAE": 0.008386697034298861,
  "RMSE": 0.00020918844585796984,
  "MAPE(%)": 2.342819820926238
}