temp,lowp,outp,seed,mode,qt_frac,train_ratio,out_root,model,R2,MAE,RMSE,MAPE(%)
293K,0.05,1,2028,lowq,0.3,0.5,./RUN_FULL_EXP,cat,0.9927817877981283,0.008386697034298861,0.00020918844585796984,2.342819820926238
