{
  "R2": 0.8834860012792447,
  "MAE": 0.11386076957794433,
  "RMSE": 0.03303477530302501,
  "MAPE(%)": 10.111413422046095
}