{
  "R2": 0.9938467755430959,
  "MAE": 0.025975309608015893,
  "RMSE": 0.0015189979867500556,
  "MAPE(%)": 2.021167273290559
}