{
  "R2": 0.987752396132505,
  "MAE": 0.014269775721276993,
  "RMSE": 0.0005564327595569767,
  "MAPE(%)": 2.5685427590367635
}