temp,lowp,outp,seed,mode,qt_frac,train_ratio,out_root,model,R2,MAE,RMSE,MAPE(%)
273K,0.1,1,2029,lowq,0.6,0.5,./RUN_FULL_EXP,cat,0.987752396132505,0.014269775721276993,0.0005564327595569767,2.5685427590367635
