Feature,Importance
0.05,61.208290678924634
ASA_m2_g,13.594558389143161
ASA_m2_cm3,5.7430648123599655
AV_VF,5.095961897259433
AV_cm3_g,3.0386715908508877
cm3_g,2.5118935683354944
LCD,2.322024854989778
PLD,2.113649841099169
LFPD,1.6401452357119888
Has_OMS,1.4235138137866221
NASA_m2_cm3,0.6421578373486762
NASA_m2_g,0.612091023452373
NAV_cm3_g,0.05397645673782287
