{
  "R2": 0.9598864645985303,
  "MAE": 0.1699081112422984,
  "RMSE": 0.05966737210008932,
  "MAPE(%)": 5.506984283347264
}