{
  "R2": 0.9702144177471914,
  "MAE": 0.10741356547526837,
  "RMSE": 0.023883746191587292,
  "MAPE(%)": 4.207160765841732
}