Feature,Importance
0.01,85.42182286464649
ASA_m2_g,1.868190877360542
cm3_g,1.7208038554494904
Has_OMS,1.6608332495919527
PLD,1.5374175635833873
AV_VF,1.5156468050025296
ASA_m2_cm3,1.3785986919807773
LFPD,1.3717895372049902
AV_cm3_g,1.268399982974151
LCD,1.2658924857661922
NASA_m2_g,0.4849206158792552
NASA_m2_cm3,0.4374475652852474
NAV_cm3_g,0.06823590527499443
