{
  "R2": 0.9883061821758979,
  "MAE": 0.010274356421051073,
  "RMSE": 0.00027557516173786357,
  "MAPE(%)": 2.8420919007839713
}