{
  "R2": 0.9963353032117837,
  "MAE": 0.005950608542499304,
  "RMSE": 9.736399393221902e-05,
  "MAPE(%)": 1.646457252185533
}