temp,lowp,outp,seed,mode,qt_frac,train_ratio,out_root,model,R2,MAE,RMSE,MAPE(%)
293K,0.5,1,2026,lowq,0.35,0.5,./RUN_FULL_EXP,cat,0.9963353032117837,0.005950608542499304,9.736399393221902e-05,1.646457252185533
