Feature,Importance
0.1,89.67155398281767
cm3_g,1.5635119733819423
ASA_m2_cm3,1.4930530345285018
PLD,1.1782313362645533
AV_cm3_g,1.1554559270439346
AV_VF,1.1284051756679474
LCD,0.8786956653088407
ASA_m2_g,0.830755567846272
Has_OMS,0.7653709932793962
LFPD,0.6660411882543887
NASA_m2_g,0.3395234487011627
NASA_m2_cm3,0.24466984115474785
NAV_cm3_g,0.08473186575063184
