temp,lowp,outp,seed,mode,qt_frac,train_ratio,out_root,model,R2,MAE,RMSE,MAPE(%)
313K,0.1,1,2026,lowq,0.1,0.5,./RUN_FULL_EXP,cat,0.9841303136652548,0.005824816150881967,0.0004271080978274671,2.203513103464902
