{
  "R2": 0.9841303136652548,
  "MAE": 0.005824816150881967,
  "RMSE": 0.0004271080978274671,
  "MAPE(%)": 2.203513103464902
}