{
  "R2": 0.9504985924724172,
  "MAE": 0.0169956541431643,
  "RMSE": 0.003609494631217071,
  "MAPE(%)": 4.722369614266467
}