{
  "R2": 0.9903108415747964,
  "MAE": 0.010088857747361422,
  "RMSE": 0.00023828652553872876,
  "MAPE(%)": 2.8376488550422305
}