temp,lowp,outp,seed,mode,qt_frac,train_ratio,out_root,model,R2,MAE,RMSE,MAPE(%)
293K,0.01,1,2026,lowq,0.4,0.5,./RUN_FULL_EXP,cat,0.9903108415747964,0.010088857747361422,0.00023828652553872876,2.8376488550422305
