temp,lowp,outp,seed,mode,qt_frac,train_ratio,out_root,model,R2,MAE,RMSE,MAPE(%)
293K,HENRY,15,2027,lowq,0.1,0.5,./RUN_FULL_EXP,cat,0.9613646814908666,0.16606696638215745,0.0714050074083576,5.624273855130759
