{
  "R2": 0.9613646814908666,
  "MAE": 0.16606696638215745,
  "RMSE": 0.0714050074083576,
  "MAPE(%)": 5.624273855130759
}