{
  "R2": 0.9688535259599236,
  "MAE": 0.15977629699604007,
  "RMSE": 0.0593024575665791,
  "MAPE(%)": 5.800994031365279
}