Feature,Importance
0.1,60.86370782891183
ASA_m2_g,11.981922840900681
AV_cm3_g,5.143419421983192
AV_VF,4.903173509050979
ASA_m2_cm3,4.731692514817752
cm3_g,4.078375535018076
LCD,1.9917147476341572
PLD,1.819822447040776
LFPD,1.6151838561162337
Has_OMS,1.3196513683275255
NASA_m2_cm3,0.8731776258634905
NASA_m2_g,0.5892304998842551
NAV_cm3_g,0.08892780445107243
