{
  "R2": 0.9745742003832379,
  "MAE": 0.11045791776316591,
  "RMSE": 0.030479211784584497,
  "MAPE(%)": 4.816811119810844
}