temp,lowp,outp,seed,mode,qt_frac,train_ratio,out_root,model,R2,MAE,RMSE,MAPE(%)
313K,0.1,15,2029,lowq,0.05,0.5,./RUN_FULL_EXP,cat,0.9745742003832379,0.11045791776316591,0.030479211784584497,4.816811119810844
