Feature,Importance
0.01,84.09564994165441
AV_cm3_g,2.8410684715848764
Has_OMS,2.0403528708668004
LCD,1.8666285285548037
cm3_g,1.6044223760807856
LFPD,1.4912234222450167
ASA_m2_g,1.3756015324355915
ASA_m2_cm3,1.2090175169548971
AV_VF,1.2071664134456404
PLD,1.1663189060829926
NASA_m2_cm3,0.5292275150245489
NASA_m2_g,0.4521384963028533
NAV_cm3_g,0.12118400876680607
