{
  "R2": 0.9893692274416221,
  "MAE": 0.01077551903572691,
  "RMSE": 0.0002876223871133211,
  "MAPE(%)": 3.0593795028388637
}