{
  "R2": 0.9641486558178917,
  "MAE": 0.22876600559815238,
  "RMSE": 0.10846786379570822,
  "MAPE(%)": 6.461958133295587
}