Feature,Importance
0.01,75.6494078418885
ASA_m2_g,4.804902951505977
ASA_m2_cm3,4.434118651196811
AV_cm3_g,3.0594486954862785
AV_VF,2.571410113644512
cm3_g,2.042285944913959
LCD,1.6309490953507837
PLD,1.5574934844928148
LFPD,1.4068339471987976
Has_OMS,1.327033542521271
NASA_m2_cm3,0.8927637004197202
NASA_m2_g,0.5138443492247606
NAV_cm3_g,0.10950768215580631
