{
  "R2": 0.9756752418356088,
  "MAE": 0.03943490997692022,
  "RMSE": 0.0031736898833019064,
  "MAPE(%)": 3.595042513442157
}