Feature,Importance
ASA_m2_g,15.66449384032398
cm3_g,14.384676065080013
AV_VF,14.164917106646934
ASA_m2_cm3,12.895750139538613
PLD,10.212075398204854
AV_cm3_g,7.521246905684991
LFPD,7.355140394557035
LCD,7.225020939765871
Has_OMS,6.936612133081557
NASA_m2_cm3,1.7160830098804765
NASA_m2_g,1.3810132362884902
NAV_cm3_g,0.5429708309471761
