{
  "R2": 0.7439172332379673,
  "MAE": 0.4942584110646808,
  "RMSE": 0.4909231614894885,
  "MAPE(%)": 21.373296406214134
}