{
  "R2": 0.99712988299105,
  "MAE": 0.006086968835367155,
  "RMSE": 9.52264592782691e-05,
  "MAPE(%)": 1.7055151786057037
}