{
  "R2": 0.9685803891223892,
  "MAE": 0.01655734838380091,
  "RMSE": 0.0018317815211233925,
  "MAPE(%)": 5.098445662340361
}