Feature,Importance
0.05,86.16581842350989
ASA_m2_g,1.9156605875896942
cm3_g,1.7056910491936217
AV_cm3_g,1.6483105153886919
Has_OMS,1.5049539708992359
LFPD,1.4334198663444577
AV_VF,1.1847139209458721
LCD,1.100033879863932
ASA_m2_cm3,1.088675186900079
PLD,0.9830284398720075
NASA_m2_cm3,0.6629097919418749
NASA_m2_g,0.5126939329259503
NAV_cm3_g,0.09409043462472085
