{
  "R2": 0.9915181668075359,
  "MAE": 0.007727294091275337,
  "RMSE": 0.00014928984798230735,
  "MAPE(%)": 2.0698853725626387
}