{
  "R2": 0.6194734383667235,
  "MAE": 0.6173740492741013,
  "RMSE": 0.7212035149521274,
  "MAPE(%)": 26.215976837692324
}