{
  "R2": 0.9513285187690304,
  "MAE": 0.16683965823232838,
  "RMSE": 0.06784645068390005,
  "MAPE(%)": 5.286090153631718
}