{
  "R2": 0.9926020334684612,
  "MAE": 0.03138530345077414,
  "RMSE": 0.0022048931561488867,
  "MAPE(%)": 2.4962404325020295
}