{
  "R2": 0.9620243077322939,
  "MAE": 0.16128476286028937,
  "RMSE": 0.05102946012694756,
  "MAPE(%)": 5.1221578085303765
}