temp,lowp,outp,seed,mode,qt_frac,train_ratio,out_root,model,R2,MAE,RMSE,MAPE(%)
293K,0.05,15,2026,lowq,0.7,0.5,./RUN_FULL_EXP,cat,0.9620243077322939,0.16128476286028937,0.05102946012694756,5.1221578085303765
