{
  "R2": 0.954805774663989,
  "MAE": 0.24154012038406514,
  "RMSE": 0.12514051207726373,
  "MAPE(%)": 6.42318079674546
}