temp,lowp,outp,seed,mode,qt_frac,train_ratio,out_root,model,R2,MAE,RMSE,MAPE(%)
273K,0.01,1,2026,struct_with_input,0.25,0.5,./RUN_FULL_EXP,cat,0.9837916750468125,0.018880015146677514,0.0012238091407836722,3.3924063598443452
