temp,lowp,outp,seed,mode,qt_frac,train_ratio,out_root,model,R2,MAE,RMSE,MAPE(%)
273K,0.01,1,2026,struct_with_input,0.25,0.5,./RUN_FULL_EXP,cat,0.9858028914684226,0.018583776437972516,0.0010747777536650935,3.4075176672953504
