{
  "R2": 0.9858028914684226,
  "MAE": 0.018583776437972516,
  "RMSE": 0.0010747777536650935,
  "MAPE(%)": 3.4075176672953504
}