{
  "R2": 0.9837916750468125,
  "MAE": 0.018880015146677514,
  "RMSE": 0.0012238091407836722,
  "MAPE(%)": 3.3924063598443452
}