Feature,Importance
0.5,57.56294243048956
ASA_m2_g,16.5230168390062
ASA_m2_cm3,5.246865842188561
AV_VF,5.146645279514224
AV_cm3_g,3.6724992338000244
cm3_g,2.7211883550152995
LCD,2.291628425503419
PLD,2.2851947519999567
LFPD,2.139262108906086
Has_OMS,1.1292051144202184
NASA_m2_cm3,0.7257444033695076
NASA_m2_g,0.46027522681956246
NAV_cm3_g,0.09553198896737405
