{
  "R2": 0.9694806354622928,
  "MAE": 0.15360146353114754,
  "RMSE": 0.04906991794003074,
  "MAPE(%)": 5.133112412095498
}