temp,lowp,outp,seed,mode,qt_frac,train_ratio,out_root,model,R2,MAE,RMSE,MAPE(%)
293K,0.5,15,2025,lowq,0.3,0.5,./RUN_FULL_EXP,cat,0.9694806354622928,0.15360146353114754,0.04906991794003074,5.133112412095498
