Feature,Importance
0.01,70.06070744693336
ASA_m2_g,5.396440709511853
AV_VF,5.050178898619943
ASA_m2_cm3,4.515246445034398
AV_cm3_g,3.365346214048272
LCD,2.1605372511230554
cm3_g,2.0469000932320496
PLD,1.8876468851218895
LFPD,1.8336807643432185
Has_OMS,1.826806359100807
NASA_m2_cm3,0.9299389520669271
NASA_m2_g,0.8629379505263549
NAV_cm3_g,0.06363203033789888
