{
  "R2": 0.9726910551513782,
  "MAE": 0.06337213066874925,
  "RMSE": 0.009981556439481157,
  "MAPE(%)": 4.563938897423596
}