Feature,Importance
0.01,73.70444310484561
ASA_m2_cm3,4.146074544882332
cm3_g,3.114535151341598
LCD,2.8589165210644176
AV_cm3_g,2.8565738757505486
ASA_m2_g,2.698719915434342
PLD,2.5513108217233786
LFPD,2.344737230054336
Has_OMS,2.1784588554223085
AV_VF,1.5576298761741307
NASA_m2_g,1.134618204269804
NASA_m2_cm3,0.8228174319036624
NAV_cm3_g,0.031164467133545586
