{
  "R2": 0.9368062427384654,
  "MAE": 0.0379649791879976,
  "RMSE": 0.00905954259043905,
  "MAPE(%)": 8.01404651255297
}