{
  "R2": 0.95733506162308,
  "MAE": 0.036488149942947516,
  "RMSE": 0.005819425458974424,
  "MAPE(%)": 8.192431701936728
}