Feature,Importance
0.01,58.545660992739855
ASA_m2_g,12.588616518011472
AV_VF,6.121626343150364
ASA_m2_cm3,6.106688564249996
AV_cm3_g,4.2429426333438585
cm3_g,3.410799642528255
LCD,2.3346515222774484
PLD,2.127488745044573
LFPD,1.5687569870202653
Has_OMS,1.329998292607372
NASA_m2_cm3,0.7576185398056899
NASA_m2_g,0.7189461846514998
NAV_cm3_g,0.14620503456932682
