{
  "R2": 0.9404159322141309,
  "MAE": 0.09116129842482339,
  "RMSE": 0.029816712009277765,
  "MAPE(%)": 7.50647109370885
}