Feature,Importance
HENRY,61.93992466006027
ASA_m2_g,12.120995674685352
ASA_m2_cm3,6.037842843271422
AV_cm3_g,4.610528052459273
AV_VF,4.052585452294078
cm3_g,2.8220552149205362
LCD,2.1054758794091026
PLD,2.0421568591472683
LFPD,1.7270927019373423
Has_OMS,1.098304517729523
NASA_m2_g,0.8003395559931146
NASA_m2_cm3,0.5825034441798279
NAV_cm3_g,0.06019514391290851
