{
  "R2": 0.9691197620729085,
  "MAE": 0.10745880052668148,
  "RMSE": 0.02324883174586743,
  "MAPE(%)": 4.236756310464684
}