temp,lowp,outp,seed,mode,qt_frac,train_ratio,out_root,model,R2,MAE,RMSE,MAPE(%)
313K,HENRY,15,2026,lowq,0.8,0.5,./RUN_FULL_EXP,cat,0.9691197620729085,0.10745880052668148,0.02324883174586743,4.236756310464684
