{
  "R2": 0.9436974710607815,
  "MAE": 0.10066907194403929,
  "RMSE": 0.026112598416114664,
  "MAPE(%)": 7.969426206305563
}