temp,lowp,outp,seed,mode,qt_frac,train_ratio,out_root,model,R2,MAE,RMSE,MAPE(%)
293K,0.01,5,2025,struct_with_input,0.05,0.05,./RUN_FULL_EXP,cat,0.9436974710607815,0.10066907194403929,0.026112598416114664,7.969426206305563
