Feature,Importance
0.05,77.29889884797329
ASA_m2_g,4.451373138792764
AV_VF,3.6657976238219456
ASA_m2_cm3,3.377388336884636
AV_cm3_g,2.1509177728305566
cm3_g,2.0140355847713196
LFPD,1.6330141767497182
LCD,1.575012370419622
Has_OMS,1.5229542384788468
PLD,1.4319066045272215
NASA_m2_g,0.46366056074570267
NASA_m2_cm3,0.37638943989693835
NAV_cm3_g,0.0386513041074338
