{
  "R2": 0.9771293187518668,
  "MAE": 0.03670649215431168,
  "RMSE": 0.005415885870138111,
  "MAPE(%)": 3.462098139079697
}