Feature,Importance
0.05,54.748739913823975
ASA_m2_g,13.246410605751292
ASA_m2_cm3,7.49230699408881
AV_cm3_g,5.864237922719095
AV_VF,5.371605830634682
cm3_g,3.5474241603964085
LCD,2.6696577653288927
PLD,2.236105005837878
LFPD,1.8407947550985475
Has_OMS,1.332711992998002
NASA_m2_cm3,1.1048376572961798
NASA_m2_g,0.4617296041393633
NAV_cm3_g,0.08343779188687643
