temp,lowp,outp,seed,mode,qt_frac,train_ratio,out_root,model,R2,MAE,RMSE,MAPE(%)
293K,0.05,15,2029,lowq,0.15,0.5,./RUN_FULL_EXP,cat,0.9680070355664386,0.16123981615247765,0.056947122457893254,5.476304768558807
