{
  "R2": 0.9680070355664386,
  "MAE": 0.16123981615247765,
  "RMSE": 0.056947122457893254,
  "MAPE(%)": 5.476304768558807
}