Feature,Importance
0.01,65.94592469148517
ASA_m2_cm3,6.715020661070729
AV_VF,5.812539019813216
ASA_m2_g,5.123942983221227
AV_cm3_g,3.1171538847620672
PLD,2.724045815610975
LFPD,2.5681759497542784
LCD,2.273444241325401
cm3_g,2.229228189575592
Has_OMS,2.0518344263502537
NASA_m2_cm3,0.7941915113702108
NASA_m2_g,0.5589141666479012
NAV_cm3_g,0.08558445901295693
