temp,lowp,outp,seed,mode,qt_frac,train_ratio,out_root,model,R2,MAE,RMSE,MAPE(%)
273K,0.01,5,2028,lowq,0.35,0.5,./RUN_FULL_EXP,cat,0.9555386804721044,0.10724775161044771,0.02844510742714369,5.477337782791364
