{
  "R2": 0.9555386804721044,
  "MAE": 0.10724775161044771,
  "RMSE": 0.02844510742714369,
  "MAPE(%)": 5.477337782791364
}