Feature,Importance
0.05,49.16197992015624
ASA_m2_g,17.09291599835745
ASA_m2_cm3,6.389427159849767
AV_cm3_g,6.134306554856943
AV_VF,5.328651468214777
cm3_g,4.644901134923107
PLD,3.1299391938929477
LFPD,2.7550321055000557
LCD,2.470772272460102
Has_OMS,1.6117190452877597
NASA_m2_cm3,0.6817526014188635
NASA_m2_g,0.5074640537034799
NAV_cm3_g,0.0911384913784957
