{
  "R2": 0.960138608595007,
  "MAE": 0.23547160705792028,
  "RMSE": 0.1183022647232804,
  "MAPE(%)": 6.4759038128691975
}