Feature,Importance
0.01,77.64147394357789
AV_VF,3.861198844336561
ASA_m2_g,3.504636399056686
ASA_m2_cm3,2.8821371318066555
AV_cm3_g,2.6468441152113416
cm3_g,2.3816304676825504
LCD,1.701626965482154
Has_OMS,1.6693514016416313
PLD,1.3342243703685317
LFPD,1.0946963274572454
NASA_m2_cm3,0.7667192065256352
NASA_m2_g,0.4372043724341473
NAV_cm3_g,0.0782564544189266
