{
  "R2": 0.9746391534308145,
  "MAE": 0.03968293463262997,
  "RMSE": 0.003114625040172647,
  "MAPE(%)": 3.646454992179972
}