{
  "R2": 0.9860680877425793,
  "MAE": 0.017967567639861567,
  "RMSE": 0.0010242621132266567,
  "MAPE(%)": 3.317079536225223
}