temp,lowp,outp,seed,mode,qt_frac,train_ratio,out_root,model,R2,MAE,RMSE,MAPE(%)
293K,0.05,15,2029,lowq,0.25,0.5,./RUN_FULL_EXP,cat,0.9596610555807766,0.16229182570690934,0.06818823165374084,5.36554155587875
