{
  "R2": 0.9596610555807766,
  "MAE": 0.16229182570690934,
  "RMSE": 0.06818823165374084,
  "MAPE(%)": 5.36554155587875
}