{
  "R2": 0.427218336430673,
  "MAE": 0.18061327398479168,
  "RMSE": 0.09902224695856836,
  "MAPE(%)": 49.95785424007788
}