{
  "R2": 0.4783492943787385,
  "MAE": 0.17957997434388848,
  "RMSE": 0.08778168825878285,
  "MAPE(%)": 51.3242098711049
}