{
  "R2": 0.9605220242658922,
  "MAE": 0.1631671884684459,
  "RMSE": 0.053980559195881204,
  "MAPE(%)": 5.191822123352888
}