{
  "R2": 0.9735953746848524,
  "MAE": 0.0620136012650085,
  "RMSE": 0.013227215161071927,
  "MAPE(%)": 4.593839949062541
}