Feature,Importance
0.01,83.1016223051079
cm3_g,2.2916989305554987
LFPD,2.1437562971397126
AV_cm3_g,2.1235425851695546
PLD,1.8310194659639
Has_OMS,1.7867934098424267
AV_VF,1.5885931909780804
ASA_m2_cm3,1.5764183853492317
LCD,1.2985408359562056
ASA_m2_g,0.8425483892707962
NASA_m2_g,0.7656136702605204
NASA_m2_cm3,0.5971094692091328
NAV_cm3_g,0.052743065197050125
