{
  "R2": 0.9897249579693181,
  "MAE": 0.01057816002490355,
  "RMSE": 0.00032632925870893203,
  "MAPE(%)": 3.007689038761878
}