Feature,Importance
0.05,64.51254137717156
ASA_m2_g,8.047074750868513
ASA_m2_cm3,6.4347952385586
AV_VF,5.027610604443293
PLD,2.623877039034478
AV_cm3_g,2.5676911220786227
LCD,2.565399989334223
cm3_g,2.5439583842304043
LFPD,2.485164039711063
Has_OMS,1.986643848270037
NASA_m2_cm3,0.6795049257297521
NASA_m2_g,0.43674738793065576
NAV_cm3_g,0.08899129263879146
