{
  "R2": 0.9619011620903913,
  "MAE": 0.10141511421602081,
  "RMSE": 0.02542606151701436,
  "MAPE(%)": 5.138026524054762
}