temp,lowp,outp,seed,mode,qt_frac,train_ratio,out_root,model,R2,MAE,RMSE,MAPE(%)
273K,HENRY,1,2027,lowq,0.45,0.5,./RUN_FULL_EXP,cat,0.9882662175330765,0.015076248897416825,0.0006507488383518588,2.732706716057488
