{
  "R2": 0.9882662175330765,
  "MAE": 0.015076248897416825,
  "RMSE": 0.0006507488383518588,
  "MAPE(%)": 2.732706716057488
}