Feature,Importance
0.01,81.5700674666009
cm3_g,2.655991099288888
AV_cm3_g,2.3691955614058497
Has_OMS,1.9734358119036328
AV_VF,1.968056355980651
LFPD,1.9517494508233253
LCD,1.9340810244279396
PLD,1.5793149259015282
ASA_m2_g,1.1575712874296287
NASA_m2_cm3,0.9865127068256198
ASA_m2_cm3,0.9013073480574396
NASA_m2_g,0.7808142007242651
NAV_cm3_g,0.17190276063030563
