{
  "R2": 0.9791979307470239,
  "MAE": 0.011686509126215248,
  "RMSE": 0.0007417072154278113,
  "MAPE(%)": 3.3985618488295124
}