temp,lowp,outp,seed,mode,qt_frac,train_ratio,out_root,model,R2,MAE,RMSE,MAPE(%)
293K,0.01,1,2028,struct_with_input,0.17,0.35,./RUN_FULL_EXP,cat,0.9791979307470239,0.011686509126215248,0.0007417072154278113,3.3985618488295124
