Feature,Importance
0.01,78.09798818123159
AV_VF,3.377119803644921
ASA_m2_cm3,3.34748175541899
ASA_m2_g,2.808322014117152
cm3_g,2.7252258185192235
AV_cm3_g,2.7064231756067425
LCD,1.6272235790300604
Has_OMS,1.5913332088940568
LFPD,1.369719021216738
PLD,1.2377384736414179
NASA_m2_cm3,0.6255850685059178
NASA_m2_g,0.4057277045132139
NAV_cm3_g,0.08011219565993757
