{
  "R2": 0.9715612452897915,
  "MAE": 0.039786023695188764,
  "RMSE": 0.00316122100134082,
  "MAPE(%)": 3.5811024889124647
}