temp,lowp,outp,seed,mode,qt_frac,train_ratio,out_root,model,R2,MAE,RMSE,MAPE(%)
313K,0.01,5,2029,lowq,0.8,0.5,./RUN_FULL_EXP,cat,0.9715612452897915,0.039786023695188764,0.00316122100134082,3.5811024889124647
