{
  "R2": 0.9866950427693426,
  "MAE": 0.0440705861330421,
  "RMSE": 0.006812326102243834,
  "MAPE(%)": 2.871291945483129
}