Feature,Importance
0.5,59.56688586842144
ASA_m2_g,11.386365807113844
ASA_m2_cm3,6.787206844819977
AV_cm3_g,4.995895362906258
AV_VF,4.703834198247805
cm3_g,3.7964217309692367
LCD,2.3239215799945727
PLD,2.1632510935960765
LFPD,1.7359080158933313
Has_OMS,1.2501878621971818
NASA_m2_cm3,0.7417603539209584
NASA_m2_g,0.4645731962444134
NAV_cm3_g,0.08378808567491339
