{
  "R2": 0.9584498722118581,
  "MAE": 0.16295476734421585,
  "RMSE": 0.06142384468345011,
  "MAPE(%)": 5.265970257192764
}