Feature,Importance
0.1,73.3270619418641
ASA_m2_g,5.299775906294392
ASA_m2_cm3,4.764887431256486
AV_VF,3.8189622310092073
AV_cm3_g,2.426457793456229
cm3_g,2.163033860843726
Has_OMS,2.120691446404517
LCD,1.8759389398036679
PLD,1.5404463173865062
LFPD,1.4366755095175523
NASA_m2_cm3,0.7524889188145363
NASA_m2_g,0.3749921181459497
NAV_cm3_g,0.09858758520313295
