{
  "R2": 0.9704729375007848,
  "MAE": 0.05854641356619658,
  "RMSE": 0.008582102546265132,
  "MAPE(%)": 4.035433254569114
}