temp,lowp,outp,seed,mode,qt_frac,train_ratio,out_root,model,R2,MAE,RMSE,MAPE(%)
293K,0.1,5,2029,lowq,0.5,0.5,./RUN_FULL_EXP,cat,0.9704729375007848,0.05854641356619658,0.008582102546265132,4.035433254569114
