{
  "R2": 0.9748320828953986,
  "MAE": 0.06518674126557915,
  "RMSE": 0.013041709661450695,
  "MAPE(%)": 4.558054593231493
}