Feature,Importance
0.5,58.639843219008654
ASA_m2_g,10.888912096405457
AV_VF,6.384078132379163
AV_cm3_g,6.335444611703308
ASA_m2_cm3,5.478275110147269
cm3_g,3.4444817129520207
PLD,2.4961705756753303
LFPD,2.3025021504170096
LCD,1.6313317455297862
Has_OMS,1.221054550259913
NASA_m2_g,0.6265338543252801
NASA_m2_cm3,0.515118164284581
NAV_cm3_g,0.03625407691222092
