{
  "R2": 0.9526023159100765,
  "MAE": 0.23115342257464144,
  "RMSE": 0.12017409271689564,
  "MAPE(%)": 5.899984663560059
}