{
  "R2": 0.9457564096626456,
  "MAE": 0.24457609195076874,
  "RMSE": 0.131541891060714,
  "MAPE(%)": 6.118152137808367
}