Feature,Importance
0.1,57.43001997292339
ASA_m2_g,13.287994543244881
ASA_m2_cm3,5.914957066730387
AV_cm3_g,5.187513485789168
AV_VF,4.7806159028236905
cm3_g,3.3724083774431897
LCD,2.4927337314510836
PLD,2.372546051888339
LFPD,1.999720043032293
Has_OMS,1.5272974197637947
NASA_m2_cm3,1.1203327463004298
NASA_m2_g,0.45176619020792014
NAV_cm3_g,0.06209446840145337
