{
  "R2": 0.9534165416149512,
  "MAE": 0.1653317651255238,
  "RMSE": 0.06739910008443394,
  "MAPE(%)": 5.289449705204251
}