temp,lowp,outp,seed,mode,qt_frac,train_ratio,out_root,model,R2,MAE,RMSE,MAPE(%)
273K,0.01,1,2026,struct_with_input,0.23,0.45,./RUN_FULL_EXP,cat,0.9845109005301436,0.01872479667711425,0.0011962448617121252,3.481528592883365
