{
  "R2": 0.9527272634443923,
  "MAE": 0.16926789715038235,
  "RMSE": 0.07536870092978115,
  "MAPE(%)": 5.580404839393127
}