Feature,Importance
0.01,87.7132258617727
AV_cm3_g,2.0575846275545837
Has_OMS,1.426700970197864
cm3_g,1.3509652206882004
AV_VF,1.2807132020497993
ASA_m2_g,1.2383437331201237
LCD,1.198812054440356
LFPD,1.0631149253973238
ASA_m2_cm3,0.8701894386192319
PLD,0.8434777289718245
NASA_m2_cm3,0.5439950027652125
NASA_m2_g,0.3413994378087072
NAV_cm3_g,0.07147779661409301
