{
  "R2": 0.9757802460755619,
  "MAE": 0.00826041160800867,
  "RMSE": 0.0005969713697594667,
  "MAPE(%)": 3.2654046748724395
}