temp,lowp,outp,seed,mode,qt_frac,train_ratio,out_root,model,R2,MAE,RMSE,MAPE(%)
313K,0.05,1,2027,lowq,0.1,0.5,./RUN_FULL_EXP,cat,0.9686187052780066,0.0058712173768307365,0.0007545966283044349,2.140923201959867
