{
  "R2": 0.9686187052780066,
  "MAE": 0.0058712173768307365,
  "RMSE": 0.0007545966283044349,
  "MAPE(%)": 2.140923201959867
}