Feature,Importance
0.1,76.7938540315801
ASA_m2_g,4.572268069856312
ASA_m2_cm3,3.407159931315776
AV_VF,3.3423421452395443
cm3_g,2.5142773669002914
AV_cm3_g,1.919577055775852
Has_OMS,1.8590695479360098
LCD,1.580852191111091
LFPD,1.4900980650630489
PLD,1.2271009560732151
NASA_m2_cm3,0.9549425152979929
NASA_m2_g,0.2855854151606627
NAV_cm3_g,0.05287270869010365
