Feature,Importance
0.5,80.78972119184697
ASA_m2_g,3.0177344669105994
AV_cm3_g,3.005820368807329
cm3_g,2.597091998262393
ASA_m2_cm3,2.397402592911513
AV_VF,2.3224962025800004
Has_OMS,1.5249673786848466
LCD,1.5083854324265238
PLD,0.9886177875588246
LFPD,0.9353454684889723
NASA_m2_cm3,0.5656153462011331
NASA_m2_g,0.2908373651888972
NAV_cm3_g,0.055964400132029433
