temp,lowp,outp,seed,mode,qt_frac,train_ratio,out_root,model,R2,MAE,RMSE,MAPE(%)
313K,0.5,5,2029,lowq,0.65,0.5,./RUN_FULL_EXP,cat,0.9838122050895955,0.029743054567641886,0.0020086464191905263,2.6687857170648215
