{
  "R2": 0.9838122050895955,
  "MAE": 0.029743054567641886,
  "RMSE": 0.0020086464191905263,
  "MAPE(%)": 2.6687857170648215
}