{
  "R2": 0.9643405459999992,
  "MAE": 0.0991033812586386,
  "RMSE": 0.02769348376655393,
  "MAPE(%)": 5.1942639942699085
}