{
  "R2": 0.9580018779282098,
  "MAE": 0.2380073278656064,
  "RMSE": 0.11801418016622707,
  "MAPE(%)": 6.303836165615027
}