Feature,Importance
AV_VF,14.136767740106404
PLD,13.48049498893728
cm3_g,13.471260253796494
ASA_m2_cm3,11.800814619797315
Has_OMS,10.44160507345645
ASA_m2_g,9.166878758493537
LCD,8.837488909090274
LFPD,8.024851439051938
AV_cm3_g,7.333773962276582
NASA_m2_g,1.609245915105173
NASA_m2_cm3,1.3983127321828188
NAV_cm3_g,0.29850560770573165
