{
  "R2": 0.5242636495830324,
  "MAE": 0.325021694727423,
  "RMSE": 0.24063816250807893,
  "MAPE(%)": 30.89754711121862
}