Feature,Importance
0.01,80.59827207284131
ASA_m2_cm3,3.890179917076241
Has_OMS,2.2999422496941877
AV_VF,2.083535432416935
ASA_m2_g,1.9768218617062567
cm3_g,1.8610415436443088
AV_cm3_g,1.74865561069294
PLD,1.533200369525753
LCD,1.5141147717282013
LFPD,1.2483942585668366
NASA_m2_cm3,0.8794775397167427
NASA_m2_g,0.327972127546633
NAV_cm3_g,0.03839224484367159
