{
  "R2": 0.9859971284730049,
  "MAE": 0.017637644722313682,
  "RMSE": 0.000947614520668673,
  "MAPE(%)": 3.2975585166183796
}