{
  "R2": 0.9869896134318561,
  "MAE": 0.017617183101263038,
  "RMSE": 0.0009058372322023411,
  "MAPE(%)": 3.2948005176717388
}