Feature,Importance
0.5,74.82333652447734
ASA_m2_g,6.436016920828161
ASA_m2_cm3,4.085855907506558
AV_cm3_g,2.9758511157972447
AV_VF,2.8292274263545325
cm3_g,1.6650929926304217
LCD,1.5196624551774132
PLD,1.5165614769984914
LFPD,1.4806013400223594
Has_OMS,1.3067819406996837
NASA_m2_cm3,0.7681290617619836
NASA_m2_g,0.5231959993754106
NAV_cm3_g,0.0696868383703888
