{
  "R2": 0.9744278281002442,
  "MAE": 0.050305885112907546,
  "RMSE": 0.005284070942969185,
  "MAPE(%)": 3.3558414207197496
}