Feature,Importance
0.01,83.19269918966015
Has_OMS,2.3143465633492157
LCD,2.101097030470698
cm3_g,2.0350912344846854
AV_VF,1.978791649577402
AV_cm3_g,1.8260955684747229
LFPD,1.3114630160660465
ASA_m2_g,1.240379241275781
PLD,1.1459250030776738
NASA_m2_g,0.9746995668404729
NASA_m2_cm3,0.8709223320632865
ASA_m2_cm3,0.739429626083357
NAV_cm3_g,0.2690599785765081
