{
  "R2": 0.9547324362503211,
  "MAE": 0.016973427138676448,
  "RMSE": 0.0033026652063759417,
  "MAPE(%)": 4.826279399173514
}