temp,lowp,outp,seed,mode,qt_frac,train_ratio,out_root,model,R2,MAE,RMSE,MAPE(%)
293K,0.01,1,2026,struct_with_input,0.0,0.2,./RUN_FULL_EXP,cat,0.9547324362503211,0.016973427138676448,0.0033026652063759417,4.826279399173514
