Feature,Importance
0.05,50.24638024719113
ASA_m2_g,13.936493033188402
ASA_m2_cm3,7.185207227205472
AV_VF,6.7390917897223765
AV_cm3_g,5.963191361992221
cm3_g,4.936688939419495
PLD,3.094257412121381
LFPD,2.492685083056171
LCD,2.192271741147508
Has_OMS,1.5405242669888606
NASA_m2_cm3,0.8214652270838427
NASA_m2_g,0.7622302844431602
NAV_cm3_g,0.08951338643996996
