{
  "R2": 0.9569834721058772,
  "MAE": 0.23043631249511115,
  "RMSE": 0.12440411496181407,
  "MAPE(%)": 6.271739540443351
}