{
  "R2": 0.9930973231103515,
  "MAE": 0.0070014126222392465,
  "RMSE": 0.0001145095324766481,
  "MAPE(%)": 1.8455832485312822
}