temp,lowp,outp,seed,mode,qt_frac,train_ratio,out_root,model,R2,MAE,RMSE,MAPE(%)
293K,HENRY,1,2026,lowq,0.7,0.5,./RUN_FULL_EXP,cat,0.9930973231103515,0.0070014126222392465,0.0001145095324766481,1.8455832485312822
