{
  "R2": 0.9822145978164377,
  "MAE": 0.017685688700638438,
  "RMSE": 0.0021514639788297076,
  "MAPE(%)": 3.058623047864724
}