{
  "R2": 0.9596241505015416,
  "MAE": 0.23737211069639816,
  "RMSE": 0.12163148646647318,
  "MAPE(%)": 6.467011789588585
}