temp,lowp,outp,seed,mode,qt_frac,train_ratio,out_root,model,R2,MAE,RMSE,MAPE(%)
273K,HENRY,15,2029,lowq,0.1,0.5,./RUN_FULL_EXP,cat,0.9596241505015416,0.23737211069639816,0.12163148646647318,6.467011789588585
