Feature,Importance
0.01,85.14873135537594
AV_cm3_g,1.9233563741245614
cm3_g,1.8813104828322291
LFPD,1.7353028925959386
AV_VF,1.7070390420551635
Has_OMS,1.6232117628230638
PLD,1.277046918024985
ASA_m2_g,1.2556035554103535
ASA_m2_cm3,1.2049228490017498
LCD,0.8243954771996614
NASA_m2_cm3,0.7668098489078812
NASA_m2_g,0.5733497204185406
NAV_cm3_g,0.07891972122993392
