{
  "R2": 0.9912991017152967,
  "MAE": 0.00998075283204662,
  "RMSE": 0.00021579678083225468,
  "MAPE(%)": 2.807114574956377
}