{
  "R2": 0.9665268044748607,
  "MAE": 0.16172560988084128,
  "RMSE": 0.056426172109685285,
  "MAPE(%)": 5.367110056564459
}