{
  "R2": 0.982170435061377,
  "MAE": 0.005538384235219782,
  "RMSE": 0.0004582869179700686,
  "MAPE(%)": 2.118203478413079
}