temp,lowp,outp,seed,mode,qt_frac,train_ratio,out_root,model,R2,MAE,RMSE,MAPE(%)
313K,HENRY,1,2029,lowq,0.1,0.5,./RUN_FULL_EXP,cat,0.982170435061377,0.005538384235219782,0.0004582869179700686,2.118203478413079
