{
  "R2": 0.9713085361766702,
  "MAE": 0.11101035337161295,
  "RMSE": 0.025468240772062684,
  "MAPE(%)": 4.481096692226259
}