{
  "R2": 0.9561551300745855,
  "MAE": 0.1687901237022453,
  "RMSE": 0.07815453438373281,
  "MAPE(%)": 5.673013504142197
}