Feature,Importance
0.01,87.91337673846633
cm3_g,1.8211739770410882
PLD,1.5257457125559768
LCD,1.425897433608637
LFPD,1.3663428293055975
AV_VF,1.3027204128426433
ASA_m2_g,1.2034806291614188
ASA_m2_cm3,1.0990026648189177
AV_cm3_g,0.9816762857908056
Has_OMS,0.846514438685344
NASA_m2_g,0.23932488349899847
NASA_m2_cm3,0.21915466707269723
NAV_cm3_g,0.055589327151568134
