{
  "R2": 0.9902078951067619,
  "MAE": 0.006895750712920283,
  "RMSE": 8.310903369114774e-05,
  "MAPE(%)": 2.728638683375653
}