temp,lowp,outp,seed,mode,qt_frac,train_ratio,out_root,model,R2,MAE,RMSE,MAPE(%)
313K,0.01,1,2025,lowq,0.6,0.5,./RUN_FULL_EXP,cat,0.9902078951067619,0.006895750712920283,8.310903369114774e-05,2.728638683375653
