{
  "R2": 0.9914507818550499,
  "MAE": 0.03526551071297267,
  "RMSE": 0.0029123570773187776,
  "MAPE(%)": 2.892795395685569
}