{
  "R2": 0.9791559911693394,
  "MAE": 0.0347859362491096,
  "RMSE": 0.003953905740565272,
  "MAPE(%)": 3.1951556144200555
}