{
  "R2": 0.9575029749320583,
  "MAE": 0.024343134139535087,
  "RMSE": 0.006869496101612937,
  "MAPE(%)": 4.142094502402585
}