Feature,Importance
0.5,92.12581682244065
AV_cm3_g,1.1366431632082956
Has_OMS,0.9836203325427135
ASA_m2_cm3,0.9294795156639521
cm3_g,0.9224154730381894
AV_VF,0.7857004256280072
LCD,0.7312398941285734
ASA_m2_g,0.6010776947065642
PLD,0.5779079387369309
LFPD,0.5024358487964854
NASA_m2_cm3,0.4369666384939463
NASA_m2_g,0.15197527494503132
NAV_cm3_g,0.11472097767066783
