{
  "R2": 0.9795386265387942,
  "MAE": 0.014814358305130558,
  "RMSE": 0.0031948767994147476,
  "MAPE(%)": 2.3727442172411686
}