Feature,Importance
0.01,73.28937230981003
ASA_m2_cm3,5.348096819329555
ASA_m2_g,5.229410382752165
AV_VF,3.3834764556817865
cm3_g,2.4888233034402445
AV_cm3_g,2.482732671284055
PLD,1.8011769331177592
LCD,1.7158851108880449
Has_OMS,1.4982024106307419
LFPD,1.3800373807691486
NASA_m2_cm3,0.7981559545802451
NASA_m2_g,0.48210551505190136
NAV_cm3_g,0.10252475266433647
