{
  "R2": 0.9655480676884481,
  "MAE": 0.07050580507581267,
  "RMSE": 0.016325093580761174,
  "MAPE(%)": 4.991117819557884
}