Feature,Importance
0.01,86.0079073609116
AV_cm3_g,1.9793871120121662
cm3_g,1.776905638211838
Has_OMS,1.5086336417726616
ASA_m2_cm3,1.476058910792993
LCD,1.4373901871044394
PLD,1.2529723412113465
AV_VF,1.2094731769523144
ASA_m2_g,1.1279691738941586
LFPD,0.9113680027702407
NASA_m2_cm3,0.6784855179871743
NASA_m2_g,0.557763688098992
NAV_cm3_g,0.07568524828007157
