{
  "R2": 0.9919291819353122,
  "MAE": 0.009624162025553674,
  "RMSE": 0.00021728505063076936,
  "MAPE(%)": 2.7270039425308554
}