Feature,Importance
0.01,51.59196691715898
ASA_m2_g,15.21927096706894
ASA_m2_cm3,6.657123949589501
AV_VF,5.309210003755135
cm3_g,5.092125170223166
AV_cm3_g,4.233778493663096
LCD,3.1334567083280027
PLD,2.7879465450186496
LFPD,2.1722429919840143
Has_OMS,1.4218232419296224
NASA_m2_cm3,1.2075616688045088
NASA_m2_g,1.0516579583164412
NAV_cm3_g,0.12183538415991745
