{
  "R2": 0.9498640735332121,
  "MAE": 0.2494373612030908,
  "RMSE": 0.13583039141059086,
  "MAPE(%)": 6.529040898805675
}