temp,lowp,outp,seed,mode,qt_frac,train_ratio,out_root,model,R2,MAE,RMSE,MAPE(%)
273K,0.01,15,2026,lowq,0.35,0.5,./RUN_FULL_EXP,cat,0.9498640735332121,0.2494373612030908,0.13583039141059086,6.529040898805675
