Feature,Importance
HENRY,53.554732064892235
ASA_m2_g,10.652932950973911
AV_cm3_g,7.713614266424699
AV_VF,7.238772693027371
ASA_m2_cm3,7.081506650981504
cm3_g,2.71857777721732
PLD,2.6367561570513387
LCD,2.542051285653006
LFPD,2.449721399817737
Has_OMS,1.5258193779646367
NASA_m2_g,0.9937046970573737
NASA_m2_cm3,0.8243761921048719
NAV_cm3_g,0.06743448683398162
