temp,lowp,outp,seed,mode,qt_frac,train_ratio,out_root,model,R2,MAE,RMSE,MAPE(%)
293K,HENRY,15,2027,lowq,0.55,0.5,./RUN_FULL_EXP,cat,0.9541896794861822,0.16648767739577938,0.0685582468956925,5.294591276558089
