{
  "R2": 0.9541896794861822,
  "MAE": 0.16648767739577938,
  "RMSE": 0.0685582468956925,
  "MAPE(%)": 5.294591276558089
}