temp,lowp,outp,seed,mode,qt_frac,train_ratio,out_root,model,R2,MAE,RMSE,MAPE(%)
273K,0.01,1,2026,struct,0.0,0.45,./RUN_FULL_EXP,cat,0.38190427655486914,0.1864799680523077,0.09479933312558604,49.50904052911026
