{
  "R2": 0.38190427655486914,
  "MAE": 0.1864799680523077,
  "RMSE": 0.09479933312558604,
  "MAPE(%)": 49.50904052911026
}