{
  "R2": 0.40077009178731393,
  "MAE": 0.1816415511556744,
  "RMSE": 0.09011490274297884,
  "MAPE(%)": 49.78258348969046
}