{
  "R2": 0.9953666120437025,
  "MAE": 0.0046208871539488395,
  "RMSE": 5.3715616015445796e-05,
  "MAPE(%)": 1.8071333592238064
}