Feature,Importance
0.05,82.84287757790396
AV_cm3_g,2.3766183778150123
ASA_m2_g,2.1711459887885045
AV_VF,2.1107857406124264
Has_OMS,2.004987022033321
ASA_m2_cm3,1.647594831330749
LCD,1.4828944016823797
cm3_g,1.477480152537663
LFPD,1.1781218733888141
PLD,1.044624438413151
NASA_m2_g,0.9308012111415286
NASA_m2_cm3,0.6403105920854942
NAV_cm3_g,0.09175779226701726
