{
  "R2": 0.9790859368280206,
  "MAE": 0.017647409379878114,
  "RMSE": 0.0019019429110406036,
  "MAPE(%)": 3.1131199862518586
}