temp,lowp,outp,seed,mode,qt_frac,train_ratio,out_root,model,R2,MAE,RMSE,MAPE(%)
273K,0.05,1,2026,lowq,0.15,0.5,./RUN_FULL_EXP,cat,0.9790859368280206,0.017647409379878114,0.0019019429110406036,3.1131199862518586
