Feature,Importance
cm3_g,13.826694424642977
PLD,13.751171134651624
ASA_m2_cm3,12.68090172837008
AV_VF,11.789829782821434
LCD,9.822395025082097
ASA_m2_g,9.673256334686176
LFPD,8.943813166632767
AV_cm3_g,8.054293221284182
Has_OMS,7.783967807374692
NASA_m2_cm3,1.7102619966945207
NASA_m2_g,1.498248597143012
NAV_cm3_g,0.4651667806164317
