{
  "R2": 0.4536712357559606,
  "MAE": 0.36113529908691616,
  "RMSE": 0.26897308049948265,
  "MAPE(%)": 34.49381777885729
}