Feature,Importance
0.05,56.32786961328638
ASA_m2_g,15.121000275447281
AV_VF,5.786000573522057
ASA_m2_cm3,5.594105636594986
AV_cm3_g,4.100731059607024
cm3_g,3.153576557166242
PLD,2.638818378497628
LFPD,2.30040522159027
LCD,2.165699773572762
Has_OMS,1.3897987169927808
NASA_m2_cm3,0.7483030794829123
NASA_m2_g,0.624188036150388
NAV_cm3_g,0.04950307808929479
