{
  "R2": 0.9487818912983785,
  "MAE": 0.16742081314467697,
  "RMSE": 0.06810634564065535,
  "MAPE(%)": 5.230756873862699
}