Feature,Importance
0.01,57.06036596722257
ASA_m2_g,10.792267199563822
AV_cm3_g,6.868293460953202
ASA_m2_cm3,6.170740366937147
AV_VF,4.846781935750148
cm3_g,4.579216963510997
PLD,2.8862536528161167
LCD,2.245041005161386
LFPD,1.6475512464448019
Has_OMS,1.3148187261944981
NASA_m2_g,0.8259790668444237
NASA_m2_cm3,0.588746405254186
NAV_cm3_g,0.17394400334670942
