{
  "R2": 0.41295072922857134,
  "MAE": 0.181647462839965,
  "RMSE": 0.0910701883152559,
  "MAPE(%)": 48.85072194928736
}