{
  "R2": 0.41716833556773647,
  "MAE": 0.1846689405693722,
  "RMSE": 0.10610164026241223,
  "MAPE(%)": 54.26112006077434
}