Feature,Importance
0.01,54.28807728800267
ASA_m2_g,12.934948314005547
ASA_m2_cm3,7.037248832729773
AV_cm3_g,6.389607557539286
AV_VF,6.0913846686495425
cm3_g,3.0244019034575995
PLD,2.543214782982316
LCD,2.4228371489752765
LFPD,1.9594041601482477
Has_OMS,1.5284600205729362
NASA_m2_cm3,0.8734635749982269
NASA_m2_g,0.8058077359458009
NAV_cm3_g,0.10114401199279106
