{
  "R2": 0.9625282321953429,
  "MAE": 0.1679134383889248,
  "RMSE": 0.05647080660433355,
  "MAPE(%)": 5.501690347928847
}