Feature,Importance
0.01,62.14169405991265
ASA_m2_g,7.93683142646115
AV_VF,7.12532858097599
AV_cm3_g,6.165278974135121
ASA_m2_cm3,4.846388433114507
cm3_g,3.6829466884265836
PLD,2.1000288321291336
LFPD,1.9677228478906112
LCD,1.6770005073567065
Has_OMS,1.018370645374695
NASA_m2_cm3,0.7126449143710368
NASA_m2_g,0.5197321700432302
NAV_cm3_g,0.10603191980857767
