Feature,Importance
0.1,87.73237436069573
AV_cm3_g,1.9164694121599413
Has_OMS,1.6955190195449665
cm3_g,1.3958366507308229
ASA_m2_g,1.3411574855058843
LCD,1.218098738409885
AV_VF,0.9522050216994723
ASA_m2_cm3,0.8767989196731496
LFPD,0.8507673081458825
PLD,0.738666759102618
NASA_m2_cm3,0.6274638527565706
NASA_m2_g,0.5816332427273808
NAV_cm3_g,0.07300922884768131
