{
  "R2": 0.9926735606014927,
  "MAE": 0.007230448309277194,
  "RMSE": 0.0001188512645278871,
  "MAPE(%)": 1.9423418760728919
}