Feature,Importance
0.1,85.25238575503072
ASA_m2_cm3,2.175903722353029
AV_cm3_g,1.8616037587143963
AV_VF,1.7005021654153833
PLD,1.4578542812477282
ASA_m2_g,1.337323109035173
LCD,1.2189519320045807
Has_OMS,1.1969699814197103
cm3_g,1.1496414857475141
LFPD,1.1470062898045676
NASA_m2_g,0.7269037076448726
NASA_m2_cm3,0.6016869718747868
NAV_cm3_g,0.17326683970750847
