temp,lowp,outp,seed,mode,qt_frac,train_ratio,out_root,model,R2,MAE,RMSE,MAPE(%)
273K,0.1,1,2026,lowq,0.1,0.5,./RUN_FULL_EXP,cat,0.9847365159498023,0.01769476167377575,0.0017863181270680285,3.061380147891518
