{
  "R2": 0.9847365159498023,
  "MAE": 0.01769476167377575,
  "RMSE": 0.0017863181270680285,
  "MAPE(%)": 3.061380147891518
}