Feature,Importance
0.1,54.037243412418086
ASA_m2_g,16.08184237950928
AV_cm3_g,6.540316063425003
ASA_m2_cm3,5.160797573154798
AV_VF,5.087887022659635
PLD,2.905296895248074
cm3_g,2.872775316075031
LFPD,2.740785318250942
LCD,2.115139148670776
Has_OMS,1.2296622148975502
NASA_m2_g,0.5981115303502517
NASA_m2_cm3,0.5469630791255111
NAV_cm3_g,0.08318004621507696
