temp,lowp,outp,seed,mode,qt_frac,train_ratio,out_root,model,R2,MAE,RMSE,MAPE(%)
293K,0.1,15,2025,lowq,0.1,0.5,./RUN_FULL_EXP,cat,0.9623127646405808,0.16437684428466046,0.06824795808466984,5.752424523856386
