{
  "R2": 0.9623127646405808,
  "MAE": 0.16437684428466046,
  "RMSE": 0.06824795808466984,
  "MAPE(%)": 5.752424523856386
}