{
  "R2": 0.95757721038061,
  "MAE": 0.2262579613348151,
  "RMSE": 0.10468252177601896,
  "MAPE(%)": 5.804268029942039
}