Feature,Importance
0.01,64.59015407411077
ASA_m2_g,10.78710265199084
ASA_m2_cm3,5.220038135512881
AV_cm3_g,4.948472730526077
AV_VF,3.834366611842476
cm3_g,2.180157327203002
LFPD,1.914717963118339
LCD,1.90272991967856
PLD,1.8356915424137454
Has_OMS,1.0863731310401386
NASA_m2_g,0.9619585772552238
NASA_m2_cm3,0.6516464204586871
NAV_cm3_g,0.08659091484927178
