{
  "R2": 0.964496159763976,
  "MAE": 0.12280613406034423,
  "RMSE": 0.030947722297334158,
  "MAPE(%)": 4.93405085828496
}