{
  "R2": 0.9700424892353875,
  "MAE": 0.08955774905646573,
  "RMSE": 0.020633953519383564,
  "MAPE(%)": 4.559484496835604
}