{
  "R2": 0.9658432784849187,
  "MAE": 0.16219783164763396,
  "RMSE": 0.0582772984446526,
  "MAPE(%)": 5.462747782237387
}