Feature,Importance
0.1,76.08748890421585
ASA_m2_cm3,4.41104620182534
ASA_m2_g,4.248772145006508
AV_VF,2.924857700896062
AV_cm3_g,2.818308246586641
cm3_g,1.9696931379602276
LCD,1.852801888401032
Has_OMS,1.7015295613292896
PLD,1.303402928643213
LFPD,1.160158026988203
NASA_m2_cm3,0.8837720000631157
NASA_m2_g,0.5503559001313139
NAV_cm3_g,0.08781335795318404
