{
  "R2": 0.9856545347699283,
  "MAE": 0.03414603801123676,
  "RMSE": 0.0030143774225008546,
  "MAPE(%)": 3.2686219976005746
}