temp,lowp,outp,seed,mode,qt_frac,train_ratio,out_root,model,R2,MAE,RMSE,MAPE(%)
313K,0.1,5,2027,lowq,0.2,0.5,./RUN_FULL_EXP,cat,0.9856545347699283,0.03414603801123676,0.0030143774225008546,3.2686219976005746
