Feature,Importance
ASA_m2_g,17.94121677817173
AV_VF,14.428156722743331
cm3_g,14.007697963209363
ASA_m2_cm3,10.358451641714813
PLD,10.1055987356306
LCD,8.187261573244985
AV_cm3_g,8.108038345211165
LFPD,6.980079192187436
Has_OMS,6.132311685343986
NASA_m2_cm3,1.7323743407899166
NASA_m2_g,1.4100976524179565
NAV_cm3_g,0.6087153693347108
