temp,lowp,outp,seed,mode,qt_frac,train_ratio,out_root,model,R2,MAE,RMSE,MAPE(%)
293K,0.01,15,2028,struct,0.0,0.7,./RUN_FULL_EXP,cat,0.7367468191084161,0.5065326681100745,0.5276965345388104,21.555624099697297
