{
  "R2": 0.7367468191084161,
  "MAE": 0.5065326681100745,
  "RMSE": 0.5276965345388104,
  "MAPE(%)": 21.555624099697297
}