{
  "R2": 0.982453012560531,
  "MAE": 0.020927828462898587,
  "RMSE": 0.0013393354835397459,
  "MAPE(%)": 3.933885821311473
}