{
  "R2": 0.9833205733418146,
  "MAE": 0.020267632947487957,
  "RMSE": 0.001252307080441731,
  "MAPE(%)": 3.8749829541208967
}