Feature,Importance
0.05,86.92979156321572
AV_cm3_g,2.11712034047125
cm3_g,1.5086910264826803
LCD,1.4447942522353827
Has_OMS,1.351107997317627
AV_VF,1.3033156270136608
ASA_m2_g,1.22913967679459
PLD,1.0804746635301006
LFPD,0.9999252607010983
ASA_m2_cm3,0.7741764169348642
NASA_m2_cm3,0.7267463167670571
NASA_m2_g,0.47785319518749236
NAV_cm3_g,0.05686366334850261
