temp,lowp,outp,seed,mode,qt_frac,train_ratio,out_root,model,R2,MAE,RMSE,MAPE(%)
293K,0.05,1,2029,lowq,0.8,0.5,./RUN_FULL_EXP,cat,0.9900941993268008,0.007509885529606247,0.0001406371425306494,1.9854425001359894
