{
  "R2": 0.9900941993268008,
  "MAE": 0.007509885529606247,
  "RMSE": 0.0001406371425306494,
  "MAPE(%)": 1.9854425001359894
}