{
  "R2": 0.9845925067880843,
  "MAE": 0.017224436093454313,
  "RMSE": 0.0007696177894374216,
  "MAPE(%)": 3.138736732658356
}