temp,lowp,outp,seed,mode,qt_frac,train_ratio,out_root,model,R2,MAE,RMSE,MAPE(%)
293K,HENRY,1,2028,lowq,0.75,0.5,./RUN_FULL_EXP,cat,0.9920217272086091,0.006803684748868833,0.00012337110504972008,1.7659487620820042
