{
  "R2": 0.9920217272086091,
  "MAE": 0.006803684748868833,
  "RMSE": 0.00012337110504972008,
  "MAPE(%)": 1.7659487620820042
}