{
  "R2": 0.9720224123840686,
  "MAE": 0.058426761415168026,
  "RMSE": 0.009709476808530402,
  "MAPE(%)": 4.040385453238277
}