{
  "R2": 0.9584966639352464,
  "MAE": 0.2263281622833051,
  "RMSE": 0.1018107432133325,
  "MAPE(%)": 5.862013544121045
}