temp,lowp,outp,seed,mode,qt_frac,train_ratio,out_root,model,R2,MAE,RMSE,MAPE(%)
293K,0.01,1,2026,struct_with_input,0.0,0.6,./RUN_FULL_EXP,cat,0.9621216885282116,0.014488072208534134,0.002963246584518702,3.4641450740707396
