{
  "R2": 0.9621216885282116,
  "MAE": 0.014488072208534134,
  "RMSE": 0.002963246584518702,
  "MAPE(%)": 3.4641450740707396
}