Feature,Importance
0.01,80.27189945676004
cm3_g,3.336882476219644
Has_OMS,3.1039568489968135
ASA_m2_g,2.128968279528363
AV_cm3_g,2.1092882020264927
LCD,1.8547524632096095
ASA_m2_cm3,1.7572002856899802
AV_VF,1.4592420714155405
PLD,1.4193261957701933
LFPD,1.217768141153061
NASA_m2_g,0.5800658661917615
NASA_m2_cm3,0.5435150075733575
NAV_cm3_g,0.21713470546513047
