Feature,Importance
0.01,79.3362756786812
Has_OMS,4.080240032769737
PLD,2.6497674109041025
AV_VF,2.648277030208539
cm3_g,1.9171318156647132
AV_cm3_g,1.8976593811359097
ASA_m2_cm3,1.8240195547315676
ASA_m2_g,1.608439424984809
LCD,1.260783979340583
LFPD,1.0381605547397772
NASA_m2_cm3,0.7914818423680025
NASA_m2_g,0.6647853163367797
NAV_cm3_g,0.2829779781342725
