{
  "R2": 0.9564192020683481,
  "MAE": 0.027142108016460536,
  "RMSE": 0.005611039001538404,
  "MAPE(%)": 5.0423335102170705
}