{
  "R2": 0.9652326223970977,
  "MAE": 0.02658803283779505,
  "RMSE": 0.004428065648117304,
  "MAPE(%)": 5.144654537695036
}