Feature,Importance
HENRY,77.09080453033924
AV_VF,4.20722290792776
ASA_m2_g,3.5640080462870194
AV_cm3_g,3.024679195966571
ASA_m2_cm3,2.8623138094875666
PLD,1.6845642730602095
Has_OMS,1.6350780197946382
cm3_g,1.6344655713166334
LFPD,1.515973065888115
LCD,1.404274053588084
NASA_m2_cm3,0.6457688107580132
NASA_m2_g,0.6167863996071564
NAV_cm3_g,0.11406131597899027
