{
  "R2": 0.9810075240485213,
  "MAE": 0.03315606157122523,
  "RMSE": 0.002701728619157345,
  "MAPE(%)": 3.0281300519562624
}