temp,lowp,outp,seed,mode,qt_frac,train_ratio,out_root,model,R2,MAE,RMSE,MAPE(%)
313K,HENRY,5,2028,lowq,0.55,0.5,./RUN_FULL_EXP,cat,0.9810075240485213,0.03315606157122523,0.002701728619157345,3.0281300519562624
