{
  "R2": 0.7069447595611722,
  "MAE": 0.5254407816599663,
  "RMSE": 0.5544946098979345,
  "MAPE(%)": 21.66293657784285
}