{
  "R2": 0.9567134131148207,
  "MAE": 0.1811658014504833,
  "RMSE": 0.08207526401541526,
  "MAPE(%)": 6.3744376575060375
}