{
  "R2": 0.9617119584329674,
  "MAE": 0.10343245030746082,
  "RMSE": 0.02803810451153129,
  "MAPE(%)": 5.231165682410601
}