temp,lowp,outp,seed,mode,qt_frac,train_ratio,out_root,model,R2,MAE,RMSE,MAPE(%)
273K,0.05,5,2027,lowq,0.2,0.5,./RUN_FULL_EXP,cat,0.9617119584329674,0.10343245030746082,0.02803810451153129,5.231165682410601
