{
  "R2": 0.9696712428742942,
  "MAE": 0.05811946681424027,
  "RMSE": 0.009311969387353892,
  "MAPE(%)": 4.001130781711207
}