{
  "R2": 0.9764305417158481,
  "MAE": 0.04021164811046353,
  "RMSE": 0.0032502431471012057,
  "MAPE(%)": 3.6714748147595735
}