temp,lowp,outp,seed,mode,qt_frac,train_ratio,out_root,model,R2,MAE,RMSE,MAPE(%)
293K,0.01,15,2029,lowq,0.1,0.5,./RUN_FULL_EXP,cat,0.9647998968144298,0.17044354373325832,0.06398451592850066,5.931282389310219
