{
  "R2": 0.9647998968144298,
  "MAE": 0.17044354373325832,
  "RMSE": 0.06398451592850066,
  "MAPE(%)": 5.931282389310219
}