Feature,Importance
0.1,58.48068333674718
ASA_m2_g,11.757767842611496
ASA_m2_cm3,7.308887152764512
AV_VF,5.062074576456058
AV_cm3_g,4.9597339316866655
cm3_g,3.172134918146054
LCD,2.536102376041915
PLD,2.2916557740119137
LFPD,1.8019140073391948
Has_OMS,1.0714795700226247
NASA_m2_cm3,0.8500554282814661
NASA_m2_g,0.6418556241287197
NAV_cm3_g,0.06565546176222409
