{
  "R2": 0.9623203168124621,
  "MAE": 0.15868091032031792,
  "RMSE": 0.04957756197360523,
  "MAPE(%)": 5.024495354156143
}