temp,lowp,outp,seed,mode,qt_frac,train_ratio,out_root,model,R2,MAE,RMSE,MAPE(%)
293K,0.05,1,2025,lowq,0.3,0.5,./RUN_FULL_EXP,cat,0.9913007452117407,0.008574870410003673,0.00024439008954259744,2.3617005218659237
