{
  "R2": 0.9913007452117407,
  "MAE": 0.008574870410003673,
  "RMSE": 0.00024439008954259744,
  "MAPE(%)": 2.3617005218659237
}