{
  "R2": 0.9522260920633311,
  "MAE": 0.1756760628387171,
  "RMSE": 0.07307467282861556,
  "MAPE(%)": 5.712109000658995
}