Feature,Importance
0.01,85.125993644609
ASA_m2_g,1.873253729471464
AV_cm3_g,1.760040896294827
LFPD,1.5992268348642489
cm3_g,1.5467893672804358
LCD,1.5439913581431857
Has_OMS,1.3972693106974563
AV_VF,1.3014125808532693
ASA_m2_cm3,1.2542563373271487
PLD,1.1251756311136496
NASA_m2_cm3,0.8440466764308484
NASA_m2_g,0.559852759834046
NAV_cm3_g,0.0686908730804347
