{
  "R2": 0.988470696940894,
  "MAE": 0.009495880072440982,
  "RMSE": 0.00019098027772143286,
  "MAPE(%)": 2.6179666942661126
}