temp,lowp,outp,seed,mode,qt_frac,train_ratio,out_root,model,R2,MAE,RMSE,MAPE(%)
293K,0.01,1,2027,lowq,0.7,0.5,./RUN_FULL_EXP,cat,0.988470696940894,0.009495880072440982,0.00019098027772143286,2.6179666942661126
