Feature,Importance
0.01,73.46951687692747
ASA_m2_cm3,5.270674995645686
AV_VF,4.673712071991896
AV_cm3_g,3.1328044927183907
ASA_m2_g,2.6509329942848567
cm3_g,2.587677810827877
PLD,2.0300338900094372
LCD,1.8672319549410723
LFPD,1.498897041137525
Has_OMS,1.2030481092009533
NASA_m2_cm3,0.9678697394048575
NASA_m2_g,0.5375642618476317
NAV_cm3_g,0.11003576106233307
