{
  "R2": 0.9560516618429805,
  "MAE": 0.07883743836650342,
  "RMSE": 0.021721265799479667,
  "MAPE(%)": 6.082029597841987
}