Feature,Importance
0.5,93.58970385126078
cm3_g,1.2181841243961635
AV_cm3_g,0.7445409517978698
ASA_m2_cm3,0.6719271677985156
AV_VF,0.6528425928416077
LCD,0.5935664220480539
PLD,0.570855841101541
Has_OMS,0.4560138565965811
LFPD,0.3993609480248198
ASA_m2_g,0.3756240171113141
NASA_m2_g,0.34823358811704824
NASA_m2_cm3,0.31508676007636327
NAV_cm3_g,0.0640598788293306
