{
  "R2": 0.9959908241960059,
  "MAE": 0.005411037961631264,
  "RMSE": 5.613684696727454e-05,
  "MAPE(%)": 1.4431520712692998
}