temp,lowp,outp,seed,mode,qt_frac,train_ratio,out_root,model,R2,MAE,RMSE,MAPE(%)
293K,0.5,1,2026,lowq,0.8,0.5,./RUN_FULL_EXP,cat,0.9959908241960059,0.005411037961631264,5.613684696727454e-05,1.4431520712692998
