Feature,Importance
0.1,85.91495188177588
AV_VF,1.8616645878586224
ASA_m2_cm3,1.6732281112978824
ASA_m2_g,1.6585726395526903
AV_cm3_g,1.6483440894617685
PLD,1.6060363913439126
Has_OMS,1.333559937290152
cm3_g,1.2284714322882608
LCD,1.0716411394094418
LFPD,0.9744333580838163
NASA_m2_cm3,0.6325306808613119
NASA_m2_g,0.33358644398309417
NAV_cm3_g,0.06297930679316993
