temp,lowp,outp,seed,mode,qt_frac,train_ratio,out_root,model,R2,MAE,RMSE,MAPE(%)
273K,0.1,1,2028,lowq,0.7,0.5,./RUN_FULL_EXP,cat,0.9879507883585951,0.013901692583316215,0.0004732867392839018,2.4992353839856003
