{
  "R2": 0.9879507883585951,
  "MAE": 0.013901692583316215,
  "RMSE": 0.0004732867392839018,
  "MAPE(%)": 2.4992353839856003
}