Feature,Importance
0.1,62.89015854068793
ASA_m2_g,10.508827202722204
AV_VF,5.319519843916283
ASA_m2_cm3,5.300489502505414
AV_cm3_g,4.848084091521577
cm3_g,2.7473863829007694
PLD,2.0016822161654524
LCD,1.9300767548311573
LFPD,1.9050474901720853
Has_OMS,1.2875671890900815
NASA_m2_cm3,0.6069923064954377
NASA_m2_g,0.577171308695708
NAV_cm3_g,0.07699717029590647
