{
  "R2": 0.9661705451191748,
  "MAE": 0.11224855550159564,
  "RMSE": 0.037586886385581365,
  "MAPE(%)": 4.791292482440316
}