Feature,Importance
0.01,85.62493441222257
cm3_g,1.8989473186133428
ASA_m2_g,1.831967238757127
ASA_m2_cm3,1.6864487750251616
LFPD,1.6371241597556296
LCD,1.4881006760170794
AV_VF,1.3035642694528706
PLD,1.2364231448316927
AV_cm3_g,0.998395867935528
Has_OMS,0.9955575835079172
NASA_m2_g,0.6427065687052117
NASA_m2_cm3,0.6245575679898145
NAV_cm3_g,0.031272417186034955
