temp,lowp,outp,seed,mode,qt_frac,train_ratio,out_root,model,R2,MAE,RMSE,MAPE(%)
293K,0.01,1,2027,struct_with_input,0.0,0.8,./RUN_FULL_EXP,cat,0.9640995826884363,0.01336252986894749,0.0027596024360371117,3.2194688620537018
