{
  "R2": 0.9640995826884363,
  "MAE": 0.01336252986894749,
  "RMSE": 0.0027596024360371117,
  "MAPE(%)": 3.2194688620537018
}