{
  "R2": 0.9619016181992471,
  "MAE": 0.16997026393103312,
  "RMSE": 0.07201038120646658,
  "MAPE(%)": 6.020374388667406
}