Feature,Importance
0.01,71.8862042928061
ASA_m2_g,5.662581748801622
AV_VF,5.165423383787565
ASA_m2_cm3,4.122345997257505
AV_cm3_g,3.153202833797519
PLD,2.002350111560182
LCD,1.8555300497728215
cm3_g,1.7039427262339173
LFPD,1.540398627257551
Has_OMS,1.4867452547552213
NASA_m2_cm3,0.873536428363662
NASA_m2_g,0.4977580853434305
NAV_cm3_g,0.049980460262894474
