{
  "R2": 0.9769079325393266,
  "MAE": 0.061593670544667994,
  "RMSE": 0.010754439141233566,
  "MAPE(%)": 4.581436311917362
}