{
  "R2": 0.9961703383086754,
  "MAE": 0.005699750031476294,
  "RMSE": 7.214886391447749e-05,
  "MAPE(%)": 1.5362319670850821
}