Feature,Importance
PLD,15.934125229739406
Has_OMS,14.629719585495932
cm3_g,13.455817238413887
ASA_m2_cm3,11.948521295453569
AV_VF,11.330155285890779
LFPD,8.847267305574283
LCD,8.563443652698409
ASA_m2_g,6.992658773261723
AV_cm3_g,5.722519444148555
NASA_m2_g,1.3881071063210897
NASA_m2_cm3,0.9493522951551333
NAV_cm3_g,0.23831278784721766
