{
  "R2": 0.30032113657236437,
  "MAE": 0.19380942875611556,
  "RMSE": 0.1044391249501297,
  "MAPE(%)": 47.16470284498629
}