Feature,Importance
0.01,86.99209406671378
AV_VF,2.0588831574427884
cm3_g,1.8140403985046685
Has_OMS,1.514505678602278
PLD,1.438559432601865
LFPD,1.3060934162462834
ASA_m2_cm3,1.1910139293293518
ASA_m2_g,1.0790007709737295
LCD,0.9439083562927055
AV_cm3_g,0.9055590454934458
NASA_m2_g,0.4856312813212092
NASA_m2_cm3,0.2248070689590594
NAV_cm3_g,0.04590339751886181
