{
  "R2": 0.9453492756930462,
  "MAE": 0.01671908500914378,
  "RMSE": 0.004183611744922553,
  "MAPE(%)": 3.8692715388708283
}