{
  "R2": 0.97900975644976,
  "MAE": 0.006474210878627299,
  "RMSE": 0.0008251528077762367,
  "MAPE(%)": 2.2105859156583074
}