{
  "R2": 0.9624905637977136,
  "MAE": 0.014498555971402304,
  "RMSE": 0.0026722379088153555,
  "MAPE(%)": 4.033159134817772
}