{
  "R2": 0.9834339412692287,
  "MAE": 0.03339290026159463,
  "RMSE": 0.0029368058977255916,
  "MAPE(%)": 3.086312253223182
}