Feature,Importance
0.1,78.77780005627638
ASA_m2_g,3.828217107072659
AV_cm3_g,3.192212731541248
ASA_m2_cm3,3.1421808239296145
AV_VF,2.666814825110502
cm3_g,2.1272791734206065
Has_OMS,1.3663547863640362
LCD,1.2974256882214465
PLD,1.2896412098554062
LFPD,1.2080966854839539
NASA_m2_cm3,0.5165181547671392
NASA_m2_g,0.4967705415520342
NAV_cm3_g,0.09068821640495336
