{
  "R2": 0.9802674638995451,
  "MAE": 0.03599953376111568,
  "RMSE": 0.004349567972065852,
  "MAPE(%)": 3.3309641047247736
}