temp,lowp,outp,seed,mode,qt_frac,train_ratio,out_root,model,R2,MAE,RMSE,MAPE(%)
293K,HENRY,15,2025,lowq,0.05,0.5,./RUN_FULL_EXP,cat,0.9599991027798278,0.1658249619165568,0.07443275496239417,5.8096431344027994
