{
  "R2": 0.9599991027798278,
  "MAE": 0.1658249619165568,
  "RMSE": 0.07443275496239417,
  "MAPE(%)": 5.8096431344027994
}