{
  "R2": 0.9858472784128903,
  "MAE": 0.01385150889038028,
  "RMSE": 0.0005714843838166224,
  "MAPE(%)": 2.5612085113574894
}