{
  "R2": 0.525927475722384,
  "MAE": 0.3276519843726471,
  "RMSE": 0.2359863885747471,
  "MAPE(%)": 29.10462764142053
}