{
  "R2": 0.958276082394275,
  "MAE": 0.16825082484028217,
  "RMSE": 0.06073528645119238,
  "MAPE(%)": 5.394457706567444
}