temp,lowp,outp,seed,mode,qt_frac,train_ratio,out_root,model,R2,MAE,RMSE,MAPE(%)
293K,HENRY,15,2029,lowq,0.55,0.5,./RUN_FULL_EXP,cat,0.958276082394275,0.16825082484028217,0.06073528645119238,5.394457706567444
