{
  "R2": 0.965168218392245,
  "MAE": 0.21889135942346633,
  "RMSE": 0.10403942584626469,
  "MAPE(%)": 6.120297553575278
}