Feature,Importance
cm3_g,13.634970602098184
AV_VF,13.450631785839303
PLD,12.466936703935573
ASA_m2_cm3,12.284427433066371
LCD,10.219401267899677
ASA_m2_g,10.160719787064716
Has_OMS,9.019515322146832
AV_cm3_g,8.02187956005238
LFPD,7.669197909505525
NASA_m2_cm3,1.4342630683898236
NASA_m2_g,1.4165784133309787
NAV_cm3_g,0.2214781466706345
