{
  "R2": 0.4236963795879778,
  "MAE": 0.3710023168347177,
  "RMSE": 0.28496427607826724,
  "MAPE(%)": 34.747376639017276
}