Feature,Importance
0.01,61.306310684487926
ASA_m2_g,10.579781497386756
ASA_m2_cm3,5.962615126489991
AV_cm3_g,5.931073938932905
AV_VF,4.1174727675590646
cm3_g,3.511169095248795
LFPD,2.078768461125519
PLD,2.0468375112360984
LCD,1.9405070609704937
Has_OMS,1.3174255891707272
NASA_m2_cm3,0.744478422508689
NASA_m2_g,0.3878947410388019
NAV_cm3_g,0.07566510384424822
