{
  "R2": 0.9645215579241362,
  "MAE": 0.11968794541695686,
  "RMSE": 0.027620758645377032,
  "MAPE(%)": 4.648195897291653
}