{
  "R2": 0.9738098813757821,
  "MAE": 0.05118244629852717,
  "RMSE": 0.006102111084530109,
  "MAPE(%)": 3.4356089495236697
}