Feature,Importance
0.01,79.84209818479466
AV_cm3_g,2.54998038102064
AV_VF,2.391267679896476
ASA_m2_cm3,2.2758033796497594
PLD,2.2054063281026566
Has_OMS,2.156229602484817
cm3_g,2.152915593559975
LCD,1.8065452351520528
LFPD,1.7421964796008718
ASA_m2_g,1.4408260571915643
NASA_m2_g,0.8216290880224693
NASA_m2_cm3,0.5699967345845645
NAV_cm3_g,0.045105255939496824
