Feature,Importance
0.5,64.44130053966994
ASA_m2_g,10.936685659735799
AV_VF,5.043367557526529
AV_cm3_g,5.011187583007522
ASA_m2_cm3,4.286813273989163
cm3_g,2.520320804792787
LCD,2.107695434565208
PLD,1.9700077007185104
LFPD,1.6513731590666527
Has_OMS,1.1919897135063697
NASA_m2_g,0.4099832918980732
NASA_m2_cm3,0.34831063689869196
NAV_cm3_g,0.08096464462472736
