{
  "R2": 0.9720674212744651,
  "MAE": 0.10635650171785214,
  "RMSE": 0.023969002642159096,
  "MAPE(%)": 4.267908923370336
}