{
  "R2": 0.9586903532264311,
  "MAE": 0.1112751559082945,
  "RMSE": 0.03508151417677541,
  "MAPE(%)": 6.1807680659521385
}