Feature,Importance
0.05,85.68525591707059
LFPD,1.966688562370256
cm3_g,1.8866981743537328
Has_OMS,1.7450895315551715
AV_cm3_g,1.6539192267815588
PLD,1.6341362547590212
LCD,1.3881526549277583
ASA_m2_cm3,1.230340185746179
AV_VF,1.2212580946805798
ASA_m2_g,0.8190212423528186
NASA_m2_cm3,0.4621753361031949
NASA_m2_g,0.2631519504474979
NAV_cm3_g,0.04411286885164307
