{
  "R2": 0.99429301773775,
  "MAE": 0.00512815470642646,
  "RMSE": 8.098926217460042e-05,
  "MAPE(%)": 2.1172451526398217
}