Feature,Importance
0.01,86.00623702744069
AV_cm3_g,2.098439107129586
cm3_g,1.804817889231567
Has_OMS,1.5068436295801069
LCD,1.4403971183638506
AV_VF,1.4056719245794747
LFPD,1.2790458252379646
ASA_m2_cm3,1.1011961841165123
PLD,1.0526489385173643
ASA_m2_g,0.9885612181727346
NASA_m2_g,0.6428352309339008
NASA_m2_cm3,0.6259627810505571
NAV_cm3_g,0.04734312564570233
