{
  "R2": 0.989211061366762,
  "MAE": 0.009133818420566958,
  "RMSE": 0.00017702759252394648,
  "MAPE(%)": 2.5152740253906045
}