{
  "R2": 0.958930089044146,
  "MAE": 0.23164927256315548,
  "RMSE": 0.12404592500453586,
  "MAPE(%)": 6.577812717327243
}