{
  "R2": 0.9579515764694186,
  "MAE": 0.1044688075547556,
  "RMSE": 0.02762493228162045,
  "MAPE(%)": 5.290950458648899
}