temp,lowp,outp,seed,mode,qt_frac,train_ratio,out_root,model,R2,MAE,RMSE,MAPE(%)
273K,0.05,5,2028,lowq,0.35,0.5,./RUN_FULL_EXP,cat,0.9579515764694186,0.1044688075547556,0.02762493228162045,5.290950458648899
