temp,lowp,outp,seed,mode,qt_frac,train_ratio,out_root,model,R2,MAE,RMSE,MAPE(%)
313K,0.05,15,2029,lowq,0.1,0.5,./RUN_FULL_EXP,cat,0.9726780259051357,0.11222491471025473,0.031205033044969088,4.768475084778998
