{
  "R2": 0.9726780259051357,
  "MAE": 0.11222491471025473,
  "RMSE": 0.031205033044969088,
  "MAPE(%)": 4.768475084778998
}