Feature,Importance
0.5,80.18454284990278
ASA_m2_g,4.782576375848765
AV_VF,2.4967587015052977
ASA_m2_cm3,2.2888809044336367
AV_cm3_g,2.140737694585116
cm3_g,1.8529695015289473
PLD,1.332397225463674
LFPD,1.3244861837827584
LCD,1.0557335638040577
Has_OMS,1.0537463271599186
NASA_m2_cm3,0.7935351604172647
NASA_m2_g,0.5869491452527359
NAV_cm3_g,0.10668636631504788
