{
  "R2": 0.9844527858529857,
  "MAE": 0.031859293018287896,
  "RMSE": 0.0036226133497163993,
  "MAPE(%)": 2.9658357163935762
}