Feature,Importance
0.01,51.903340203545525
ASA_m2_g,16.251519576364444
ASA_m2_cm3,6.723529944114827
AV_VF,5.9897079258490695
AV_cm3_g,5.636024487955656
cm3_g,3.6091171589638558
PLD,2.763146759904685
LCD,2.4901908932730343
LFPD,1.9387825141592894
Has_OMS,1.2516413779202502
NASA_m2_cm3,0.7648719973981234
NASA_m2_g,0.6240262448843441
NAV_cm3_g,0.05410091566687784
