Feature,Importance
HENRY,63.551577410300446
ASA_m2_g,8.504638468370095
ASA_m2_cm3,6.862795615412416
AV_VF,5.308269885545964
PLD,2.597973584003723
cm3_g,2.5797284347472003
LFPD,2.5593956136462275
LCD,2.4465079027153167
AV_cm3_g,2.1414513822817827
Has_OMS,1.9349047637290187
NASA_m2_cm3,0.8241365559520647
NASA_m2_g,0.6449452402663879
NAV_cm3_g,0.04367514302937132
