{
  "R2": 0.9505571175079215,
  "MAE": 0.09891631932957262,
  "RMSE": 0.022066812621922244,
  "MAPE(%)": 4.881297614400254
}