temp,lowp,outp,seed,mode,qt_frac,train_ratio,out_root,model,R2,MAE,RMSE,MAPE(%)
273K,HENRY,5,2025,lowq,0.8,0.5,./RUN_FULL_EXP,cat,0.9505571175079215,0.09891631932957262,0.022066812621922244,4.881297614400254
