temp,lowp,outp,seed,mode,qt_frac,train_ratio,out_root,model,R2,MAE,RMSE,MAPE(%)
293K,0.01,1,2025,struct,0.0,0.55,./RUN_FULL_EXP,cat,0.34702171139552407,0.12239997493040766,0.04848265812992011,44.10453853882798
