{
  "R2": 0.34702171139552407,
  "MAE": 0.12239997493040766,
  "RMSE": 0.04848265812992011,
  "MAPE(%)": 44.10453853882798
}