Feature,Importance
0.1,88.21514909593321
AV_cm3_g,1.7579192738504348
AV_VF,1.7207097348123215
cm3_g,1.7197107827578906
ASA_m2_g,1.1070575286861362
Has_OMS,0.9495559488461007
LCD,0.9348418143438593
ASA_m2_cm3,0.9166302247999233
LFPD,0.8493644727858538
PLD,0.8191204842380203
NASA_m2_g,0.47696108721662384
NASA_m2_cm3,0.37177265045067615
NAV_cm3_g,0.16120690127894433
