{
  "R2": 0.9931161181057094,
  "MAE": 0.00726773426064356,
  "RMSE": 0.0001287825791965682,
  "MAPE(%)": 1.9701075922439817
}