temp,lowp,outp,seed,mode,qt_frac,train_ratio,out_root,model,R2,MAE,RMSE,MAPE(%)
293K,0.1,1,2026,lowq,0.6,0.5,./RUN_FULL_EXP,cat,0.9931161181057094,0.00726773426064356,0.0001287825791965682,1.9701075922439817
