{
  "R2": 0.9955429517839173,
  "MAE": 0.004199688093388674,
  "RMSE": 5.136410195693571e-05,
  "MAPE(%)": 1.6457622789465578
}