Feature,Importance
0.01,71.42256527787649
ASA_m2_cm3,5.842283384180403
ASA_m2_g,5.305850293037282
AV_VF,4.194658924394363
cm3_g,2.355631556028001
AV_cm3_g,2.2417295370961905
LCD,2.1093286225448478
LFPD,1.972860785629908
PLD,1.6766649119678352
Has_OMS,1.616524133774509
NASA_m2_g,0.6043490598571634
NASA_m2_cm3,0.5623505181918357
NAV_cm3_g,0.09520299542117207
