{
  "R2": 0.9713020577366991,
  "MAE": 0.06292223450630986,
  "RMSE": 0.010067543121454445,
  "MAPE(%)": 4.324020475525785
}