{
  "R2": 0.9515039013009107,
  "MAE": 0.2404841911361604,
  "RMSE": 0.11491944068033426,
  "MAPE(%)": 6.079373304302759
}