Feature,Importance
HENRY,86.82612928841299
cm3_g,1.7559627081243487
AV_VF,1.5333431867326879
LCD,1.4643806189212656
ASA_m2_cm3,1.29740319765433
ASA_m2_g,1.2663512945294246
AV_cm3_g,1.2651375348284153
Has_OMS,1.2303915250601023
PLD,1.1413811410018198
LFPD,0.9713858848556534
NASA_m2_cm3,0.588247122524162
NASA_m2_g,0.5547549021652709
NAV_cm3_g,0.10513159518954929
