{
  "R2": 0.9916947040135723,
  "MAE": 0.007035136670900304,
  "RMSE": 0.00012874168769203508,
  "MAPE(%)": 1.8382901841187096
}