Feature,Importance
0.01,77.04515846662474
cm3_g,3.9990500273799636
LCD,2.5566049480387507
ASA_m2_g,2.4601464615320543
Has_OMS,2.413960301700675
AV_VF,2.266184225327942
PLD,2.0888137759412793
AV_cm3_g,2.063525039734118
LFPD,1.6240601954675569
NASA_m2_cm3,1.5598572878537318
ASA_m2_cm3,1.1607586277841486
NASA_m2_g,0.7132933134323274
NAV_cm3_g,0.04858732918269406
