{
  "R2": 0.9470730421953891,
  "MAE": 0.022627810436317765,
  "RMSE": 0.003551150269403472,
  "MAPE(%)": 7.777434296417093
}