temp,lowp,outp,seed,mode,qt_frac,train_ratio,out_root,model,R2,MAE,RMSE,MAPE(%)
293K,0.01,1,2026,struct_with_input,0.03,0.05,./RUN_FULL_EXP,cat,0.9470730421953891,0.022627810436317765,0.003551150269403472,7.777434296417093
