{
  "R2": 0.9823857289429425,
  "MAE": 0.019907872682619652,
  "RMSE": 0.0015172316783557186,
  "MAPE(%)": 3.784233213432131
}