{
  "R2": 0.9805744555818383,
  "MAE": 0.020226185449364355,
  "RMSE": 0.0016712008832898586,
  "MAPE(%)": 3.7751751151269426
}