{
  "R2": 0.9626934233790619,
  "MAE": 0.15523131746363733,
  "RMSE": 0.04925882217999958,
  "MAPE(%)": 4.932234752308734
}