temp,lowp,outp,seed,mode,qt_frac,train_ratio,out_root,model,R2,MAE,RMSE,MAPE(%)
313K,HENRY,15,2027,lowq,0.65,0.5,./RUN_FULL_EXP,cat,0.969761329590672,0.10892771037294222,0.02442663768826571,4.325979859837522
