{
  "R2": 0.969761329590672,
  "MAE": 0.10892771037294222,
  "RMSE": 0.02442663768826571,
  "MAPE(%)": 4.325979859837522
}