Feature,Importance
0.01,71.28356309103994
ASA_m2_g,5.983875110181814
ASA_m2_cm3,4.597391962810575
AV_VF,3.8895532898353022
LCD,2.6533836372145982
cm3_g,2.6481919969598207
AV_cm3_g,2.2296525913307494
Has_OMS,2.091948823089608
PLD,1.6729543254470447
LFPD,1.437567941623768
NASA_m2_cm3,0.9012540330087413
NASA_m2_g,0.4980360245042048
NAV_cm3_g,0.11262717295384606
