{
  "R2": 0.9651317374387195,
  "MAE": 0.0649438539716168,
  "RMSE": 0.010512233867907861,
  "MAPE(%)": 4.45713566958859
}