{
  "R2": 0.9893533650343295,
  "MAE": 0.011572326177593996,
  "RMSE": 0.0003251891351718376,
  "MAPE(%)": 3.43388439659848
}