{
  "R2": 0.9470208232930887,
  "MAE": 0.2408627950123854,
  "RMSE": 0.13040174232017437,
  "MAPE(%)": 6.006450610179649
}