Feature,Importance
0.5,75.61958398052937
ASA_m2_g,5.502480990977949
ASA_m2_cm3,3.8638951639512333
AV_cm3_g,3.465143326884437
AV_VF,3.052905727792343
LFPD,1.6451155666898216
PLD,1.4451218396529644
cm3_g,1.4184316950010072
LCD,1.3670024513700634
Has_OMS,1.1112676046657382
NASA_m2_cm3,0.8568983371614176
NASA_m2_g,0.5571789393807479
NAV_cm3_g,0.09497437594290102
