{
  "R2": 0.9796050689122067,
  "MAE": 0.05442124643902299,
  "RMSE": 0.008763362753616753,
  "MAPE(%)": 3.792813513906325
}