{
  "R2": 0.9554536880814758,
  "MAE": 0.10660228713228055,
  "RMSE": 0.027933023431341124,
  "MAPE(%)": 5.470303278747434
}