temp,lowp,outp,seed,mode,qt_frac,train_ratio,out_root,model,R2,MAE,RMSE,MAPE(%)
273K,0.01,5,2027,lowq,0.35,0.5,./RUN_FULL_EXP,cat,0.9554536880814758,0.10660228713228055,0.027933023431341124,5.470303278747434
