temp,lowp,outp,seed,mode,qt_frac,train_ratio,out_root,model,R2,MAE,RMSE,MAPE(%)
313K,HENRY,1,2028,lowq,0.5,0.5,./RUN_FULL_EXP,cat,0.9954876320868254,0.004207259664389819,4.400601934408612e-05,1.6566569581102197
