{
  "R2": 0.9954876320868254,
  "MAE": 0.004207259664389819,
  "RMSE": 4.400601934408612e-05,
  "MAPE(%)": 1.6566569581102197
}