Feature,Importance
0.5,80.98208082075013
ASA_m2_g,3.954829647625284
AV_VF,2.8233506495479914
AV_cm3_g,2.6322341053813743
ASA_m2_cm3,1.950833719631904
LCD,1.589354167738305
cm3_g,1.5575548899395855
Has_OMS,1.3859675293208606
PLD,1.157644969456659
LFPD,0.8789330699048132
NASA_m2_cm3,0.5101040552646631
NASA_m2_g,0.4735988887087234
NAV_cm3_g,0.10351348672973022
