{
  "R2": 0.9838913508992921,
  "MAE": 0.030343547652974468,
  "RMSE": 0.002115151195487325,
  "MAPE(%)": 2.750883895165047
}