temp,lowp,outp,seed,mode,qt_frac,train_ratio,out_root,model,R2,MAE,RMSE,MAPE(%)
313K,0.5,5,2026,lowq,0.6,0.5,./RUN_FULL_EXP,cat,0.9838913508992921,0.030343547652974468,0.002115151195487325,2.750883895165047
