{
  "R2": 0.9861817670237308,
  "MAE": 0.018224359469970083,
  "RMSE": 0.001092518197575755,
  "MAPE(%)": 3.3456439261573134
}