Feature,Importance
0.01,58.215165617240764
ASA_m2_g,13.128834390838838
ASA_m2_cm3,6.269397128998472
AV_cm3_g,5.401173862872661
AV_VF,5.1742124022428975
PLD,2.5997486114929957
LCD,2.3299053776711003
cm3_g,2.13989828938399
LFPD,1.5345698456183183
Has_OMS,1.44791244809318
NASA_m2_g,0.9182877660838168
NASA_m2_cm3,0.7611317028819281
NAV_cm3_g,0.07976255658104633
