{
  "R2": 0.9583635032937533,
  "MAE": 0.17193671480277725,
  "RMSE": 0.05784051531552546,
  "MAPE(%)": 5.445456573633367
}