Feature,Importance
0.01,56.118186592236896
ASA_m2_g,12.914038702234823
ASA_m2_cm3,7.529724444688748
AV_cm3_g,6.097025643213384
AV_VF,5.119415026585549
cm3_g,2.9417310659492757
LCD,2.6241925379991615
PLD,2.2138324145577584
LFPD,1.7365138395710749
Has_OMS,1.3349484337680526
NASA_m2_g,0.7329876260646355
NASA_m2_cm3,0.5692725712882085
NAV_cm3_g,0.06813110184245322
