temp,lowp,outp,seed,mode,qt_frac,train_ratio,out_root,model,R2,MAE,RMSE,MAPE(%)
293K,0.01,15,2026,lowq,0.15,0.5,./RUN_FULL_EXP,cat,0.9574661240375084,0.17363428268235814,0.07623095401054703,5.819770566948691
