{
  "R2": 0.9574661240375084,
  "MAE": 0.17363428268235814,
  "RMSE": 0.07623095401054703,
  "MAPE(%)": 5.819770566948691
}