temp,lowp,outp,seed,mode,qt_frac,train_ratio,out_root,model,R2,MAE,RMSE,MAPE(%)
273K,0.01,15,2028,lowq,0.5,0.5,./RUN_FULL_EXP,cat,0.9464041863015851,0.25367112092840066,0.14028022505884574,6.426379138672695
