{
  "R2": 0.9464041863015851,
  "MAE": 0.25367112092840066,
  "RMSE": 0.14028022505884574,
  "MAPE(%)": 6.426379138672695
}