Feature,Importance
0.01,50.5613987997908
ASA_m2_g,15.928502994849493
AV_cm3_g,7.311349476726022
AV_VF,5.951786685850683
ASA_m2_cm3,5.535632147499455
cm3_g,3.8124570793660455
PLD,2.80934205470696
LCD,2.6512954091271195
LFPD,2.467727647774673
Has_OMS,1.4258312507303734
NASA_m2_cm3,0.9222334127498473
NASA_m2_g,0.5150055528067595
NAV_cm3_g,0.10743748802179162
