{
  "R2": 0.9538992404664667,
  "MAE": 0.23906087725818728,
  "RMSE": 0.1275670325996583,
  "MAPE(%)": 6.307821394375608
}