{
  "R2": 0.9853167953133115,
  "MAE": 0.011863693812212871,
  "RMSE": 0.0006338374980464315,
  "MAPE(%)": 3.2825895803964507
}