Feature,Importance
0.01,64.17223892218935
ASA_m2_g,7.798948930053522
ASA_m2_cm3,6.421025356843295
AV_VF,5.752838212393711
cm3_g,2.6263636766882947
LCD,2.613643399030667
PLD,2.586376065761138
LFPD,2.55821248465537
Has_OMS,2.1645116301667047
AV_cm3_g,1.9940831314412633
NASA_m2_cm3,0.7515690476203817
NASA_m2_g,0.45162635521075506
NAV_cm3_g,0.1085627879455857
