{
  "R2": 0.9517078416855014,
  "MAE": 0.11006581140017113,
  "RMSE": 0.02957381253857497,
  "MAPE(%)": 5.671992110632469
}