{
  "R2": 0.9875238123440998,
  "MAE": 0.015531809191710233,
  "RMSE": 0.0008176517476396789,
  "MAPE(%)": 2.8485314254625544
}