Feature,Importance
0.1,57.88004073052967
ASA_m2_g,9.138699133546076
AV_cm3_g,8.080024473650937
AV_VF,6.568194697252903
ASA_m2_cm3,6.050969907311251
cm3_g,3.0032632485376274
PLD,2.638762483689763
LCD,1.9063930223361425
LFPD,1.9040765944579243
Has_OMS,1.2915948051873738
NASA_m2_cm3,0.7313152331802842
NASA_m2_g,0.6814069568693752
NAV_cm3_g,0.12525871345068057
