{
  "R2": 0.9676512343028796,
  "MAE": 0.16185002071535493,
  "RMSE": 0.057640643377175324,
  "MAPE(%)": 5.4598288687973495
}