{
  "R2": 0.9850266009846258,
  "MAE": 0.030058030691279644,
  "RMSE": 0.0020689268045503066,
  "MAPE(%)": 2.7002486925254328
}