{
  "R2": 0.9603952371381487,
  "MAE": 0.17229065884245104,
  "RMSE": 0.0618476473122141,
  "MAPE(%)": 5.5722916531015825
}