{
  "R2": 0.9449672822534939,
  "MAE": 0.26906299294641217,
  "RMSE": 0.1582587351963827,
  "MAPE(%)": 7.311775544432947
}