Feature,Importance
0.5,59.4200540309838
ASA_m2_g,10.844282107348286
AV_cm3_g,7.2680245825497005
AV_VF,6.193373242459679
ASA_m2_cm3,4.7502504787009165
cm3_g,2.281711871611491
PLD,2.179378679434086
LCD,2.1726991170979892
LFPD,2.096033896527349
Has_OMS,1.2785601192566924
NASA_m2_cm3,0.7402214894536471
NASA_m2_g,0.6636832510150277
NAV_cm3_g,0.11172713356132087
