{
  "R2": 0.9641510299688073,
  "MAE": 0.1578142298028496,
  "RMSE": 0.05115838493947349,
  "MAPE(%)": 5.084260296156433
}