temp,lowp,outp,seed,mode,qt_frac,train_ratio,out_root,model,R2,MAE,RMSE,MAPE(%)
293K,0.5,15,2027,lowq,0.6,0.5,./RUN_FULL_EXP,cat,0.9641510299688073,0.1578142298028496,0.05115838493947349,5.084260296156433
