Feature,Importance
0.5,91.74660740774664
cm3_g,1.465904532386855
AV_cm3_g,1.2189824629524662
LCD,1.0329364063661237
AV_VF,0.7919222329654177
Has_OMS,0.7160332918580553
LFPD,0.6547842881568636
PLD,0.6514517384836079
ASA_m2_g,0.5684015086783607
NASA_m2_cm3,0.4506854368094918
ASA_m2_cm3,0.3440030637823849
NASA_m2_g,0.2792044856048214
NAV_cm3_g,0.07908314420892322
