{
  "R2": 0.9966896554024757,
  "MAE": 0.003390084138175424,
  "RMSE": 2.146951248521773e-05,
  "MAPE(%)": 1.272512386060757
}