Feature,Importance
0.05,66.86757397746418
ASA_m2_cm3,6.89403449304972
AV_VF,5.170300976198326
ASA_m2_g,4.706273008254805
AV_cm3_g,3.3638397414684325
cm3_g,2.587994500980764
PLD,2.5724866196258094
LFPD,2.2100283985363895
LCD,2.128266536858228
Has_OMS,1.9713165901232796
NASA_m2_cm3,0.8634989356781123
NASA_m2_g,0.5771472029333531
NAV_cm3_g,0.08723901882860495
