{
  "R2": 0.9567013180354283,
  "MAE": 0.09928224533566317,
  "RMSE": 0.023001047768088808,
  "MAPE(%)": 4.989851280410202
}