Feature,Importance
0.01,84.8456241450991
ASA_m2_g,2.162211529390163
cm3_g,2.010816288676841
Has_OMS,1.8080235656453467
LFPD,1.634401307905854
AV_cm3_g,1.4824254101241683
LCD,1.36661552584884
PLD,1.3181066249722178
ASA_m2_cm3,0.9932834067450972
AV_VF,0.9690432678399571
NASA_m2_cm3,0.8306365034012227
NASA_m2_g,0.48774801599068907
NAV_cm3_g,0.09106440836054183
