temp,lowp,outp,seed,mode,qt_frac,train_ratio,out_root,model,R2,MAE,RMSE,MAPE(%)
293K,0.01,1,2027,lowq,0.6,0.5,./RUN_FULL_EXP,cat,0.990505513612889,0.009506061621824092,0.00018030115138647712,2.6764490637682696
