{
  "R2": 0.990505513612889,
  "MAE": 0.009506061621824092,
  "RMSE": 0.00018030115138647712,
  "MAPE(%)": 2.6764490637682696
}