{
  "R2": 0.9453732245962279,
  "MAE": 0.2648726724528808,
  "RMSE": 0.14676576939723182,
  "MAPE(%)": 6.879743322551864
}