{
  "R2": 0.9776209181549067,
  "MAE": 0.03667536378486012,
  "RMSE": 0.005530391686466749,
  "MAPE(%)": 3.280854257535368
}