{
  "R2": 0.9543062776017444,
  "MAE": 0.18198677033004876,
  "RMSE": 0.07653288127311333,
  "MAPE(%)": 6.02131404033171
}