Feature,Importance
0.01,82.3023724922621
cm3_g,3.526456892997082
AV_cm3_g,2.0734521559697976
PLD,1.9684801490770543
AV_VF,1.8351573072366352
LCD,1.8300699149868354
Has_OMS,1.679024121313749
ASA_m2_cm3,1.3640341425795321
LFPD,1.2112759499168502
ASA_m2_g,0.9292254925244635
NASA_m2_cm3,0.698646643811518
NASA_m2_g,0.5751633179055781
NAV_cm3_g,0.006641419418793049
