{
  "R2": 0.964652239894594,
  "MAE": 0.021245557655623828,
  "RMSE": 0.0022004154524496965,
  "MAPE(%)": 7.544281501609584
}