temp,lowp,outp,seed,mode,qt_frac,train_ratio,out_root,model,R2,MAE,RMSE,MAPE(%)
293K,0.01,1,2027,struct_with_input,0.03,0.05,./RUN_FULL_EXP,cat,0.964652239894594,0.021245557655623828,0.0022004154524496965,7.544281501609584
