Feature,Importance
0.01,69.77494487039857
ASA_m2_cm3,6.466760109631056
ASA_m2_g,5.861327255630382
AV_cm3_g,3.3985798852834552
AV_VF,3.176036916267137
LCD,2.047555019937316
PLD,2.0384853293079286
Has_OMS,2.0040940209471296
LFPD,1.8572667903004887
cm3_g,1.5964400446435765
NASA_m2_cm3,0.9545168052194353
NASA_m2_g,0.7104425894489815
NAV_cm3_g,0.11355036298455591
