{
  "R2": 0.9652950288706313,
  "MAE": 0.0647928562997875,
  "RMSE": 0.009971916120796238,
  "MAPE(%)": 4.475338695127271
}