Feature,Importance
0.5,72.67009669424137
ASA_m2_g,5.5471626389278486
AV_VF,4.935667581671484
ASA_m2_cm3,4.476633512852186
AV_cm3_g,3.4579012206014412
PLD,1.881373859934007
LFPD,1.7616074517963516
cm3_g,1.5312334145973303
LCD,1.4020250542984525
Has_OMS,1.262552267812744
NASA_m2_cm3,0.6895940163527653
NASA_m2_g,0.29576895110220464
NAV_cm3_g,0.08838333581179449
