{
  "R2": 0.9673819741162071,
  "MAE": 0.08971492676175342,
  "RMSE": 0.02012095563213563,
  "MAPE(%)": 4.471362761633004
}