{
  "R2": 0.9596030018041142,
  "MAE": 0.16773936943268924,
  "RMSE": 0.05558747488186548,
  "MAPE(%)": 5.246573269359941
}