{
  "R2": 0.9220522029154867,
  "MAE": 0.25366831016090424,
  "RMSE": 0.14758460538848175,
  "MAPE(%)": 9.606915972492178
}