Feature,Importance
0.1,54.78276620894043
ASA_m2_g,16.68813479555497
ASA_m2_cm3,6.135806077878569
AV_VF,5.74512222786894
cm3_g,3.393558331460519
AV_cm3_g,3.2406367444112485
PLD,2.7732668015501094
LFPD,2.248815578293918
LCD,2.183326417460472
Has_OMS,1.127870905842192
NASA_m2_cm3,1.0297807326476027
NASA_m2_g,0.5622947622632055
NAV_cm3_g,0.08862041582782323
