{
  "R2": 0.9602688441315325,
  "MAE": 0.1605436625904505,
  "RMSE": 0.052041065340424894,
  "MAPE(%)": 5.0383020924847015
}