temp,lowp,outp,seed,mode,qt_frac,train_ratio,out_root,model,R2,MAE,RMSE,MAPE(%)
293K,0.01,1,2026,lowq,0.15,0.5,./RUN_FULL_EXP,cat,0.9768779937382701,0.011787105933645205,0.0009992699412005549,3.1219898777996677
