{
  "R2": 0.9768779937382701,
  "MAE": 0.011787105933645205,
  "RMSE": 0.0009992699412005549,
  "MAPE(%)": 3.1219898777996677
}