{
  "R2": 0.9805126205317424,
  "MAE": 0.022165485672532726,
  "RMSE": 0.0031335605531487387,
  "MAPE(%)": 3.5875705681473677
}