temp,lowp,outp,seed,mode,qt_frac,train_ratio,out_root,model,R2,MAE,RMSE,MAPE(%)
273K,0.01,1,2028,struct_with_input,0.0,0.8,./RUN_FULL_EXP,cat,0.9805126205317424,0.022165485672532726,0.0031335605531487387,3.5875705681473677
