{
  "R2": 0.922707019674532,
  "MAE": 0.02734700445288042,
  "RMSE": 0.013029674495079016,
  "MAPE(%)": 4.135339335968628
}