{
  "R2": 0.9953784065475519,
  "MAE": 0.023462312455699668,
  "RMSE": 0.0014258561171306824,
  "MAPE(%)": 1.920673803839733
}