Feature,Importance
0.1,78.43033700897877
ASA_m2_g,4.725630071448643
AV_cm3_g,3.0250021508823477
ASA_m2_cm3,2.780194004455122
AV_VF,2.6055072018639387
cm3_g,2.1442268730183973
LFPD,1.4246877314713005
PLD,1.205293132038441
Has_OMS,1.1373358207595377
LCD,1.0710358319662765
NASA_m2_cm3,0.6964639175450608
NASA_m2_g,0.6639922758101133
NAV_cm3_g,0.09029397976206192
