{
  "R2": 0.9772039309987044,
  "MAE": 0.03804258900983484,
  "RMSE": 0.00599771489940808,
  "MAPE(%)": 3.6350930471771474
}