temp,lowp,outp,seed,mode,qt_frac,train_ratio,out_root,model,R2,MAE,RMSE,MAPE(%)
313K,0.1,5,2027,lowq,0.05,0.5,./RUN_FULL_EXP,cat,0.9772039309987044,0.03804258900983484,0.00599771489940808,3.6350930471771474
