Feature,Importance
0.05,86.22625574987433
cm3_g,1.7901807557028382
AV_cm3_g,1.7901120537725024
Has_OMS,1.6627185918772616
ASA_m2_cm3,1.4733947398684166
AV_VF,1.399021540075659
PLD,1.3462947999383021
LCD,1.2986792143347152
LFPD,1.1270708704552999
ASA_m2_g,1.0295355514845315
NASA_m2_cm3,0.39930215422802284
NASA_m2_g,0.39356759944377323
NAV_cm3_g,0.06386637894433281
