temp,lowp,outp,seed,mode,qt_frac,train_ratio,out_root,model,R2,MAE,RMSE,MAPE(%)
293K,0.05,1,2025,lowq,0.55,0.5,./RUN_FULL_EXP,cat,0.9922656679889409,0.008058935667472239,0.00015438042082873424,2.183055546765286
