{
  "R2": 0.9922656679889409,
  "MAE": 0.008058935667472239,
  "RMSE": 0.00015438042082873424,
  "MAPE(%)": 2.183055546765286
}