{
  "R2": 0.9705634570718349,
  "MAE": 0.057985627403379085,
  "RMSE": 0.008409463835574048,
  "MAPE(%)": 3.953754249798037
}