temp,lowp,outp,seed,mode,qt_frac,train_ratio,out_root,model,R2,MAE,RMSE,MAPE(%)
293K,0.1,1,2026,lowq,0.7,0.5,./RUN_FULL_EXP,cat,0.9933728726962731,0.006881789503617784,0.00010676444848295726,1.8153999345319205
