{
  "R2": 0.9933728726962731,
  "MAE": 0.006881789503617784,
  "RMSE": 0.00010676444848295726,
  "MAPE(%)": 1.8153999345319205
}