{
  "R2": 0.9974331613562691,
  "MAE": 0.003602191187616905,
  "RMSE": 2.9240028750493083e-05,
  "MAPE(%)": 1.4476526744691183
}