temp,lowp,outp,seed,mode,qt_frac,train_ratio,out_root,model,R2,MAE,RMSE,MAPE(%)
313K,0.5,1,2029,lowq,0.4,0.5,./RUN_FULL_EXP,cat,0.9974331613562691,0.003602191187616905,2.9240028750493083e-05,1.4476526744691183
