{
  "R2": 0.9901131570560255,
  "MAE": 0.03655799805880811,
  "RMSE": 0.003971335688257149,
  "MAPE(%)": 2.9753723549741924
}