Feature,Importance
0.05,89.00650404444531
AV_cm3_g,1.5696506765843357
cm3_g,1.4821386829508647
LCD,1.2915176528866652
ASA_m2_cm3,0.9655227153984288
ASA_m2_g,0.9628083823880714
LFPD,0.9529414570054363
PLD,0.9023672852460373
AV_VF,0.8772163700832196
Has_OMS,0.79936461901825
NASA_m2_g,0.6945810331405409
NASA_m2_cm3,0.4561719016963214
NAV_cm3_g,0.03921517915650266
