{
  "R2": 0.978649526306896,
  "MAE": 0.006201786103286405,
  "RMSE": 0.0005361409876318966,
  "MAPE(%)": 2.349415067501823
}