Feature,Importance
HENRY,58.00495061328629
ASA_m2_g,10.447229122258
AV_VF,7.2606590174258265
AV_cm3_g,6.055338083033734
ASA_m2_cm3,5.520618487257517
cm3_g,2.822178197023196
PLD,2.74733108783811
LCD,2.244644437371446
LFPD,2.006086152523691
Has_OMS,1.4933775571612118
NASA_m2_cm3,0.6631713105482587
NASA_m2_g,0.6442173973142178
NAV_cm3_g,0.09019853695852156
