{
  "R2": 0.9635160264109476,
  "MAE": 0.16309563148647602,
  "RMSE": 0.059433970107068954,
  "MAPE(%)": 5.377227488620777
}