Feature,Importance
PLD,16.53713907260514
cm3_g,12.692328837566075
Has_OMS,11.918746612263245
AV_VF,10.041541037392983
LFPD,9.40282404108932
LCD,9.19471746231242
ASA_m2_cm3,9.019764387993757
AV_cm3_g,8.20989298722229
ASA_m2_g,6.6043296526160935
NASA_m2_g,3.135784772399214
NASA_m2_cm3,3.0883429930922315
NAV_cm3_g,0.15458814344724237
