{
  "R2": 0.3986416127964366,
  "MAE": 0.12418068426611598,
  "RMSE": 0.04487116088441362,
  "MAPE(%)": 48.57909972002384
}