temp,lowp,outp,seed,mode,qt_frac,train_ratio,out_root,model,R2,MAE,RMSE,MAPE(%)
293K,0.01,1,2029,struct,0.0,0.4,./RUN_FULL_EXP,cat,0.3986416127964366,0.12418068426611598,0.04487116088441362,48.57909972002384
