{
  "R2": 0.97719109804796,
  "MAE": 0.055028551133589114,
  "RMSE": 0.010350827022097095,
  "MAPE(%)": 3.51618348658626
}