Feature,Importance
0.5,92.06604435267546
AV_cm3_g,1.220845707820291
cm3_g,1.1804122293641748
LCD,0.8113950376495017
AV_VF,0.7961288303677349
ASA_m2_cm3,0.7874314096247054
PLD,0.7065213704485096
ASA_m2_g,0.5438442938110919
LFPD,0.4508444067952007
Has_OMS,0.44599669410378806
NASA_m2_cm3,0.40398515723455514
NASA_m2_g,0.3754590989852883
NAV_cm3_g,0.2110914111196998
