{
  "R2": 0.9933660040475932,
  "MAE": 0.0123080389536493,
  "RMSE": 0.0008563322610070949,
  "MAPE(%)": 2.3556199350240377
}