Feature,Importance
Has_OMS,14.076855425779161
cm3_g,13.520799587954151
LFPD,13.202987742301264
ASA_m2_cm3,12.152068956143385
PLD,10.723842973458266
AV_VF,8.714515128013586
LCD,8.222868430876684
AV_cm3_g,6.887412212101239
ASA_m2_g,6.783297345037877
NASA_m2_g,2.8782822340040504
NASA_m2_cm3,2.625537751957266
NAV_cm3_g,0.21153221237305958
