{
  "R2": 0.20413435606821995,
  "MAE": 0.21829106465171796,
  "RMSE": 0.12688939382936726,
  "MAPE(%)": 67.54339398116569
}