{
  "R2": 0.9640374209796854,
  "MAE": 0.08763299504091003,
  "RMSE": 0.016621501573053206,
  "MAPE(%)": 4.386165059291839
}