{
  "R2": 0.9753836481272914,
  "MAE": 0.052923435815398226,
  "RMSE": 0.011555819529113748,
  "MAPE(%)": 3.3847499943208605
}