{
  "R2": 0.9661360292670984,
  "MAE": 0.060633797288483726,
  "RMSE": 0.009075946402610181,
  "MAPE(%)": 4.07781158135638
}