Feature,Importance
0.5,60.44462549786093
ASA_m2_g,9.913524693952663
AV_cm3_g,6.541489049180091
AV_VF,5.400559027650128
ASA_m2_cm3,5.310399800734739
cm3_g,3.426902513867057
LFPD,2.349635614843122
PLD,2.2532975653337917
Has_OMS,1.5518205742455136
LCD,1.447660242657019
NASA_m2_cm3,0.6996968326308898
NASA_m2_g,0.545658182131969
NAV_cm3_g,0.11473040491208941
