{
  "R2": 0.965067590877858,
  "MAE": 0.15760205679275927,
  "RMSE": 0.05336678832501062,
  "MAPE(%)": 5.110093202584885
}