{
  "R2": 0.9815741351784771,
  "MAE": 0.03502347820511311,
  "RMSE": 0.005221448205700723,
  "MAPE(%)": 3.4955236579829676
}