Feature,Importance
0.01,81.53074618424742
ASA_m2_cm3,2.239152504338417
Has_OMS,2.2309752002292904
AV_VF,2.1763728796612245
ASA_m2_g,2.130630881230741
AV_cm3_g,1.8980002689223563
PLD,1.8498764496402833
cm3_g,1.7839314290113637
LCD,1.29864147693325
LFPD,1.171546640544894
NASA_m2_g,0.8394902746089813
NASA_m2_cm3,0.7581940198931083
NAV_cm3_g,0.09244179073866048
