{
  "R2": 0.9773902760027693,
  "MAE": 0.020921454551731923,
  "RMSE": 0.00250100352090954,
  "MAPE(%)": 3.5971273266536827
}