{
  "R2": 0.9752621211269236,
  "MAE": 0.10873932098259322,
  "RMSE": 0.026959541697228806,
  "MAPE(%)": 4.625332638206152
}