{
  "R2": 0.9967242583427022,
  "MAE": 0.005938558535959362,
  "RMSE": 7.820484845698968e-05,
  "MAPE(%)": 1.6043240018237075
}