{
  "R2": 0.9741252985395064,
  "MAE": 0.010235299538217177,
  "RMSE": 0.001318548677876459,
  "MAPE(%)": 2.6251520832101827
}