{
  "R2": 0.9660972198583534,
  "MAE": 0.16557340392723913,
  "RMSE": 0.05718599287896214,
  "MAPE(%)": 5.532680665885208
}