{
  "R2": 0.9811663555144046,
  "MAE": 0.03563344009300641,
  "RMSE": 0.0043486874272548335,
  "MAPE(%)": 3.3276640235022685
}