Feature,Importance
HENRY,85.76025589577769
AV_cm3_g,2.2141930861804493
cm3_g,2.188561270374797
LCD,1.8242719611219798
AV_VF,1.451300367762895
Has_OMS,1.392721807641772
ASA_m2_cm3,1.1924455395414282
PLD,0.981689744638719
ASA_m2_g,0.8765587435757184
NASA_m2_cm3,0.8420177803689802
LFPD,0.6969522657455643
NASA_m2_g,0.49278266031293166
NAV_cm3_g,0.08624887695708351
