{
  "R2": 0.9916945664680011,
  "MAE": 0.0077394224529302,
  "RMSE": 0.00017815950264916377,
  "MAPE(%)": 2.076923708128002
}