temp,lowp,outp,seed,mode,qt_frac,train_ratio,out_root,model,R2,MAE,RMSE,MAPE(%)
293K,HENRY,1,2026,lowq,0.5,0.5,./RUN_FULL_EXP,cat,0.9916945664680011,0.0077394224529302,0.00017815950264916377,2.076923708128002
