{
  "R2": 0.9848900287417002,
  "MAE": 0.01714954676950666,
  "RMSE": 0.0007748650412870748,
  "MAPE(%)": 3.215912539822311
}