{
  "R2": 0.9870877279905613,
  "MAE": 0.016841126095665224,
  "RMSE": 0.0006854070063861044,
  "MAPE(%)": 3.147700524560377
}