{
  "R2": 0.994760846463248,
  "MAE": 0.009853076497185968,
  "RMSE": 0.00021684687509144617,
  "MAPE(%)": 1.777244596736261
}