{
  "R2": 0.988375058784514,
  "MAE": 0.01460012905153982,
  "RMSE": 0.0005950543495841307,
  "MAPE(%)": 2.663337655415454
}