Feature,Importance
0.05,72.65904350341158
ASA_m2_g,6.458244856595989
AV_VF,4.357936155107779
ASA_m2_cm3,4.124973369595
PLD,2.0441672396455073
LFPD,2.0283145852173914
AV_cm3_g,2.0013340426812345
LCD,1.8843312951887181
cm3_g,1.7892342184969503
Has_OMS,1.6568303954163377
NASA_m2_cm3,0.48387114113756996
NASA_m2_g,0.45949937296501864
NAV_cm3_g,0.05221982454091542
