{
  "R2": 0.97285484469054,
  "MAE": 0.060232035106752874,
  "RMSE": 0.010789335508501577,
  "MAPE(%)": 4.130176384546731
}