temp,lowp,outp,seed,mode,qt_frac,train_ratio,out_root,model,R2,MAE,RMSE,MAPE(%)
293K,0.05,5,2025,lowq,0.2,0.5,./RUN_FULL_EXP,cat,0.97285484469054,0.060232035106752874,0.010789335508501577,4.130176384546731
