{
  "R2": 0.9802548721656922,
  "MAE": 0.03874389000954462,
  "RMSE": 0.005480635198912788,
  "MAPE(%)": 3.6257596540761448
}