Feature,Importance
0.01,82.71635396441927
ASA_m2_cm3,2.2593647108808734
AV_VF,2.1668911796202135
AV_cm3_g,2.08057740252634
ASA_m2_g,1.9424276191911771
PLD,1.7068801182204927
LCD,1.5913257344596667
cm3_g,1.4888162272954
Has_OMS,1.3897502231384655
LFPD,1.2540779675013907
NASA_m2_cm3,0.8523308854348149
NASA_m2_g,0.48245848306765027
NAV_cm3_g,0.06874548424426483
