{
  "R2": 0.9875696106946609,
  "MAE": 0.016527712095066864,
  "RMSE": 0.0008069776102364227,
  "MAPE(%)": 3.0456971609950236
}