{
  "R2": 0.9665274525121597,
  "MAE": 0.059616014281509845,
  "RMSE": 0.010160313478800283,
  "MAPE(%)": 4.119009631987787
}