{
  "R2": 0.9822152345952296,
  "MAE": 0.019799414385615766,
  "RMSE": 0.0014337340429598814,
  "MAPE(%)": 3.6118936924846836
}