{
  "R2": 0.9774232918120577,
  "MAE": 0.020643305630622492,
  "RMSE": 0.0018225120200210478,
  "MAPE(%)": 3.7030105499269874
}