temp,lowp,outp,seed,mode,qt_frac,train_ratio,out_root,model,R2,MAE,RMSE,MAPE(%)
273K,0.01,1,2028,struct_with_input,0.2,0.4,./RUN_FULL_EXP,cat,0.9774232918120577,0.020643305630622492,0.0018225120200210478,3.7030105499269874
