Feature,Importance
HENRY,70.44993298294935
ASA_m2_g,5.803126136852587
ASA_m2_cm3,5.223733833869673
AV_VF,3.495195794337445
AV_cm3_g,3.371100396066409
LCD,2.39105035312211
PLD,2.051378747002064
cm3_g,2.0150210032842923
Has_OMS,1.9745337308896287
LFPD,1.5841904342030877
NASA_m2_g,0.983402228895368
NASA_m2_cm3,0.5729214642669263
NAV_cm3_g,0.08441289426106238
