{
  "R2": 0.973772725452541,
  "MAE": 0.05727459132491989,
  "RMSE": 0.010032780694380348,
  "MAPE(%)": 3.987086816811976
}