{
  "R2": 0.9589768822967831,
  "MAE": 0.16530351841152655,
  "RMSE": 0.07168434403935255,
  "MAPE(%)": 5.494874615651545
}