{
  "R2": 0.9663603957688233,
  "MAE": 0.0721877319321757,
  "RMSE": 0.01669448990662555,
  "MAPE(%)": 5.224010118142717
}