Feature,Importance
0.1,71.6599088024815
ASA_m2_g,5.188894038007123
ASA_m2_cm3,4.838580881412533
AV_VF,4.1713538561894445
AV_cm3_g,2.999462207646792
cm3_g,2.9248676217661407
LCD,2.012310852831105
Has_OMS,1.68493296755297
PLD,1.642697107789847
LFPD,1.5826372772123538
NASA_m2_cm3,0.8644804532930785
NASA_m2_g,0.34830794432843004
NAV_cm3_g,0.08156598948865856
