{
  "R2": 0.9735591374515659,
  "MAE": 0.05800862304546172,
  "RMSE": 0.01013452841031771,
  "MAPE(%)": 4.047453661248556
}