{
  "R2": 0.9974343939061878,
  "MAE": 0.003671432326357015,
  "RMSE": 3.450898780440564e-05,
  "MAPE(%)": 1.48711573309543
}