{
  "R2": 0.9515569190745076,
  "MAE": 0.24103573002053338,
  "RMSE": 0.12940426096241436,
  "MAPE(%)": 6.329147092715713
}