Feature,Importance
0.5,91.33832798331844
AV_cm3_g,1.2754453879300223
cm3_g,1.1120994476846138
ASA_m2_g,1.0800016183453693
Has_OMS,1.0436369430650427
AV_VF,0.70089621627942
PLD,0.6715705254512023
LCD,0.6141838648533438
LFPD,0.5933090733549757
NASA_m2_cm3,0.5723266632152242
ASA_m2_cm3,0.4800885464150886
NASA_m2_g,0.35666689976237614
NAV_cm3_g,0.16144683032486173
