{
  "R2": 0.9957337134273462,
  "MAE": 0.010785920057736991,
  "RMSE": 0.000353981090205631,
  "MAPE(%)": 2.02483351243983
}