Feature,Importance
0.5,91.36515148286877
cm3_g,1.4607172676399813
AV_cm3_g,1.3123356030706275
Has_OMS,1.0459488225503575
LCD,0.8032317160408454
ASA_m2_g,0.7925822178458266
AV_VF,0.7456706476395397
NASA_m2_cm3,0.6573182055627288
ASA_m2_cm3,0.5847456289209453
LFPD,0.46851313352359025
PLD,0.4424306974534655
NASA_m2_g,0.20219936442168657
NAV_cm3_g,0.11915521246161814
