{
  "R2": 0.9958179818463475,
  "MAE": 0.005426641501468527,
  "RMSE": 5.834534687040731e-05,
  "MAPE(%)": 1.4402586258673102
}