Feature,Importance
0.01,84.341860708899
cm3_g,2.3476010224109607
AV_cm3_g,2.274411427482779
Has_OMS,1.9949110895074145
LCD,1.5057443103260373
LFPD,1.4335982558218794
ASA_m2_g,1.3639325899616144
AV_VF,1.328595873791206
ASA_m2_cm3,1.1014399314390548
PLD,1.033728801813207
NASA_m2_cm3,0.7970032551890396
NASA_m2_g,0.42517334251964745
NAV_cm3_g,0.05199939083813801
