{
  "R2": 0.9896605959143789,
  "MAE": 0.010322466991844496,
  "RMSE": 0.0002757223949815203,
  "MAPE(%)": 2.867536329565441
}