temp,lowp,outp,seed,mode,qt_frac,train_ratio,out_root,model,R2,MAE,RMSE,MAPE(%)
293K,0.01,1,2029,lowq,0.35,0.5,./RUN_FULL_EXP,cat,0.9896605959143789,0.010322466991844496,0.0002757223949815203,2.867536329565441
