Feature,Importance
0.1,64.4599942081662
ASA_m2_g,7.731974859753904
ASA_m2_cm3,6.168714269774252
AV_VF,5.003210965888105
AV_cm3_g,3.872560857958502
LCD,2.597981532488914
PLD,2.2011672307111794
Has_OMS,2.1725898060552917
cm3_g,2.109126812409273
LFPD,1.9577827587857155
NASA_m2_cm3,1.0049288688976594
NASA_m2_g,0.6453446953103587
NAV_cm3_g,0.07462313380065341
