{
  "R2": 0.9624649331971044,
  "MAE": 0.09999894485156725,
  "RMSE": 0.02532733753936278,
  "MAPE(%)": 5.082753205499436
}