Feature,Importance
HENRY,49.852285687641725
ASA_m2_g,13.651162313459066
ASA_m2_cm3,8.626846566796436
AV_cm3_g,6.875747614558663
cm3_g,5.280523595627281
AV_VF,4.722508193220428
LFPD,2.6612079675031146
PLD,2.5538418383621035
LCD,2.4329999798594875
Has_OMS,1.861270556263954
NASA_m2_cm3,0.8689400205559084
NASA_m2_g,0.535096250316207
NAV_cm3_g,0.07756941583561108
