temp,lowp,outp,seed,mode,qt_frac,train_ratio,out_root,model,R2,MAE,RMSE,MAPE(%)
273K,HENRY,15,2029,lowq,0.4,0.5,./RUN_FULL_EXP,cat,0.9443275922779505,0.2504545329114652,0.14931982248707407,6.549671986714422
