{
  "R2": 0.9443275922779505,
  "MAE": 0.2504545329114652,
  "RMSE": 0.14931982248707407,
  "MAPE(%)": 6.549671986714422
}