Feature,Importance
0.1,86.23215079916118
ASA_m2_g,1.9295506391819288
AV_cm3_g,1.8129522992754046
AV_VF,1.71721186725061
PLD,1.3475373087856901
cm3_g,1.2660463141049825
ASA_m2_cm3,1.2361831698370476
Has_OMS,1.1823812874638298
LCD,1.1244888432456615
LFPD,1.1055246331657858
NASA_m2_cm3,0.5301271516369753
NASA_m2_g,0.4770050687013689
NAV_cm3_g,0.038840618189505315
