{
  "R2": 0.9785225240703413,
  "MAE": 0.019560752911159995,
  "RMSE": 0.0030621058072900597,
  "MAPE(%)": 3.137843721557808
}