{
  "R2": 0.9937005516248002,
  "MAE": 0.005169799558516428,
  "RMSE": 7.788308522070048e-05,
  "MAPE(%)": 2.007291884181944
}