Feature,Importance
0.01,86.12402481078233
AV_cm3_g,1.6915479524287607
cm3_g,1.64313338389557
ASA_m2_cm3,1.5994607109408319
AV_VF,1.5719265911188145
LCD,1.5591091857109562
Has_OMS,1.355473479709737
PLD,1.1455465625223809
ASA_m2_g,1.0259113413108714
LFPD,0.9006426684986363
NASA_m2_cm3,0.766025982193301
NASA_m2_g,0.5357405503218703
NAV_cm3_g,0.0814567805659148
