temp,lowp,outp,seed,mode,qt_frac,train_ratio,out_root,model,R2,MAE,RMSE,MAPE(%)
293K,0.01,1,2026,struct_with_input,0.55,0.55,./RUN_FULL_EXP,cat,0.9894629721568323,0.00962672489297362,0.00021076888361000942,2.7225506219718265
