{
  "R2": 0.9894629721568323,
  "MAE": 0.00962672489297362,
  "RMSE": 0.00021076888361000942,
  "MAPE(%)": 2.7225506219718265
}