Feature,Importance
0.01,58.15766134138079
ASA_m2_g,11.344821957001402
ASA_m2_cm3,6.441426411338418
AV_cm3_g,6.436877312712073
AV_VF,5.416158165714692
PLD,2.79993990540903
cm3_g,2.46933075015763
LFPD,2.4535715166061345
LCD,1.5378177068159626
Has_OMS,1.3078242901959993
NASA_m2_cm3,0.9928054450936521
NASA_m2_g,0.5597940013260124
NAV_cm3_g,0.08197119624818443
