{
  "R2": 0.9558493986288412,
  "MAE": 0.16900686882707205,
  "RMSE": 0.05703668352672969,
  "MAPE(%)": 5.201795612529446
}