{
  "R2": 0.8950589686617152,
  "MAE": 0.11586906834032874,
  "RMSE": 0.030509546367491546,
  "MAPE(%)": 9.553179534121606
}