Feature,Importance
0.5,80.5220647048445
ASA_m2_g,4.220644494447288
AV_VF,3.400497340657731
ASA_m2_cm3,2.684256406015532
AV_cm3_g,2.1714687679816613
cm3_g,1.9302577757264896
LCD,1.2622173005665756
PLD,1.0517916041890845
LFPD,0.8771621309924301
Has_OMS,0.7931349502205848
NASA_m2_g,0.5970917144948865
NASA_m2_cm3,0.3922695601573726
NAV_cm3_g,0.09714324970586602
