{
  "R2": 0.9857061181324872,
  "MAE": 0.03341918167582889,
  "RMSE": 0.003932784391131911,
  "MAPE(%)": 3.072848501158755
}