temp,lowp,outp,seed,mode,qt_frac,train_ratio,out_root,model,R2,MAE,RMSE,MAPE(%)
313K,0.5,5,2026,lowq,0.05,0.5,./RUN_FULL_EXP,cat,0.9857061181324872,0.03341918167582889,0.003932784391131911,3.072848501158755
