Feature,Importance
0.01,85.09512377441217
AV_cm3_g,2.2523322147885017
cm3_g,1.8233176606883716
Has_OMS,1.7216092613003908
AV_VF,1.5905611347119304
ASA_m2_cm3,1.5222929055210612
LCD,1.4890087160532217
PLD,1.339379950193305
LFPD,1.2365797742937612
ASA_m2_g,0.8583691247452174
NASA_m2_cm3,0.6896572677460048
NASA_m2_g,0.28982311327648225
NAV_cm3_g,0.09194510226959007
