temp,lowp,outp,seed,mode,qt_frac,train_ratio,out_root,model,R2,MAE,RMSE,MAPE(%)
293K,0.01,1,2028,struct_with_input,0.6,0.6,./RUN_FULL_EXP,cat,0.989932012189583,0.009672760987537108,0.0001868574596384845,2.6521774001055753
