{
  "R2": 0.989932012189583,
  "MAE": 0.009672760987537108,
  "RMSE": 0.0001868574596384845,
  "MAPE(%)": 2.6521774001055753
}