{
  "R2": 0.9631894430891383,
  "MAE": 0.16967165861376987,
  "RMSE": 0.06278255858439005,
  "MAPE(%)": 5.61490606115016
}