{
  "R2": 0.9580428682809679,
  "MAE": 0.07962420767211172,
  "RMSE": 0.01939197646733384,
  "MAPE(%)": 5.7796760737947475
}