{
  "R2": 0.9871773553573147,
  "MAE": 0.029905140442941503,
  "RMSE": 0.0020494612065452317,
  "MAPE(%)": 2.7905296207605543
}