temp,lowp,outp,seed,mode,qt_frac,train_ratio,out_root,model,R2,MAE,RMSE,MAPE(%)
313K,0.5,5,2026,lowq,0.45,0.5,./RUN_FULL_EXP,cat,0.9871773553573147,0.029905140442941503,0.0020494612065452317,2.7905296207605543
