Feature,Importance
0.1,86.65864567927794
cm3_g,2.254898338070834
LFPD,1.6977592781924837
AV_cm3_g,1.4526773619469455
Has_OMS,1.398903812105248
AV_VF,1.3603594740635607
ASA_m2_cm3,1.190220740382812
LCD,1.1321908529454603
PLD,1.0302108737944056
ASA_m2_g,0.6386137492184838
NASA_m2_g,0.6308807107337258
NASA_m2_cm3,0.39562235151429975
NAV_cm3_g,0.15901677775383005
