{
  "R2": 0.98486586619455,
  "MAE": 0.00566716231795565,
  "RMSE": 0.00039073037604194123,
  "MAPE(%)": 2.0192586175358374
}