Feature,Importance
0.1,64.30723697830301
ASA_m2_g,8.971856202310859
ASA_m2_cm3,6.352748918554409
AV_VF,4.053283757316544
AV_cm3_g,3.7738246439115457
LFPD,2.4189007317041815
PLD,2.2298694889466035
Has_OMS,2.153036600048754
LCD,2.095117341302402
cm3_g,1.8962233271970754
NASA_m2_cm3,0.9478582497308792
NASA_m2_g,0.7123651192470077
NAV_cm3_g,0.08767864142670614
