temp,lowp,outp,seed,mode,qt_frac,train_ratio,out_root,model,R2,MAE,RMSE,MAPE(%)
273K,0.1,5,2027,lowq,0.35,0.5,./RUN_FULL_EXP,cat,0.9622063868829127,0.09999350559810222,0.024383754283390055,5.126425880532742
