{
  "R2": 0.9622063868829127,
  "MAE": 0.09999350559810222,
  "RMSE": 0.024383754283390055,
  "MAPE(%)": 5.126425880532742
}