{
  "R2": 0.9668330904595079,
  "MAE": 0.08963934411298086,
  "RMSE": 0.018305952044029555,
  "MAPE(%)": 4.510914478297696
}