temp,lowp,outp,seed,mode,qt_frac,train_ratio,out_root,model,R2,MAE,RMSE,MAPE(%)
273K,0.5,5,2027,lowq,0.45,0.5,./RUN_FULL_EXP,cat,0.9668330904595079,0.08963934411298086,0.018305952044029555,4.510914478297696
