{
  "R2": 0.977368974700659,
  "MAE": 0.05234967832557242,
  "RMSE": 0.010306509974776954,
  "MAPE(%)": 3.422201711883214
}