{
  "R2": 0.9856692916900109,
  "MAE": 0.016683771039471107,
  "RMSE": 0.0010241391119348172,
  "MAPE(%)": 3.0191652997325398
}