Feature,Importance
HENRY,74.46562442164105
ASA_m2_g,5.453607067220997
ASA_m2_cm3,3.7760478695506423
AV_VF,3.5477892586064272
AV_cm3_g,2.9473723214723524
LFPD,2.0041611204517307
cm3_g,1.8309934086713977
Has_OMS,1.7855964415464824
LCD,1.5327189909257701
PLD,1.5015406887821359
NASA_m2_cm3,0.6052911195587879
NASA_m2_g,0.43322026872860764
NAV_cm3_g,0.11603702284364112
