{
  "R2": 0.9820025758023461,
  "MAE": 0.03335173433735818,
  "RMSE": 0.0030481530923799722,
  "MAPE(%)": 3.0518584006603993
}