temp,lowp,outp,seed,mode,qt_frac,train_ratio,out_root,model,R2,MAE,RMSE,MAPE(%)
313K,HENRY,5,2025,lowq,0.4,0.5,./RUN_FULL_EXP,cat,0.9820025758023461,0.03335173433735818,0.0030481530923799722,3.0518584006603993
