{
  "R2": 0.9497947024779482,
  "MAE": 0.008246246903459405,
  "RMSE": 0.0019300139606491728,
  "MAPE(%)": 2.6385878863788226
}