{
  "R2": 0.9802655696317157,
  "MAE": 0.037592442641682516,
  "RMSE": 0.005726900137314847,
  "MAPE(%)": 3.715633376633117
}