Feature,Importance
HENRY,58.581277101788274
ASA_m2_g,8.935876726910958
ASA_m2_cm3,7.225981794818353
AV_cm3_g,6.567866123646359
AV_VF,6.422230911142187
cm3_g,2.7513629355914837
PLD,2.5044646975850866
LCD,2.1863857138264184
LFPD,1.956129725695815
Has_OMS,1.586674149439899
NASA_m2_cm3,0.7256087596750012
NASA_m2_g,0.510439450698147
NAV_cm3_g,0.04570190918203769
