{
  "R2": 0.9549066732793855,
  "MAE": 0.16428190805363047,
  "RMSE": 0.05868596889667762,
  "MAPE(%)": 5.188000520623784
}