{
  "R2": 0.9734352192638305,
  "MAE": 0.09160708417021374,
  "RMSE": 0.02240528690029464,
  "MAPE(%)": 4.906845358449038
}