Feature,Importance
0.1,65.2109531032135
ASA_m2_g,8.558260783350923
AV_VF,5.9766378803018725
ASA_m2_cm3,5.119035975861519
AV_cm3_g,4.804453209263965
PLD,2.1507369480959566
cm3_g,2.148352541514795
LFPD,1.6400018281359119
LCD,1.3918174470046163
Has_OMS,1.3914689872116595
NASA_m2_cm3,0.9181698502840374
NASA_m2_g,0.5884868179776251
NAV_cm3_g,0.10162462778360537
