{
  "R2": 0.9706378724924286,
  "MAE": 0.10882567642113398,
  "RMSE": 0.0249707642289393,
  "MAPE(%)": 4.318053285005259
}