{
  "R2": 0.4992103989643686,
  "MAE": 0.3400332333361581,
  "RMSE": 0.2520874684511207,
  "MAPE(%)": 32.18291009313496
}