{
  "R2": 0.9336721955420734,
  "MAE": 0.08583130790879182,
  "RMSE": 0.020247346391634106,
  "MAPE(%)": 7.597564511159183
}