Feature,Importance
0.01,77.29463104166028
ASA_m2_g,4.639264931225757
AV_VF,3.497133848694094
ASA_m2_cm3,2.6538278745245987
AV_cm3_g,2.3247025737412836
cm3_g,1.9172812173698293
PLD,1.7909433161486796
LFPD,1.6175627414028368
Has_OMS,1.4818066654466167
LCD,1.4785008295363837
NASA_m2_cm3,0.7104511253443446
NASA_m2_g,0.49802135673865255
NAV_cm3_g,0.0958724781666546
