{
  "R2": 0.9779772877539312,
  "MAE": 0.04104015444320144,
  "RMSE": 0.003569832948049613,
  "MAPE(%)": 3.795808093509364
}