Feature,Importance
0.1,89.76556039255722
AV_cm3_g,1.5615477294916482
AV_VF,1.454485005470104
cm3_g,1.2348834294714603
LCD,1.1097620949627511
ASA_m2_cm3,0.997574355959384
Has_OMS,0.8640726717441383
PLD,0.7371402329180521
ASA_m2_g,0.6809027826702162
NASA_m2_g,0.5513867064625002
LFPD,0.5458439950069682
NASA_m2_cm3,0.3765158607731843
NAV_cm3_g,0.12032474251236773
