{
  "R2": 0.9958533233165818,
  "MAE": 0.004479467198842818,
  "RMSE": 4.025120900088223e-05,
  "MAPE(%)": 1.7592872221510691
}