{
  "R2": 0.9970172735521436,
  "MAE": 0.006210623016131801,
  "RMSE": 0.00010894318611915819,
  "MAPE(%)": 1.764137355017529
}