Feature,Importance
0.05,77.9769826305772
ASA_m2_g,4.879963985504887
ASA_m2_cm3,3.2019896608667677
AV_cm3_g,2.809928790228355
cm3_g,2.051386834381727
AV_VF,1.976171795042412
LCD,1.643893121833338
PLD,1.4884101710591229
Has_OMS,1.4487123547478986
LFPD,1.134546779110131
NASA_m2_g,0.7253201648583274
NASA_m2_cm3,0.5344461808060842
NAV_cm3_g,0.12824753098375222
