{
  "R2": 0.9827711199528504,
  "MAE": 0.03474901756990089,
  "RMSE": 0.0027838119003586632,
  "MAPE(%)": 3.2149446953709395
}