Feature,Importance
0.1,52.01465045107422
ASA_m2_g,16.269048733656618
ASA_m2_cm3,7.841590925426927
AV_VF,5.335355427315722
AV_cm3_g,4.651851297403704
cm3_g,3.4319168029838725
PLD,2.870228421266408
LCD,2.717550116528811
LFPD,1.8826439052440025
Has_OMS,1.1841293058152047
NASA_m2_cm3,0.8690066929916407
NASA_m2_g,0.858253782871948
NAV_cm3_g,0.07377413742092592
