{
  "R2": 0.9585370134617802,
  "MAE": 0.23232968567183332,
  "RMSE": 0.1152265056275429,
  "MAPE(%)": 6.145079853752463
}