{
  "R2": 0.993680666660039,
  "MAE": 0.025981734576214128,
  "RMSE": 0.0015518550444589053,
  "MAPE(%)": 1.9954343308902605
}