temp,lowp,outp,seed,mode,qt_frac,train_ratio,out_root,model,R2,MAE,RMSE,MAPE(%)
293K,HENRY,5,2026,lowq,0.65,0.5,./RUN_FULL_EXP,cat,0.9710519205639045,0.05490348155506728,0.007151565851957684,3.7299152718831827
