{
  "R2": 0.9710519205639045,
  "MAE": 0.05490348155506728,
  "RMSE": 0.007151565851957684,
  "MAPE(%)": 3.7299152718831827
}