{
  "R2": 0.977556083430372,
  "MAE": 0.10510434097305821,
  "RMSE": 0.023816698895927385,
  "MAPE(%)": 4.446603143310586
}