temp,lowp,outp,seed,mode,qt_frac,train_ratio,out_root,model,R2,MAE,RMSE,MAPE(%)
313K,0.5,15,2027,lowq,0.25,0.5,./RUN_FULL_EXP,cat,0.977556083430372,0.10510434097305821,0.023816698895927385,4.446603143310586
