Feature,Importance
ASA_m2_g,15.180545957701451
AV_VF,15.112700203425396
cm3_g,14.3291246640775
ASA_m2_cm3,12.539768198953944
PLD,10.535031710449438
LCD,8.211515791416915
AV_cm3_g,7.769890505514658
LFPD,6.37365461768868
Has_OMS,6.25656360477155
NASA_m2_g,1.6647478915408578
NASA_m2_cm3,1.6269087244457114
NAV_cm3_g,0.39954813001387396
