{
  "R2": 0.7456728957058876,
  "MAE": 0.49435005458745107,
  "RMSE": 0.4906356096136499,
  "MAPE(%)": 20.685835191326287
}