{
  "R2": 0.9710625386702711,
  "MAE": 0.06774861958259308,
  "RMSE": 0.013783637799196155,
  "MAPE(%)": 4.9699232971088
}