{
  "R2": 0.963227038755743,
  "MAE": 0.15872069325494095,
  "RMSE": 0.047144644781349075,
  "MAPE(%)": 4.927659420391166
}