Feature,Importance
0.05,76.78099217648206
ASA_m2_g,4.307611628747211
ASA_m2_cm3,3.3868448087728673
AV_VF,2.8840971561131865
AV_cm3_g,2.7129750254204503
cm3_g,2.5632595489122885
LCD,1.656472842226683
PLD,1.408150253777947
LFPD,1.3559399922838042
Has_OMS,1.3466861435402975
NASA_m2_g,0.7431273778374722
NASA_m2_cm3,0.7356183773772341
NAV_cm3_g,0.11822466850848713
