{
  "R2": 0.9814749947895065,
  "MAE": 0.03647106759027975,
  "RMSE": 0.004392170749085017,
  "MAPE(%)": 3.4864992583382763
}