Feature,Importance
0.05,78.062494079806
ASA_m2_g,4.150371571720011
ASA_m2_cm3,3.3969819731409245
AV_cm3_g,3.1502924590571637
AV_VF,2.807118696999271
cm3_g,2.003990584930406
Has_OMS,1.5126687173996047
LCD,1.4396985848216033
PLD,1.2864806674131366
LFPD,1.104352837133923
NASA_m2_cm3,0.5323159323292833
NASA_m2_g,0.4847677640306401
NAV_cm3_g,0.06846613121805396
