{
  "R2": 0.9734036627009003,
  "MAE": 0.03853840057899001,
  "RMSE": 0.0059740418366083965,
  "MAPE(%)": 3.4804319971047866
}