temp,lowp,outp,seed,mode,qt_frac,train_ratio,out_root,model,R2,MAE,RMSE,MAPE(%)
313K,0.05,5,2026,lowq,0.15,0.5,./RUN_FULL_EXP,cat,0.9734036627009003,0.03853840057899001,0.0059740418366083965,3.4804319971047866
