{
  "R2": 0.9775124519669153,
  "MAE": 0.05700471163033673,
  "RMSE": 0.010023556719638532,
  "MAPE(%)": 3.968381032698058
}