{
  "R2": 0.9674255593377464,
  "MAE": 0.00654543711800753,
  "RMSE": 0.0010349388583689534,
  "MAPE(%)": 2.4123714273168986
}