{
  "R2": 0.9642258179818515,
  "MAE": 0.11739030176258673,
  "RMSE": 0.04409374984471025,
  "MAPE(%)": 5.001507025730869
}