{
  "R2": 0.9568223407458551,
  "MAE": 0.181794468309177,
  "RMSE": 0.07756863770360002,
  "MAPE(%)": 6.279885384079662
}