{
  "R2": 0.9618316415351548,
  "MAE": 0.16545194562678822,
  "RMSE": 0.07178501930872605,
  "MAPE(%)": 5.701408698254183
}