Feature,Importance
0.5,64.11022146332616
ASA_m2_g,11.823840188853328
ASA_m2_cm3,5.18785959919304
AV_VF,4.178378741860696
AV_cm3_g,3.602608064757445
cm3_g,3.530016681130542
PLD,1.83612408212634
LFPD,1.8247263747848246
LCD,1.5505662964344111
Has_OMS,1.138396745932448
NASA_m2_g,0.6971224747001228
NASA_m2_cm3,0.4104478415336198
NAV_cm3_g,0.10969144536704324
