{
  "R2": 0.975033371569659,
  "MAE": 0.10795552147551238,
  "RMSE": 0.02569233886903419,
  "MAPE(%)": 4.522444842916736
}