Feature,Importance
0.01,63.592692191432754
ASA_m2_g,10.540747304526771
ASA_m2_cm3,6.185869784180575
AV_cm3_g,4.522765787361438
AV_VF,3.9102012959454426
cm3_g,2.872152308428631
PLD,1.925063320732394
LCD,1.9161045969020707
LFPD,1.6620007640611019
Has_OMS,1.1855914985046345
NASA_m2_g,0.8487030604419576
NASA_m2_cm3,0.7454246058940431
NAV_cm3_g,0.09268348158818036
