{
  "R2": 0.9701500538893647,
  "MAE": 0.11816471652969507,
  "RMSE": 0.02658959333317039,
  "MAPE(%)": 4.808133117704726
}