{
  "R2": 0.975791371478365,
  "MAE": 0.04263699936040983,
  "RMSE": 0.005696604432658764,
  "MAPE(%)": 3.9425638615214886
}