Feature,Importance
0.1,51.04312111851569
ASA_m2_g,15.11442967024792
ASA_m2_cm3,8.099391322076901
AV_cm3_g,5.403134718842088
AV_VF,5.059120445155098
cm3_g,4.968949851537108
PLD,2.6849362932506677
LCD,2.5204877706135904
LFPD,2.169972372839098
Has_OMS,1.4329842046662888
NASA_m2_cm3,0.6985738383708411
NASA_m2_g,0.6891508069743114
NAV_cm3_g,0.11574758691041281
