{
  "R2": 0.9630499927256646,
  "MAE": 0.22655587129382862,
  "RMSE": 0.10749650963292424,
  "MAPE(%)": 6.420849481823178
}