{
  "R2": 0.9814678628566667,
  "MAE": 0.03567361621402796,
  "RMSE": 0.0038643275129280202,
  "MAPE(%)": 3.3177616447651146
}