Feature,Importance
0.01,83.19062296544473
ASA_m2_cm3,2.421410308325685
AV_VF,2.317237622756007
Has_OMS,2.3024761145094335
ASA_m2_g,2.2033041252691996
PLD,1.3459840057295818
LCD,1.320777315964823
AV_cm3_g,1.2715052160808318
cm3_g,1.2233616432567775
LFPD,1.1581402031662145
NASA_m2_g,0.645410481886519
NASA_m2_cm3,0.5586833349454262
NAV_cm3_g,0.04108666266477183
