Feature,Importance
0.01,83.9536542860954
ASA_m2_g,2.701790295775293
ASA_m2_cm3,2.039131590637442
AV_VF,1.8821238270971887
cm3_g,1.8264079981620642
AV_cm3_g,1.7106877315484914
PLD,1.572063808811593
LFPD,1.2603472880521909
LCD,1.1670608759964372
NASA_m2_cm3,0.7058434664955456
Has_OMS,0.6264775822695785
NASA_m2_g,0.5087625001696244
NAV_cm3_g,0.045648748889122875
