{
  "R2": 0.9640521419253163,
  "MAE": 0.024472893294501363,
  "RMSE": 0.0054544270085819775,
  "MAPE(%)": 4.2976490926427955
}