temp,lowp,outp,seed,mode,qt_frac,train_ratio,out_root,model,R2,MAE,RMSE,MAPE(%)
273K,0.01,1,2027,struct_with_input,0.0,0.45,./RUN_FULL_EXP,cat,0.9640521419253163,0.024472893294501363,0.0054544270085819775,4.2976490926427955
