Feature,Importance
0.01,83.19787489259731
Has_OMS,2.7947326012583162
ASA_m2_cm3,2.44764247638687
ASA_m2_g,2.236551169830406
AV_VF,1.7722446323064096
AV_cm3_g,1.4967933012712995
cm3_g,1.3432176072469055
LCD,1.2030925171495548
NASA_m2_cm3,1.0218232711940953
PLD,0.9962463325461004
LFPD,0.7560752463432479
NASA_m2_g,0.46440595803628326
NAV_cm3_g,0.2692999938332034
