{
  "R2": 0.9600350364101992,
  "MAE": 0.025947918257533027,
  "RMSE": 0.005988067170047924,
  "MAPE(%)": 4.568358873858804
}