{
  "R2": 0.9532795106685227,
  "MAE": 0.23796423646965734,
  "RMSE": 0.11528656549817247,
  "MAPE(%)": 6.158485676151787
}