Feature,Importance
0.01,78.36020508040181
Has_OMS,3.09415471822439
ASA_m2_cm3,2.9918862541236706
ASA_m2_g,2.346901338415485
AV_cm3_g,2.209565911388512
cm3_g,2.2062411904864643
AV_VF,2.1566507728570867
PLD,1.9554660107928699
LCD,1.5772775145986313
LFPD,1.2816539388639365
NASA_m2_g,0.9236830483687852
NASA_m2_cm3,0.7113532726861544
NAV_cm3_g,0.184960948792187
