temp,lowp,outp,seed,mode,qt_frac,train_ratio,out_root,model,R2,MAE,RMSE,MAPE(%)
273K,0.01,1,2027,struct_with_input,0.1,0.2,./RUN_FULL_EXP,cat,0.9678776635586807,0.024367326745066652,0.0035811815835697413,4.352620134584306
