{
  "R2": 0.9736165056417204,
  "MAE": 0.024152381919223198,
  "RMSE": 0.003020553525513918,
  "MAPE(%)": 4.432104777171524
}