{
  "R2": 0.9678776635586807,
  "MAE": 0.024367326745066652,
  "RMSE": 0.0035811815835697413,
  "MAPE(%)": 4.352620134584306
}