{
  "R2": 0.9960924060192633,
  "MAE": 0.023621882631180063,
  "RMSE": 0.0011622689020486527,
  "MAPE(%)": 1.9323766144821977
}