Feature,Importance
0.1,51.62580492343817
ASA_m2_g,16.63103064607657
ASA_m2_cm3,6.751311123302804
AV_VF,5.037322898475805
AV_cm3_g,4.90704105217357
cm3_g,4.590244739604175
PLD,2.6893091363572164
LCD,2.512073375491849
LFPD,2.0128817982377076
Has_OMS,1.505534968368249
NASA_m2_cm3,1.110157184929936
NASA_m2_g,0.5468875944595252
NAV_cm3_g,0.08040055908443199
