{
  "R2": 0.9498274038040989,
  "MAE": 0.23874476295098354,
  "RMSE": 0.12898161371284533,
  "MAPE(%)": 6.040440571993855
}