temp,lowp,outp,seed,mode,qt_frac,train_ratio,out_root,model,R2,MAE,RMSE,MAPE(%)
293K,HENRY,1,2028,lowq,0.55,0.5,./RUN_FULL_EXP,cat,0.9930483742173868,0.00720658875282157,0.00013956529331275773,1.9401938181236482
