{
  "R2": 0.9930483742173868,
  "MAE": 0.00720658875282157,
  "RMSE": 0.00013956529331275773,
  "MAPE(%)": 1.9401938181236482
}