Feature,Importance
0.01,83.0407103926648
AV_VF,2.148765853665032
ASA_m2_cm3,2.132313211193584
cm3_g,1.9819969870035652
AV_cm3_g,1.880555077967716
PLD,1.7889689988595179
LFPD,1.6344662218005703
ASA_m2_g,1.6167531271078202
LCD,1.601960625473095
Has_OMS,1.4218948616194889
NASA_m2_cm3,0.4091990981458015
NASA_m2_g,0.28310852015408805
NAV_cm3_g,0.05930702434489533
