Feature,Importance
0.01,81.58170625232607
ASA_m2_cm3,2.7892738613672967
ASA_m2_g,2.7142323354252054
Has_OMS,2.438824860025481
AV_VF,2.1463188616764057
LFPD,1.7190311117218577
PLD,1.541826493606472
cm3_g,1.3348147488733157
LCD,1.1109622677609832
AV_cm3_g,1.0637909124965725
NASA_m2_g,0.8197421428844891
NASA_m2_cm3,0.7170228574973061
NAV_cm3_g,0.022453294338545694
