{
  "R2": 0.9552218009122306,
  "MAE": 0.026352143941845207,
  "RMSE": 0.007454898462081794,
  "MAPE(%)": 4.4585812151863875
}