{
  "R2": 0.9573705986926814,
  "MAE": 0.025702536427767257,
  "RMSE": 0.006524631418882077,
  "MAPE(%)": 4.545648238263527
}