Feature,Importance
0.01,82.11152986707076
ASA_m2_cm3,2.3757883949193417
AV_VF,2.2790768431239874
PLD,2.0153968123311166
cm3_g,1.8025200370503822
AV_cm3_g,1.751087582392071
Has_OMS,1.7463752144339353
LCD,1.5667256319834926
ASA_m2_g,1.5650192921411004
LFPD,1.3695212607604748
NASA_m2_cm3,0.8332554779637185
NASA_m2_g,0.5227814811424377
NAV_cm3_g,0.0609221046871783
