{
  "R2": 0.9842620870945316,
  "MAE": 0.01753733948481505,
  "RMSE": 0.0008856745074889319,
  "MAPE(%)": 3.246909377778355
}