{
  "R2": 0.957957260174496,
  "MAE": 0.16551996247925171,
  "RMSE": 0.05709018410305504,
  "MAPE(%)": 5.265283862614214
}