Feature,Importance
0.1,70.68151177982982
ASA_m2_g,5.799859467915482
ASA_m2_cm3,5.37741001895496
AV_VF,4.223954371525123
AV_cm3_g,3.3664363954969105
LFPD,1.9840571765196742
PLD,1.894984782803409
LCD,1.8759209074838397
cm3_g,1.7309962340355123
Has_OMS,1.5488129496443315
NASA_m2_cm3,0.8958295040771962
NASA_m2_g,0.5234333119858607
NAV_cm3_g,0.09679309972789579
