{
  "R2": 0.9674013429008176,
  "MAE": 0.055817789378331505,
  "RMSE": 0.006854920850653742,
  "MAPE(%)": 3.7568732389913277
}