temp,lowp,outp,seed,mode,qt_frac,train_ratio,out_root,model,R2,MAE,RMSE,MAPE(%)
293K,0.1,5,2027,lowq,0.8,0.5,./RUN_FULL_EXP,cat,0.9674013429008176,0.055817789378331505,0.006854920850653742,3.7568732389913277
