{
  "R2": 0.9717944442115277,
  "MAE": 0.05990703535664736,
  "RMSE": 0.010187365204460286,
  "MAPE(%)": 4.137286942817875
}