{
  "R2": 0.9850050762124173,
  "MAE": 0.01352513643202592,
  "RMSE": 0.0005178762896799033,
  "MAPE(%)": 2.4965697095945694
}