Feature,Importance
0.01,77.97546069669067
Has_OMS,3.2501969704466265
cm3_g,2.8898782931307085
AV_VF,2.5295669697289247
AV_cm3_g,2.5117114630327553
ASA_m2_cm3,2.456302123721473
PLD,2.2943327517372545
ASA_m2_g,1.7074138818251408
LFPD,1.4948617896132257
NASA_m2_cm3,1.29060320102339
LCD,1.2140021339326585
NASA_m2_g,0.312136701613803
NAV_cm3_g,0.07353302350337493
