{
  "R2": 0.9530356240871127,
  "MAE": 0.029211866463021968,
  "RMSE": 0.006467114677928055,
  "MAPE(%)": 5.52709852026985
}