Feature,Importance
0.01,74.8960176014263
Has_OMS,4.512722531781742
AV_VF,3.225422204533117
ASA_m2_g,2.9360467290501004
cm3_g,2.750114391805327
ASA_m2_cm3,2.6432681563440577
AV_cm3_g,2.504560757551097
PLD,1.805830752891907
LCD,1.6184512810074427
LFPD,1.5903869029491686
NASA_m2_cm3,0.9512104188455798
NASA_m2_g,0.49413108504529835
NAV_cm3_g,0.07183718676883587
