{
  "R2": 0.9709719582444847,
  "MAE": 0.025114274445729345,
  "RMSE": 0.002775397134226938,
  "MAPE(%)": 4.973257183652628
}