temp,lowp,outp,seed,mode,qt_frac,train_ratio,out_root,model,R2,MAE,RMSE,MAPE(%)
273K,0.01,1,2027,struct_with_input,0.15,0.15,./RUN_FULL_EXP,cat,0.9753781085757341,0.024963262119466926,0.0023119997455709534,4.786178110026011
