Feature,Importance
0.01,53.71868162098171
ASA_m2_g,13.828974447294804
AV_VF,6.215303600018319
ASA_m2_cm3,5.451731791017844
AV_cm3_g,5.39287779687829
cm3_g,4.819987538156966
PLD,2.63219472474704
LFPD,2.435383626805214
LCD,2.165421851924103
Has_OMS,1.8305843739515002
NASA_m2_cm3,0.8077948038245788
NASA_m2_g,0.5014476569640862
NAV_cm3_g,0.19961616743552463
