{
  "R2": 0.9472236500334144,
  "MAE": 0.2494602212627986,
  "RMSE": 0.13502831000627197,
  "MAPE(%)": 6.596660623289656
}