Feature,Importance
0.01,80.09910635107565
ASA_m2_cm3,3.300451398185656
ASA_m2_g,3.09132249148064
Has_OMS,2.5457839479089603
cm3_g,1.953486727928872
AV_VF,1.7580137051255635
PLD,1.4922440419401175
LFPD,1.3621408908380586
LCD,1.3235771739979922
AV_cm3_g,1.2014547289447748
NASA_m2_g,0.9219938820950828
NASA_m2_cm3,0.904355609423456
NAV_cm3_g,0.0460690510551796
