temp,lowp,outp,seed,mode,qt_frac,train_ratio,out_root,model,R2,MAE,RMSE,MAPE(%)
273K,0.01,1,2027,struct_with_input,0.28,0.55,./RUN_FULL_EXP,cat,0.9870712635586226,0.01785088014216212,0.000964264328334184,3.2465825331190543
