{
  "R2": 0.9870712635586226,
  "MAE": 0.01785088014216212,
  "RMSE": 0.000964264328334184,
  "MAPE(%)": 3.2465825331190543
}