{
  "R2": 0.9860359348626055,
  "MAE": 0.018211136292948422,
  "RMSE": 0.0009833597884034606,
  "MAPE(%)": 3.421826434323321
}