{
  "R2": 0.95717149352433,
  "MAE": 0.22888982427873966,
  "RMSE": 0.106037816580739,
  "MAPE(%)": 5.788323011862002
}