temp,lowp,outp,seed,mode,qt_frac,train_ratio,out_root,model,R2,MAE,RMSE,MAPE(%)
273K,0.5,15,2029,lowq,0.6,0.5,./RUN_FULL_EXP,cat,0.95717149352433,0.22888982427873966,0.106037816580739,5.788323011862002
