Feature,Importance
HENRY,77.23987776846022
ASA_m2_g,4.296959664891274
AV_VF,3.4330250297766565
AV_cm3_g,3.0118072410765238
ASA_m2_cm3,2.974145739059025
cm3_g,2.005836328676758
LCD,1.9698775354541398
Has_OMS,1.499410086782916
PLD,1.407599336376935
LFPD,0.9154183014187819
NASA_m2_g,0.6133265313077617
NASA_m2_cm3,0.5415402798020994
NAV_cm3_g,0.09117615691692109
