temp,lowp,outp,seed,mode,qt_frac,train_ratio,out_root,model,R2,MAE,RMSE,MAPE(%)
313K,HENRY,5,2026,lowq,0.4,0.5,./RUN_FULL_EXP,cat,0.9823154130565526,0.03375679636605075,0.0030467274782813095,3.123284359194008
