{
  "R2": 0.9823154130565526,
  "MAE": 0.03375679636605075,
  "RMSE": 0.0030467274782813095,
  "MAPE(%)": 3.123284359194008
}