{
  "R2": 0.30888851554293995,
  "MAE": 0.41574581152631446,
  "RMSE": 0.34148759519325156,
  "MAPE(%)": 43.52997525997602
}