{
  "R2": 0.957454072267956,
  "MAE": 0.08270003435113693,
  "RMSE": 0.018751450704567747,
  "MAPE(%)": 6.215140961162293
}