{
  "R2": 0.9782663141188711,
  "MAE": 0.03255373001777763,
  "RMSE": 0.0025395135252722265,
  "MAPE(%)": 2.904146557404024
}