Feature,Importance
cm3_g,13.865749067383765
AV_VF,13.710402709586944
PLD,12.216232921401224
ASA_m2_cm3,12.125476681074248
ASA_m2_g,10.294238178692652
LCD,9.450727032821035
LFPD,8.61980074207375
Has_OMS,8.495185986759905
AV_cm3_g,7.641569320621725
NASA_m2_g,1.7452408759400637
NASA_m2_cm3,1.5748015767348722
NAV_cm3_g,0.26057490690980095
