{
  "R2": 0.4658406478969386,
  "MAE": 0.3540832383435034,
  "RMSE": 0.26098281364261816,
  "MAPE(%)": 35.11590443848228
}