temp,lowp,outp,seed,mode,qt_frac,train_ratio,out_root,model,R2,MAE,RMSE,MAPE(%)
293K,0.01,5,2026,struct,0.0,0.25,./RUN_FULL_EXP,cat,0.4658406478969386,0.3540832383435034,0.26098281364261816,35.11590443848228
