{
  "R2": 0.95917140831036,
  "MAE": 0.10743143196890835,
  "RMSE": 0.02910057623578037,
  "MAPE(%)": 5.568461146930115
}