Feature,Importance
0.01,56.08206611790282
ASA_m2_g,14.561688097648187
AV_VF,6.384736203212102
ASA_m2_cm3,6.122480248673075
AV_cm3_g,4.008256329209727
cm3_g,3.1933921179489784
PLD,2.832766435627829
LCD,2.346932242677641
LFPD,1.9010344305668634
Has_OMS,1.2897760227876602
NASA_m2_cm3,0.7080218222981258
NASA_m2_g,0.5051250111886126
NAV_cm3_g,0.0637249202583773
