{
  "R2": 0.9594928656761825,
  "MAE": 0.17081706829323814,
  "RMSE": 0.05677919701052669,
  "MAPE(%)": 5.49330639225962
}