Feature,Importance
0.01,71.12646347818574
ASA_m2_g,6.082468729616952
ASA_m2_cm3,5.803433893297155
AV_VF,3.8003357301036353
AV_cm3_g,2.7252681315427254
LCD,2.089199492519672
cm3_g,1.8536103496324787
PLD,1.7625857042249269
LFPD,1.5985691162592233
Has_OMS,1.5677489505542002
NASA_m2_g,0.838011740056892
NASA_m2_cm3,0.6810912362856203
NAV_cm3_g,0.0712134477207662
