{
  "R2": 0.9648378770217335,
  "MAE": 0.05882829554690844,
  "RMSE": 0.0075511514394547554,
  "MAPE(%)": 3.9932477431841766
}