{
  "R2": 0.9595871429962524,
  "MAE": 0.07622876876669388,
  "RMSE": 0.02028247336817817,
  "MAPE(%)": 5.621997982433446
}