Feature,Importance
0.5,61.68555858272324
ASA_m2_g,10.282626999702156
ASA_m2_cm3,6.032112760308002
AV_cm3_g,5.997742792632331
AV_VF,5.0455835962796405
cm3_g,2.680649398059131
PLD,1.9856873424373145
LCD,1.762125788696677
LFPD,1.6638387831924952
Has_OMS,1.2827596303527542
NASA_m2_cm3,0.8671898072218762
NASA_m2_g,0.6368120642433879
NAV_cm3_g,0.0773124541509945
