{
  "R2": 0.9743045761957337,
  "MAE": 0.10556036933115605,
  "RMSE": 0.02249455695009748,
  "MAPE(%)": 4.223424269882155
}