Feature,Importance
0.05,62.09058992296351
ASA_m2_g,9.893565200644225
ASA_m2_cm3,5.9742447546369775
AV_VF,5.472379960080264
AV_cm3_g,4.7897457709270475
cm3_g,3.3299281684395856
LCD,2.254165950059259
PLD,2.0486646806932405
LFPD,1.8098730471885673
Has_OMS,1.236347645525073
NASA_m2_cm3,0.4940993784586423
NASA_m2_g,0.4845845659839059
NAV_cm3_g,0.12181095439970775
