{
  "R2": 0.9751893495582564,
  "MAE": 0.10973704538255268,
  "RMSE": 0.027424295511866436,
  "MAPE(%)": 4.716748671929507
}