Feature,Importance
0.1,72.33812122280578
ASA_m2_g,6.8102943558606635
ASA_m2_cm3,4.540052609607846
AV_VF,4.0722493478360615
PLD,2.087979522198583
AV_cm3_g,1.9977507485105879
cm3_g,1.7652616393007219
LFPD,1.7179788975711932
LCD,1.7100666772742834
Has_OMS,1.6690052164876636
NASA_m2_cm3,0.677647084591309
NASA_m2_g,0.5763623460418582
NAV_cm3_g,0.037230331913457634
