{
  "R2": 0.970040166371976,
  "MAE": 0.05304209359652839,
  "RMSE": 0.006267854350039996,
  "MAPE(%)": 3.5445149570019305
}