temp,lowp,outp,seed,mode,qt_frac,train_ratio,out_root,model,R2,MAE,RMSE,MAPE(%)
293K,0.1,5,2025,lowq,0.8,0.5,./RUN_FULL_EXP,cat,0.970040166371976,0.05304209359652839,0.006267854350039996,3.5445149570019305
