Feature,Importance
0.05,61.90575823026411
ASA_m2_g,11.199693023644071
ASA_m2_cm3,6.167351774810102
AV_cm3_g,4.567028144308577
AV_VF,4.482005294018436
cm3_g,3.1475864791616104
PLD,2.1903910340906156
LCD,2.011827787239955
Has_OMS,1.4681372917278674
LFPD,1.461750335323859
NASA_m2_cm3,0.8269984517538532
NASA_m2_g,0.4823277567836656
NAV_cm3_g,0.08914439687329859
