{
  "R2": 0.9694711305155362,
  "MAE": 0.11141276308739895,
  "RMSE": 0.025122768772113644,
  "MAPE(%)": 4.375340415858617
}