{
  "R2": 0.9961060626843571,
  "MAE": 0.005566967554893616,
  "RMSE": 5.8631641322026546e-05,
  "MAPE(%)": 1.494590306843618
}