Feature,Importance
HENRY,86.55454019851652
AV_cm3_g,1.6060706720557871
cm3_g,1.5881416666489607
ASA_m2_g,1.5019294326714956
LCD,1.4711013630836471
ASA_m2_cm3,1.2558127578864298
Has_OMS,1.2055535948992402
AV_VF,1.1788199787917337
LFPD,1.1623769168575178
PLD,1.0434413574636185
NASA_m2_cm3,0.873446091183448
NASA_m2_g,0.47756113578726705
NAV_cm3_g,0.08120483415433094
