{
  "R2": 0.9907667864693341,
  "MAE": 0.005241284590937643,
  "RMSE": 0.00021195476755545413,
  "MAPE(%)": 1.9892914927107295
}