temp,lowp,outp,seed,mode,qt_frac,train_ratio,out_root,model,R2,MAE,RMSE,MAPE(%)
313K,HENRY,1,2027,lowq,0.1,0.5,./RUN_FULL_EXP,cat,0.9907667864693341,0.005241284590937643,0.00021195476755545413,1.9892914927107295
