Feature,Importance
HENRY,86.76961355499024
cm3_g,2.0451785753974407
PLD,1.56204423050339
LFPD,1.4161702776232257
Has_OMS,1.344155586943511
AV_VF,1.2788654712844771
LCD,1.2776543096936037
ASA_m2_g,1.248498668822068
ASA_m2_cm3,1.1853913297296126
AV_cm3_g,1.1471055133735677
NASA_m2_cm3,0.3468427509783658
NASA_m2_g,0.2885522422376669
NAV_cm3_g,0.08992748842282312
