{
  "R2": 0.9954277205393585,
  "MAE": 0.0041262689406582976,
  "RMSE": 4.1365979442729884e-05,
  "MAPE(%)": 1.593591469566518
}