temp,lowp,outp,seed,mode,qt_frac,train_ratio,out_root,model,R2,MAE,RMSE,MAPE(%)
273K,0.01,5,2028,lowq,0.05,0.5,./RUN_FULL_EXP,cat,0.9584869730829213,0.11121111207259289,0.03425512949259486,5.831381878025686
