{
  "R2": 0.9584869730829213,
  "MAE": 0.11121111207259289,
  "RMSE": 0.03425512949259486,
  "MAPE(%)": 5.831381878025686
}