Feature,Importance
HENRY,86.09559233521671
cm3_g,1.8272177093290094
AV_cm3_g,1.7470148473687037
LFPD,1.7421302635069051
AV_VF,1.5354320659971465
Has_OMS,1.2532137918981872
PLD,1.2232021363943428
LCD,1.2131265131533528
ASA_m2_cm3,1.198325302960873
ASA_m2_g,1.1346223570725662
NASA_m2_cm3,0.6031080538597066
NASA_m2_g,0.4018491132841845
NAV_cm3_g,0.025165509958300462
