{
  "R2": 0.9924378537552395,
  "MAE": 0.005152648563639927,
  "RMSE": 0.0001983756031111548,
  "MAPE(%)": 1.9106236369595173
}