Feature,Importance
0.05,87.60299600827717
cm3_g,1.8133041616008476
PLD,1.7009565502264608
AV_VF,1.4998799510720544
AV_cm3_g,1.3205441066725743
Has_OMS,1.2654501603897916
LFPD,1.2638892988831827
LCD,1.0840166026408637
ASA_m2_cm3,0.9421686754961429
ASA_m2_g,0.8638759629014584
NASA_m2_g,0.3495423972886737
NASA_m2_cm3,0.22218501777430588
NAV_cm3_g,0.07119110677647811
