{
  "R2": 0.9945629666844392,
  "MAE": 0.0048203857824924996,
  "RMSE": 4.872927544320979e-05,
  "MAPE(%)": 1.872617441987708
}