{
  "R2": 0.9649798779592469,
  "MAE": 0.16118627632485555,
  "RMSE": 0.05386970386860856,
  "MAPE(%)": 5.357846838688901
}