temp,lowp,outp,seed,mode,qt_frac,train_ratio,out_root,model,R2,MAE,RMSE,MAPE(%)
273K,0.01,1,2028,struct_with_input,0.05,0.1,./RUN_FULL_EXP,cat,0.9419612526937094,0.030532611412478775,0.008531626044638954,5.573144543794119
