{
  "R2": 0.9419612526937094,
  "MAE": 0.030532611412478775,
  "RMSE": 0.008531626044638954,
  "MAPE(%)": 5.573144543794119
}