Feature,Importance
0.01,83.98485594756156
AV_cm3_g,2.2701220944410214
Has_OMS,2.1742871496762457
LCD,1.953481427689575
cm3_g,1.6545683478311402
ASA_m2_g,1.4826549934161048
AV_VF,1.3872501462349887
PLD,1.1798036859954921
ASA_m2_cm3,1.146678503232013
LFPD,1.107204884072836
NASA_m2_cm3,1.0485425043616077
NASA_m2_g,0.5218618489342672
NAV_cm3_g,0.0886884665531539
