{
  "R2": 0.990067248514313,
  "MAE": 0.009986552444359203,
  "RMSE": 0.0002269418957108447,
  "MAPE(%)": 2.814802462942584
}