Feature,Importance
0.1,51.17385793391377
ASA_m2_g,16.242922053983552
ASA_m2_cm3,6.574897014536175
AV_cm3_g,6.54290238666
AV_VF,4.945181322555332
cm3_g,3.3768839205062076
PLD,2.920781645034879
LCD,2.513948314274677
LFPD,2.5000720907266722
Has_OMS,1.3077718218391166
NASA_m2_g,0.9385392475768369
NASA_m2_cm3,0.8678844583879788
NAV_cm3_g,0.09435779000479598
