{
  "R2": 0.9554081407420526,
  "MAE": 0.23271148175186931,
  "RMSE": 0.1241956091840019,
  "MAPE(%)": 6.2065402497608915
}