Feature,Importance
0.5,92.57140736490216
PLD,1.3146518946898644
AV_cm3_g,0.9252322521608861
LCD,0.8250626929334949
AV_VF,0.8189340267696462
LFPD,0.6212591910567618
Has_OMS,0.6039930444467376
cm3_g,0.5497690519832868
ASA_m2_cm3,0.5481458770449926
NASA_m2_g,0.47831616984183256
ASA_m2_g,0.46462384183123895
NASA_m2_cm3,0.2373627011455476
NAV_cm3_g,0.041241891193542865
