temp,lowp,outp,seed,mode,qt_frac,train_ratio,out_root,model,R2,MAE,RMSE,MAPE(%)
313K,0.5,1,2026,lowq,0.05,0.5,./RUN_FULL_EXP,cat,0.9833787504804867,0.005493548652135848,0.0005170844221509145,1.8495564763810695
