{
  "R2": 0.9833787504804867,
  "MAE": 0.005493548652135848,
  "RMSE": 0.0005170844221509145,
  "MAPE(%)": 1.8495564763810695
}