{
  "R2": 0.9596263549385393,
  "MAE": 0.17121920454227882,
  "RMSE": 0.056610922526770184,
  "MAPE(%)": 5.510931322969996
}