Feature,Importance
0.01,81.57299031318374
AV_VF,2.815142835972904
ASA_m2_cm3,2.704469443027009
Has_OMS,2.350921230874002
cm3_g,1.9115102090073304
AV_cm3_g,1.751725643060725
ASA_m2_g,1.6891170203973855
PLD,1.5667085190422525
LFPD,1.2590248359385026
LCD,1.250759282822436
NASA_m2_cm3,0.6840083371928478
NASA_m2_g,0.3990828357153441
NAV_cm3_g,0.044539493765485876
