{
  "R2": 0.9843597977365153,
  "MAE": 0.01655821285708503,
  "RMSE": 0.0007186608430926495,
  "MAPE(%)": 3.0919257922021055
}