Feature,Importance
HENRY,83.79136306397761
cm3_g,2.3597580723594254
PLD,1.94519602924538
Has_OMS,1.9233009468239608
LFPD,1.8324813611014958
AV_VF,1.6585847568874372
LCD,1.5725526506529866
AV_cm3_g,1.3950056901125418
ASA_m2_g,1.3888609787735045
ASA_m2_cm3,1.0278311344798408
NASA_m2_g,0.5101517085509107
NASA_m2_cm3,0.5002718399958493
NAV_cm3_g,0.09464176703905018
