{
  "R2": 0.9909034316813149,
  "MAE": 0.008475073940611913,
  "RMSE": 0.00029029040513670745,
  "MAPE(%)": 2.2636949004859415
}