Feature,Importance
HENRY,86.06916790659209
LCD,1.8809015672899025
AV_VF,1.740878620462331
cm3_g,1.6229248120175488
AV_cm3_g,1.4464785269710874
PLD,1.4290269147238506
ASA_m2_g,1.2991480998224803
ASA_m2_cm3,1.2294397589679933
LFPD,1.10114387488093
Has_OMS,0.9011988546757375
NASA_m2_g,0.6018435510344375
NASA_m2_cm3,0.5824020413161717
NAV_cm3_g,0.09544547124547147
