{
  "R2": 0.9828058884522141,
  "MAE": 0.009345926753818382,
  "RMSE": 0.0006810891938525122,
  "MAPE(%)": 2.3966454985337937
}