temp,lowp,outp,seed,mode,qt_frac,train_ratio,out_root,model,R2,MAE,RMSE,MAPE(%)
293K,0.1,5,2025,lowq,0.05,0.5,./RUN_FULL_EXP,cat,0.9721516812118995,0.061460094633635505,0.01297589614379432,4.3166744931044345
