{
  "R2": 0.9721516812118995,
  "MAE": 0.061460094633635505,
  "RMSE": 0.01297589614379432,
  "MAPE(%)": 4.3166744931044345
}