{
  "R2": 0.9776285479700064,
  "MAE": 0.10529311924287396,
  "RMSE": 0.025566307493044726,
  "MAPE(%)": 4.586301144503936
}