Feature,Importance
0.01,85.69701744004169
cm3_g,2.107224629831139
AV_cm3_g,1.8231768014532617
LCD,1.81364578177175
Has_OMS,1.6542380034661581
ASA_m2_cm3,1.385992132087193
AV_VF,1.2467267546205143
ASA_m2_g,1.228964662151971
NASA_m2_cm3,0.9957865077439454
PLD,0.9256292162437761
LFPD,0.7452628508364315
NASA_m2_g,0.3284796862956144
NAV_cm3_g,0.04785553345655431
