{
  "R2": 0.9914557043744021,
  "MAE": 0.009842180722780534,
  "RMSE": 0.00023179121131833077,
  "MAPE(%)": 2.715638774877365
}