{
  "R2": 0.9845995946494717,
  "MAE": 0.04323962016565609,
  "RMSE": 0.00735575295205038,
  "MAPE(%)": 2.868410488052081
}