temp,lowp,outp,seed,mode,qt_frac,train_ratio,out_root,model,R2,MAE,RMSE,MAPE(%)
273K,0.1,5,2028,lowq,0.8,0.5,./RUN_FULL_EXP,cat,0.9518806030240825,0.09543696109462702,0.020319367398803585,4.7607989326168205
