{
  "R2": 0.9518806030240825,
  "MAE": 0.09543696109462702,
  "RMSE": 0.020319367398803585,
  "MAPE(%)": 4.7607989326168205
}