temp,lowp,outp,seed,mode,qt_frac,train_ratio,out_root,model,R2,MAE,RMSE,MAPE(%)
273K,0.1,5,2028,lowq,0.4,0.5,./RUN_FULL_EXP,cat,0.9597795992731567,0.10132775885793394,0.024188978564086087,5.07222815050704
