{
  "R2": 0.9597795992731567,
  "MAE": 0.10132775885793394,
  "RMSE": 0.024188978564086087,
  "MAPE(%)": 5.07222815050704
}