{
  "R2": 0.9645044084418782,
  "MAE": 0.06729145945027375,
  "RMSE": 0.014905389247789903,
  "MAPE(%)": 4.470808945628547
}