temp,lowp,outp,seed,mode,qt_frac,train_ratio,out_root,model,R2,MAE,RMSE,MAPE(%)
273K,0.01,1,2025,struct,0.0,0.8,./RUN_FULL_EXP,cat,0.4617921053731875,0.17621866074859519,0.08341141769554931,47.905650921591835
