{
  "R2": 0.4617921053731875,
  "MAE": 0.17621866074859519,
  "RMSE": 0.08341141769554931,
  "MAPE(%)": 47.905650921591835
}