{
  "R2": 0.9900547926131655,
  "MAE": 0.035142022017052424,
  "RMSE": 0.003727694046066526,
  "MAPE(%)": 2.8693209426434154
}