Feature,Importance
0.01,71.05654712316395
ASA_m2_g,7.153611870260889
AV_VF,4.19746626453033
ASA_m2_cm3,3.815497397053567
cm3_g,2.4917237887458117
AV_cm3_g,2.274792533672649
LCD,2.0931246703222968
Has_OMS,1.8826454697323243
LFPD,1.8778831558492273
PLD,1.7807587614439007
NASA_m2_cm3,0.8912947364161893
NASA_m2_g,0.38625013992269
NAV_cm3_g,0.09840408888619832
