{
  "R2": 0.9674448375096304,
  "MAE": 0.07013359356973027,
  "RMSE": 0.016058180454414844,
  "MAPE(%)": 4.990779895324185
}