Feature,Importance
0.1,56.50833579658826
ASA_m2_g,14.53366784362473
ASA_m2_cm3,6.001608928822027
AV_VF,5.196802866947368
AV_cm3_g,4.394242394240607
cm3_g,3.3780788197406015
PLD,2.6630142074466265
LFPD,2.4276222561293395
LCD,2.011012228619262
Has_OMS,1.191898147803007
NASA_m2_cm3,0.8868131611477179
NASA_m2_g,0.6950182970043132
NAV_cm3_g,0.11188505188615734
