{
  "R2": 0.9650552928835499,
  "MAE": 0.1635423270900194,
  "RMSE": 0.05650969011798916,
  "MAPE(%)": 5.402709425656899
}