temp,lowp,outp,seed,mode,qt_frac,train_ratio,out_root,model,R2,MAE,RMSE,MAPE(%)
293K,0.1,15,2025,lowq,0.35,0.5,./RUN_FULL_EXP,cat,0.9650552928835499,0.1635423270900194,0.05650969011798916,5.402709425656899
