temp,lowp,outp,seed,mode,qt_frac,train_ratio,out_root,model,R2,MAE,RMSE,MAPE(%)
293K,0.5,5,2029,lowq,0.5,0.5,./RUN_FULL_EXP,cat,0.9756694325914811,0.053220082794960225,0.006791094847465702,3.598824888199817
