{
  "R2": 0.9756694325914811,
  "MAE": 0.053220082794960225,
  "RMSE": 0.006791094847465702,
  "MAPE(%)": 3.598824888199817
}