Feature,Importance
0.01,88.3316811443905
PLD,1.8859481649118173
cm3_g,1.651023204937905
LCD,1.4469248652661386
AV_cm3_g,1.40882830909998
ASA_m2_cm3,1.2568621713734134
AV_VF,1.1715633477484233
LFPD,0.7499855173734462
ASA_m2_g,0.6663474557518408
Has_OMS,0.5560257167393102
NASA_m2_g,0.4794516637842195
NASA_m2_cm3,0.29755811063298576
NAV_cm3_g,0.09780032799007388
