temp,lowp,outp,seed,mode,qt_frac,train_ratio,out_root,model,R2,MAE,RMSE,MAPE(%)
313K,0.01,1,2026,lowq,0.2,0.5,./RUN_FULL_EXP,cat,0.9906839497019208,0.007311196737407029,0.00014157645782017725,2.997003072828168
