{
  "R2": 0.9906839497019208,
  "MAE": 0.007311196737407029,
  "RMSE": 0.00014157645782017725,
  "MAPE(%)": 2.997003072828168
}