{
  "R2": 0.9602278868576181,
  "MAE": 0.1627430525409789,
  "RMSE": 0.06613879709161759,
  "MAPE(%)": 5.349213949064529
}