temp,lowp,outp,seed,mode,qt_frac,train_ratio,out_root,model,R2,MAE,RMSE,MAPE(%)
293K,0.1,5,2027,lowq,0.1,0.5,./RUN_FULL_EXP,cat,0.9729173381364165,0.06103440085998663,0.011813882748112651,4.324752811163082
