{
  "R2": 0.9729173381364165,
  "MAE": 0.06103440085998663,
  "RMSE": 0.011813882748112651,
  "MAPE(%)": 4.324752811163082
}