Feature,Importance
HENRY,86.53638224076884
cm3_g,1.8315946726091228
AV_VF,1.7158444697464659
LFPD,1.5652144391493008
PLD,1.4086640610576746
LCD,1.3764977695068827
AV_cm3_g,1.3158291610562274
ASA_m2_cm3,1.1743454165362768
Has_OMS,1.1063388595027397
ASA_m2_g,1.0649437334715988
NASA_m2_cm3,0.5203518471229351
NASA_m2_g,0.3357566241410743
NAV_cm3_g,0.048236705330849644
