{
  "R2": 0.9924756488214411,
  "MAE": 0.007148092083263296,
  "RMSE": 0.00011725967536655121,
  "MAPE(%)": 1.8863027993090118
}