temp,lowp,outp,seed,mode,qt_frac,train_ratio,out_root,model,R2,MAE,RMSE,MAPE(%)
293K,HENRY,1,2025,lowq,0.75,0.5,./RUN_FULL_EXP,cat,0.9924756488214411,0.007148092083263296,0.00011725967536655121,1.8863027993090118
