{
  "R2": 0.9615059557163396,
  "MAE": 0.17865654355861896,
  "RMSE": 0.06867811075286745,
  "MAPE(%)": 6.020908544838509
}