{
  "R2": 0.9593251170947121,
  "MAE": 0.23415094899852018,
  "RMSE": 0.12232632069301122,
  "MAPE(%)": 6.6653197088018965
}