temp,lowp,outp,seed,mode,qt_frac,train_ratio,out_root,model,R2,MAE,RMSE,MAPE(%)
273K,0.01,1,2025,struct,0.0,0.75,./RUN_FULL_EXP,cat,0.4508403133300204,0.18355361810136978,0.09647943643986816,55.96890917793965
