Feature,Importance
0.01,65.44093430580544
ASA_m2_cm3,6.392228082284702
AV_VF,5.9871090178174935
ASA_m2_g,5.914728474677109
AV_cm3_g,3.152105407085401
PLD,2.9803388987577066
LFPD,2.9081393392575663
cm3_g,2.1604068041710076
Has_OMS,2.0779738489409345
LCD,1.7715203499912793
NASA_m2_cm3,0.6421983357044062
NASA_m2_g,0.5033189932128315
NAV_cm3_g,0.06899814229414157
