{
  "R2": 0.9572074251695218,
  "MAE": 0.10889644503487889,
  "RMSE": 0.028794081853262325,
  "MAPE(%)": 5.609491250949645
}