temp,lowp,outp,seed,mode,qt_frac,train_ratio,out_root,model,R2,MAE,RMSE,MAPE(%)
273K,0.01,5,2028,lowq,0.3,0.5,./RUN_FULL_EXP,cat,0.9572074251695218,0.10889644503487889,0.028794081853262325,5.609491250949645
