Feature,Importance
0.05,59.83849791993417
ASA_m2_g,10.533883844222261
ASA_m2_cm3,6.194657138345278
AV_cm3_g,6.114531553573474
AV_VF,5.928740471380581
PLD,2.601773370313405
cm3_g,2.2434130104044643
LFPD,2.049478509273494
LCD,1.6792913186511347
Has_OMS,1.3556750968411895
NASA_m2_cm3,0.752200410268768
NASA_m2_g,0.6107318134558256
NAV_cm3_g,0.09712554333595985
