{
  "R2": 0.9616060850597342,
  "MAE": 0.16484723450307262,
  "RMSE": 0.05857150708163657,
  "MAPE(%)": 5.329397696721601
}