temp,lowp,outp,seed,mode,qt_frac,train_ratio,out_root,model,R2,MAE,RMSE,MAPE(%)
293K,0.05,15,2028,lowq,0.45,0.5,./RUN_FULL_EXP,cat,0.9616060850597342,0.16484723450307262,0.05857150708163657,5.329397696721601
