Feature,Importance
0.5,92.8372755926837
cm3_g,1.0422490257917654
AV_VF,1.0345465069708677
ASA_m2_cm3,0.8113840423332337
Has_OMS,0.6919759790204082
ASA_m2_g,0.663338407197139
AV_cm3_g,0.6266814893248339
LFPD,0.5976917729472923
PLD,0.5495241385658776
LCD,0.5365993969467542
NASA_m2_cm3,0.3496423224445336
NASA_m2_g,0.20747781980458507
NAV_cm3_g,0.051613505968979206
