temp,lowp,outp,seed,mode,qt_frac,train_ratio,out_root,model,R2,MAE,RMSE,MAPE(%)
273K,0.5,1,2025,lowq,0.75,0.5,./RUN_FULL_EXP,cat,0.9940143943394185,0.009679495308405735,0.00021708684484123111,1.7117027971461454
