{
  "R2": 0.9940143943394185,
  "MAE": 0.009679495308405735,
  "RMSE": 0.00021708684484123111,
  "MAPE(%)": 1.7117027971461454
}