Feature,Importance
cm3_g,15.346875159946421
ASA_m2_g,15.112739886202775
AV_VF,13.530226887172178
ASA_m2_cm3,12.910805004158727
PLD,10.904020188649021
LCD,8.822451018198826
AV_cm3_g,7.904028255551398
Has_OMS,6.25451951305289
LFPD,5.6227797629322716
NASA_m2_g,1.712987661344296
NASA_m2_cm3,1.538855070064827
NAV_cm3_g,0.33971159272637264
