{
  "R2": 0.7263432373380643,
  "MAE": 0.5128430074638374,
  "RMSE": 0.523790093302878,
  "MAPE(%)": 22.247467282477267
}