Feature,Importance
HENRY,85.10208572352171
cm3_g,2.53530882607967
LCD,1.8159460388068656
AV_cm3_g,1.6706650750474357
ASA_m2_g,1.4156227990343417
Has_OMS,1.2911355441470018
ASA_m2_cm3,1.2857825007700006
PLD,1.236565406309316
AV_VF,1.2326032461665326
LFPD,0.9148746861858676
NASA_m2_cm3,0.7084793408689731
NASA_m2_g,0.6720768832241443
NAV_cm3_g,0.11885392983815062
