temp,lowp,outp,seed,mode,qt_frac,train_ratio,out_root,model,R2,MAE,RMSE,MAPE(%)
293K,HENRY,1,2026,lowq,0.45,0.5,./RUN_FULL_EXP,cat,0.9928795840124971,0.0077010265732471725,0.00016607384070081192,2.0703494540484257
