{
  "R2": 0.9928795840124971,
  "MAE": 0.0077010265732471725,
  "RMSE": 0.00016607384070081192,
  "MAPE(%)": 2.0703494540484257
}