Feature,Importance
0.05,77.24111137184224
AV_VF,4.0516619547477
ASA_m2_g,3.264351236261406
AV_cm3_g,3.234141787340485
ASA_m2_cm3,2.617345395095146
Has_OMS,2.030806208796035
cm3_g,1.8260191611690686
LCD,1.708013500964152
LFPD,1.485372149504001
PLD,1.1140697231142824
NASA_m2_cm3,0.9919948779945315
NASA_m2_g,0.31020636959239534
NAV_cm3_g,0.12490626357857455
