{
  "R2": 0.980744585759742,
  "MAE": 0.03495271568250464,
  "RMSE": 0.0029092471897419593,
  "MAPE(%)": 3.1873414632683277
}