Feature,Importance
0.01,72.38152582440627
AV_VF,5.129943920512649
ASA_m2_cm3,3.9184038201258247
cm3_g,3.7206780628356655
ASA_m2_g,3.1052633249055055
AV_cm3_g,2.833774846043759
PLD,2.095675265799938
LFPD,1.8547631409075553
Has_OMS,1.6615604179723629
LCD,1.5406288396626497
NASA_m2_cm3,0.875397698778816
NASA_m2_g,0.7334767498726602
NAV_cm3_g,0.14890808817636744
