{
  "R2": 0.9542741314219451,
  "MAE": 0.08604156318565481,
  "RMSE": 0.02113216889552889,
  "MAPE(%)": 6.417657608836984
}