{
  "R2": 0.9663416051745934,
  "MAE": 0.024950557004339863,
  "RMSE": 0.00509065428834418,
  "MAPE(%)": 4.5086179024397905
}