Feature,Importance
HENRY,55.324165374845414
ASA_m2_g,14.374591828640286
AV_VF,5.557036546759075
ASA_m2_cm3,5.375439843213824
AV_cm3_g,4.911563490590044
cm3_g,4.853839187130148
PLD,2.453771828049626
LFPD,2.1173830465561876
LCD,2.099412300841516
Has_OMS,1.7388017925792991
NASA_m2_cm3,0.6411808020685278
NASA_m2_g,0.457538493880907
NAV_cm3_g,0.09527546484516684
