{
  "R2": 0.9643821271957523,
  "MAE": 0.16691830207749334,
  "RMSE": 0.06490059396940598,
  "MAPE(%)": 5.772223958009535
}