temp,lowp,outp,seed,mode,qt_frac,train_ratio,out_root,model,R2,MAE,RMSE,MAPE(%)
293K,HENRY,15,2029,lowq,0.1,0.5,./RUN_FULL_EXP,cat,0.9643821271957523,0.16691830207749334,0.06490059396940598,5.772223958009535
