Feature,Importance
0.01,81.0640311149251
AV_VF,2.843548164842331
AV_cm3_g,2.536298279105092
ASA_m2_g,2.137481813573554
Has_OMS,1.9724340651666978
PLD,1.678448457520531
ASA_m2_cm3,1.6011423752328187
cm3_g,1.5203497660469387
LCD,1.5035847202204038
LFPD,1.3420448446909439
NASA_m2_cm3,0.9722006719126866
NASA_m2_g,0.771593800475217
NAV_cm3_g,0.05684192628767638
