temp,lowp,outp,seed,mode,qt_frac,train_ratio,out_root,model,R2,MAE,RMSE,MAPE(%)
313K,HENRY,15,2028,lowq,0.35,0.5,./RUN_FULL_EXP,cat,0.972527431916323,0.11001258766614472,0.026938973056692087,4.5291508658440085
