{
  "R2": 0.972527431916323,
  "MAE": 0.11001258766614472,
  "RMSE": 0.026938973056692087,
  "MAPE(%)": 4.5291508658440085
}