Feature,Importance
0.01,70.51249306892552
ASA_m2_g,5.696875075824663
ASA_m2_cm3,4.776759267132964
AV_VF,3.971226579297697
AV_cm3_g,3.9299446999314
cm3_g,2.159263328350385
LFPD,1.9696084477221951
LCD,1.8349182752174684
PLD,1.620777137973299
Has_OMS,1.401822452110729
NASA_m2_g,1.1011118261803838
NASA_m2_cm3,0.9220931342811914
NAV_cm3_g,0.10310670705212552
