{
  "R2": 0.9636164756347799,
  "MAE": 0.0757697378527993,
  "RMSE": 0.018006275721703425,
  "MAPE(%)": 5.817099451161371
}