{
  "R2": 0.9753100315640887,
  "MAE": 0.05633020341690219,
  "RMSE": 0.011476980947070895,
  "MAPE(%)": 3.6976578820493122
}