{
  "R2": 0.9678872259240858,
  "MAE": 0.06100928098840409,
  "RMSE": 0.007701809689860919,
  "MAPE(%)": 4.130995054964708
}