Feature,Importance
HENRY,48.599506051254856
ASA_m2_g,15.846198519453669
AV_cm3_g,6.860754062608288
ASA_m2_cm3,6.099703280445131
cm3_g,5.87709925964391
AV_VF,5.084752049806733
PLD,3.1796547297535946
LCD,2.617329058578417
LFPD,2.2562502690817126
Has_OMS,1.8436009664758868
NASA_m2_cm3,0.8793750243826112
NASA_m2_g,0.749400072439009
NAV_cm3_g,0.10637665607614902
