{
  "R2": 0.9568130304898823,
  "MAE": 0.23466080234787023,
  "RMSE": 0.1265940438061667,
  "MAPE(%)": 6.3742683171271475
}