{
  "R2": 0.9615549563670713,
  "MAE": 0.2212648035382904,
  "RMSE": 0.11250833425967,
  "MAPE(%)": 6.045329753412791
}