temp,lowp,outp,seed,mode,qt_frac,train_ratio,out_root,model,R2,MAE,RMSE,MAPE(%)
273K,0.5,15,2028,lowq,0.15,0.5,./RUN_FULL_EXP,cat,0.9615549563670713,0.2212648035382904,0.11250833425967,6.045329753412791
