Feature,Importance
0.05,72.43793521085912
ASA_m2_cm3,5.283687283310767
ASA_m2_g,4.698595483884497
AV_VF,4.458324583247881
cm3_g,2.407795770729171
AV_cm3_g,2.376168063201517
LCD,1.8613356776322671
Has_OMS,1.8187685720708473
LFPD,1.727481325955335
PLD,1.7205465668161453
NASA_m2_cm3,0.56803958345124
NASA_m2_g,0.5362662346403552
NAV_cm3_g,0.10505564420087017
