{
  "R2": 0.967414924505208,
  "MAE": 0.05945997211685954,
  "RMSE": 0.00929352953079769,
  "MAPE(%)": 4.055851325446326
}