temp,lowp,outp,seed,mode,qt_frac,train_ratio,out_root,model,R2,MAE,RMSE,MAPE(%)
293K,0.05,5,2025,lowq,0.5,0.5,./RUN_FULL_EXP,cat,0.967414924505208,0.05945997211685954,0.00929352953079769,4.055851325446326
