temp,lowp,outp,seed,mode,qt_frac,train_ratio,out_root,model,R2,MAE,RMSE,MAPE(%)
293K,HENRY,5,2026,lowq,0.25,0.5,./RUN_FULL_EXP,cat,0.9744991372443198,0.057870174692361824,0.009269631215196713,4.005486850319015
