{
  "R2": 0.9744991372443198,
  "MAE": 0.057870174692361824,
  "RMSE": 0.009269631215196713,
  "MAPE(%)": 4.005486850319015
}