temp,lowp,outp,seed,mode,qt_frac,train_ratio,out_root,model,R2,MAE,RMSE,MAPE(%)
273K,0.01,1,2027,struct_with_input,0.45,0.45,./RUN_FULL_EXP,cat,0.9858417012329738,0.01733477103886954,0.0007846730256612996,3.199208373563011
