{
  "R2": 0.9858417012329738,
  "MAE": 0.01733477103886954,
  "RMSE": 0.0007846730256612996,
  "MAPE(%)": 3.199208373563011
}