temp,lowp,outp,seed,mode,qt_frac,train_ratio,out_root,model,R2,MAE,RMSE,MAPE(%)
273K,0.01,1,2026,struct_with_input,0.1,0.2,./RUN_FULL_EXP,cat,0.9648368763578803,0.024365999577781645,0.0041333217215568305,4.589472275077899
