{
  "R2": 0.9648368763578803,
  "MAE": 0.024365999577781645,
  "RMSE": 0.0041333217215568305,
  "MAPE(%)": 4.589472275077899
}