{
  "R2": 0.9733099267883784,
  "MAE": 0.023328857871816794,
  "RMSE": 0.003177251059781222,
  "MAPE(%)": 4.417093095599767
}