{
  "R2": 0.9646323088665207,
  "MAE": 0.05563047086820639,
  "RMSE": 0.007929289803383099,
  "MAPE(%)": 3.712500477765264
}