Feature,Importance
0.5,93.1735038347669
cm3_g,1.2472077247435605
LCD,0.9149284501052357
AV_cm3_g,0.8501801994784378
ASA_m2_g,0.6041038720051918
PLD,0.5634966864583413
AV_VF,0.4885392770428893
NASA_m2_cm3,0.4657310035042881
ASA_m2_cm3,0.43876631488519496
LFPD,0.42872380576691055
Has_OMS,0.405044791761602
NASA_m2_g,0.3672924857867
NAV_cm3_g,0.0524815536947459
