{
  "R2": 0.9963984404008915,
  "MAE": 0.0035014586757237806,
  "RMSE": 2.4808366249694225e-05,
  "MAPE(%)": 1.3057448905816078
}