Feature,Importance
cm3_g,15.55173827989834
ASA_m2_g,14.597806175681251
AV_VF,14.483833815790756
ASA_m2_cm3,11.536417614297244
PLD,10.069930212242888
LCD,8.899350740631506
AV_cm3_g,8.287602141328637
LFPD,6.652664687126774
Has_OMS,6.4306172446490875
NASA_m2_cm3,1.5317336032671645
NASA_m2_g,1.5260851095346277
NAV_cm3_g,0.4322203755517284
