{
  "R2": 0.7295956384539095,
  "MAE": 0.501587477084301,
  "RMSE": 0.5182916735142747,
  "MAPE(%)": 21.192760407755944
}