Feature,Importance
0.01,71.97184215377905
ASA_m2_g,5.345957602354401
ASA_m2_cm3,4.98362522425115
AV_VF,3.832448498306347
cm3_g,2.775575267886805
LCD,2.3496549306235304
AV_cm3_g,2.3010675218021914
Has_OMS,2.070013389333526
PLD,1.7978321111838693
LFPD,1.4515561565646915
NASA_m2_cm3,0.6377250949823174
NASA_m2_g,0.39919351377715373
NAV_cm3_g,0.083508535154957
