{
  "R2": 0.9659016464016031,
  "MAE": 0.06440485803009838,
  "RMSE": 0.010243479433533948,
  "MAPE(%)": 4.417341836033471
}