{
  "R2": 0.9575122904594723,
  "MAE": 0.025481042594760347,
  "RMSE": 0.006638195864454672,
  "MAPE(%)": 4.312208771185167
}