Feature,Importance
HENRY,56.69397864802004
ASA_m2_g,12.528771962209856
ASA_m2_cm3,7.230140191357048
AV_VF,6.162946123274059
AV_cm3_g,4.042377064338294
cm3_g,3.354749282939974
LCD,2.641593965400083
PLD,2.3538824375274077
LFPD,1.9360037440461584
Has_OMS,1.611906681664088
NASA_m2_cm3,0.7950073949933933
NASA_m2_g,0.5767770096912498
NAV_cm3_g,0.07186549453833357
