{
  "R2": 0.9616051271987249,
  "MAE": 0.16285420298167744,
  "RMSE": 0.05559251590347194,
  "MAPE(%)": 5.283199854936605
}