Feature,Importance
0.01,73.57240931210723
Has_OMS,6.45660835547682
cm3_g,3.771763564463042
AV_VF,3.2538570038386925
ASA_m2_cm3,2.6253658744955053
PLD,1.9837098390749306
AV_cm3_g,1.9625445039623453
LFPD,1.9553600872182595
LCD,1.5999909706736266
ASA_m2_g,1.0306878264777704
NASA_m2_g,0.9006797667699764
NASA_m2_cm3,0.8351016333900808
NAV_cm3_g,0.05192126205171322
