temp,lowp,outp,seed,mode,qt_frac,train_ratio,out_root,model,R2,MAE,RMSE,MAPE(%)
273K,0.01,1,2027,struct_with_input,0.03,0.05,./RUN_FULL_EXP,cat,0.9524573370818742,0.03640072264332725,0.006712533158419057,8.071193757130679
