{
  "R2": 0.949199680294738,
  "MAE": 0.03546455596290149,
  "RMSE": 0.007029099992379093,
  "MAPE(%)": 6.993245839208059
}