{
  "R2": 0.9524573370818742,
  "MAE": 0.03640072264332725,
  "RMSE": 0.006712533158419057,
  "MAPE(%)": 8.071193757130679
}