{
  "R2": 0.9586262868819638,
  "MAE": 0.18070030422536407,
  "RMSE": 0.06851874872864738,
  "MAPE(%)": 6.013704420584695
}