Feature,Importance
0.05,86.40712303420138
Has_OMS,1.8391341837969115
AV_cm3_g,1.8317043956549954
cm3_g,1.8158700796827456
ASA_m2_g,1.5494964071917965
LCD,1.2466852879972248
ASA_m2_cm3,1.246197477099997
LFPD,1.1165747474224432
AV_VF,1.0502463785885385
PLD,0.7466372562984197
NASA_m2_cm3,0.6288462436626782
NASA_m2_g,0.4612866115909893
NAV_cm3_g,0.060197896811875
