{
  "R2": 0.9924138415432412,
  "MAE": 0.007517614877309072,
  "RMSE": 0.00011668469659047058,
  "MAPE(%)": 2.0254531280367645
}