temp,lowp,outp,seed,mode,qt_frac,train_ratio,out_root,model,R2,MAE,RMSE,MAPE(%)
293K,0.05,1,2029,lowq,0.75,0.5,./RUN_FULL_EXP,cat,0.9924138415432412,0.007517614877309072,0.00011668469659047058,2.0254531280367645
