Feature,Importance
0.01,60.3836479400469
ASA_m2_g,11.746778370198715
ASA_m2_cm3,5.971472853052193
AV_VF,4.771857667205821
AV_cm3_g,4.690106605024748
cm3_g,3.094433904906629
LCD,2.4877238916509494
PLD,1.997676961760187
LFPD,1.707424399556129
Has_OMS,1.6294903184432474
NASA_m2_cm3,0.8770540212995335
NASA_m2_g,0.5578901648351557
NAV_cm3_g,0.08444290201977536
