{
  "R2": 0.9658589050220399,
  "MAE": 0.1222064185204614,
  "RMSE": 0.029210677463032422,
  "MAPE(%)": 4.9019643303780365
}