temp,lowp,outp,seed,mode,qt_frac,train_ratio,out_root,model,R2,MAE,RMSE,MAPE(%)
313K,0.01,15,2029,lowq,0.6,0.5,./RUN_FULL_EXP,cat,0.9658589050220399,0.1222064185204614,0.029210677463032422,4.9019643303780365
