{
  "R2": 0.9816480380598844,
  "MAE": 0.04622539011927079,
  "RMSE": 0.00829689175415517,
  "MAPE(%)": 3.085877129463061
}