Feature,Importance
HENRY,49.62492186757313
ASA_m2_g,15.683651544982816
AV_cm3_g,7.162299756355855
ASA_m2_cm3,6.769058633612466
AV_VF,5.38342790836861
cm3_g,4.006759225957152
LCD,2.7999520654386814
PLD,2.6909294166501994
LFPD,2.456008777045388
Has_OMS,1.9092183897641533
NASA_m2_cm3,0.7789588595067082
NASA_m2_g,0.6329228444347826
NAV_cm3_g,0.10189071031007425
