{
  "R2": 0.9568553487135897,
  "MAE": 0.23441456941257754,
  "RMSE": 0.11518026434548886,
  "MAPE(%)": 6.227626727841957
}