temp,lowp,outp,seed,mode,qt_frac,train_ratio,out_root,model,R2,MAE,RMSE,MAPE(%)
273K,HENRY,15,2029,lowq,0.35,0.5,./RUN_FULL_EXP,cat,0.9568553487135897,0.23441456941257754,0.11518026434548886,6.227626727841957
