Feature,Importance
0.01,57.872174763094925
ASA_m2_g,12.43351902150269
AV_cm3_g,6.477892081218308
ASA_m2_cm3,5.591651599446734
AV_VF,4.7322762224276875
cm3_g,3.4847915514633923
LCD,2.266875460672206
PLD,2.1835021727134203
LFPD,1.879848848392856
Has_OMS,1.2556404282850941
NASA_m2_cm3,0.9203207992257304
NASA_m2_g,0.8030672325537066
NAV_cm3_g,0.09843981900326645
