{
  "R2": 0.9738474253092786,
  "MAE": 0.11953085433524006,
  "RMSE": 0.0297836993960251,
  "MAPE(%)": 5.369213660705451
}