temp,lowp,outp,seed,mode,qt_frac,train_ratio,out_root,model,R2,MAE,RMSE,MAPE(%)
293K,0.01,1,2026,struct_with_input,0.7,0.7,./RUN_FULL_EXP,cat,0.9909103788923099,0.008977738312464482,0.0001487779110690548,2.4669396349812396
