{
  "R2": 0.9909103788923099,
  "MAE": 0.008977738312464482,
  "RMSE": 0.0001487779110690548,
  "MAPE(%)": 2.4669396349812396
}