{
  "R2": 0.9766988224831828,
  "MAE": 0.051920471363673094,
  "RMSE": 0.006839683376216843,
  "MAPE(%)": 3.526077210145705
}