{
  "R2": 0.9771655601028809,
  "MAE": 0.0066982801704952855,
  "RMSE": 0.0008383949836835684,
  "MAPE(%)": 2.1882448689558345
}