temp,lowp,outp,seed,mode,qt_frac,train_ratio,out_root,model,R2,MAE,RMSE,MAPE(%)
293K,0.5,1,2028,lowq,0.35,0.5,./RUN_FULL_EXP,cat,0.9967779928533286,0.006033954995691209,8.801414584658713e-05,1.661436136333243
