{
  "R2": 0.9967779928533286,
  "MAE": 0.006033954995691209,
  "RMSE": 8.801414584658713e-05,
  "MAPE(%)": 1.661436136333243
}