Feature,Importance
0.05,83.45869992439098
AV_cm3_g,2.2428783379810673
cm3_g,2.031587918760014
AV_VF,1.7534216238581826
ASA_m2_g,1.732419119122597
ASA_m2_cm3,1.5951647445185633
Has_OMS,1.517209217095743
PLD,1.4152723007858814
LCD,1.4139845473583315
LFPD,1.3988601436692023
NASA_m2_cm3,1.0007846841178687
NASA_m2_g,0.39318728569424377
NAV_cm3_g,0.04653015264729372
