{
  "R2": 0.9808515983560133,
  "MAE": 0.016245318507057016,
  "RMSE": 0.001361613828254221,
  "MAPE(%)": 2.819614004123172
}