Feature,Importance
0.05,66.57247763227518
ASA_m2_cm3,6.650729913623815
AV_VF,6.1290862658210346
ASA_m2_g,4.453446639202043
AV_cm3_g,3.8293425672970294
PLD,2.4449847886333322
cm3_g,2.2744488457267673
LCD,2.1234605629379875
Has_OMS,2.053650887508137
LFPD,1.8776825981852392
NASA_m2_cm3,0.8387193236316595
NASA_m2_g,0.6518420681615381
NAV_cm3_g,0.1001279069962244
