temp,lowp,outp,seed,mode,qt_frac,train_ratio,out_root,model,R2,MAE,RMSE,MAPE(%)
273K,0.05,5,2028,lowq,0.15,0.5,./RUN_FULL_EXP,cat,0.9630415069452709,0.10421081655750626,0.02828184891846471,5.324567953193298
