{
  "R2": 0.9630415069452709,
  "MAE": 0.10421081655750626,
  "RMSE": 0.02828184891846471,
  "MAPE(%)": 5.324567953193298
}