Feature,Importance
0.1,78.4267265612697
ASA_m2_g,3.967824488233506
AV_cm3_g,3.330122683758855
ASA_m2_cm3,3.260063050132921
AV_VF,3.0613030071676572
cm3_g,1.796923424350198
Has_OMS,1.323722074452338
PLD,1.277467918068133
LFPD,1.2537107830443883
LCD,1.1210908954004106
NASA_m2_cm3,0.5170839953430973
NASA_m2_g,0.4950149575433354
NAV_cm3_g,0.16894616123545592
