{
  "R2": 0.9807259966367512,
  "MAE": 0.036680084951581926,
  "RMSE": 0.004798817225218429,
  "MAPE(%)": 3.424455476909264
}