Feature,Importance
HENRY,81.61225646598729
AV_VF,2.7017348495287314
cm3_g,2.3213553106398677
ASA_m2_cm3,2.1014839631169493
Has_OMS,2.048779598162922
AV_cm3_g,1.9087583013071439
PLD,1.7803271457414431
LCD,1.534141309699031
LFPD,1.2986376280201564
ASA_m2_g,1.2701332784673283
NASA_m2_g,0.6826024551157851
NASA_m2_cm3,0.649644611152092
NAV_cm3_g,0.09014508306125299
