{
  "R2": 0.9820926276945928,
  "MAE": 0.01736202173824426,
  "RMSE": 0.001610789158908698,
  "MAPE(%)": 3.01372572077062
}