Feature,Importance
0.01,70.98632054012766
ASA_m2_g,6.674904976954846
ASA_m2_cm3,4.832286310706844
AV_VF,4.118538528287485
AV_cm3_g,2.220541533913999
PLD,2.0820789388076917
cm3_g,2.0622217565879586
LFPD,1.9663524629413416
LCD,1.8958374070470092
Has_OMS,1.7670022928934472
NASA_m2_cm3,0.7065099202600771
NASA_m2_g,0.6064687544235575
NAV_cm3_g,0.08093657704807394
