{
  "R2": 0.968120632438582,
  "MAE": 0.06278931483269873,
  "RMSE": 0.00881323644910268,
  "MAPE(%)": 4.3824931174679405
}