Feature,Importance
0.5,90.62309933277548
Has_OMS,1.4935358448604605
AV_cm3_g,1.4843688000720077
ASA_m2_g,1.1074017507283176
cm3_g,0.9619962568922411
LCD,0.9490246161948379
ASA_m2_cm3,0.7458149365129131
AV_VF,0.6920850932497657
LFPD,0.6316234467269554
PLD,0.4778244893042305
NASA_m2_cm3,0.4178278374922102
NASA_m2_g,0.271198623285612
NAV_cm3_g,0.14419897190494713
