{
  "R2": 0.9961380692107906,
  "MAE": 0.00609389974633876,
  "RMSE": 8.442756568120112e-05,
  "MAPE(%)": 1.660136536538913
}