{
  "R2": 0.9876555144301548,
  "MAE": 0.008732536135257086,
  "RMSE": 0.0003720974939395716,
  "MAPE(%)": 2.377282669970851
}