temp,lowp,outp,seed,mode,qt_frac,train_ratio,out_root,model,R2,MAE,RMSE,MAPE(%)
293K,0.05,1,2027,lowq,0.25,0.5,./RUN_FULL_EXP,cat,0.9876555144301548,0.008732536135257086,0.0003720974939395716,2.377282669970851
