{
  "R2": 0.9632178143534962,
  "MAE": 0.1697990985997692,
  "RMSE": 0.057131689092255286,
  "MAPE(%)": 5.5761941473632985
}