{
  "R2": 0.9843092116688092,
  "MAE": 0.029131653579846664,
  "RMSE": 0.001842443894177501,
  "MAPE(%)": 2.6127854043402112
}