{
  "R2": 0.4942922417038881,
  "MAE": 0.2547671252236639,
  "RMSE": 0.13893769416438348,
  "MAPE(%)": 32.76924341169985
}