{
  "R2": 0.9655658527007381,
  "MAE": 0.16071360347050542,
  "RMSE": 0.05518777431927983,
  "MAPE(%)": 5.296972108829034
}