{
  "R2": 0.9673283543849198,
  "MAE": 0.06193575563433403,
  "RMSE": 0.009229382563192,
  "MAPE(%)": 4.2885571198603785
}