{
  "R2": 0.9609779723773465,
  "MAE": 0.027804482758938622,
  "RMSE": 0.004663172442588192,
  "MAPE(%)": 5.318234903270972
}