{
  "R2": 0.9605153102588582,
  "MAE": 0.17929270779325576,
  "RMSE": 0.06483344553387344,
  "MAPE(%)": 5.988438107418438
}