Feature,Importance
0.01,70.58473010835213
ASA_m2_g,5.603468264290925
ASA_m2_cm3,5.402489807149595
AV_VF,4.604019628010366
cm3_g,2.4986142734497205
PLD,2.3800974198399283
AV_cm3_g,2.3115120078137625
LFPD,2.0744886949936503
LCD,2.024538369450816
Has_OMS,1.3357891510697013
NASA_m2_cm3,0.6787929682750019
NASA_m2_g,0.4627372830708292
NAV_cm3_g,0.03872202423356565
