{
  "R2": 0.9702425642113616,
  "MAE": 0.06717070253415788,
  "RMSE": 0.01491528048689602,
  "MAPE(%)": 4.835105673320031
}