Feature,Importance
0.5,81.08577792761182
ASA_m2_g,3.6612102180293298
AV_cm3_g,3.0997684765175664
ASA_m2_cm3,3.07967241520086
AV_VF,2.1133459765671256
cm3_g,1.571004959654408
LCD,1.5100258063347451
PLD,1.185131198925247
Has_OMS,0.9233412810789055
LFPD,0.7716442370610598
NASA_m2_g,0.5096817039239796
NASA_m2_cm3,0.41026844483307656
NAV_cm3_g,0.07912735426186888
