temp,lowp,outp,seed,mode,qt_frac,train_ratio,out_root,model,R2,MAE,RMSE,MAPE(%)
313K,0.5,5,2026,lowq,0.25,0.5,./RUN_FULL_EXP,cat,0.987804609356542,0.030770166753082025,0.002421502477612716,2.866072569548167
