{
  "R2": 0.987804609356542,
  "MAE": 0.030770166753082025,
  "RMSE": 0.002421502477612716,
  "MAPE(%)": 2.866072569548167
}