{
  "R2": 0.439339534231203,
  "MAE": 0.17719787502646575,
  "RMSE": 0.08352546314837242,
  "MAPE(%)": 45.030304463046626
}