Feature,Importance
0.1,51.19718896377908
ASA_m2_g,14.61286239398175
ASA_m2_cm3,7.5644335698158836
AV_VF,5.672303141753721
AV_cm3_g,5.217618719539551
cm3_g,4.914616556525618
PLD,2.8062877749351895
LCD,2.552132832883008
LFPD,2.2626805778262926
Has_OMS,1.628427742368582
NASA_m2_cm3,0.8527690125827462
NASA_m2_g,0.6486604552616884
NAV_cm3_g,0.07001825874687455
