{
  "R2": 0.9555191102666066,
  "MAE": 0.2335683016321514,
  "RMSE": 0.10572644988099109,
  "MAPE(%)": 5.945468614278055
}