{
  "R2": 0.8204607025054282,
  "MAE": 0.14661291420285041,
  "RMSE": 0.04941782097288156,
  "MAPE(%)": 12.711078028148961
}