Feature,Importance
HENRY,55.088042339955905
ASA_m2_g,11.834430957895519
ASA_m2_cm3,7.286820059884257
AV_VF,6.488719445711816
AV_cm3_g,5.826244416512359
cm3_g,3.178314845659253
PLD,2.5399052093869994
LFPD,2.2290996614718708
LCD,2.065991499596867
Has_OMS,1.5702840394714763
NASA_m2_g,1.0067293225989944
NASA_m2_cm3,0.809513425157829
NAV_cm3_g,0.07590477669685367
