{
  "R2": 0.9614521060283823,
  "MAE": 0.16400558455841072,
  "RMSE": 0.05523474257755383,
  "MAPE(%)": 5.266187755305136
}