Feature,Importance
HENRY,64.88303930659018
ASA_m2_cm3,7.60151370449229
ASA_m2_g,6.103428570717633
AV_VF,4.621596961692797
AV_cm3_g,3.4560180878608016
PLD,2.584770658324263
LCD,2.537781285773985
cm3_g,2.3826552586271994
Has_OMS,2.2280738237750874
LFPD,1.7272297178664346
NASA_m2_g,1.2491386300923533
NASA_m2_cm3,0.5359099316577323
NAV_cm3_g,0.08884406252924158
