{
  "R2": 0.9542371754401485,
  "MAE": 0.10421341354594767,
  "RMSE": 0.02588213524433457,
  "MAPE(%)": 5.25142531227511
}