Feature,Importance
0.1,51.4099231449721
ASA_m2_g,15.122873113213934
ASA_m2_cm3,6.800303167096777
AV_VF,6.192779131922508
AV_cm3_g,5.721306380334168
cm3_g,4.03070356617495
PLD,3.2432375728437237
LFPD,2.5373022284611104
LCD,1.82219684246896
Has_OMS,1.4232162063875788
NASA_m2_cm3,0.889068577527683
NASA_m2_g,0.7389789873548095
NAV_cm3_g,0.06811108124169986
