{
  "R2": 0.9510633727376625,
  "MAE": 0.23471118877746686,
  "RMSE": 0.11142713394654133,
  "MAPE(%)": 5.875927533057662
}