Feature,Importance
0.05,70.4307408350858
ASA_m2_g,6.249825800925889
ASA_m2_cm3,5.8009017200473
AV_VF,3.842583047680406
AV_cm3_g,2.9966628958768453
LFPD,2.051448609066994
PLD,2.034000069626643
LCD,1.8099345343675721
Has_OMS,1.7416793387607892
cm3_g,1.6335426502410797
NASA_m2_cm3,0.8113195342894799
NASA_m2_g,0.5106899997257481
NAV_cm3_g,0.08667096430544982
