{
  "R2": 0.966238860177616,
  "MAE": 0.05750148382066525,
  "RMSE": 0.008171497521469815,
  "MAPE(%)": 3.8895745936323562
}