temp,lowp,outp,seed,mode,qt_frac,train_ratio,out_root,model,R2,MAE,RMSE,MAPE(%)
293K,0.05,5,2027,lowq,0.65,0.5,./RUN_FULL_EXP,cat,0.966238860177616,0.05750148382066525,0.008171497521469815,3.8895745936323562
