Feature,Importance
0.5,92.19941246873533
LCD,1.153022951362894
cm3_g,1.0759314923842256
AV_cm3_g,0.8684751588661667
ASA_m2_cm3,0.8504311356518447
ASA_m2_g,0.8392707894011258
PLD,0.8350698960715129
Has_OMS,0.5569525326364032
LFPD,0.5386681825949272
AV_VF,0.45783609066152836
NASA_m2_g,0.3346258875210874
NASA_m2_cm3,0.20327309168912272
NAV_cm3_g,0.08703032242385321
