{
  "R2": 0.9882033727748666,
  "MAE": 0.004839864715664174,
  "RMSE": 0.0003284800205248733,
  "MAPE(%)": 1.749500165104582
}