temp,lowp,outp,seed,mode,qt_frac,train_ratio,out_root,model,R2,MAE,RMSE,MAPE(%)
313K,0.5,1,2026,lowq,0.1,0.5,./RUN_FULL_EXP,cat,0.9882033727748666,0.004839864715664174,0.0003284800205248733,1.749500165104582
