{
  "R2": 0.38566456034798224,
  "MAE": 0.11948516728039721,
  "RMSE": 0.04291453628126461,
  "MAPE(%)": 51.05361454695625
}