{
  "R2": 0.984050243863812,
  "MAE": 0.017156665780501828,
  "RMSE": 0.0007691729895127524,
  "MAPE(%)": 3.193875451873149
}