temp,lowp,outp,seed,mode,qt_frac,train_ratio,out_root,model,R2,MAE,RMSE,MAPE(%)
293K,0.5,15,2028,lowq,0.5,0.5,./RUN_FULL_EXP,cat,0.965069784068268,0.15780249504579377,0.0518191082714597,5.11966956908877
