{
  "R2": 0.965069784068268,
  "MAE": 0.15780249504579377,
  "RMSE": 0.0518191082714597,
  "MAPE(%)": 5.11966956908877
}