Feature,Importance
HENRY,83.53318212233988
ASA_m2_cm3,2.3551360380109947
AV_VF,1.976329641904732
ASA_m2_g,1.7312464832694505
AV_cm3_g,1.7229162160863793
Has_OMS,1.5647379530846444
LCD,1.4937865164937132
cm3_g,1.4783135096624491
LFPD,1.4173808384259763
PLD,1.3209953558319862
NASA_m2_cm3,0.7098104736851397
NASA_m2_g,0.6101038509885426
NAV_cm3_g,0.08606100021611235
