{
  "R2": 0.9873502334921218,
  "MAE": 0.01405920865389105,
  "RMSE": 0.000514231276672937,
  "MAPE(%)": 2.5475483746968406
}