temp,lowp,outp,seed,mode,qt_frac,train_ratio,out_root,model,R2,MAE,RMSE,MAPE(%)
273K,HENRY,1,2026,lowq,0.7,0.5,./RUN_FULL_EXP,cat,0.9873502334921218,0.01405920865389105,0.000514231276672937,2.5475483746968406
