{
  "R2": 0.9916664867193745,
  "MAE": 0.010199830121815289,
  "RMSE": 0.0002492393397364191,
  "MAPE(%)": 2.9311653248409915
}