{
  "R2": 0.9283200949907362,
  "MAE": 0.08758831269772947,
  "RMSE": 0.022135198270972854,
  "MAPE(%)": 7.3331781820169795
}