Feature,Importance
0.01,76.3031774512292
ASA_m2_g,4.802362332256347
ASA_m2_cm3,4.415692462962057
AV_VF,2.7390575452317947
AV_cm3_g,2.471799094547569
cm3_g,2.308253345305887
LCD,1.589899286186821
PLD,1.3619014121332857
LFPD,1.2329774687079733
Has_OMS,1.2072105978490644
NASA_m2_cm3,0.7941858864479057
NASA_m2_g,0.6610190259338812
NAV_cm3_g,0.1124640912082193
