temp,lowp,outp,seed,mode,qt_frac,train_ratio,out_root,model,R2,MAE,RMSE,MAPE(%)
313K,0.01,5,2027,lowq,0.8,0.5,./RUN_FULL_EXP,cat,0.9725180894883603,0.03880689866040662,0.0030120696972902555,3.4931463169839527
