{
  "R2": 0.9725180894883603,
  "MAE": 0.03880689866040662,
  "RMSE": 0.0030120696972902555,
  "MAPE(%)": 3.4931463169839527
}