Feature,Importance
0.05,57.866421239507865
ASA_m2_g,12.464144228665141
AV_cm3_g,6.596424532379362
ASA_m2_cm3,5.714579879751293
AV_VF,5.62896381696571
cm3_g,2.5910648746098985
PLD,2.153400546086144
LFPD,1.9917640711540574
LCD,1.7227585343432585
Has_OMS,1.4631706181465138
NASA_m2_cm3,0.9525556695726121
NASA_m2_g,0.7501418706064596
NAV_cm3_g,0.10461011821168577
