{
  "R2": 0.9744770720932154,
  "MAE": 0.11075898221289157,
  "RMSE": 0.02573017636179689,
  "MAPE(%)": 4.530380450885934
}