Feature,Importance
0.1,51.99968339215037
ASA_m2_g,17.301556454264734
ASA_m2_cm3,6.08860634499071
AV_VF,5.205614860047397
AV_cm3_g,4.27214329431018
cm3_g,4.109860588279876
LCD,2.747874680166466
PLD,2.5318634938826423
LFPD,2.432034492272254
Has_OMS,1.661192807299636
NASA_m2_cm3,1.0049104343965258
NASA_m2_g,0.5184795625923538
NAV_cm3_g,0.1261795953468717
