{
  "R2": 0.9492130957802877,
  "MAE": 0.24532178568517704,
  "RMSE": 0.13780683314996467,
  "MAPE(%)": 6.3684746742639105
}