Feature,Importance
0.05,76.68066580184757
ASA_m2_g,4.057500008223933
ASA_m2_cm3,3.4690448606676187
AV_VF,3.261990180248265
AV_cm3_g,2.9261926034932304
cm3_g,2.361576481422164
LFPD,1.6377484541506413
PLD,1.5455011773552414
Has_OMS,1.414594946944255
LCD,1.2819633159178514
NASA_m2_cm3,0.7841665109707313
NASA_m2_g,0.523536597253392
NAV_cm3_g,0.05551906150509182
