temp,lowp,outp,seed,mode,qt_frac,train_ratio,out_root,model,R2,MAE,RMSE,MAPE(%)
313K,0.05,5,2027,lowq,0.3,0.5,./RUN_FULL_EXP,cat,0.9823453414601271,0.035444374011701016,0.003316805521501213,3.208114472676607
