{
  "R2": 0.9823453414601271,
  "MAE": 0.035444374011701016,
  "RMSE": 0.003316805521501213,
  "MAPE(%)": 3.208114472676607
}