Feature,Importance
0.05,77.85535063676222
ASA_m2_g,3.940383520652101
AV_VF,3.5337461331867
ASA_m2_cm3,2.7752246177534174
AV_cm3_g,2.6185791233903046
cm3_g,2.0888987656251774
Has_OMS,2.0300555172652643
LFPD,1.4612055840759897
LCD,1.446940592202764
PLD,1.1069369560644997
NASA_m2_cm3,0.6612825518798985
NASA_m2_g,0.3885998385276563
NAV_cm3_g,0.09279616261400393
