{
  "R2": 0.9794545666356703,
  "MAE": 0.03409444844198077,
  "RMSE": 0.002756906001095394,
  "MAPE(%)": 3.098774728376727
}