{
  "R2": 0.9816534712470973,
  "MAE": 0.012800421576617982,
  "RMSE": 0.0008446902531099936,
  "MAPE(%)": 3.5987836481952544
}