{
  "R2": 0.9652476092069548,
  "MAE": 0.1600178283887977,
  "RMSE": 0.05345135277088401,
  "MAPE(%)": 5.246281207511291
}