{
  "R2": 0.9622438223424589,
  "MAE": 0.10222333920663493,
  "RMSE": 0.026410212225983817,
  "MAPE(%)": 5.197719152938355
}