Feature,Importance
0.5,70.21844111439509
ASA_m2_g,6.430670563930967
ASA_m2_cm3,5.399424567805336
AV_VF,4.612469033960173
AV_cm3_g,2.7637599532800925
cm3_g,2.2217905079602422
LFPD,2.0555708111991677
LCD,2.036262174282595
PLD,1.8445596077777464
Has_OMS,1.5878839862275356
NASA_m2_cm3,0.5143419820972595
NASA_m2_g,0.2567946332202291
NAV_cm3_g,0.05803106386358077
