temp,lowp,outp,seed,mode,qt_frac,train_ratio,out_root,model,R2,MAE,RMSE,MAPE(%)
273K,0.5,5,2025,lowq,0.45,0.5,./RUN_FULL_EXP,cat,0.9674363629828053,0.08961485147824567,0.018481355599766828,4.513783962970478
