{
  "R2": 0.9674363629828053,
  "MAE": 0.08961485147824567,
  "RMSE": 0.018481355599766828,
  "MAPE(%)": 4.513783962970478
}