Feature,Importance
0.01,86.15834009306609
cm3_g,1.7370844223157305
AV_VF,1.708544238413016
LCD,1.6735307747073362
AV_cm3_g,1.5930685260682078
ASA_m2_g,1.3209066388839974
Has_OMS,1.2108776785504616
ASA_m2_cm3,1.1438490531304828
LFPD,1.0755192690305992
PLD,1.038785075295314
NASA_m2_g,0.6366414878925547
NASA_m2_cm3,0.5958770261330731
NAV_cm3_g,0.10697571651312557
