{
  "R2": 0.9918323136386554,
  "MAE": 0.00984474947237971,
  "RMSE": 0.00023954230361158756,
  "MAPE(%)": 2.813467393430695
}