{
  "R2": 0.9850528732360914,
  "MAE": 0.017203608980877177,
  "RMSE": 0.000948496267071751,
  "MAPE(%)": 3.216153408466883
}