temp,lowp,outp,seed,mode,qt_frac,train_ratio,out_root,model,R2,MAE,RMSE,MAPE(%)
273K,0.01,1,2027,struct_with_input,0.35,0.7,./RUN_FULL_EXP,cat,0.9850528732360914,0.017203608980877177,0.000948496267071751,3.216153408466883
