Feature,Importance
0.05,54.716082255284974
ASA_m2_g,12.125507664561193
AV_cm3_g,7.294759215803495
ASA_m2_cm3,7.05491930070279
AV_VF,6.235748769987105
PLD,2.6013568044009654
cm3_g,2.439237331909177
LCD,2.176041176982349
LFPD,1.9140242938401848
Has_OMS,1.5057106809358127
NASA_m2_cm3,1.1435946309920775
NASA_m2_g,0.7118893842003285
NAV_cm3_g,0.08112849039955508
