{
  "R2": 0.9622020233156464,
  "MAE": 0.1615101404510166,
  "RMSE": 0.05231285300720514,
  "MAPE(%)": 5.175055683129123
}