Feature,Importance
0.1,59.903898383586046
ASA_m2_g,11.350892633359814
AV_cm3_g,6.03020179807365
ASA_m2_cm3,5.843225482388988
AV_VF,5.048412897225037
cm3_g,3.1951902345518524
LFPD,2.076909900421744
PLD,1.9363640974358365
LCD,1.8708090552595689
Has_OMS,1.4149392620888308
NASA_m2_cm3,0.844838317226921
NASA_m2_g,0.41858532934276654
NAV_cm3_g,0.0657326090389533
