{
  "R2": 0.9661299108739807,
  "MAE": 0.11143620713896375,
  "RMSE": 0.035730755567099426,
  "MAPE(%)": 4.573148694864539
}