temp,lowp,outp,seed,mode,qt_frac,train_ratio,out_root,model,R2,MAE,RMSE,MAPE(%)
313K,0.1,15,2029,lowq,0.25,0.5,./RUN_FULL_EXP,cat,0.9661299108739807,0.11143620713896375,0.035730755567099426,4.573148694864539
