{
  "R2": 0.948948120680942,
  "MAE": 0.03734408927549228,
  "RMSE": 0.006843549345797334,
  "MAPE(%)": 8.318864181012012
}