{
  "R2": 0.9513569233641044,
  "MAE": 0.03674928008323743,
  "RMSE": 0.006404462527221298,
  "MAPE(%)": 8.11141108173414
}