Feature,Importance
0.05,87.9819357582406
cm3_g,1.8263823343758883
AV_cm3_g,1.5533785366591293
ASA_m2_g,1.5196894240405026
AV_VF,1.3385154236697716
ASA_m2_cm3,1.0899363975616039
Has_OMS,0.9436530850366184
LCD,0.9230556520835974
PLD,0.8606512461200448
LFPD,0.765052234822217
NASA_m2_g,0.6339009664675634
NASA_m2_cm3,0.49970759517598934
NAV_cm3_g,0.06414134574651366
