{
  "R2": 0.9815908611438474,
  "MAE": 0.009327989879422084,
  "RMSE": 0.0007402512677217941,
  "MAPE(%)": 2.4674378610655983
}