temp,lowp,outp,seed,mode,qt_frac,train_ratio,out_root,model,R2,MAE,RMSE,MAPE(%)
293K,0.05,1,2026,lowq,0.15,0.5,./RUN_FULL_EXP,cat,0.9815908611438474,0.009327989879422084,0.0007402512677217941,2.4674378610655983
