Feature,Importance
cm3_g,14.660964589692346
ASA_m2_g,14.623132221620402
AV_VF,13.661662106285322
ASA_m2_cm3,12.583207129391239
PLD,10.631797795699455
LCD,8.618434412462062
AV_cm3_g,8.287785674367866
Has_OMS,7.6106371393214145
LFPD,5.7482608261838255
NASA_m2_g,1.566829703572246
NASA_m2_cm3,1.5288996741179646
NAV_cm3_g,0.47838872728583914
