{
  "R2": 0.7416031949202047,
  "MAE": 0.5000150824020425,
  "RMSE": 0.4983071592031693,
  "MAPE(%)": 20.67978280647228
}