{
  "R2": 0.9661026192378867,
  "MAE": 0.22262435019894455,
  "RMSE": 0.10017492328937301,
  "MAPE(%)": 6.373091671752126
}