{
  "R2": 0.9854640775198362,
  "MAE": 0.01778118567474552,
  "RMSE": 0.0008768046016520112,
  "MAPE(%)": 3.263465787244477
}