Feature,Importance
0.1,48.211243591821976
ASA_m2_g,18.87295686618349
ASA_m2_cm3,6.61649931075269
AV_cm3_g,6.316174797294487
AV_VF,4.701737932789643
cm3_g,4.172708884131977
PLD,3.2111036430584914
LCD,2.6186487657312347
LFPD,2.3110053321478614
Has_OMS,1.259125973096721
NASA_m2_cm3,0.9507801091096351
NASA_m2_g,0.6144884709175442
NAV_cm3_g,0.14352632296423876
