{
  "R2": 0.9618583786405749,
  "MAE": 0.22876118120493563,
  "RMSE": 0.11377040504055946,
  "MAPE(%)": 6.369303720880079
}