{
  "R2": 0.9655981151503027,
  "MAE": 0.11770152642789584,
  "RMSE": 0.02661156330808476,
  "MAPE(%)": 4.681103032406976
}