Feature,Importance
0.1,77.61279999074566
ASA_m2_g,4.320940692315007
ASA_m2_cm3,3.7645694785674415
AV_VF,3.039730295738806
AV_cm3_g,2.486697282675368
cm3_g,2.1294008497004566
LCD,1.8154256927423515
Has_OMS,1.4995371071951087
PLD,1.1285362554840337
LFPD,0.9305082915655016
NASA_m2_g,0.633080640442449
NASA_m2_cm3,0.5307236724317842
NAV_cm3_g,0.10804975039605477
