{
  "R2": 0.9689091188530214,
  "MAE": 0.024197164512598533,
  "RMSE": 0.004913824036800353,
  "MAPE(%)": 4.011042628416186
}