Feature,Importance
0.1,87.23500530923353
ASA_m2_g,1.822093444823872
cm3_g,1.7548664292024572
AV_cm3_g,1.716745813491246
Has_OMS,1.4040323627351627
LCD,1.0767491920324679
LFPD,1.0194548029507549
ASA_m2_cm3,0.925541956054451
PLD,0.8894109571751213
AV_VF,0.8645461801931367
NASA_m2_cm3,0.6533379798584026
NASA_m2_g,0.5381138931775962
NAV_cm3_g,0.10010167907178665
