{
  "R2": 0.99306070510762,
  "MAE": 0.007210412656740255,
  "RMSE": 0.00013020457313981258,
  "MAPE(%)": 1.94136363733916
}