{
  "R2": 0.9708251037635812,
  "MAE": 0.057852095743028104,
  "RMSE": 0.009005208577078476,
  "MAPE(%)": 3.966586969184218
}