Feature,Importance
0.01,84.61294189254576
Has_OMS,1.9928667373440676
PLD,1.9463225485562503
ASA_m2_g,1.9314588174999867
LCD,1.8328213540101248
AV_cm3_g,1.7308079475484661
cm3_g,1.6754598377088663
LFPD,1.12059065866102
AV_VF,1.0525916687496997
ASA_m2_cm3,0.908615415466163
NASA_m2_g,0.6727152516684687
NASA_m2_cm3,0.44420168891412026
NAV_cm3_g,0.07860618132698274
