{
  "R2": 0.9925307524747041,
  "MAE": 0.0071608860769552096,
  "RMSE": 0.00011022413792614406,
  "MAPE(%)": 2.9917946795352233
}