{
  "R2": 0.9590946272348596,
  "MAE": 0.10230410098642863,
  "RMSE": 0.02596907198932267,
  "MAPE(%)": 5.142600318484907
}