Feature,Importance
0.5,65.75226837295986
ASA_m2_g,9.675878823580367
AV_VF,5.501052942580721
ASA_m2_cm3,4.864980122420138
AV_cm3_g,4.054437378721589
cm3_g,2.7871159588131675
LCD,1.956620979699396
PLD,1.7049256595841373
LFPD,1.6634137875496484
Has_OMS,0.976612121609139
NASA_m2_cm3,0.5108558569498668
NASA_m2_g,0.48531684171650624
NAV_cm3_g,0.06652115381547631
