{
  "R2": 0.9720906131803667,
  "MAE": 0.10584773468604781,
  "RMSE": 0.02322364084970017,
  "MAPE(%)": 4.23204783580294
}