temp,lowp,outp,seed,mode,qt_frac,train_ratio,out_root,model,R2,MAE,RMSE,MAPE(%)
313K,0.5,15,2026,lowq,0.6,0.5,./RUN_FULL_EXP,cat,0.9720906131803667,0.10584773468604781,0.02322364084970017,4.23204783580294
