{
  "R2": 0.9799488993267558,
  "MAE": 0.04487601421520197,
  "RMSE": 0.009800594441891141,
  "MAPE(%)": 2.84170538388527
}