{
  "R2": 0.9551672089751598,
  "MAE": 0.16199711613728032,
  "RMSE": 0.06436730750508779,
  "MAPE(%)": 5.210279237674381
}