temp,lowp,outp,seed,mode,qt_frac,train_ratio,out_root,model,R2,MAE,RMSE,MAPE(%)
293K,0.1,15,2025,lowq,0.6,0.5,./RUN_FULL_EXP,cat,0.9551672089751598,0.16199711613728032,0.06436730750508779,5.210279237674381
