Feature,Importance
0.01,74.43284357929971
Has_OMS,5.7942518095999365
cm3_g,2.8479055302160803
AV_VF,2.80173906996823
ASA_m2_cm3,2.662386571144188
LCD,2.1715404761060735
LFPD,2.101650085496232
AV_cm3_g,1.8199971002614623
ASA_m2_g,1.517656818777025
NASA_m2_g,1.4311572213854535
PLD,1.290316184044859
NASA_m2_cm3,0.9088116745408397
NAV_cm3_g,0.21974387915990315
