Feature,Importance
0.01,80.31803047937595
AV_VF,2.6720573025254057
Has_OMS,2.4548848695191916
LCD,2.1932968849569754
AV_cm3_g,2.125475200483343
PLD,2.056227431998245
cm3_g,1.9858713178141876
LFPD,1.5737632570080702
ASA_m2_cm3,1.5284663201756175
NASA_m2_cm3,1.2241433532354782
NASA_m2_g,0.9017491210931476
ASA_m2_g,0.8629461280996227
NAV_cm3_g,0.1030883337147488
