{
  "R2": 0.9199797923486834,
  "MAE": 0.03891457368565348,
  "RMSE": 0.012445561479250345,
  "MAPE(%)": 8.289114096552805
}