Feature,Importance
0.01,76.83310540219487
ASA_m2_g,4.226877305793906
ASA_m2_cm3,3.7148687128993365
AV_cm3_g,2.755669749017755
AV_VF,2.743910483273372
cm3_g,1.9485660571082797
LCD,1.7209471215429524
PLD,1.7100917066911954
Has_OMS,1.5993834369754345
LFPD,1.3706075146825176
NASA_m2_g,0.7609515437071153
NASA_m2_cm3,0.537098840436631
NAV_cm3_g,0.07792212567662232
