{
  "R2": 0.9791338078790592,
  "MAE": 0.04024869477092944,
  "RMSE": 0.003710900219624216,
  "MAPE(%)": 3.7725165719615954
}