temp,lowp,outp,seed,mode,qt_frac,train_ratio,out_root,model,R2,MAE,RMSE,MAPE(%)
293K,0.01,1,2026,struct_with_input,0.75,0.75,./RUN_FULL_EXP,cat,0.9904056739283219,0.008860586067199172,0.000146685721146074,2.4467879661089174
