{
  "R2": 0.9904056739283219,
  "MAE": 0.008860586067199172,
  "RMSE": 0.000146685721146074,
  "MAPE(%)": 2.4467879661089174
}