{
  "R2": 0.979360790972276,
  "MAE": 0.040431739321858146,
  "RMSE": 0.0035583239372291788,
  "MAPE(%)": 3.7883820885219253
}