Feature,Importance
0.1,85.8039789235777
ASA_m2_g,2.4438594796039688
PLD,1.7263173185542167
AV_VF,1.689935824008124
LFPD,1.5129753802954669
LCD,1.410911507385779
cm3_g,1.2828955731109801
Has_OMS,1.2406615349596628
ASA_m2_cm3,1.1677283684622888
AV_cm3_g,0.8593855864845031
NASA_m2_cm3,0.48698073260106256
NASA_m2_g,0.31042978225374573
NAV_cm3_g,0.06393998870250762
