{
  "R2": 0.9600181474322886,
  "MAE": 0.02093833723746187,
  "RMSE": 0.0061692986229375186,
  "MAPE(%)": 3.4583355503200006
}