{
  "R2": 0.9800021415531068,
  "MAE": 0.011213917645179303,
  "RMSE": 0.0014466515090464892,
  "MAPE(%)": 2.677853505246648
}