{
  "R2": 0.978564281749673,
  "MAE": 0.061819229304192966,
  "RMSE": 0.00925155399775477,
  "MAPE(%)": 5.513050540690282
}