Feature,Importance
0.01,78.18646555737
ASA_m2_cm3,3.107476738636932
Has_OMS,2.6904225119069487
AV_VF,2.4443842461950194
cm3_g,2.2464124906652843
ASA_m2_g,2.2371531845581054
PLD,2.230503141881681
AV_cm3_g,1.7587571814846046
LFPD,1.7386796236400452
LCD,1.62035291296803
NASA_m2_cm3,0.9829789690812317
NASA_m2_g,0.7215849587551776
NAV_cm3_g,0.034828482856948915
