Feature,Importance
0.01,78.35548683521462
Has_OMS,2.7027793912619007
ASA_m2_g,2.702451103770309
AV_cm3_g,2.3335136494871467
PLD,2.3306904010514233
cm3_g,2.1704541665249066
LCD,2.1359011394627965
AV_VF,1.8295273498531632
ASA_m2_cm3,1.8088515614016774
LFPD,1.535730195574415
NASA_m2_g,1.0526885369315828
NASA_m2_cm3,0.9478752472855392
NAV_cm3_g,0.09405042218051496
