temp,lowp,outp,seed,mode,qt_frac,train_ratio,out_root,model,R2,MAE,RMSE,MAPE(%)
273K,0.01,1,2027,struct_with_input,0.3,0.3,./RUN_FULL_EXP,cat,0.9832144937839851,0.019572635456600863,0.001179820785431697,3.6771564420579113
