{
  "R2": 0.9843544864418258,
  "MAE": 0.019094419011296108,
  "RMSE": 0.001104681305298747,
  "MAPE(%)": 3.6159488053316813
}