{
  "R2": 0.9832144937839851,
  "MAE": 0.019572635456600863,
  "RMSE": 0.001179820785431697,
  "MAPE(%)": 3.6771564420579113
}