Feature,Importance
HENRY,64.35763724175133
ASA_m2_g,8.875358941640155
ASA_m2_cm3,6.299706096838225
AV_VF,4.394470416798762
AV_cm3_g,4.248270322372071
cm3_g,3.383871209031452
LCD,2.1875098079109896
PLD,2.0888947804673736
LFPD,1.3794759117246949
Has_OMS,1.251529609456167
NASA_m2_cm3,0.7507391217799989
NASA_m2_g,0.6870022468389533
NAV_cm3_g,0.09553429338982103
