{
  "R2": 0.9720831713464326,
  "MAE": 0.11048211706863748,
  "RMSE": 0.025005190280376684,
  "MAPE(%)": 4.474486914742029
}