{
  "R2": 0.9827314330771771,
  "MAE": 0.034309946178884436,
  "RMSE": 0.00315795800618487,
  "MAPE(%)": 3.1939870390081615
}