Feature,Importance
0.01,73.70490418813449
ASA_m2_g,4.685816888377884
ASA_m2_cm3,4.172331191549945
AV_VF,3.8673510506740443
cm3_g,2.840651786182072
AV_cm3_g,2.4013856524398944
LCD,1.9133486313829164
LFPD,1.6342713857631581
Has_OMS,1.6041180275250786
PLD,1.517717161815735
NASA_m2_cm3,0.8193818337944503
NASA_m2_g,0.6248845508199835
NAV_cm3_g,0.21383765154035622
