{
  "R2": 0.95722687904967,
  "MAE": 0.08207884648642731,
  "RMSE": 0.020945199713625105,
  "MAPE(%)": 6.486434353643805
}