{
  "R2": 0.7349920496853211,
  "MAE": 0.5082368126262323,
  "RMSE": 0.5399904738058441,
  "MAPE(%)": 21.77192564230951
}