temp,lowp,outp,seed,mode,qt_frac,train_ratio,out_root,model,R2,MAE,RMSE,MAPE(%)
293K,0.01,15,2029,struct,0.0,0.75,./RUN_FULL_EXP,cat,0.7349920496853211,0.5082368126262323,0.5399904738058441,21.77192564230951
