Feature,Importance
0.01,76.52917144127447
ASA_m2_g,5.024489144114802
AV_VF,3.450727753344551
AV_cm3_g,2.719533395143688
ASA_m2_cm3,2.6275270961689774
cm3_g,1.9352324233090326
LCD,1.810384906784833
LFPD,1.7463743125065927
PLD,1.4989214089419527
Has_OMS,1.4370367408949842
NASA_m2_cm3,0.5837664418964663
NASA_m2_g,0.570343602582327
NAV_cm3_g,0.06649133303732378
