{
  "R2": 0.9757633202639918,
  "MAE": 0.04377744327810364,
  "RMSE": 0.0065405649513915875,
  "MAPE(%)": 4.167357045317289
}