temp,lowp,outp,seed,mode,qt_frac,train_ratio,out_root,model,R2,MAE,RMSE,MAPE(%)
313K,0.01,5,2025,lowq,0.05,0.5,./RUN_FULL_EXP,cat,0.9757633202639918,0.04377744327810364,0.0065405649513915875,4.167357045317289
