Feature,Importance
0.05,49.60295366360646
ASA_m2_g,14.128707653494786
ASA_m2_cm3,7.0905403066522386
AV_cm3_g,6.68832255387421
AV_VF,6.6453490464075715
cm3_g,4.56167795450437
LCD,3.0241874689941457
PLD,2.784522027576937
LFPD,2.5750362392825994
Has_OMS,1.4409827108428437
NASA_m2_cm3,0.7906859558681008
NASA_m2_g,0.6020696015065804
NAV_cm3_g,0.06496481738915474
