{
  "R2": 0.9563804019022132,
  "MAE": 0.2370983940116901,
  "RMSE": 0.11925132702315386,
  "MAPE(%)": 6.404258838215644
}