temp,lowp,outp,seed,mode,qt_frac,train_ratio,out_root,model,R2,MAE,RMSE,MAPE(%)
273K,0.01,15,2029,lowq,0.65,0.5,./RUN_FULL_EXP,cat,0.9546423168997205,0.2412255122041626,0.11337766710085932,6.2272950705996575
