{
  "R2": 0.9546423168997205,
  "MAE": 0.2412255122041626,
  "RMSE": 0.11337766710085932,
  "MAPE(%)": 6.2272950705996575
}