{
  "R2": 0.9829125847620965,
  "MAE": 0.033696151829791916,
  "RMSE": 0.0031645405550787876,
  "MAPE(%)": 3.0787968721029726
}