{
  "R2": 0.9511824787024629,
  "MAE": 0.1659510497237881,
  "RMSE": 0.07051389319646638,
  "MAPE(%)": 5.258692811740441
}