{
  "R2": 0.9615592017403897,
  "MAE": 0.1674504056229102,
  "RMSE": 0.060489238287159054,
  "MAPE(%)": 5.500721886699498
}