Feature,Importance
0.01,52.429078241933745
ASA_m2_g,14.386933878565818
ASA_m2_cm3,6.739889916868894
AV_VF,6.21709555533515
cm3_g,4.7284078839112205
AV_cm3_g,4.389434079684752
PLD,2.838435540167065
LCD,2.5627629774047143
LFPD,2.032774704408512
Has_OMS,1.9075957223606665
NASA_m2_cm3,1.1184799604296003
NASA_m2_g,0.5273126212005458
NAV_cm3_g,0.12179891772932658
