{
  "R2": 0.9537868668411205,
  "MAE": 0.24431013744472654,
  "RMSE": 0.11987387551132606,
  "MAPE(%)": 6.45350890370954
}