Feature,Importance
0.5,51.39989638101367
ASA_m2_g,18.157487379825138
AV_cm3_g,5.571561154435995
ASA_m2_cm3,5.375955272486058
AV_VF,4.982238680313644
cm3_g,4.617880640153849
LCD,2.560810386712707
PLD,2.542653191161803
LFPD,2.2676450980427307
Has_OMS,1.165384151757958
NASA_m2_cm3,0.9128320429759363
NASA_m2_g,0.3867702208827439
NAV_cm3_g,0.058885400237772875
