temp,lowp,outp,seed,mode,qt_frac,train_ratio,out_root,model,R2,MAE,RMSE,MAPE(%)
273K,0.5,15,2025,lowq,0.3,0.5,./RUN_FULL_EXP,cat,0.9573282140307853,0.22894414374638158,0.11913334303578386,6.042657262262295
