{
  "R2": 0.9573282140307853,
  "MAE": 0.22894414374638158,
  "RMSE": 0.11913334303578386,
  "MAPE(%)": 6.042657262262295
}