temp,lowp,outp,seed,mode,qt_frac,train_ratio,out_root,model,R2,MAE,RMSE,MAPE(%)
273K,0.5,5,2027,lowq,0.5,0.5,./RUN_FULL_EXP,cat,0.9641594947000707,0.09231640742612622,0.01943019712594591,4.733568936690482
