{
  "R2": 0.9641594947000707,
  "MAE": 0.09231640742612622,
  "RMSE": 0.01943019712594591,
  "MAPE(%)": 4.733568936690482
}