Feature,Importance
0.01,72.28895871370142
ASA_m2_cm3,5.650677786962758
ASA_m2_g,5.136452519970887
AV_VF,3.950177705412088
AV_cm3_g,2.395085917685558
cm3_g,2.192358964208793
LCD,1.8885161744472085
PLD,1.8509884209010699
LFPD,1.8133928962124926
Has_OMS,1.7444247628746534
NASA_m2_g,0.572465324232191
NASA_m2_cm3,0.43318606664132386
NAV_cm3_g,0.08331474674956596
