{
  "R2": 0.9743713409267108,
  "MAE": 0.06151229011318154,
  "RMSE": 0.008940474700794994,
  "MAPE(%)": 4.316139202189199
}