Feature,Importance
0.5,68.78631759970308
ASA_m2_g,7.02564140258422
ASA_m2_cm3,5.633857675626622
AV_VF,4.946139142819953
AV_cm3_g,3.245608171738264
LCD,2.2243259872068313
LFPD,1.9414324949841264
PLD,1.831633843592555
cm3_g,1.6704218781034372
Has_OMS,1.3775074827030473
NASA_m2_cm3,0.6770098834525489
NASA_m2_g,0.5163847270414157
NAV_cm3_g,0.12371971044386437
