temp,lowp,outp,seed,mode,qt_frac,train_ratio,out_root,model,R2,MAE,RMSE,MAPE(%)
273K,0.5,5,2027,lowq,0.2,0.5,./RUN_FULL_EXP,cat,0.9720111654559234,0.09000507034620059,0.02033564807017566,4.656355548484973
