{
  "R2": 0.9720111654559234,
  "MAE": 0.09000507034620059,
  "RMSE": 0.02033564807017566,
  "MAPE(%)": 4.656355548484973
}