temp,lowp,outp,seed,mode,qt_frac,train_ratio,out_root,model,R2,MAE,RMSE,MAPE(%)
273K,0.01,1,2029,struct_with_input,0.15,0.15,./RUN_FULL_EXP,cat,0.9790896548057246,0.023804354321262187,0.002000822858167242,4.748244540183925
