{
  "R2": 0.9693848051221049,
  "MAE": 0.06479411919565167,
  "RMSE": 0.009790618626079162,
  "MAPE(%)": 4.482371688644697
}