Feature,Importance
0.01,86.53284946471182
cm3_g,1.7762264554937055
ASA_m2_g,1.6742978532421509
LCD,1.607387916807034
AV_cm3_g,1.4841477232093956
Has_OMS,1.2743275742176603
PLD,1.1748611970104867
AV_VF,1.135040294991003
LFPD,1.106253271760548
ASA_m2_cm3,0.8820311617411405
NASA_m2_g,0.6592050937407355
NASA_m2_cm3,0.6341474824704753
NAV_cm3_g,0.059224510603840666
