{
  "R2": 0.9890515617756805,
  "MAE": 0.006639010090151659,
  "RMSE": 7.79832259639296e-05,
  "MAPE(%)": 2.555340438298449
}