{
  "R2": 0.3010233519040453,
  "MAE": 0.19823815720727173,
  "RMSE": 0.10954911131167616,
  "MAPE(%)": 54.27301712515591
}