{
  "R2": 0.989648658182003,
  "MAE": 0.009252494742504827,
  "RMSE": 0.00043831155572214884,
  "MAPE(%)": 2.5134237241948836
}