{
  "R2": 0.9762157631879278,
  "MAE": 0.04054164654316379,
  "RMSE": 0.0035069634677869356,
  "MAPE(%)": 3.7507906158488784
}