Feature,Importance
0.01,75.05810924093448
ASA_m2_g,4.737007274092558
AV_cm3_g,3.556394654493347
ASA_m2_cm3,3.379653475322433
cm3_g,2.7354263637594527
AV_VF,2.4873929661949146
Has_OMS,1.7750022965536987
PLD,1.6347846848367622
LCD,1.5494378859512872
LFPD,1.4679620405129887
NASA_m2_cm3,0.8050585839893296
NASA_m2_g,0.7053870810748155
NAV_cm3_g,0.10838345228393671
