{
  "R2": 0.9788399976250037,
  "MAE": 0.040148406314886975,
  "RMSE": 0.0032453632233666223,
  "MAPE(%)": 3.750402643506566
}