temp,lowp,outp,seed,mode,qt_frac,train_ratio,out_root,model,R2,MAE,RMSE,MAPE(%)
273K,0.5,1,2026,lowq,0.4,0.5,./RUN_FULL_EXP,cat,0.9955817747695377,0.010361094531496511,0.00026658229603577257,1.9195352610572252
