{
  "R2": 0.9955817747695377,
  "MAE": 0.010361094531496511,
  "RMSE": 0.00026658229603577257,
  "MAPE(%)": 1.9195352610572252
}