Feature,Importance
0.01,55.250708593346445
ASA_m2_g,11.375545639186647
ASA_m2_cm3,6.566432322345387
AV_cm3_g,5.47158925999211
cm3_g,4.920687324581482
AV_VF,4.660552175326751
LCD,3.0872433311465377
PLD,2.8278447718298807
LFPD,2.5046178332791063
Has_OMS,1.8528941142787572
NASA_m2_cm3,0.8800566240937373
NASA_m2_g,0.5246623740707064
NAV_cm3_g,0.07716563652244429
