{
  "R2": 0.9539156324432534,
  "MAE": 0.20017859301790636,
  "RMSE": 0.08715479263822581,
  "MAPE(%)": 7.672043083676458
}