temp,lowp,outp,seed,mode,qt_frac,train_ratio,out_root,model,R2,MAE,RMSE,MAPE(%)
273K,0.1,1,2028,lowq,0.5,0.5,./RUN_FULL_EXP,cat,0.9882246287526187,0.015225399249671303,0.000611124766125589,2.7682897928652324
