{
  "R2": 0.9882246287526187,
  "MAE": 0.015225399249671303,
  "RMSE": 0.000611124766125589,
  "MAPE(%)": 2.7682897928652324
}