Feature,Importance
0.05,87.5320410479026
cm3_g,1.981123917326476
PLD,1.507485137259208
AV_VF,1.3343690365865868
Has_OMS,1.3221097920339084
ASA_m2_cm3,1.3085394917968942
LFPD,1.2036035200053303
AV_cm3_g,1.1424083535675529
ASA_m2_g,0.9656163019926395
LCD,0.9196070262509851
NASA_m2_cm3,0.4417354047745515
NASA_m2_g,0.2651504546845819
NAV_cm3_g,0.07621051581870017
