{
  "R2": 0.9945822587358595,
  "MAE": 0.004924626760033491,
  "RMSE": 5.6913049779711707e-05,
  "MAPE(%)": 1.9506090272171626
}