Feature,Importance
HENRY,84.62330928543761
cm3_g,2.9077674079579903
LFPD,1.6971336325854978
Has_OMS,1.6722500079898832
PLD,1.6591531412637905
AV_cm3_g,1.6495917554556918
AV_VF,1.4299539713772127
LCD,1.3697576182998643
ASA_m2_cm3,1.1636391205234418
ASA_m2_g,1.0958613812915012
NASA_m2_g,0.3929322253227326
NASA_m2_cm3,0.30103871611797006
NAV_cm3_g,0.03761173637683512
