{
  "R2": 0.9959455626538405,
  "MAE": 0.0043081725741396975,
  "RMSE": 5.231963596162189e-05,
  "MAPE(%)": 1.6983419812105969
}