Feature,Importance
0.5,92.32312190514165
ASA_m2_g,1.2070276263747963
cm3_g,1.0351935576922768
AV_cm3_g,0.9155626742076827
ASA_m2_cm3,0.7601505751882766
PLD,0.6934160071488653
Has_OMS,0.6082672685028947
LFPD,0.5465345972395197
AV_VF,0.4998960482650724
NASA_m2_cm3,0.48080838118083086
LCD,0.4462459260429178
NASA_m2_g,0.36048469036395775
NAV_cm3_g,0.12329074265121664
