{
  "R2": 0.9952023674916898,
  "MAE": 0.009428014883994246,
  "RMSE": 0.0001858081091537464,
  "MAPE(%)": 1.7161094188500134
}