{
  "R2": 0.9518649963916115,
  "MAE": 0.17401012016069997,
  "RMSE": 0.07276230767802924,
  "MAPE(%)": 5.644853183057119
}