temp,lowp,outp,seed,mode,qt_frac,train_ratio,out_root,model,R2,MAE,RMSE,MAPE(%)
293K,0.01,15,2029,lowq,0.5,0.5,./RUN_FULL_EXP,cat,0.9518649963916115,0.17401012016069997,0.07276230767802924,5.644853183057119
