Feature,Importance
0.01,83.8242463110695
AV_cm3_g,2.1994310347124033
cm3_g,2.0664120365406466
Has_OMS,1.9354605495614554
AV_VF,1.7242994604544652
LCD,1.5667087538636515
ASA_m2_cm3,1.488714867239567
LFPD,1.3695481356880006
PLD,1.156069478149507
NASA_m2_g,0.9758984780091944
ASA_m2_g,0.9022674888369733
NASA_m2_cm3,0.7295096940125698
NAV_cm3_g,0.06143371186203725
