{
  "R2": 0.9907257651023057,
  "MAE": 0.010154011978812319,
  "RMSE": 0.0002314962464622442,
  "MAPE(%)": 2.8671297792312482
}