Feature,Importance
0.1,56.726966221663055
ASA_m2_g,13.106250035703413
ASA_m2_cm3,7.283664408456605
AV_VF,4.977904536515337
cm3_g,4.340382738043408
AV_cm3_g,3.9640955229246617
PLD,2.342600266859327
LCD,2.2384591763997146
LFPD,2.0314990872503462
Has_OMS,1.4648996393323364
NASA_m2_cm3,0.91500633370461
NASA_m2_g,0.5026535430768786
NAV_cm3_g,0.10561849007029324
