{
  "R2": 0.9638234117031369,
  "MAE": 0.1585128170464544,
  "RMSE": 0.04888856308171988,
  "MAPE(%)": 5.071490518707824
}