temp,lowp,outp,seed,mode,qt_frac,train_ratio,out_root,model,R2,MAE,RMSE,MAPE(%)
293K,0.1,15,2029,lowq,0.7,0.5,./RUN_FULL_EXP,cat,0.9638234117031369,0.1585128170464544,0.04888856308171988,5.071490518707824
