Feature,Importance
0.1,78.13988626959834
ASA_m2_g,4.671522766846168
AV_VF,3.086142845789879
AV_cm3_g,2.916620975769967
ASA_m2_cm3,2.8815015994731086
cm3_g,1.5946880484037804
Has_OMS,1.5166678743987194
LFPD,1.4782264312787834
LCD,1.3669161160340522
PLD,1.2722603396834764
NASA_m2_cm3,0.6127801342845514
NASA_m2_g,0.3530883310528166
NAV_cm3_g,0.1096982673863725
