temp,lowp,outp,seed,mode,qt_frac,train_ratio,out_root,model,R2,MAE,RMSE,MAPE(%)
313K,0.1,5,2029,lowq,0.7,0.5,./RUN_FULL_EXP,cat,0.9802522546407467,0.03248655600390755,0.00238718021349829,2.924055731714468
