{
  "R2": 0.9802522546407467,
  "MAE": 0.03248655600390755,
  "RMSE": 0.00238718021349829,
  "MAPE(%)": 2.924055731714468
}