{
  "R2": 0.9604318982526235,
  "MAE": 0.1681643418298076,
  "RMSE": 0.05717386949495118,
  "MAPE(%)": 5.388166594617562
}