Feature,Importance
HENRY,86.48186609391217
cm3_g,2.1595562710280842
LFPD,1.5231420709831072
Has_OMS,1.4834827770857302
LCD,1.345298428416458
AV_VF,1.3261508142976306
PLD,1.309022147013215
AV_cm3_g,1.1416278040649883
ASA_m2_cm3,1.0963014518676062
ASA_m2_g,1.012770198009738
NASA_m2_cm3,0.5922287296288964
NASA_m2_g,0.47313250642350985
NAV_cm3_g,0.05542070726886969
