{
  "R2": 0.9892485871924194,
  "MAE": 0.005477515733031046,
  "RMSE": 0.0003320533531424974,
  "MAPE(%)": 2.0935658475445047
}