Feature,Importance
0.5,53.12455134472367
ASA_m2_g,14.685637442890886
ASA_m2_cm3,7.193129271017531
AV_cm3_g,5.524812159400389
AV_VF,5.458655050389362
cm3_g,4.50233356809315
LCD,2.5268257294555734
PLD,2.3645005031767115
LFPD,2.0085509644595088
NASA_m2_g,0.8772586929414855
Has_OMS,0.8052899009726551
NASA_m2_cm3,0.7823272003725791
NAV_cm3_g,0.1461281721064917
