{
  "R2": 0.9593741910401118,
  "MAE": 0.2296943348038194,
  "RMSE": 0.1177113940216844,
  "MAPE(%)": 6.2008422734402355
}