temp,lowp,outp,seed,mode,qt_frac,train_ratio,out_root,model,R2,MAE,RMSE,MAPE(%)
273K,0.5,15,2026,lowq,0.15,0.5,./RUN_FULL_EXP,cat,0.9593741910401118,0.2296943348038194,0.1177113940216844,6.2008422734402355
