{
  "R2": 0.9796062455081206,
  "MAE": 0.039960530916666036,
  "RMSE": 0.0036628045707046922,
  "MAPE(%)": 3.746543472923378
}