temp,lowp,outp,seed,mode,qt_frac,train_ratio,out_root,model,R2,MAE,RMSE,MAPE(%)
313K,0.01,5,2025,lowq,0.35,0.5,./RUN_FULL_EXP,cat,0.9796062455081206,0.039960530916666036,0.0036628045707046922,3.746543472923378
