{
  "R2": 0.4429428077934935,
  "MAE": 0.1175736342446402,
  "RMSE": 0.03776369154530591,
  "MAPE(%)": 46.05781321674659
}