{
  "R2": 0.9511327579183376,
  "MAE": 0.017425447875520434,
  "RMSE": 0.003607041152343281,
  "MAPE(%)": 4.7028885544973775
}