{
  "R2": 0.9644671797119067,
  "MAE": 0.11650494362890798,
  "RMSE": 0.04379625754309051,
  "MAPE(%)": 4.96907433220138
}