Feature,Importance
0.01,82.10860836912295
ASA_m2_cm3,2.5808361498703998
AV_VF,2.3501492958991146
ASA_m2_g,2.085906781440796
PLD,1.691340476531321
AV_cm3_g,1.6896372733555343
LCD,1.6354314149783653
cm3_g,1.4863803689681763
Has_OMS,1.2673456764818216
LFPD,1.1554263128368998
NASA_m2_cm3,0.9524667875563974
NASA_m2_g,0.885950379754777
NAV_cm3_g,0.11052071320349136
