temp,lowp,outp,seed,mode,qt_frac,train_ratio,out_root,model,R2,MAE,RMSE,MAPE(%)
273K,0.01,1,2026,lowq,0.35,0.5,./RUN_FULL_EXP,cat,0.9856290698994672,0.017805823361502295,0.0009528687332092964,3.3272061504873425
