{
  "R2": 0.9856290698994672,
  "MAE": 0.017805823361502295,
  "RMSE": 0.0009528687332092964,
  "MAPE(%)": 3.3272061504873425
}