{
  "R2": 0.9742704337701104,
  "MAE": 0.06140350727712333,
  "RMSE": 0.012889048962514953,
  "MAPE(%)": 4.530506655912717
}