temp,lowp,outp,seed,mode,qt_frac,train_ratio,out_root,model,R2,MAE,RMSE,MAPE(%)
273K,0.01,1,2025,lowq,0.1,0.5,./RUN_FULL_EXP,cat,0.9820192767768195,0.020341919281162645,0.00195493214442891,3.608143191410166
