{
  "R2": 0.9820192767768195,
  "MAE": 0.020341919281162645,
  "RMSE": 0.00195493214442891,
  "MAPE(%)": 3.608143191410166
}