{
  "R2": 0.9742555956568273,
  "MAE": 0.0630136138339113,
  "RMSE": 0.009395996246304253,
  "MAPE(%)": 4.455248164006869
}