{
  "R2": 0.13458418661205163,
  "MAE": 0.22618366651903846,
  "RMSE": 0.13180520944030516,
  "MAPE(%)": 75.36637831554035
}