temp,lowp,outp,seed,mode,qt_frac,train_ratio,out_root,model,R2,MAE,RMSE,MAPE(%)
273K,0.01,1,2026,struct,0.0,0.05,./RUN_FULL_EXP,cat,0.13458418661205163,0.22618366651903846,0.13180520944030516,75.36637831554035
