Feature,Importance
0.5,93.42883191537811
cm3_g,0.949108629244231
ASA_m2_cm3,0.8181346224626733
AV_VF,0.7583932629413841
PLD,0.68117729410867
AV_cm3_g,0.6293864805802385
LCD,0.5955335118563817
ASA_m2_g,0.5573987392834654
NASA_m2_g,0.44990883747806254
LFPD,0.4141322105211006
Has_OMS,0.37112226191989645
NASA_m2_cm3,0.20398204978870146
NAV_cm3_g,0.1428901844370651
