{
  "R2": 0.994818201057782,
  "MAE": 0.009241962662510695,
  "RMSE": 0.0001734193858425954,
  "MAPE(%)": 1.684832194558775
}