{
  "R2": 0.9962690572784646,
  "MAE": 0.004448619409324537,
  "RMSE": 6.0296930823703496e-05,
  "MAPE(%)": 1.7832538426734723
}