{
  "R2": 0.9595483987463413,
  "MAE": 0.16525113463786645,
  "RMSE": 0.0739724696007774,
  "MAPE(%)": 5.599387480422906
}