temp,lowp,outp,seed,mode,qt_frac,train_ratio,out_root,model,R2,MAE,RMSE,MAPE(%)
273K,0.01,1,2027,lowq,0.75,0.5,./RUN_FULL_EXP,cat,0.9838616083479674,0.01600036050356759,0.0006060071353464663,2.9869835391246387
