{
  "R2": 0.9838616083479674,
  "MAE": 0.01600036050356759,
  "RMSE": 0.0006060071353464663,
  "MAPE(%)": 2.9869835391246387
}