{
  "R2": 0.9559627103105004,
  "MAE": 0.23577564370888937,
  "RMSE": 0.1269976417167511,
  "MAPE(%)": 6.314543484300765
}