{
  "R2": 0.8733039247487917,
  "MAE": 0.04278008694567842,
  "RMSE": 0.020954130510896177,
  "MAPE(%)": 10.154824620644815
}