{
  "R2": 0.9539318993793353,
  "MAE": 0.09872170830071912,
  "RMSE": 0.022536393919367313,
  "MAPE(%)": 4.942333464137571
}