{
  "R2": 0.995682902016538,
  "MAE": 0.00994026238423495,
  "RMSE": 0.00023997910736081357,
  "MAPE(%)": 1.8319734882384828
}