Feature,Importance
0.01,69.28849675301798
ASA_m2_cm3,6.793312599750814
ASA_m2_g,5.077636615964107
AV_VF,4.047491246977239
AV_cm3_g,3.3565617796275573
LCD,2.2217845821078095
LFPD,2.063236858828917
Has_OMS,1.9354096164782746
PLD,1.8530185446563354
cm3_g,1.6041650700006447
NASA_m2_cm3,1.019846999618196
NASA_m2_g,0.6067343310159277
NAV_cm3_g,0.13230500195620798
