{
  "R2": 0.9664844489242325,
  "MAE": 0.06242127100007143,
  "RMSE": 0.008796140978497114,
  "MAPE(%)": 4.260342188113795
}