Feature,Importance
0.1,56.64178996345088
ASA_m2_g,11.098725404949949
AV_VF,6.862151267610513
AV_cm3_g,6.083308538899927
ASA_m2_cm3,5.407130923054562
cm3_g,3.014303764802344
PLD,2.655447518574831
LCD,2.421265209031695
LFPD,2.214412424216974
Has_OMS,1.8307531812977589
NASA_m2_cm3,0.8916111939170168
NASA_m2_g,0.765770522756249
NAV_cm3_g,0.11333008743728837
