temp,lowp,outp,seed,mode,qt_frac,train_ratio,out_root,model,R2,MAE,RMSE,MAPE(%)
293K,0.1,15,2027,lowq,0.45,0.5,./RUN_FULL_EXP,cat,0.9626658008076963,0.1644864166545637,0.05821831157707955,5.36404053304334
