{
  "R2": 0.9626658008076963,
  "MAE": 0.1644864166545637,
  "RMSE": 0.05821831157707955,
  "MAPE(%)": 5.36404053304334
}