Feature,Importance
0.01,85.72519012140617
AV_cm3_g,2.0452124770125146
cm3_g,1.9541030360425575
LCD,1.7680643883184837
Has_OMS,1.5408633254327022
AV_VF,1.3825938529520656
ASA_m2_cm3,1.3819553723792501
ASA_m2_g,1.0712493415138695
LFPD,1.030971904555309
PLD,1.0238296781260565
NASA_m2_cm3,0.5321947011775419
NASA_m2_g,0.4671477092713184
NAV_cm3_g,0.07662409181217422
