temp,lowp,outp,seed,mode,qt_frac,train_ratio,out_root,model,R2,MAE,RMSE,MAPE(%)
293K,0.01,1,2026,struct_with_input,0.33,0.65,./RUN_FULL_EXP,cat,0.9911236723151504,0.009882305219755774,0.0002484469577840737,2.7458565301584072
