{
  "R2": 0.9911236723151504,
  "MAE": 0.009882305219755774,
  "RMSE": 0.0002484469577840737,
  "MAPE(%)": 2.7458565301584072
}