Feature,Importance
0.01,81.30629564639952
ASA_m2_cm3,4.096613971514032
Has_OMS,2.148927774009644
ASA_m2_g,2.0221609837835635
AV_VF,1.9861126046870479
PLD,1.5747717182512333
AV_cm3_g,1.5482336764418017
LCD,1.5098604456996774
cm3_g,1.3625253616834208
LFPD,0.8281406435152484
NASA_m2_g,0.7732784867780333
NASA_m2_cm3,0.7519533753845596
NAV_cm3_g,0.09112531185219697
