{
  "R2": 0.9851724346969922,
  "MAE": 0.018289589889533994,
  "RMSE": 0.0009277062742371219,
  "MAPE(%)": 3.380579200654295
}