{
  "R2": 0.9853488331606328,
  "MAE": 0.01792249662204959,
  "RMSE": 0.0008903638555373847,
  "MAPE(%)": 3.303154741846479
}