Feature,Importance
0.01,76.43099836412178
Has_OMS,3.7719091789661587
PLD,2.9809262955816958
AV_cm3_g,2.5995021300938945
ASA_m2_g,2.222894948773985
ASA_m2_cm3,2.0928188240713745
cm3_g,1.9900711348109277
AV_VF,1.9303366906104877
LFPD,1.9062459606480835
LCD,1.894098996003737
NASA_m2_g,1.190693365393023
NASA_m2_cm3,0.7535279692992662
NAV_cm3_g,0.23597614162561514
