{
  "R2": 0.9753781085757341,
  "MAE": 0.024963262119466926,
  "RMSE": 0.0023119997455709534,
  "MAPE(%)": 4.786178110026011
}