temp,lowp,outp,seed,mode,qt_frac,train_ratio,out_root,model,R2,MAE,RMSE,MAPE(%)
293K,0.05,5,2025,lowq,0.05,0.5,./RUN_FULL_EXP,cat,0.9739654315587883,0.06188399095794227,0.0118372249990732,4.551966800284411
