{
  "R2": 0.9739654315587883,
  "MAE": 0.06188399095794227,
  "RMSE": 0.0118372249990732,
  "MAPE(%)": 4.551966800284411
}