{
  "R2": 0.9775891684034689,
  "MAE": 0.015083120356021855,
  "RMSE": 0.0012535015707292865,
  "MAPE(%)": 4.266907820238573
}