temp,lowp,outp,seed,mode,qt_frac,train_ratio,out_root,model,R2,MAE,RMSE,MAPE(%)
293K,0.01,1,2026,struct_with_input,0.07,0.15,./RUN_FULL_EXP,cat,0.9775891684034689,0.015083120356021855,0.0012535015707292865,4.266907820238573
