{
  "R2": 0.9512842977927773,
  "MAE": 0.1759303081718596,
  "RMSE": 0.07437517492419347,
  "MAPE(%)": 5.7284369469033125
}