Feature,Importance
0.1,84.57010565526375
AV_cm3_g,2.351213488342061
ASA_m2_cm3,1.9501249307936064
AV_VF,1.8277528309279865
ASA_m2_g,1.7154891538344337
Has_OMS,1.61448660636978
cm3_g,1.5966134384559767
LCD,1.2930862695712928
PLD,1.2476874957824668
LFPD,0.725031546859957
NASA_m2_cm3,0.6149289727785472
NASA_m2_g,0.43816106419947987
NAV_cm3_g,0.05531854682066429
