{
  "R2": 0.9849207117364762,
  "MAE": 0.016739942917173303,
  "RMSE": 0.0014630207777182795,
  "MAPE(%)": 2.89976823375437
}