temp,lowp,outp,seed,mode,qt_frac,train_ratio,out_root,model,R2,MAE,RMSE,MAPE(%)
273K,0.1,1,2025,lowq,0.15,0.5,./RUN_FULL_EXP,cat,0.9849207117364762,0.016739942917173303,0.0014630207777182795,2.89976823375437
