Feature,Importance
0.1,64.81784138980642
ASA_m2_g,7.002946982269926
ASA_m2_cm3,6.975336006273201
AV_VF,5.139758139229092
AV_cm3_g,2.7047463461733314
LCD,2.6775884030997714
PLD,2.475799790059079
cm3_g,2.3863217115459876
LFPD,2.2379873884341364
Has_OMS,1.9830262359918434
NASA_m2_cm3,0.8774305600437464
NASA_m2_g,0.6641817660550955
NAV_cm3_g,0.05703528101836094
