{
  "R2": 0.9624128704809678,
  "MAE": 0.0981497826027266,
  "RMSE": 0.022737581193697932,
  "MAPE(%)": 5.020326798694475
}