{
  "R2": 0.5365242702686752,
  "MAE": 0.3258368173727978,
  "RMSE": 0.22613692984105893,
  "MAPE(%)": 32.65411499738503
}