Feature,Importance
HENRY,80.45970542937329
AV_VF,2.7890817735543743
AV_cm3_g,2.5031363931988535
cm3_g,2.1006873603027976
Has_OMS,2.019286176126817
ASA_m2_cm3,2.0049505212879146
PLD,1.8946037428922875
LFPD,1.8111988961751107
LCD,1.6697369434283162
ASA_m2_g,1.368326255460381
NASA_m2_cm3,0.8485411144662334
NASA_m2_g,0.4419912145033805
NAV_cm3_g,0.08875417923023476
