{
  "R2": 0.985576323738628,
  "MAE": 0.016661145015785875,
  "RMSE": 0.0011649859602963675,
  "MAPE(%)": 2.9767330923454365
}