Feature,Importance
HENRY,77.4050529415541
ASA_m2_g,5.20689648917601
AV_VF,2.976263142727059
AV_cm3_g,2.8620271503492853
ASA_m2_cm3,2.726423503305355
cm3_g,1.9332167013734332
LCD,1.586045187666317
Has_OMS,1.4714374570639563
PLD,1.425626157860748
LFPD,1.1360419635742167
NASA_m2_g,0.680319303756189
NASA_m2_cm3,0.5315589280303463
NAV_cm3_g,0.05909107356296488
