temp,lowp,outp,seed,mode,qt_frac,train_ratio,out_root,model,R2,MAE,RMSE,MAPE(%)
313K,HENRY,5,2026,lowq,0.8,0.5,./RUN_FULL_EXP,cat,0.9758812414062864,0.032248586216958496,0.0025853801771195057,2.884937497379786
