{
  "R2": 0.9758812414062864,
  "MAE": 0.032248586216958496,
  "RMSE": 0.0025853801771195057,
  "MAPE(%)": 2.884937497379786
}