Feature,Importance
0.5,56.09991858631676
ASA_m2_g,11.747510570794168
AV_VF,7.3915711159086275
AV_cm3_g,6.549860307151635
ASA_m2_cm3,5.828008400595813
cm3_g,2.8537673799460874
LCD,2.3754251714713686
PLD,2.243003558176549
LFPD,2.1526419486559094
Has_OMS,1.1765691961323315
NASA_m2_cm3,0.7908485418442543
NASA_m2_g,0.7066092508599485
NAV_cm3_g,0.08426597214655553
