{
  "R2": 0.9631307537980263,
  "MAE": 0.15600081692941653,
  "RMSE": 0.060947469618215754,
  "MAPE(%)": 5.148794115828044
}