Feature,Importance
0.5,89.94621931501075
AV_cm3_g,1.8193497031679255
Has_OMS,1.620632103084831
ASA_m2_g,1.2692932419673388
LCD,0.923320907140967
LFPD,0.766535964501353
cm3_g,0.7312825924623334
AV_VF,0.7121797105294755
NASA_m2_cm3,0.636843746530481
PLD,0.6198585104238082
ASA_m2_cm3,0.5679386916271458
NASA_m2_g,0.2700777126677963
NAV_cm3_g,0.11646780088579912
