temp,lowp,outp,seed,mode,qt_frac,train_ratio,out_root,model,R2,MAE,RMSE,MAPE(%)
293K,0.5,1,2029,lowq,0.25,0.5,./RUN_FULL_EXP,cat,0.996293261321558,0.006252717611070829,0.0001261750020962421,1.728014679887234
