{
  "R2": 0.996293261321558,
  "MAE": 0.006252717611070829,
  "RMSE": 0.0001261750020962421,
  "MAPE(%)": 1.728014679887234
}