{
  "R2": 0.9625289231178014,
  "MAE": 0.22885257569145181,
  "RMSE": 0.11413351365690023,
  "MAPE(%)": 6.646602975474275
}