Feature,Importance
0.5,57.33811865265186
ASA_m2_g,16.002773004291907
AV_VF,6.208642714759795
ASA_m2_cm3,4.710583289501112
AV_cm3_g,4.1695101991435815
PLD,2.523013230362099
cm3_g,2.3463715593936563
LCD,2.30246540950856
LFPD,1.9729392188310617
Has_OMS,1.2607281037001137
NASA_m2_cm3,0.5383327933521321
NASA_m2_g,0.5268348499240169
NAV_cm3_g,0.09968697458011112
