{
  "R2": 0.9658399714761635,
  "MAE": 0.16026281669425554,
  "RMSE": 0.05328605572916639,
  "MAPE(%)": 5.260553235460221
}