temp,lowp,outp,seed,mode,qt_frac,train_ratio,out_root,model,R2,MAE,RMSE,MAPE(%)
293K,HENRY,5,2027,lowq,0.15,0.5,./RUN_FULL_EXP,cat,0.9702098951447795,0.06080058186557757,0.011619977546253539,4.126922936323084
