{
  "R2": 0.9702098951447795,
  "MAE": 0.06080058186557757,
  "RMSE": 0.011619977546253539,
  "MAPE(%)": 4.126922936323084
}