{
  "R2": 0.9433579780920096,
  "MAE": 0.08133922367595836,
  "RMSE": 0.017529431134363286,
  "MAPE(%)": 7.272784964620199
}