Feature,Importance
0.01,81.48527651151025
ASA_m2_cm3,2.3301355542576094
AV_VF,2.2198619691254615
PLD,2.2146312125869425
AV_cm3_g,2.1358787186209014
cm3_g,1.877512217880824
Has_OMS,1.7427722163612098
ASA_m2_g,1.5710433706094729
LCD,1.549144794968904
LFPD,1.4964363133957894
NASA_m2_cm3,0.6516838250866539
NASA_m2_g,0.6498102536909587
NAV_cm3_g,0.07581304190504709
