{
  "R2": 0.9856961391326695,
  "MAE": 0.017938589496411875,
  "RMSE": 0.0009467733239976745,
  "MAPE(%)": 3.3473640170824956
}