{
  "R2": 0.9922425515265201,
  "MAE": 0.006891458389834505,
  "RMSE": 0.0001018975484198918,
  "MAPE(%)": 2.8591803180517212
}