temp,lowp,outp,seed,mode,qt_frac,train_ratio,out_root,model,R2,MAE,RMSE,MAPE(%)
313K,0.01,1,2026,lowq,0.3,0.5,./RUN_FULL_EXP,cat,0.9922425515265201,0.006891458389834505,0.0001018975484198918,2.8591803180517212
