{
  "R2": 0.9704418893294817,
  "MAE": 0.02486002601672483,
  "RMSE": 0.0028449518321834195,
  "MAPE(%)": 4.757371406403551
}