Feature,Importance
HENRY,64.53302656174226
ASA_m2_g,7.268674029363945
AV_VF,6.815103097791789
AV_cm3_g,5.634247883082664
ASA_m2_cm3,4.878261998842698
cm3_g,2.707364599456054
PLD,2.1634234480218657
LFPD,1.9048774998687517
Has_OMS,1.5195344569781157
LCD,1.4377918364476974
NASA_m2_cm3,0.6555889433076311
NASA_m2_g,0.3990236776224685
NAV_cm3_g,0.08308196747405831
