{
  "R2": 0.9694861153890034,
  "MAE": 0.11162126521354371,
  "RMSE": 0.027381686125144356,
  "MAPE(%)": 4.548509383634216
}