temp,lowp,outp,seed,mode,qt_frac,train_ratio,out_root,model,R2,MAE,RMSE,MAPE(%)
313K,HENRY,15,2028,lowq,0.5,0.5,./RUN_FULL_EXP,cat,0.9694861153890034,0.11162126521354371,0.027381686125144356,4.548509383634216
