Feature,Importance
0.5,76.0591410020064
ASA_m2_g,4.669676388471422
ASA_m2_cm3,3.7759377999339083
AV_VF,3.590426375488863
AV_cm3_g,3.123438252183976
cm3_g,1.9796089034992694
Has_OMS,1.7958911045910884
LCD,1.5339546762190377
LFPD,1.341685048805145
PLD,1.2904033045417764
NASA_m2_g,0.4273400787952377
NASA_m2_cm3,0.30145585022563853
NAV_cm3_g,0.11104121523821749
