{
  "R2": 0.9771897434890042,
  "MAE": 0.05117602422761124,
  "RMSE": 0.006401062216640531,
  "MAPE(%)": 3.4638415082610043
}