Feature,Importance
0.05,54.85881528720174
ASA_m2_g,11.334889792855838
ASA_m2_cm3,7.166697846048867
AV_VF,6.772637352599012
AV_cm3_g,6.745076382361833
cm3_g,2.986815967445418
PLD,2.612122447257194
LCD,2.3802145353628053
LFPD,2.042933713839514
Has_OMS,1.5219863509204263
NASA_m2_g,0.7443246239644602
NASA_m2_cm3,0.7360529414315043
NAV_cm3_g,0.09743275871138717
