{
  "R2": 0.9577253951999422,
  "MAE": 0.1686411569034757,
  "RMSE": 0.056432547834375436,
  "MAPE(%)": 5.394997399222437
}