temp,lowp,outp,seed,mode,qt_frac,train_ratio,out_root,model,R2,MAE,RMSE,MAPE(%)
273K,HENRY,15,2027,lowq,0.55,0.5,./RUN_FULL_EXP,cat,0.9521238335649431,0.24453876770571797,0.12016580509659952,6.254004766458782
