{
  "R2": 0.9521238335649431,
  "MAE": 0.24453876770571797,
  "RMSE": 0.12016580509659952,
  "MAPE(%)": 6.254004766458782
}