Feature,Importance
0.1,78.22784984078895
ASA_m2_g,5.539178339705715
AV_VF,2.886372600961891
ASA_m2_cm3,2.853275851162044
AV_cm3_g,2.155667322082089
cm3_g,1.862213689966255
LCD,1.428185435079824
Has_OMS,1.345233507428929
PLD,1.2894842364045258
LFPD,1.1434528682213132
NASA_m2_cm3,0.6384865461974997
NASA_m2_g,0.6047143376041292
NAV_cm3_g,0.025885424396812327
