{
  "R2": 0.9778992416260708,
  "MAE": 0.03301214816284155,
  "RMSE": 0.0025475804300649526,
  "MAPE(%)": 2.930936977236515
}