{
  "R2": 0.9958741310590046,
  "MAE": 0.023027770763742194,
  "RMSE": 0.0012141928383530081,
  "MAPE(%)": 1.87657703844556
}