{
  "R2": 0.9737667161524947,
  "MAE": 0.11024629940470687,
  "RMSE": 0.029608624690969837,
  "MAPE(%)": 4.6785330090590955
}