temp,lowp,outp,seed,mode,qt_frac,train_ratio,out_root,model,R2,MAE,RMSE,MAPE(%)
313K,HENRY,15,2029,lowq,0.15,0.5,./RUN_FULL_EXP,cat,0.9737667161524947,0.11024629940470687,0.029608624690969837,4.6785330090590955
