Feature,Importance
0.1,62.80304729017064
ASA_m2_g,10.511088169873515
AV_VF,6.274522221200389
AV_cm3_g,5.103790876025462
ASA_m2_cm3,4.7632751673074
PLD,2.387104324518356
cm3_g,2.3683504260004615
LFPD,1.8514660829502507
Has_OMS,1.3308021225612847
LCD,1.3019221946729937
NASA_m2_cm3,0.6778754506467686
NASA_m2_g,0.5715620732681345
NAV_cm3_g,0.05519360080434063
