{
  "R2": 0.9689601192200641,
  "MAE": 0.1103206532874731,
  "RMSE": 0.02322960507580455,
  "MAPE(%)": 4.351477743933254
}