Feature,Importance
0.01,72.68499379403121
ASA_m2_cm3,4.482603358611367
ASA_m2_g,4.212770877227576
AV_VF,4.164387577862198
AV_cm3_g,3.744757487957716
cm3_g,2.119542565829484
PLD,2.038610690463671
LFPD,1.9065019789457331
Has_OMS,1.7765992973666473
LCD,1.682208260318261
NASA_m2_cm3,0.6181024011461459
NASA_m2_g,0.47392191479821905
NAV_cm3_g,0.09499979544176183
