{
  "R2": 0.9728946839332174,
  "MAE": 0.06226407198097571,
  "RMSE": 0.009375343931871722,
  "MAPE(%)": 4.297547903608293
}