Feature,Importance
0.1,48.97313542720796
ASA_m2_g,19.69160275316396
ASA_m2_cm3,6.037656965809283
cm3_g,5.435125893916526
AV_VF,4.244159892897685
AV_cm3_g,4.069370211566883
PLD,2.981529251632709
LFPD,2.6721024079845805
LCD,2.6416303711819045
Has_OMS,1.4972317425563784
NASA_m2_cm3,0.9296999681063374
NASA_m2_g,0.6888668683161807
NAV_cm3_g,0.13788824565962793
