{
  "R2": 0.9585750446581837,
  "MAE": 0.22910595562902478,
  "RMSE": 0.12730163747113746,
  "MAPE(%)": 6.311821134777898
}