temp,lowp,outp,seed,mode,qt_frac,train_ratio,out_root,model,R2,MAE,RMSE,MAPE(%)
273K,0.1,15,2029,lowq,0.05,0.5,./RUN_FULL_EXP,cat,0.9585750446581837,0.22910595562902478,0.12730163747113746,6.311821134777898
