{
  "R2": 0.9564135038123796,
  "MAE": 0.16605130548796862,
  "RMSE": 0.07212777392389941,
  "MAPE(%)": 5.414169975498606
}