{
  "R2": 0.9802224917975647,
  "MAE": 0.011581342716145759,
  "RMSE": 0.0007695800213821062,
  "MAPE(%)": 3.289117425644652
}