temp,lowp,outp,seed,mode,qt_frac,train_ratio,out_root,model,R2,MAE,RMSE,MAPE(%)
293K,0.01,1,2026,struct_with_input,0.17,0.35,./RUN_FULL_EXP,cat,0.9802224917975647,0.011581342716145759,0.0007695800213821062,3.289117425644652
