temp,lowp,outp,seed,mode,qt_frac,train_ratio,out_root,model,R2,MAE,RMSE,MAPE(%)
273K,0.1,15,2025,lowq,0.6,0.5,./RUN_FULL_EXP,cat,0.9471662100737739,0.24153546640174814,0.13496874905334677,6.153417875807364
