{
  "R2": 0.9471662100737739,
  "MAE": 0.24153546640174814,
  "RMSE": 0.13496874905334677,
  "MAPE(%)": 6.153417875807364
}