{
  "R2": 0.9760014033079593,
  "MAE": 0.10781049947711803,
  "RMSE": 0.026140781801682007,
  "MAPE(%)": 4.522112263120419
}