temp,lowp,outp,seed,mode,qt_frac,train_ratio,out_root,model,R2,MAE,RMSE,MAPE(%)
313K,0.5,15,2029,lowq,0.2,0.5,./RUN_FULL_EXP,cat,0.9760014033079593,0.10781049947711803,0.026140781801682007,4.522112263120419
