{
  "R2": 0.9801110370213411,
  "MAE": 0.03208175988787664,
  "RMSE": 0.0021465498301153447,
  "MAPE(%)": 2.859569403039413
}