temp,lowp,outp,seed,mode,qt_frac,train_ratio,out_root,model,R2,MAE,RMSE,MAPE(%)
313K,0.1,5,2029,lowq,0.8,0.5,./RUN_FULL_EXP,cat,0.9801110370213411,0.03208175988787664,0.0021465498301153447,2.859569403039413
