Feature,Importance
0.1,88.33767483896409
AV_cm3_g,1.731272038268075
cm3_g,1.5397786785868663
ASA_m2_cm3,1.4263520762653379
Has_OMS,1.1940896523383646
PLD,1.188867161309969
LFPD,1.084111918427371
AV_VF,1.0041084668792741
LCD,0.7261297145395785
ASA_m2_g,0.6906449618070025
NASA_m2_cm3,0.5699804849154962
NASA_m2_g,0.41819918155946123
NAV_cm3_g,0.08879082613910684
