temp,lowp,outp,seed,mode,qt_frac,train_ratio,out_root,model,R2,MAE,RMSE,MAPE(%)
313K,0.1,1,2028,lowq,0.4,0.5,./RUN_FULL_EXP,cat,0.9959481002962441,0.004597481790877357,4.572258722398896e-05,1.8122108885902162
