{
  "R2": 0.9959481002962441,
  "MAE": 0.004597481790877357,
  "RMSE": 4.572258722398896e-05,
  "MAPE(%)": 1.8122108885902162
}