{
  "R2": 0.9620843429493146,
  "MAE": 0.17816111186197325,
  "RMSE": 0.0677583082741907,
  "MAPE(%)": 6.168665647598223
}