Feature,Importance
0.1,64.83615301042425
ASA_m2_g,11.095414549797251
ASA_m2_cm3,5.250294832977963
AV_VF,3.939207556741178
AV_cm3_g,3.778771523006001
cm3_g,2.8993144924326884
LCD,2.3808883068383873
PLD,1.7885357315363863
LFPD,1.3232267941053064
Has_OMS,1.1535772801376636
NASA_m2_g,0.7802890966308336
NASA_m2_cm3,0.6977361126592422
NAV_cm3_g,0.0765907127128702
