temp,lowp,outp,seed,mode,qt_frac,train_ratio,out_root,model,R2,MAE,RMSE,MAPE(%)
313K,0.1,15,2026,lowq,0.55,0.5,./RUN_FULL_EXP,cat,0.9709863902216743,0.11120418360617375,0.02559414610117954,4.499302358427239
