{
  "R2": 0.9709863902216743,
  "MAE": 0.11120418360617375,
  "RMSE": 0.02559414610117954,
  "MAPE(%)": 4.499302358427239
}