Feature,Importance
0.01,57.58409583820656
ASA_m2_g,9.237125426313312
ASA_m2_cm3,6.330003336069283
AV_cm3_g,5.680538043417949
AV_VF,4.752480602583392
cm3_g,4.30614810219295
LCD,2.7699581902111454
PLD,2.6519169422241493
LFPD,2.486168666093294
Has_OMS,1.8806384891008494
NASA_m2_cm3,1.2757005073730083
NASA_m2_g,0.8113781889918968
NAV_cm3_g,0.2338476672222223
