{
  "R2": 0.9483863342416882,
  "MAE": 0.20291653524652783,
  "RMSE": 0.09582707751688192,
  "MAPE(%)": 7.2087164340011185
}