Feature,Importance
0.01,82.8304966219234
AV_VF,2.2040550775924777
ASA_m2_cm3,2.159689904785558
PLD,1.9751812542197316
AV_cm3_g,1.949486057821854
ASA_m2_g,1.897979934868326
cm3_g,1.715406290601832
Has_OMS,1.5497312624300497
LCD,1.388768878412035
LFPD,1.3555867067220926
NASA_m2_cm3,0.6002952728310237
NASA_m2_g,0.3444527322830045
NAV_cm3_g,0.028870005508624536
