temp,lowp,outp,seed,mode,qt_frac,train_ratio,out_root,model,R2,MAE,RMSE,MAPE(%)
273K,0.01,1,2028,struct_with_input,0.75,0.75,./RUN_FULL_EXP,cat,0.9850384033636197,0.015031735467330935,0.0005608409349693224,2.786040598232501
