{
  "R2": 0.9850384033636197,
  "MAE": 0.015031735467330935,
  "RMSE": 0.0005608409349693224,
  "MAPE(%)": 2.786040598232501
}