temp,lowp,outp,seed,mode,qt_frac,train_ratio,out_root,model,R2,MAE,RMSE,MAPE(%)
313K,0.01,15,2025,lowq,0.3,0.5,./RUN_FULL_EXP,cat,0.9704557603801414,0.12004444506987587,0.030372718571967237,5.020707179747662
