{
  "R2": 0.9704557603801414,
  "MAE": 0.12004444506987587,
  "RMSE": 0.030372718571967237,
  "MAPE(%)": 5.020707179747662
}