temp,lowp,outp,seed,mode,qt_frac,train_ratio,out_root,model,R2,MAE,RMSE,MAPE(%)
273K,0.5,1,2029,lowq,0.15,0.5,./RUN_FULL_EXP,cat,0.9954770357572821,0.011125621559012292,0.0004866121356993707,2.090784374003979
