{
  "R2": 0.9954770357572821,
  "MAE": 0.011125621559012292,
  "RMSE": 0.0004866121356993707,
  "MAPE(%)": 2.090784374003979
}