{
  "R2": 0.9830495041310108,
  "MAE": 0.019633902726752715,
  "RMSE": 0.0011716758723036053,
  "MAPE(%)": 3.6951139333738845
}