Feature,Importance
0.01,83.60627053344331
cm3_g,2.398804884859498
AV_cm3_g,2.139253587606036
Has_OMS,1.9301618562729792
AV_VF,1.8079536359482073
LFPD,1.5114173191142017
PLD,1.5043990628251682
ASA_m2_cm3,1.3890125874097048
LCD,1.2063167123931071
ASA_m2_g,1.0553371041322515
NASA_m2_cm3,0.7217972872208652
NASA_m2_g,0.6349515180951576
NAV_cm3_g,0.09432391067951293
