{
  "R2": 0.9912738406240494,
  "MAE": 0.010735380997696395,
  "RMSE": 0.00032451545752818205,
  "MAPE(%)": 3.0098019849058923
}