Feature,Importance
0.1,67.0218786941496
ASA_m2_cm3,6.481838550892626
AV_VF,5.988410276612372
ASA_m2_g,5.154801771040293
AV_cm3_g,3.135919363886327
PLD,2.523061018147082
Has_OMS,2.192091915709145
LFPD,2.1739998757589
LCD,2.022796742695521
cm3_g,1.8985568603418315
NASA_m2_cm3,0.7766281623489537
NASA_m2_g,0.5211801513913665
NAV_cm3_g,0.10883661702597543
