{
  "R2": 0.9547105560806152,
  "MAE": 0.09777593952016414,
  "RMSE": 0.023067057560249668,
  "MAPE(%)": 4.909141770576842
}