Feature,Importance
0.01,80.79662435786062
ASA_m2_cm3,2.542295957735888
AV_cm3_g,2.19617156705086
LCD,2.0656501304775525
AV_VF,2.0516037128971707
PLD,1.8365074645506367
Has_OMS,1.7754006916164367
cm3_g,1.6742325108292768
ASA_m2_g,1.540005183384986
LFPD,1.5398848762064123
NASA_m2_g,0.9610673021014111
NASA_m2_cm3,0.9119505171828456
NAV_cm3_g,0.1086057281059071
