{
  "R2": 0.49332329556871357,
  "MAE": 0.34409220236590266,
  "RMSE": 0.24816754713180267,
  "MAPE(%)": 33.20880740452732
}