temp,lowp,outp,seed,mode,qt_frac,train_ratio,out_root,model,R2,MAE,RMSE,MAPE(%)
293K,0.01,1,2028,lowq,0.1,0.5,./RUN_FULL_EXP,cat,0.9661192285681954,0.013107271626469894,0.0019438937068115396,3.1840294027966705
