{
  "R2": 0.9661192285681954,
  "MAE": 0.013107271626469894,
  "RMSE": 0.0019438937068115396,
  "MAPE(%)": 3.1840294027966705
}