{
  "R2": 0.9767931879652203,
  "MAE": 0.02084151587627003,
  "RMSE": 0.0031756500901137306,
  "MAPE(%)": 3.5400141927056517
}