temp,lowp,outp,seed,mode,qt_frac,train_ratio,out_root,model,R2,MAE,RMSE,MAPE(%)
273K,0.05,1,2028,lowq,0.05,0.5,./RUN_FULL_EXP,cat,0.9767931879652203,0.02084151587627003,0.0031756500901137306,3.5400141927056517
