{
  "R2": 0.9969465386668356,
  "MAE": 0.0034604217870279324,
  "RMSE": 2.2642350977949985e-05,
  "MAPE(%)": 1.307540450751035
}