temp,lowp,outp,seed,mode,qt_frac,train_ratio,out_root,model,R2,MAE,RMSE,MAPE(%)
313K,0.5,1,2025,lowq,0.7,0.5,./RUN_FULL_EXP,cat,0.9969465386668356,0.0034604217870279324,2.2642350977949985e-05,1.307540450751035
