Feature,Importance
0.01,82.4825432984444
AV_VF,2.554546677894019
ASA_m2_g,1.935554509222561
PLD,1.8630939330879164
cm3_g,1.7521494958426755
Has_OMS,1.7402712728800596
AV_cm3_g,1.7372201036920607
ASA_m2_cm3,1.7146540096890688
LCD,1.5594124001628633
LFPD,1.4121862496038446
NASA_m2_cm3,0.7114091626419868
NASA_m2_g,0.4539496858549859
NAV_cm3_g,0.08300920098358153
