{
  "R2": 0.9837445624008966,
  "MAE": 0.016347127299367027,
  "RMSE": 0.0007364631154397507,
  "MAPE(%)": 3.0762140014884602
}