{
  "R2": 0.9819498792227845,
  "MAE": 0.033961295919950805,
  "RMSE": 0.002744987476853481,
  "MAPE(%)": 3.047740799016808
}