temp,lowp,outp,seed,mode,qt_frac,train_ratio,out_root,model,R2,MAE,RMSE,MAPE(%)
313K,0.1,5,2026,lowq,0.5,0.5,./RUN_FULL_EXP,cat,0.9819498792227845,0.033961295919950805,0.002744987476853481,3.047740799016808
