{
  "R2": 0.958393415034359,
  "MAE": 0.1596341679542374,
  "RMSE": 0.06001278687803142,
  "MAPE(%)": 5.147993692487702
}