{
  "R2": 0.6030597500351611,
  "MAE": 0.6321748662525379,
  "RMSE": 0.7576561649783284,
  "MAPE(%)": 28.64792788127145
}