Feature,Importance
0.01,69.88295973174182
ASA_m2_cm3,6.021887810372457
ASA_m2_g,5.184341856968749
AV_VF,3.7692422498613443
cm3_g,3.342677113976077
PLD,2.334346064630357
LFPD,2.309251824959486
AV_cm3_g,2.277166258377935
LCD,2.137602465170963
Has_OMS,1.4752040882597117
NASA_m2_cm3,0.8124718874926532
NASA_m2_g,0.4176967175655609
NAV_cm3_g,0.03515193062288649
