{
  "R2": 0.960994137170321,
  "MAE": 0.07411000682125335,
  "RMSE": 0.019520447362492446,
  "MAPE(%)": 5.389480864273151
}