{
  "R2": 0.9581049280813652,
  "MAE": 0.22811382996234705,
  "RMSE": 0.11425739849855572,
  "MAPE(%)": 6.161333283804662
}