temp,lowp,outp,seed,mode,qt_frac,train_ratio,out_root,model,R2,MAE,RMSE,MAPE(%)
273K,0.5,15,2028,lowq,0.3,0.5,./RUN_FULL_EXP,cat,0.9581049280813652,0.22811382996234705,0.11425739849855572,6.161333283804662
