Feature,Importance
0.01,70.43002720101703
ASA_m2_g,5.73430528404273
ASA_m2_cm3,4.59818628641947
cm3_g,3.085132301161677
AV_cm3_g,3.020266798799805
Has_OMS,2.83555662820364
AV_VF,2.7609221439055247
PLD,2.076952935001383
LFPD,2.017494776184166
LCD,1.577796949848191
NASA_m2_cm3,0.8068208591863936
NASA_m2_g,0.7994802075188846
NAV_cm3_g,0.25705762871112814
