{
  "R2": 0.9522164238501901,
  "MAE": 0.08400241127049762,
  "RMSE": 0.02364358901550436,
  "MAPE(%)": 6.91253968625438
}