{
  "R2": 0.9594455597318992,
  "MAE": 0.09806541179091645,
  "RMSE": 0.022029836444127263,
  "MAPE(%)": 4.963983297921386
}