{
  "R2": 0.9912741278776988,
  "MAE": 0.03458050658708872,
  "RMSE": 0.0028353314635344807,
  "MAPE(%)": 2.7750228031699837
}