Feature,Importance
0.01,65.71526809300198
ASA_m2_cm3,6.9593384293722
ASA_m2_g,5.334587264033747
AV_VF,4.570064432621859
AV_cm3_g,3.5697512826812154
PLD,2.863405148255043
LCD,2.7113472610183282
cm3_g,2.6175288888240424
Has_OMS,2.3657568669089355
LFPD,1.9043860162101582
NASA_m2_cm3,0.7232094744598901
NASA_m2_g,0.5226150661016591
NAV_cm3_g,0.1427417765109399
