{
  "R2": 0.9560217982963892,
  "MAE": 0.10474934471365359,
  "RMSE": 0.025521091697740285,
  "MAPE(%)": 5.3927535609072486
}