{
  "R2": 0.9876657185810566,
  "MAE": 0.015900848014571964,
  "RMSE": 0.0007729012035731366,
  "MAPE(%)": 3.0244629915506875
}