temp,lowp,outp,seed,mode,qt_frac,train_ratio,out_root,model,R2,MAE,RMSE,MAPE(%)
273K,0.01,1,2025,struct_with_input,0.38,0.75,./RUN_FULL_EXP,cat,0.986455836983084,0.016849101496270405,0.000820792389720623,3.0390995650006754
