{
  "R2": 0.986455836983084,
  "MAE": 0.016849101496270405,
  "RMSE": 0.000820792389720623,
  "MAPE(%)": 3.0390995650006754
}