{
  "R2": 0.9483512711946098,
  "MAE": 0.19690344821776773,
  "RMSE": 0.09121627802159202,
  "MAPE(%)": 6.714837898476064
}