{
  "R2": 0.37469743194956595,
  "MAE": 0.18639967769326715,
  "RMSE": 0.10536808107072274,
  "MAPE(%)": 48.16979944400928
}