Feature,Importance
0.05,85.07170867121076
ASA_m2_cm3,2.0521715505461384
AV_VF,1.9198011562140052
AV_cm3_g,1.8127308480362314
PLD,1.5328353277747406
ASA_m2_g,1.4000805326146435
Has_OMS,1.3511589154279469
cm3_g,1.2928967189681941
LCD,1.246986866764904
LFPD,0.9983210549417023
NASA_m2_cm3,0.5932578299341988
NASA_m2_g,0.5613778151611437
NAV_cm3_g,0.16667271240539316
