temp,lowp,outp,seed,mode,qt_frac,train_ratio,out_root,model,R2,MAE,RMSE,MAPE(%)
273K,0.05,1,2026,lowq,0.6,0.5,./RUN_FULL_EXP,cat,0.9863144600932475,0.01476946468735287,0.0006151889252390818,2.7138890242629303
