{
  "R2": 0.9863144600932475,
  "MAE": 0.01476946468735287,
  "RMSE": 0.0006151889252390818,
  "MAPE(%)": 2.7138890242629303
}