{
  "R2": 0.9936707248724108,
  "MAE": 0.004960397858204705,
  "RMSE": 6.176597076555352e-05,
  "MAPE(%)": 1.9124121824344709
}