temp,lowp,outp,seed,mode,qt_frac,train_ratio,out_root,model,R2,MAE,RMSE,MAPE(%)
313K,0.05,1,2028,lowq,0.5,0.5,./RUN_FULL_EXP,cat,0.9936707248724108,0.004960397858204705,6.176597076555352e-05,1.9124121824344709
