Feature,Importance
0.01,81.8245570311416
AV_VF,2.5373881811013774
ASA_m2_cm3,2.448307143080156
PLD,1.9787320191480182
AV_cm3_g,1.86754932410512
cm3_g,1.8344954572689596
ASA_m2_g,1.6112328767091117
LFPD,1.4900182757893683
LCD,1.4565277061703956
Has_OMS,1.3400728168244989
NASA_m2_g,0.8755596373194992
NASA_m2_cm3,0.6001612958180095
NAV_cm3_g,0.13539823552388366
