{
  "R2": 0.9872998049468898,
  "MAE": 0.018195140397323725,
  "RMSE": 0.0009532354842966229,
  "MAPE(%)": 3.4036337952391778
}