temp,lowp,outp,seed,mode,qt_frac,train_ratio,out_root,model,R2,MAE,RMSE,MAPE(%)
273K,0.01,1,2026,lowq,0.25,0.5,./RUN_FULL_EXP,cat,0.9872998049468898,0.018195140397323725,0.0009532354842966229,3.4036337952391778
