Feature,Importance
0.01,82.9158108637869
AV_VF,2.5256190101372287
ASA_m2_cm3,2.2306072056498647
AV_cm3_g,1.948787358396889
PLD,1.732710678414197
LCD,1.5738133435443953
cm3_g,1.5126302540941008
Has_OMS,1.4832577179590305
ASA_m2_g,1.4711018609713498
LFPD,1.4199926682475357
NASA_m2_g,0.5794423490604446
NASA_m2_cm3,0.5767157737101145
NAV_cm3_g,0.02951091602795248
