{
  "R2": 0.9847085464858922,
  "MAE": 0.015587194386256588,
  "RMSE": 0.0005763990437993563,
  "MAPE(%)": 2.9428775048239433
}