{
  "R2": 0.9680451462262941,
  "MAE": 0.05462284987681587,
  "RMSE": 0.007609404742513203,
  "MAPE(%)": 3.6578877686868774
}