Feature,Importance
0.01,82.82294902176994
ASA_m2_g,2.310072479488642
ASA_m2_cm3,2.1934925804491714
LCD,2.0157506899781232
AV_VF,2.0048696086012283
AV_cm3_g,1.9028928881469789
LFPD,1.7592612732184625
Has_OMS,1.5707338768989074
PLD,1.4990553211545503
cm3_g,0.9538048654793536
NASA_m2_cm3,0.564530759360489
NASA_m2_g,0.37239246636260587
NAV_cm3_g,0.030194169091531907
