{
  "R2": 0.9497465368089425,
  "MAE": 0.025599413862592582,
  "RMSE": 0.008463211501521543,
  "MAPE(%)": 3.9864786709954108
}