temp,lowp,outp,seed,mode,qt_frac,train_ratio,out_root,model,R2,MAE,RMSE,MAPE(%)
293K,0.1,5,2026,lowq,0.4,0.5,./RUN_FULL_EXP,cat,0.9729250139176967,0.058380401930148706,0.008488010291465642,4.048174993349807
