{
  "R2": 0.9729250139176967,
  "MAE": 0.058380401930148706,
  "RMSE": 0.008488010291465642,
  "MAPE(%)": 4.048174993349807
}