{
  "R2": 0.9563200275447482,
  "MAE": 0.09017842297830458,
  "RMSE": 0.017702890295234072,
  "MAPE(%)": 4.394795766637424
}