Feature,Importance
0.05,50.08744516065281
ASA_m2_g,15.344577639128376
ASA_m2_cm3,7.042784357318148
AV_cm3_g,6.209239550826943
cm3_g,5.3066516500331415
AV_VF,4.191973846448472
PLD,3.0132843267585736
LFPD,2.6445798922622656
LCD,2.575938233271187
Has_OMS,1.7049269801363731
NASA_m2_cm3,1.1450774900352638
NASA_m2_g,0.5945760188966834
NAV_cm3_g,0.13894485423174688
