{
  "R2": 0.9531133918894634,
  "MAE": 0.2385040229685371,
  "RMSE": 0.13387608107959734,
  "MAPE(%)": 6.561521905343275
}