{
  "R2": 0.2889464713344635,
  "MAE": 0.13380967060794882,
  "RMSE": 0.049816875730501343,
  "MAPE(%)": 53.74565555456756
}