Feature,Importance
0.01,82.89034755150864
ASA_m2_cm3,2.409648306907697
AV_VF,2.3864067416531847
PLD,1.9539779661626753
ASA_m2_g,1.7964146091061275
LFPD,1.704129813563324
AV_cm3_g,1.645851442730321
LCD,1.4832772474853313
Has_OMS,1.4217708120346892
cm3_g,1.1354975986275317
NASA_m2_cm3,0.730066521230764
NASA_m2_g,0.40585654628969403
NAV_cm3_g,0.03675484270002277
