{
  "R2": 0.9817670423104203,
  "MAE": 0.016051877163054284,
  "RMSE": 0.0006306083719275554,
  "MAPE(%)": 2.989954530893611
}