temp,lowp,outp,seed,mode,qt_frac,train_ratio,out_root,model,R2,MAE,RMSE,MAPE(%)
273K,0.01,1,2026,struct,0.0,0.8,./RUN_FULL_EXP,cat,0.4024383605009474,0.17672810554912685,0.09263175515651909,49.25946985362839
