{
  "R2": 0.4024383605009474,
  "MAE": 0.17672810554912685,
  "RMSE": 0.09263175515651909,
  "MAPE(%)": 49.25946985362839
}