Feature,Importance
0.05,79.53101007600432
AV_VF,3.5728206242383793
ASA_m2_g,3.1689785672507282
AV_cm3_g,2.8653472908465742
ASA_m2_cm3,2.5724679850412886
cm3_g,1.924460668633738
PLD,1.4934951946436203
LCD,1.2874414716227334
Has_OMS,1.228474560345658
LFPD,1.144959389885156
NASA_m2_cm3,0.5985874751305478
NASA_m2_g,0.5262230791555895
NAV_cm3_g,0.08573361720166646
