{
  "R2": 0.9764319315622766,
  "MAE": 0.03750009706926451,
  "RMSE": 0.005465697488378909,
  "MAPE(%)": 3.4691534780939315
}