Feature,Importance
0.1,54.96863477275213
ASA_m2_g,13.211815724991974
ASA_m2_cm3,7.0205029501804095
AV_cm3_g,6.132075766283126
AV_VF,5.920422428141611
cm3_g,3.5496018306868167
PLD,2.392236868352262
LCD,2.219508125457664
LFPD,1.6953805471201526
Has_OMS,1.130323290549388
NASA_m2_cm3,0.825464750848555
NASA_m2_g,0.8252204423033618
NAV_cm3_g,0.10881250233252045
