{
  "R2": 0.9599490745317423,
  "MAE": 0.16436320399331059,
  "RMSE": 0.07425186865654558,
  "MAPE(%)": 5.597318790608076
}