{
  "R2": 0.9631922860048584,
  "MAE": 0.09928436965902157,
  "RMSE": 0.023205860466777778,
  "MAPE(%)": 5.074409562520776
}