Feature,Importance
0.01,88.23949717932915
cm3_g,2.197699033528318
AV_cm3_g,1.432479067168679
ASA_m2_cm3,1.3377065396280947
Has_OMS,1.1690588611526977
PLD,1.0945713623616984
ASA_m2_g,1.0771782108209766
AV_VF,1.0060157043492877
LCD,0.9270362339602769
LFPD,0.7045098499415449
NASA_m2_g,0.4032225838385668
NASA_m2_cm3,0.3177765004886954
NAV_cm3_g,0.09324887343200602
