{
  "R2": 0.9810340423584056,
  "MAE": 0.012457418492697887,
  "RMSE": 0.001293188325574179,
  "MAPE(%)": 3.5450945124628044
}