Feature,Importance
0.1,73.18080364518543
AV_VF,5.034106909362352
ASA_m2_g,4.672786753487447
ASA_m2_cm3,3.9727382731789627
AV_cm3_g,3.395733179926808
PLD,1.9873917169224928
LCD,1.7031784887193229
Has_OMS,1.6164555364872797
LFPD,1.5371641208416467
cm3_g,1.5006121718886491
NASA_m2_g,0.7197970756095456
NASA_m2_cm3,0.6311173722141588
NAV_cm3_g,0.04811475617589897
