{
  "R2": 0.9686459045743928,
  "MAE": 0.05553973131129337,
  "RMSE": 0.007257659151685283,
  "MAPE(%)": 3.7609257599324515
}