temp,lowp,outp,seed,mode,qt_frac,train_ratio,out_root,model,R2,MAE,RMSE,MAPE(%)
293K,0.1,5,2028,lowq,0.7,0.5,./RUN_FULL_EXP,cat,0.9686459045743928,0.05553973131129337,0.007257659151685283,3.7609257599324515
