{
  "R2": 0.9785386814237869,
  "MAE": 0.01037583581953687,
  "RMSE": 0.0010972766834208235,
  "MAPE(%)": 2.507340407707758
}