temp,lowp,outp,seed,mode,qt_frac,train_ratio,out_root,model,R2,MAE,RMSE,MAPE(%)
293K,0.05,1,2027,lowq,0.1,0.5,./RUN_FULL_EXP,cat,0.9785386814237869,0.01037583581953687,0.0010972766834208235,2.507340407707758
