Feature,Importance
0.01,71.72385682435062
ASA_m2_g,4.803572740783587
ASA_m2_cm3,4.799734235564853
AV_VF,4.3514840512651745
AV_cm3_g,3.0950409178491194
PLD,2.08423407121684
LCD,1.9202466804022749
Has_OMS,1.8963451990752966
cm3_g,1.807950233196042
LFPD,1.7535703072909112
NASA_m2_cm3,0.8581734178857784
NASA_m2_g,0.8150559502965186
NAV_cm3_g,0.0907353708230009
