temp,lowp,outp,seed,mode,qt_frac,train_ratio,out_root,model,R2,MAE,RMSE,MAPE(%)
293K,0.01,5,2028,lowq,0.45,0.5,./RUN_FULL_EXP,cat,0.9685139108810046,0.06393192818695122,0.009617201945259448,4.474084120961681
