{
  "R2": 0.9685139108810046,
  "MAE": 0.06393192818695122,
  "RMSE": 0.009617201945259448,
  "MAPE(%)": 4.474084120961681
}