temp,lowp,outp,seed,mode,qt_frac,train_ratio,out_root,model,R2,MAE,RMSE,MAPE(%)
313K,0.05,1,2025,lowq,0.05,0.5,./RUN_FULL_EXP,cat,0.9863731666253633,0.006533895047843645,0.0004220920403320256,2.383664740508344
