{
  "R2": 0.9863731666253633,
  "MAE": 0.006533895047843645,
  "RMSE": 0.0004220920403320256,
  "MAPE(%)": 2.383664740508344
}