{
  "R2": 0.9616187913379682,
  "MAE": 0.1796109611960042,
  "RMSE": 0.07243776211246583,
  "MAPE(%)": 6.468671965582152
}