Feature,Importance
HENRY,59.43493880982314
ASA_m2_g,12.016960466294059
ASA_m2_cm3,5.645123494709135
AV_cm3_g,5.337815488613837
AV_VF,5.161657451404847
cm3_g,3.4132205058628102
LCD,2.317177864892489
PLD,1.8674735800135303
LFPD,1.7387467926436133
Has_OMS,1.6121366943328124
NASA_m2_cm3,0.9203963682266709
NASA_m2_g,0.4427966832242249
NAV_cm3_g,0.09155579995882285
