{
  "R2": 0.9738054828868349,
  "MAE": 0.10852447717534205,
  "RMSE": 0.026840392366800723,
  "MAPE(%)": 4.53148704670079
}