{
  "R2": 0.9674869734634688,
  "MAE": 0.06759747460112724,
  "RMSE": 0.01145315155238977,
  "MAPE(%)": 4.7188023179802645
}