{
  "R2": 0.9938409421554257,
  "MAE": 0.029482152348810162,
  "RMSE": 0.002141476742712146,
  "MAPE(%)": 2.446897534931559
}