Feature,Importance
HENRY,49.422232064102516
ASA_m2_g,13.484958549374994
AV_cm3_g,8.5494947104533
ASA_m2_cm3,7.663426137583266
AV_VF,6.055749993019595
PLD,3.2930719585372428
cm3_g,3.1041896386299794
LFPD,2.5315414208502744
LCD,2.4400868379795244
Has_OMS,1.6057953594085526
NASA_m2_cm3,0.9192817949838767
NASA_m2_g,0.7929048111579234
NAV_cm3_g,0.13726672391895864
