{
  "R2": 0.951564533734201,
  "MAE": 0.24176530117901177,
  "RMSE": 0.13292702356252975,
  "MAPE(%)": 6.528710383873086
}