Feature,Importance
HENRY,82.7397833612154
cm3_g,3.2180866504859105
Has_OMS,2.8495508247121326
ASA_m2_g,2.061494789127194
LFPD,1.6144170798380897
PLD,1.322569324689553
AV_cm3_g,1.2873232837777708
AV_VF,1.1567933620555206
LCD,1.064690881675621
ASA_m2_cm3,1.063016967843003
NASA_m2_cm3,0.9238368582863322
NASA_m2_g,0.6643496291702292
NAV_cm3_g,0.034086987123259416
