{
  "R2": 0.9805321546442319,
  "MAE": 0.011407260751906833,
  "RMSE": 0.0012414311384380057,
  "MAPE(%)": 2.6324040023284563
}