temp,lowp,outp,seed,mode,qt_frac,train_ratio,out_root,model,R2,MAE,RMSE,MAPE(%)
293K,HENRY,1,2027,lowq,0.05,0.5,./RUN_FULL_EXP,cat,0.9805321546442319,0.011407260751906833,0.0012414311384380057,2.6324040023284563
