Feature,Importance
0.01,79.97543082681177
ASA_m2_g,3.349352170018192
ASA_m2_cm3,2.666785484365344
Has_OMS,2.554409446198868
AV_VF,2.2423796973119434
LCD,1.7373384180171545
cm3_g,1.6979295832359942
PLD,1.5992151215084252
LFPD,1.3061492825196652
AV_cm3_g,1.2106847944557906
NASA_m2_g,0.8486315614363347
NASA_m2_cm3,0.7276974304596054
NAV_cm3_g,0.08399618366090603
