{
  "R2": 0.9868552436340583,
  "MAE": 0.017150071749085453,
  "RMSE": 0.0009138243935088364,
  "MAPE(%)": 3.208551473431091
}