{
  "R2": 0.9879869368178356,
  "MAE": 0.01690616801515641,
  "RMSE": 0.0008474584814865684,
  "MAPE(%)": 3.1263220157432063
}