temp,lowp,outp,seed,mode,qt_frac,train_ratio,out_root,model,R2,MAE,RMSE,MAPE(%)
273K,0.01,1,2027,struct_with_input,0.33,0.65,./RUN_FULL_EXP,cat,0.9879869368178356,0.01690616801515641,0.0008474584814865684,3.1263220157432063
