{
  "R2": 0.9772386895635644,
  "MAE": 0.03757034635829958,
  "RMSE": 0.006391546418911864,
  "MAPE(%)": 3.60891188223976
}