{
  "R2": 0.9907087009525776,
  "MAE": 0.010095276178421486,
  "RMSE": 0.0002336916238907579,
  "MAPE(%)": 2.839265040867606
}