Feature,Importance
0.1,79.06692333241875
ASA_m2_g,5.578219944446945
ASA_m2_cm3,2.4975396217467307
AV_VF,2.4513614075412202
AV_cm3_g,2.22168817926265
cm3_g,1.6749727250685593
LCD,1.5390268273006873
PLD,1.3492667690227105
Has_OMS,1.1574611380148887
LFPD,1.0607796432198844
NASA_m2_cm3,0.7071554880638599
NASA_m2_g,0.6464071552594343
NAV_cm3_g,0.04919776863370011
