{
  "R2": 0.9808826266958277,
  "MAE": 0.032816083830566146,
  "RMSE": 0.0023282577500378914,
  "MAPE(%)": 2.946645035367724
}