Feature,Importance
0.01,69.91420699955633
AV_VF,4.933668226087578
ASA_m2_cm3,4.889151910338825
ASA_m2_g,4.159557469437603
AV_cm3_g,3.873381768816847
cm3_g,2.333621280269185
Has_OMS,2.2238341823317334
LFPD,2.0386845350991503
PLD,1.9876125202938004
LCD,1.822064226840107
NASA_m2_g,0.8504610734184017
NASA_m2_cm3,0.8323930860758152
NAV_cm3_g,0.14136272143461145
