{
  "R2": 0.9675451347950385,
  "MAE": 0.0719481893299618,
  "RMSE": 0.013868493278978449,
  "MAPE(%)": 5.069342692633274
}