{
  "R2": 0.9584993545067279,
  "MAE": 0.026727979709636432,
  "RMSE": 0.006293960904066709,
  "MAPE(%)": 5.206804139268086
}