temp,lowp,outp,seed,mode,qt_frac,train_ratio,out_root,model,R2,MAE,RMSE,MAPE(%)
273K,0.01,1,2026,struct_with_input,0.0,0.25,./RUN_FULL_EXP,cat,0.9584993545067279,0.026727979709636432,0.006293960904066709,5.206804139268086
