{
  "R2": 0.9362474992795717,
  "MAE": 0.030390169845300612,
  "RMSE": 0.010707441957356739,
  "MAPE(%)": 5.176612295450845
}