temp,lowp,outp,seed,mode,qt_frac,train_ratio,out_root,model,R2,MAE,RMSE,MAPE(%)
313K,0.1,1,2026,lowq,0.8,0.5,./RUN_FULL_EXP,cat,0.9941070614760288,0.004337116766667365,3.852496260689944e-05,1.649706015480416
