{
  "R2": 0.9941070614760288,
  "MAE": 0.004337116766667365,
  "RMSE": 3.852496260689944e-05,
  "MAPE(%)": 1.649706015480416
}