temp,lowp,outp,seed,mode,qt_frac,train_ratio,out_root,model,R2,MAE,RMSE,MAPE(%)
293K,0.1,15,2026,lowq,0.1,0.5,./RUN_FULL_EXP,cat,0.9602329183985094,0.1688055616536568,0.0718930502753378,5.793690897785855
