{
  "R2": 0.9602329183985094,
  "MAE": 0.1688055616536568,
  "RMSE": 0.0718930502753378,
  "MAPE(%)": 5.793690897785855
}