Feature,Importance
0.5,53.72923610927892
ASA_m2_g,14.6301729416718
AV_cm3_g,6.02876669541917
AV_VF,5.61038752080299
ASA_m2_cm3,5.556911351667061
cm3_g,4.269028929056042
LCD,2.489435790498966
LFPD,2.4878867018019326
PLD,2.386896912425661
Has_OMS,1.0953730343419354
NASA_m2_cm3,0.8992906719536383
NASA_m2_g,0.7126072593061833
NAV_cm3_g,0.1040060817756787
