iter,n_labeled,n_unlabeled,unc_mean,unc_std,sel_unc_mean,unc_zscore,r2,mae,rmse
0,101,7062,0.014235131,0.0069211377,0.058418527,6.383825028167299,0.8854288914053989,0.2155174,0.37537017
1,131,7032,0.015013075,0.0038039063,0.030421058,4.050557692091503,0.8822233391214891,0.22182855,0.37727502
