{
  "R2": 0.9587287806430702,
  "MAE": 0.16600024191671253,
  "RMSE": 0.07101335513090724,
  "MAPE(%)": 5.470216757970796
}