temp,lowp,outp,seed,mode,qt_frac,train_ratio,out_root,model,R2,MAE,RMSE,MAPE(%)
293K,HENRY,15,2029,lowq,0.25,0.5,./RUN_FULL_EXP,cat,0.9587287806430702,0.16600024191671253,0.07101335513090724,5.470216757970796
