{
  "R2": 0.9726771480036601,
  "MAE": 0.10810171060809101,
  "RMSE": 0.025125522476248534,
  "MAPE(%)": 4.403001532713899
}