Feature,Importance
0.01,84.42850026154964
cm3_g,2.1363880525064305
ASA_m2_g,1.8497709980683334
LFPD,1.7213931871624926
ASA_m2_cm3,1.5712071199470221
AV_VF,1.52628160746748
Has_OMS,1.3850737464735714
AV_cm3_g,1.377195018478665
PLD,1.2177491366498636
LCD,1.1570763899944403
NASA_m2_cm3,0.8704076225121022
NASA_m2_g,0.7281504909462745
NAV_cm3_g,0.030806368243681794
