{
  "R2": 0.9916732810902946,
  "MAE": 0.009693440558437993,
  "RMSE": 0.00022422433507185449,
  "MAPE(%)": 2.7127109042124293
}