{
  "R2": 0.9683113592925385,
  "MAE": 0.011399418785574456,
  "RMSE": 0.002068433168142755,
  "MAPE(%)": 2.9429450678916234
}