Feature,Importance
0.5,92.81780867349944
AV_cm3_g,0.995495719135442
cm3_g,0.921324873343511
ASA_m2_cm3,0.7636505007278862
PLD,0.7193379882486782
LCD,0.6090977499270915
Has_OMS,0.5610951138744684
ASA_m2_g,0.5515871674084019
NASA_m2_g,0.5172762468080396
AV_VF,0.4923407630810736
LFPD,0.48732952533240365
NASA_m2_cm3,0.333968269208177
NAV_cm3_g,0.22968740940537916
