{
  "R2": 0.9952069732048455,
  "MAE": 0.010871281586068416,
  "RMSE": 0.00037218172637873355,
  "MAPE(%)": 1.9917275600553526
}