Feature,Importance
0.01,82.24671889168161
AV_cm3_g,2.5241011403634723
Has_OMS,2.322909762941012
LFPD,2.1476905603248255
LCD,1.946663295405776
ASA_m2_g,1.9238782366434406
cm3_g,1.7869704371411117
AV_VF,1.5539832566509695
PLD,1.2447488566112046
ASA_m2_cm3,1.0030642897026067
NASA_m2_cm3,0.6789875496357234
NASA_m2_g,0.5209934064054165
NAV_cm3_g,0.09929031649280728
