{
  "R2": 0.9910655705803838,
  "MAE": 0.01059990604791213,
  "RMSE": 0.0003215266302698035,
  "MAPE(%)": 3.033968157328822
}