Feature,Importance
0.5,79.89604734869542
ASA_m2_g,3.7777512139094473
AV_cm3_g,2.877131194781146
AV_VF,2.8066438189839817
ASA_m2_cm3,2.389195304432601
cm3_g,1.9962367437012787
Has_OMS,1.7227875852862045
LCD,1.2223356897011455
LFPD,1.2128731302365454
PLD,1.0581202483634238
NASA_m2_g,0.5806652702387116
NASA_m2_cm3,0.3422436808255771
NAV_cm3_g,0.11796877084453018
