{
  "R2": 0.9855655066249207,
  "MAE": 0.03028412817379684,
  "RMSE": 0.0021252822275635713,
  "MAPE(%)": 2.7821748491728573
}