Feature,Importance
0.01,71.99060468401852
ASA_m2_g,4.708878273256442
ASA_m2_cm3,4.493312617590239
AV_VF,3.674948158960011
AV_cm3_g,2.6080552953195433
cm3_g,2.5017104722850547
Has_OMS,2.3936078419079405
PLD,2.1778132749057355
LFPD,2.0032658278820246
LCD,1.338953410735252
NASA_m2_cm3,1.054426009317448
NASA_m2_g,1.014364591846102
NAV_cm3_g,0.04005954197568478
