{
  "R2": 0.9612511547272189,
  "MAE": 0.07784735085588225,
  "RMSE": 0.015937819303805494,
  "MAPE(%)": 5.504002830381074
}