{
  "R2": 0.9959431229512494,
  "MAE": 0.003937751906241275,
  "RMSE": 3.419910470224935e-05,
  "MAPE(%)": 1.5205273164980482
}