Feature,Importance
0.01,87.90961729369361
AV_cm3_g,1.6681686484158789
cm3_g,1.6597966920893408
LCD,1.5412431260436863
ASA_m2_cm3,1.3556029773743314
PLD,1.066260162538804
AV_VF,1.0454334533151053
ASA_m2_g,0.9970364660540119
LFPD,0.8655293192963739
Has_OMS,0.824594619789014
NASA_m2_cm3,0.4921487810632772
NASA_m2_g,0.43253474034543676
NAV_cm3_g,0.14203371998110306
