temp,lowp,outp,seed,mode,qt_frac,train_ratio,out_root,model,R2,MAE,RMSE,MAPE(%)
313K,0.01,1,2026,lowq,0.35,0.5,./RUN_FULL_EXP,cat,0.9902160121787138,0.007065741581760129,0.00011689475288794801,2.8772566473095287
