{
  "R2": 0.9902160121787138,
  "MAE": 0.007065741581760129,
  "RMSE": 0.00011689475288794801,
  "MAPE(%)": 2.8772566473095287
}