Feature,Importance
0.01,55.61753327268254
ASA_m2_g,11.741789672963918
AV_VF,6.744203668919699
ASA_m2_cm3,6.740478132977851
AV_cm3_g,6.119152730018034
cm3_g,2.7168204366803135
PLD,2.606607342770564
LCD,2.4610170807180425
LFPD,2.046745989217392
Has_OMS,1.439009930204848
NASA_m2_cm3,0.9834372970444875
NASA_m2_g,0.7109161673138458
NAV_cm3_g,0.0722882784884698
