temp,lowp,outp,seed,mode,qt_frac,train_ratio,out_root,model,R2,MAE,RMSE,MAPE(%)
293K,0.01,15,2028,lowq,0.15,0.5,./RUN_FULL_EXP,cat,0.9647308626553863,0.17059989618306,0.0625968682240944,5.759727825587168
