{
  "R2": 0.9647308626553863,
  "MAE": 0.17059989618306,
  "RMSE": 0.0625968682240944,
  "MAPE(%)": 5.759727825587168
}