Feature,Importance
HENRY,80.30960188124153
ASA_m2_cm3,2.269429687286981
ASA_m2_g,2.2093932237535863
AV_VF,2.1026869271669324
Has_OMS,2.0234597777217807
cm3_g,1.906586419781286
PLD,1.8861479998110402
LFPD,1.7958876443171135
LCD,1.7384869035382111
AV_cm3_g,1.6049106628460563
NASA_m2_cm3,1.2175277469016657
NASA_m2_g,0.8858329335718336
NAV_cm3_g,0.0500481920619804
