{
  "R2": 0.9884847632656582,
  "MAE": 0.01580447173143098,
  "RMSE": 0.0009337620423186399,
  "MAPE(%)": 2.8389054482727047
}