Feature,Importance
0.01,88.07951654091646
AV_VF,1.843190603374099
AV_cm3_g,1.615979361243917
PLD,1.3868278779442436
LCD,1.2683373098169253
ASA_m2_cm3,1.1691295930623347
cm3_g,1.0333718635589924
Has_OMS,0.82487942890182
LFPD,0.7910571944713425
ASA_m2_g,0.789529905343682
NASA_m2_cm3,0.6885244281727858
NASA_m2_g,0.4749036195198974
NAV_cm3_g,0.03475227367348737
