{
  "R2": 0.9705101237171705,
  "MAE": 0.014091665861464743,
  "RMSE": 0.002117343546329268,
  "MAPE(%)": 3.780931815641506
}