{
  "R2": 0.9517808697934744,
  "MAE": 0.10282004221129756,
  "RMSE": 0.025541119618378468,
  "MAPE(%)": 5.127798326071229
}