temp,lowp,outp,seed,mode,qt_frac,train_ratio,out_root,model,R2,MAE,RMSE,MAPE(%)
313K,0.01,5,2027,lowq,0.05,0.5,./RUN_FULL_EXP,cat,0.9723912634994265,0.044757908477727516,0.007441570839438385,4.243579138568089
