{
  "R2": 0.9723912634994265,
  "MAE": 0.044757908477727516,
  "RMSE": 0.007441570839438385,
  "MAPE(%)": 4.243579138568089
}