{
  "R2": 0.9705258489015641,
  "MAE": 0.10938873863316667,
  "RMSE": 0.03693961445877299,
  "MAPE(%)": 4.879926968529964
}