Feature,Importance
0.01,82.61645429538585
ASA_m2_g,2.094761411214758
AV_cm3_g,2.086043392361394
ASA_m2_cm3,1.9987877246994792
AV_VF,1.9971920944528032
LCD,1.924361992162215
cm3_g,1.6832338417177541
PLD,1.4645862566391783
LFPD,1.4350832436880945
Has_OMS,1.0905758079409937
NASA_m2_g,0.988254215884743
NASA_m2_cm3,0.5258205667871249
NAV_cm3_g,0.09484515706559953
