Feature,Importance
0.01,82.67389274643641
ASA_m2_cm3,4.108940962320121
AV_VF,2.0376665843247532
Has_OMS,1.8891007395496255
AV_cm3_g,1.5775593390767395
ASA_m2_g,1.474412693279241
PLD,1.4566146991306665
LCD,1.4037271435537455
cm3_g,1.1898608025667172
LFPD,1.1116397341103461
NASA_m2_cm3,0.5498568866322296
NASA_m2_g,0.4553768473626527
NAV_cm3_g,0.07135082165673526
