{
  "R2": 0.9857607511134088,
  "MAE": 0.015307042448571066,
  "RMSE": 0.0005263722402289096,
  "MAPE(%)": 2.847503028087934
}