{
  "R2": 0.9867057109448036,
  "MAE": 0.014930951619579368,
  "RMSE": 0.000463220398438036,
  "MAPE(%)": 2.7896781571505875
}