temp,lowp,outp,seed,mode,qt_frac,train_ratio,out_root,model,R2,MAE,RMSE,MAPE(%)
273K,0.01,1,2026,struct_with_input,0.8,0.8,./RUN_FULL_EXP,cat,0.9867057109448036,0.014930951619579368,0.000463220398438036,2.7896781571505875
