Feature,Importance
PLD,16.79106794213411
cm3_g,15.10166620122926
Has_OMS,15.036220295614104
ASA_m2_cm3,10.10513455268458
AV_VF,10.001264554019734
LCD,9.051875743232644
LFPD,7.884741517334535
ASA_m2_g,5.780759484828399
AV_cm3_g,5.7325777576331465
NASA_m2_g,2.1285475374026963
NASA_m2_cm3,2.071770093534603
NAV_cm3_g,0.3143743203521934
