{
  "R2": 0.3867591955238986,
  "MAE": 0.11926012502852593,
  "RMSE": 0.04465830063444899,
  "MAPE(%)": 43.26061172658524
}