{
  "R2": 0.9437345833123871,
  "MAE": 0.24815515461699378,
  "RMSE": 0.1424991375818034,
  "MAPE(%)": 6.31641028386753
}