Feature,Importance
0.05,56.26732354774133
ASA_m2_g,13.20347311527853
ASA_m2_cm3,6.606940603704597
AV_VF,5.69775961477541
AV_cm3_g,5.100000013805106
cm3_g,3.766121180394418
PLD,2.7104864774853374
LCD,2.307383392765849
LFPD,1.7983661803040771
Has_OMS,1.0635502493322306
NASA_m2_g,0.7692513642383201
NASA_m2_cm3,0.6460533566858566
NAV_cm3_g,0.06329090348894535
