temp,lowp,outp,seed,mode,qt_frac,train_ratio,out_root,model,R2,MAE,RMSE,MAPE(%)
293K,0.05,15,2026,lowq,0.1,0.5,./RUN_FULL_EXP,cat,0.9596944728283138,0.16722009407365102,0.07342846910267228,5.604956469703509
