{
  "R2": 0.9596944728283138,
  "MAE": 0.16722009407365102,
  "RMSE": 0.07342846910267228,
  "MAPE(%)": 5.604956469703509
}