{
  "R2": 0.9729520312380004,
  "MAE": 0.06838748897468669,
  "RMSE": 0.014777220382403755,
  "MAPE(%)": 4.780205348918048
}