{
  "R2": 0.9584701612277978,
  "MAE": 0.07787651727776682,
  "RMSE": 0.017119212724690833,
  "MAPE(%)": 5.563075008724986
}