{
  "R2": 0.9494339924914876,
  "MAE": 0.24935986371583493,
  "RMSE": 0.13898472702349876,
  "MAPE(%)": 6.543243575217753
}