Feature,Importance
0.1,74.09304787300542
ASA_m2_g,5.781975142297737
ASA_m2_cm3,3.8598074327863623
AV_VF,3.5982776653961155
AV_cm3_g,2.3007656076841627
cm3_g,2.0671990397447817
Has_OMS,1.8379807392942495
LCD,1.82792324227664
LFPD,1.7734536735307784
PLD,1.5259466594955424
NASA_m2_cm3,0.8985480927126844
NASA_m2_g,0.3554027379933801
NAV_cm3_g,0.07967209378216429
