{
  "R2": 0.9690018304319693,
  "MAE": 0.056628655076533474,
  "RMSE": 0.008082122887763395,
  "MAPE(%)": 3.8028241497388238
}