temp,lowp,outp,seed,mode,qt_frac,train_ratio,out_root,model,R2,MAE,RMSE,MAPE(%)
293K,0.1,5,2029,lowq,0.6,0.5,./RUN_FULL_EXP,cat,0.9690018304319693,0.056628655076533474,0.008082122887763395,3.8028241497388238
