{
  "R2": 0.11418108469237964,
  "MAE": 0.2195223477966351,
  "RMSE": 0.13592161883531048,
  "MAPE(%)": 56.97067255009789
}