temp,lowp,outp,seed,mode,qt_frac,train_ratio,out_root,model,R2,MAE,RMSE,MAPE(%)
313K,HENRY,5,2029,lowq,0.2,0.5,./RUN_FULL_EXP,cat,0.9796747574202992,0.03486467325407033,0.004263110257591801,3.234766404518203
