{
  "R2": 0.9796747574202992,
  "MAE": 0.03486467325407033,
  "RMSE": 0.004263110257591801,
  "MAPE(%)": 3.234766404518203
}