Feature,Importance
0.01,83.00746637145319
AV_VF,2.475690082962995
Has_OMS,2.386770226708603
ASA_m2_cm3,2.090585580576721
AV_cm3_g,1.9909096356973792
cm3_g,1.852211033324827
PLD,1.6689201100497193
LCD,1.2683368964252852
LFPD,1.044535570693618
ASA_m2_g,1.0019500342741987
NASA_m2_g,0.6084126756583158
NASA_m2_cm3,0.5596381440662758
NAV_cm3_g,0.04457363810887668
