{
  "R2": 0.9572847015801925,
  "MAE": 0.026443577003027716,
  "RMSE": 0.006341647264334477,
  "MAPE(%)": 4.518283430944366
}