temp,lowp,outp,seed,mode,qt_frac,train_ratio,out_root,model,R2,MAE,RMSE,MAPE(%)
273K,0.01,1,2025,struct_with_input,0.0,0.4,./RUN_FULL_EXP,cat,0.9200430888901096,0.027152245723708612,0.013553549544652781,4.3927928177052005
