{
  "R2": 0.9200430888901096,
  "MAE": 0.027152245723708612,
  "RMSE": 0.013553549544652781,
  "MAPE(%)": 4.3927928177052005
}