Feature,Importance
0.01,72.01887447167621
ASA_m2_g,4.972557570980212
AV_VF,4.920544965451878
ASA_m2_cm3,4.3016178487139936
AV_cm3_g,2.6089531645743773
cm3_g,2.258115419281222
PLD,2.169718749095159
Has_OMS,1.9811668573622658
LCD,1.7025400275885176
LFPD,1.5834524747164447
NASA_m2_cm3,0.8946029983117372
NASA_m2_g,0.5419657383478584
NAV_cm3_g,0.04588971390013251
