{
  "R2": 0.9670847610212476,
  "MAE": 0.0699886568516453,
  "RMSE": 0.015728519962293557,
  "MAPE(%)": 4.885066519420987
}