temp,lowp,outp,seed,mode,qt_frac,train_ratio,out_root,model,R2,MAE,RMSE,MAPE(%)
293K,0.1,5,2025,lowq,0.7,0.5,./RUN_FULL_EXP,cat,0.9703301824914963,0.05503915665368405,0.0069166425653976555,3.7418328442404976
