{
  "R2": 0.9703301824914963,
  "MAE": 0.05503915665368405,
  "RMSE": 0.0069166425653976555,
  "MAPE(%)": 3.7418328442404976
}