Feature,Importance
0.1,65.65445093067447
ASA_m2_cm3,7.153979543834349
ASA_m2_g,6.950762913226418
AV_VF,4.416891494543787
AV_cm3_g,3.096253546583057
cm3_g,2.477756178982417
PLD,2.326065396174737
LCD,2.200773159840894
Has_OMS,2.079788229700675
LFPD,1.9945303127594116
NASA_m2_cm3,1.0786820499532503
NASA_m2_g,0.4526860192447085
NAV_cm3_g,0.11738022448179516
