{
  "R2": 0.9558828250505346,
  "MAE": 0.09880222995188569,
  "RMSE": 0.02381372631145239,
  "MAPE(%)": 4.904019596420901
}