Feature,Importance
0.01,83.42251855590482
ASA_m2_g,2.297799165435437
ASA_m2_cm3,2.2177384043760235
AV_VF,2.122303254831395
LFPD,1.6336327452444757
cm3_g,1.5979930812390672
PLD,1.5612869576002602
LCD,1.3444126301387016
AV_cm3_g,1.2702885348680235
Has_OMS,1.0156474244876441
NASA_m2_g,0.7923246796334623
NASA_m2_cm3,0.6991938706842667
NAV_cm3_g,0.02486069555643077
