Feature,Importance
0.01,82.9331292572012
ASA_m2_cm3,3.0544836260269492
ASA_m2_g,3.005906691628356
PLD,1.9352678522577862
AV_VF,1.672075507280683
Has_OMS,1.3998892796943117
cm3_g,1.1922087812413038
LFPD,1.1008939948343082
LCD,1.015304571649429
NASA_m2_g,0.9824124800348227
AV_cm3_g,0.9125648051024496
NASA_m2_cm3,0.7461474745693948
NAV_cm3_g,0.04971567847898228
