{
  "R2": 0.9420364607686248,
  "MAE": 0.025556378066843875,
  "RMSE": 0.009613537528528013,
  "MAPE(%)": 4.016435571866115
}