temp,lowp,outp,seed,mode,qt_frac,train_ratio,out_root,model,R2,MAE,RMSE,MAPE(%)
273K,0.01,1,2027,struct_with_input,0.0,0.55,./RUN_FULL_EXP,cat,0.9420364607686248,0.025556378066843875,0.009613537528528013,4.016435571866115
