Feature,Importance
0.01,71.08040167435479
ASA_m2_g,5.8725903401706265
ASA_m2_cm3,5.14087177323925
AV_VF,4.564883119985313
AV_cm3_g,2.2656078067052765
LCD,2.096234712096956
cm3_g,2.01284007492297
PLD,1.8591262647448104
Has_OMS,1.8474657249586064
LFPD,1.8088179479510353
NASA_m2_g,0.7477867002019303
NASA_m2_cm3,0.6180859611810263
NAV_cm3_g,0.08528789948739647
