{
  "R2": 0.967440658495694,
  "MAE": 0.06266782106363908,
  "RMSE": 0.009029797563675604,
  "MAPE(%)": 4.325535892047535
}