temp,lowp,outp,seed,mode,qt_frac,train_ratio,out_root,model,R2,MAE,RMSE,MAPE(%)
273K,0.1,15,2026,lowr,0.7,0.5,./RUN_FULL_EXP,cat,0.9604029273309752,0.23186309870075308,0.11827292534358763,6.459531076052478
