Feature,Importance
0.05,48.89188852374397
ASA_m2_g,15.809275090766553
ASA_m2_cm3,7.4016921126237305
AV_cm3_g,6.933517689530831
AV_VF,4.554457296692192
cm3_g,4.42072131857976
PLD,3.2543654636756054
LFPD,2.6974565356648506
LCD,2.6286718784492695
Has_OMS,1.272858464296195
NASA_m2_cm3,1.023723518521131
NASA_m2_g,0.9673742227452001
NAV_cm3_g,0.14399788471068256
