{
  "R2": 0.9545513553730608,
  "MAE": 0.23276198155268388,
  "RMSE": 0.1274205158587843,
  "MAPE(%)": 6.212587136772366
}