temp,lowp,outp,seed,mode,qt_frac,train_ratio,out_root,model,R2,MAE,RMSE,MAPE(%)
273K,0.05,15,2027,lowq,0.25,0.5,./RUN_FULL_EXP,cat,0.9545513553730608,0.23276198155268388,0.1274205158587843,6.212587136772366
