{
  "R2": 0.9643881189414598,
  "MAE": 0.12462776353841853,
  "RMSE": 0.044813104365098465,
  "MAPE(%)": 5.3983554940075535
}