Feature,Importance
0.05,87.04012737187053
cm3_g,1.7972569473452111
ASA_m2_g,1.5691208444739992
AV_cm3_g,1.4193961369754802
LCD,1.3904625644405189
Has_OMS,1.2937857876481729
ASA_m2_cm3,1.2565864587638187
PLD,1.2549856737603031
AV_VF,0.9684807202077368
LFPD,0.8244639745136763
NASA_m2_g,0.5696721665263694
NASA_m2_cm3,0.5568400638540646
NAV_cm3_g,0.058821289620128114
