{
  "R2": 0.9947877279744783,
  "MAE": 0.004892595104749793,
  "RMSE": 5.030674069981582e-05,
  "MAPE(%)": 1.925593654160804
}