Feature,Importance
HENRY,88.2334764172832
cm3_g,1.7091624037835178
LFPD,1.4829545943709699
AV_VF,1.3689929317614962
AV_cm3_g,1.2300748901745673
LCD,1.2099911472287868
Has_OMS,1.1411710474069119
PLD,1.1166640805605959
ASA_m2_cm3,0.9882882355151723
ASA_m2_g,0.7864935616335333
NASA_m2_g,0.36805318066102716
NASA_m2_cm3,0.30531277026438214
NAV_cm3_g,0.05936473935586686
