{
  "R2": 0.9950464408200859,
  "MAE": 0.0038380431565604067,
  "RMSE": 3.7111337464596494e-05,
  "MAPE(%)": 1.4458178462910767
}