{
  "R2": 0.9677435748595807,
  "MAE": 0.06631104207337646,
  "RMSE": 0.015357158401641787,
  "MAPE(%)": 4.828419738080699
}