Feature,Importance
0.05,65.31056877306703
ASA_m2_g,7.297032617298367
ASA_m2_cm3,5.875591268764274
AV_VF,5.58596165916078
PLD,2.660275685676688
AV_cm3_g,2.6251383118726688
LCD,2.4638265665252117
LFPD,2.324342264682196
Has_OMS,2.303742016915636
cm3_g,2.2883151062837612
NASA_m2_cm3,0.6327578683672999
NASA_m2_g,0.5598278799525911
NAV_cm3_g,0.07261998143348788
