temp,lowp,outp,seed,mode,qt_frac,train_ratio,out_root,model,R2,MAE,RMSE,MAPE(%)
273K,0.05,5,2029,lowq,0.2,0.5,./RUN_FULL_EXP,cat,0.9662653877809421,0.09899103287238077,0.024046909288956284,5.151996647016455
