{
  "R2": 0.9662653877809421,
  "MAE": 0.09899103287238077,
  "RMSE": 0.024046909288956284,
  "MAPE(%)": 5.151996647016455
}