Feature,Importance
0.1,67.27146566960391
ASA_m2_cm3,7.685650290538564
ASA_m2_g,5.3377673456483095
AV_VF,4.222471452131521
AV_cm3_g,3.5007448927420044
LCD,2.3989764083545153
PLD,2.279006301283496
cm3_g,2.225621207241879
LFPD,2.0418105134871487
Has_OMS,1.5043563008021374
NASA_m2_cm3,0.8898121293853666
NASA_m2_g,0.5562595634418742
NAV_cm3_g,0.08605792533927231
