{
  "R2": 0.9553073261979425,
  "MAE": 0.09542337283939696,
  "RMSE": 0.020224556553238557,
  "MAPE(%)": 4.761645280099153
}