{
  "R2": 0.9633218553911729,
  "MAE": 0.16179776126353146,
  "RMSE": 0.06932596741353875,
  "MAPE(%)": 5.742192778848186
}