{
  "R2": 0.9970738862700849,
  "MAE": 0.0034691803326378076,
  "RMSE": 2.313189205337302e-05,
  "MAPE(%)": 1.3049243965848996
}