temp,lowp,outp,seed,mode,qt_frac,train_ratio,out_root,model,R2,MAE,RMSE,MAPE(%)
313K,0.5,1,2029,lowq,0.65,0.5,./RUN_FULL_EXP,cat,0.9970738862700849,0.0034691803326378076,2.313189205337302e-05,1.3049243965848996
