{
  "R2": 0.4448971045065603,
  "MAE": 0.3621931192547789,
  "RMSE": 0.27708029265993733,
  "MAPE(%)": 34.45540014410173
}