Feature,Importance
0.1,87.5468687385264
AV_cm3_g,1.9264512087808
Has_OMS,1.777403067935359
cm3_g,1.6860822364108583
ASA_m2_g,1.37160995161465
LFPD,1.1059923063321064
LCD,1.086209640406752
AV_VF,0.9916171056509073
ASA_m2_cm3,0.9305766826439347
PLD,0.6319335346606559
NASA_m2_cm3,0.4904538089626231
NASA_m2_g,0.3639898816048178
NAV_cm3_g,0.09081183647010983
