{
  "R2": 0.9929008252265971,
  "MAE": 0.007415381054897213,
  "RMSE": 0.00013304162413192128,
  "MAPE(%)": 2.0058088481973484
}