Feature,Importance
0.1,64.47489397308406
ASA_m2_g,8.301411673233298
ASA_m2_cm3,5.6704937370192425
AV_VF,5.641169813884142
AV_cm3_g,5.477657265538517
cm3_g,2.1617040956164777
PLD,2.0684542857284702
LCD,1.8373922067813144
LFPD,1.6066213605806094
Has_OMS,1.4247132449375672
NASA_m2_cm3,0.6751445208568031
NASA_m2_g,0.5618029940621264
NAV_cm3_g,0.0985408286773837
