{
  "R2": 0.9719451266984894,
  "MAE": 0.10910924959038322,
  "RMSE": 0.02414659031458121,
  "MAPE(%)": 4.384209704671351
}