temp,lowp,outp,seed,mode,qt_frac,train_ratio,out_root,model,R2,MAE,RMSE,MAPE(%)
313K,0.1,15,2028,lowq,0.55,0.5,./RUN_FULL_EXP,cat,0.9719451266984894,0.10910924959038322,0.02414659031458121,4.384209704671351
