{
  "R2": 0.9873125485513538,
  "MAE": 0.006875047110233917,
  "RMSE": 8.802501359757025e-05,
  "MAPE(%)": 2.635355539601536
}