Feature,Importance
0.05,79.00858685679204
ASA_m2_g,3.6261386113226064
AV_VF,3.384455564914115
ASA_m2_cm3,2.887138516023969
AV_cm3_g,2.2125565912287444
cm3_g,2.164400404374393
LCD,1.6738633025616854
Has_OMS,1.6321914085963827
PLD,1.3427960694812489
LFPD,1.0624822820169213
NASA_m2_cm3,0.6599832381190405
NASA_m2_g,0.27687428291642263
NAV_cm3_g,0.06853287165242913
