{
  "R2": 0.9794364321952835,
  "MAE": 0.033001519615946606,
  "RMSE": 0.002383275239885943,
  "MAPE(%)": 2.9799107038382284
}