temp,lowp,outp,seed,mode,qt_frac,train_ratio,out_root,model,R2,MAE,RMSE,MAPE(%)
313K,0.05,5,2029,lowq,0.75,0.5,./RUN_FULL_EXP,cat,0.9794364321952835,0.033001519615946606,0.002383275239885943,2.9799107038382284
