{
  "R2": 0.9788935167640074,
  "MAE": 0.05971891324042948,
  "RMSE": 0.009067270854076487,
  "MAPE(%)": 5.330826179415602
}