Feature,Importance
0.01,78.59974666523419
Has_OMS,3.31346850560145
ASA_m2_cm3,2.973271875521004
AV_VF,2.6470015608039064
cm3_g,2.472538776766613
ASA_m2_g,1.9657483786687093
LCD,1.9263945501780768
AV_cm3_g,1.791755822550727
PLD,1.7417571008633954
LFPD,0.991087707958052
NASA_m2_g,0.806553212463445
NASA_m2_cm3,0.634875048710788
NAV_cm3_g,0.13580079467962045
