{
  "R2": 0.9815770689312161,
  "MAE": 0.02166906454103655,
  "RMSE": 0.0014690948855448584,
  "MAPE(%)": 4.106292405655996
}