{
  "R2": 0.9814883575346813,
  "MAE": 0.021614113737033824,
  "RMSE": 0.0015273274094278466,
  "MAPE(%)": 4.118780169634006
}