Feature,Importance
0.01,60.5774576343317
ASA_m2_g,14.354218976080238
ASA_m2_cm3,4.618809569627961
AV_cm3_g,4.257780943910719
AV_VF,4.043155503421409
cm3_g,3.1618128432556456
LCD,2.3020742627476434
PLD,2.0579976464528063
LFPD,2.0230327774079533
Has_OMS,1.4269309849849756
NASA_m2_g,0.653547162296453
NASA_m2_cm3,0.44689387975076456
NAV_cm3_g,0.07628781573172126
