{
  "R2": 0.9609082890660084,
  "MAE": 0.12098131098890083,
  "RMSE": 0.041428109556635014,
  "MAPE(%)": 4.993911771060587
}