Feature,Importance
0.1,65.74552865561611
ASA_m2_g,7.649614089230442
ASA_m2_cm3,5.965804655189994
AV_VF,4.142392375275581
AV_cm3_g,3.0598151698978175
cm3_g,2.7718044957875385
LCD,2.5542249321364503
LFPD,2.50680613208117
PLD,2.3330090199151035
Has_OMS,1.5966169680946094
NASA_m2_cm3,1.0390682265221958
NASA_m2_g,0.5645131068319796
NAV_cm3_g,0.07080217342099117
