temp,lowp,outp,seed,mode,qt_frac,train_ratio,out_root,model,R2,MAE,RMSE,MAPE(%)
273K,0.1,5,2029,lowq,0.05,0.5,./RUN_FULL_EXP,cat,0.9665664557801975,0.10041309130702686,0.028464190966339935,5.326910895622054
