{
  "R2": 0.9665664557801975,
  "MAE": 0.10041309130702686,
  "RMSE": 0.028464190966339935,
  "MAPE(%)": 5.326910895622054
}