Feature,Importance
HENRY,65.23890320193635
ASA_m2_cm3,7.298777490585718
ASA_m2_g,6.4555871659914565
AV_VF,4.339769802284369
AV_cm3_g,3.1848401928267127
LCD,2.7563206567735294
cm3_g,2.698351620493625
PLD,2.6876751029775217
LFPD,2.0953271098347948
Has_OMS,1.466106715760251
NASA_m2_g,1.0214431300091198
NASA_m2_cm3,0.670964136042401
NAV_cm3_g,0.08593367448413756
