temp,lowp,outp,seed,mode,qt_frac,train_ratio,out_root,model,R2,MAE,RMSE,MAPE(%)
273K,HENRY,5,2026,lowq,0.8,0.5,./RUN_FULL_EXP,cat,0.9464344699455711,0.09876523437214656,0.023456328665983843,4.873089880929064
