{
  "R2": 0.9464344699455711,
  "MAE": 0.09876523437214656,
  "RMSE": 0.023456328665983843,
  "MAPE(%)": 4.873089880929064
}