Feature,Importance
0.01,70.20401825580522
ASA_m2_g,5.540157051810642
ASA_m2_cm3,5.216687666378475
AV_VF,4.797826441166829
AV_cm3_g,3.550757255812561
PLD,2.076284747719824
cm3_g,1.9266525190822574
LFPD,1.8754487119683432
LCD,1.8581352088000882
Has_OMS,1.336447546025177
NASA_m2_cm3,0.8097170841126239
NASA_m2_g,0.6736082889570386
NAV_cm3_g,0.13425922236090934
