{
  "R2": 0.9669824565707867,
  "MAE": 0.06981289276446444,
  "RMSE": 0.016319612074008654,
  "MAPE(%)": 5.003099480267075
}