{
  "R2": 0.9667857014100211,
  "MAE": 0.10057049243356646,
  "RMSE": 0.029255917592046873,
  "MAPE(%)": 5.542717516424533
}