Feature,Importance
0.5,76.65777415016606
ASA_m2_cm3,4.2184187234157084
AV_VF,4.02373334012089
ASA_m2_g,3.4340022877213565
AV_cm3_g,3.2138600045633905
LFPD,1.7305501734705067
PLD,1.4381096824480954
cm3_g,1.390674716177394
LCD,1.3689065876557325
Has_OMS,1.3226119816617323
NASA_m2_g,0.6077489312140104
NASA_m2_cm3,0.5275587049459807
NAV_cm3_g,0.06605071643911883
