{
  "R2": 0.9724539790463381,
  "MAE": 0.050892484390538915,
  "RMSE": 0.005750377951950873,
  "MAPE(%)": 3.4272985957592232
}