{
  "R2": 0.9591207002604843,
  "MAE": 0.23360787030301383,
  "RMSE": 0.1229410872868579,
  "MAPE(%)": 6.673213800876971
}