{
  "R2": 0.994662953276968,
  "MAE": 0.004765642186834122,
  "RMSE": 7.01281943569946e-05,
  "MAPE(%)": 1.892378281974421
}