temp,lowp,outp,seed,mode,qt_frac,train_ratio,out_root,model,R2,MAE,RMSE,MAPE(%)
313K,0.1,1,2029,lowq,0.3,0.5,./RUN_FULL_EXP,cat,0.994662953276968,0.004765642186834122,7.01281943569946e-05,1.892378281974421
