{
  "R2": 0.9926928963284681,
  "MAE": 0.008091412553014396,
  "RMSE": 0.00016911500784905483,
  "MAPE(%)": 2.2232391695858653
}