temp,lowp,outp,seed,mode,qt_frac,train_ratio,out_root,model,R2,MAE,RMSE,MAPE(%)
293K,0.05,1,2027,lowq,0.45,0.5,./RUN_FULL_EXP,cat,0.9926928963284681,0.008091412553014396,0.00016911500784905483,2.2232391695858653
