Feature,Importance
0.1,53.93862910174944
ASA_m2_g,11.27079557901389
ASA_m2_cm3,8.366978847901368
AV_cm3_g,6.265153520274832
AV_VF,5.551890260286752
cm3_g,4.546948154770724
PLD,2.5373502143899938
LCD,2.3198966423979948
LFPD,2.198776095906593
Has_OMS,1.5417968901163386
NASA_m2_g,0.7353533604733667
NASA_m2_cm3,0.6382766228490918
NAV_cm3_g,0.08815470986959785
