{
  "R2": 0.9483099177847912,
  "MAE": 0.24627227807426683,
  "RMSE": 0.13656212937031134,
  "MAPE(%)": 6.524669216791655
}