Feature,Importance
0.01,78.80327095232276
cm3_g,4.636423591252828
LCD,2.948910781985318
Has_OMS,2.3140649789214924
AV_VF,2.096945420815592
ASA_m2_cm3,1.6958950633364858
PLD,1.675098946242316
AV_cm3_g,1.4008311574305787
NASA_m2_cm3,1.174705846530337
ASA_m2_g,1.1527652112564013
NASA_m2_g,1.0789871622159448
LFPD,0.9753472831389931
NAV_cm3_g,0.04675360455094044
