Feature,Importance
0.01,72.33456556618151
ASA_m2_g,5.7612229106886135
ASA_m2_cm3,4.491389148732206
AV_VF,3.6079986308390586
AV_cm3_g,3.390807837845606
LCD,2.292626322251895
PLD,1.8231759062957147
LFPD,1.7020615566948611
cm3_g,1.6497356208315392
Has_OMS,1.5190475868752809
NASA_m2_g,0.7479942761838917
NASA_m2_cm3,0.5632593624888128
NAV_cm3_g,0.11611527409102101
