{
  "R2": 0.9691084830960298,
  "MAE": 0.06775395952273326,
  "RMSE": 0.012140175103209418,
  "MAPE(%)": 4.770360494426913
}