Feature,Importance
0.01,59.14375980691488
ASA_m2_g,10.084810221042483
ASA_m2_cm3,6.201735935579089
AV_VF,6.050405753581987
AV_cm3_g,5.807345848077339
cm3_g,2.9795248486180608
PLD,2.8412615489068256
LCD,1.9057275599237609
LFPD,1.872424558043663
Has_OMS,1.438243351685342
NASA_m2_cm3,0.9341001725424216
NASA_m2_g,0.6268477717636537
NAV_cm3_g,0.1138126233205141
