{
  "R2": 0.9612708075730562,
  "MAE": 0.1718359082991774,
  "RMSE": 0.06084466338389728,
  "MAPE(%)": 5.668248154069383
}