temp,lowp,outp,seed,mode,qt_frac,train_ratio,out_root,model,R2,MAE,RMSE,MAPE(%)
293K,0.01,15,2028,lowq,0.45,0.5,./RUN_FULL_EXP,cat,0.9612708075730562,0.1718359082991774,0.06084466338389728,5.668248154069383
