temp,lowp,outp,seed,mode,qt_frac,train_ratio,out_root,model,R2,MAE,RMSE,MAPE(%)
273K,0.01,1,2028,struct_with_input,0.0,0.05,./RUN_FULL_EXP,cat,0.8120023458811466,0.049662987365186165,0.031451851004894796,12.07239188443351
