{
  "R2": 0.8120023458811466,
  "MAE": 0.049662987365186165,
  "RMSE": 0.031451851004894796,
  "MAPE(%)": 12.07239188443351
}