Feature,Importance
HENRY,58.46628721972728
ASA_m2_g,11.815108018124704
ASA_m2_cm3,7.015783121166491
AV_cm3_g,5.212147140037164
AV_VF,4.882360267204375
cm3_g,2.9738500409101083
LCD,2.4431711335686
PLD,2.2594108263019086
LFPD,1.8091869718617126
Has_OMS,1.382718054219936
NASA_m2_g,0.9157702957182549
NASA_m2_cm3,0.754618871866076
NAV_cm3_g,0.0695880392933869
