{
  "R2": 0.962630680848828,
  "MAE": 0.1598069007348234,
  "RMSE": 0.05223529269440917,
  "MAPE(%)": 5.1389805169054625
}