{
  "R2": 0.9568516370753443,
  "MAE": 0.1744339702637527,
  "RMSE": 0.08366005095673681,
  "MAPE(%)": 5.86337829827587
}