{
  "R2": 0.9516232032754635,
  "MAE": 0.19260519307915178,
  "RMSE": 0.08443280307188256,
  "MAPE(%)": 6.53346481769699
}