Feature,Importance
0.1,73.55382967637973
ASA_m2_cm3,4.765828047691415
ASA_m2_g,4.325560064741074
AV_VF,3.9103993746820023
AV_cm3_g,3.5743213759749697
LCD,1.9272601323397271
PLD,1.8865660753935167
cm3_g,1.6812476756088566
LFPD,1.5692024677742256
Has_OMS,1.53578659220911
NASA_m2_cm3,0.6619397980310037
NASA_m2_g,0.5271289878409204
NAV_cm3_g,0.08092973133344405
