{
  "R2": 0.9660458654944276,
  "MAE": 0.05445634377917953,
  "RMSE": 0.007141877609586139,
  "MAPE(%)": 3.6922380098336802
}