{
  "R2": 0.9597198465809055,
  "MAE": 0.026038106982887173,
  "RMSE": 0.006310886067666638,
  "MAPE(%)": 4.221043828822714
}