Feature,Importance
0.5,70.94921308277239
ASA_m2_g,7.620247964460822
AV_VF,4.4203709198625765
ASA_m2_cm3,4.409547917641747
AV_cm3_g,2.7189152514959902
cm3_g,2.334588173941946
LCD,1.9722914585137468
PLD,1.746657314432698
LFPD,1.5004204977671014
Has_OMS,1.2584073759576806
NASA_m2_cm3,0.7033413699204073
NASA_m2_g,0.3136721239757149
NAV_cm3_g,0.05232654925720396
