{
  "R2": 0.9617922059133162,
  "MAE": 0.08849471542009457,
  "RMSE": 0.016897577713554407,
  "MAPE(%)": 4.377789946691324
}