temp,lowp,outp,seed,mode,qt_frac,train_ratio,out_root,model,R2,MAE,RMSE,MAPE(%)
273K,0.5,5,2029,lowq,0.7,0.5,./RUN_FULL_EXP,cat,0.9617922059133162,0.08849471542009457,0.016897577713554407,4.377789946691324
