Feature,Importance
0.1,67.0684593028709
ASA_m2_cm3,7.514634870714775
ASA_m2_g,5.504743558557452
AV_VF,3.633859902050373
AV_cm3_g,3.3895978650649874
LCD,2.4785016789581285
PLD,2.4610664725235663
cm3_g,2.359975899272458
Has_OMS,2.1247158651998563
LFPD,2.059853694310384
NASA_m2_g,0.8076358872408328
NASA_m2_cm3,0.4916082111185736
NAV_cm3_g,0.10534679211766777
