temp,lowp,outp,seed,mode,qt_frac,train_ratio,out_root,model,R2,MAE,RMSE,MAPE(%)
273K,0.1,5,2026,lowq,0.2,0.5,./RUN_FULL_EXP,cat,0.9617542353064067,0.10020978775768678,0.026279227669034108,5.104970526259778
