{
  "R2": 0.9617542353064067,
  "MAE": 0.10020978775768678,
  "RMSE": 0.026279227669034108,
  "MAPE(%)": 5.104970526259778
}