Feature,Importance
0.01,81.34556247863627
ASA_m2_cm3,2.6390741548305616
ASA_m2_g,2.3790093080867334
AV_cm3_g,1.8439672477208946
cm3_g,1.786237527083181
AV_VF,1.756859000143353
Has_OMS,1.7555417901234764
PLD,1.7045117456272652
LFPD,1.5200924041803816
LCD,1.2944547940460434
NASA_m2_g,1.0432921054300284
NASA_m2_cm3,0.8665968748465678
NAV_cm3_g,0.06480056924525851
