Feature,Importance
0.05,65.64347921229998
ASA_m2_cm3,7.585423436364406
ASA_m2_g,5.1848658005423465
AV_VF,4.653114979516289
AV_cm3_g,3.5728833600284986
LCD,2.7005387062219266
PLD,2.641410074543238
cm3_g,2.5947791050331617
LFPD,1.8858477981537747
Has_OMS,1.8015850755527067
NASA_m2_g,0.8810075880340769
NASA_m2_cm3,0.7912812990739783
NAV_cm3_g,0.06378356463563013
