{
  "R2": 0.9571871799921763,
  "MAE": 0.10114231942312867,
  "RMSE": 0.02494381476928984,
  "MAPE(%)": 5.134683385864818
}