temp,lowp,outp,seed,mode,qt_frac,train_ratio,out_root,model,R2,MAE,RMSE,MAPE(%)
273K,0.05,5,2026,lowq,0.45,0.5,./RUN_FULL_EXP,cat,0.9571871799921763,0.10114231942312867,0.02494381476928984,5.134683385864818
