{
  "R2": 0.9626165762968915,
  "MAE": 0.16733245607600195,
  "RMSE": 0.061286282729396714,
  "MAPE(%)": 5.5022165273078425
}