temp,lowp,outp,seed,mode,qt_frac,train_ratio,out_root,model,R2,MAE,RMSE,MAPE(%)
293K,0.01,15,2027,struct_with_input,0.35,0.7,./RUN_FULL_EXP,cat,0.9626165762968915,0.16733245607600195,0.061286282729396714,5.5022165273078425
