temp,lowp,outp,seed,mode,qt_frac,train_ratio,out_root,model,R2,MAE,RMSE,MAPE(%)
273K,0.1,1,2028,lowq,0.2,0.5,./RUN_FULL_EXP,cat,0.9853154620873293,0.01630945979011903,0.0012352223290516896,2.9203114896594893
