{
  "R2": 0.9853154620873293,
  "MAE": 0.01630945979011903,
  "RMSE": 0.0012352223290516896,
  "MAPE(%)": 2.9203114896594893
}