Feature,Importance
0.01,69.82982234749281
ASA_m2_g,5.893977333813852
ASA_m2_cm3,3.9979730302621874
AV_VF,3.4948854019894777
cm3_g,3.3887996108076095
AV_cm3_g,2.478763287848016
LFPD,2.4563846852942115
Has_OMS,2.2966580280914086
LCD,2.2584358810095493
PLD,2.02933659748091
NASA_m2_cm3,1.0087272439978363
NASA_m2_g,0.7146909768031582
NAV_cm3_g,0.15154557510898503
