{
  "R2": 0.961007802169635,
  "MAE": 0.07460942124525197,
  "RMSE": 0.015786531877181046,
  "MAPE(%)": 5.408136834681331
}