Feature,Importance
HENRY,64.27453706208878
ASA_m2_g,7.20751912782115
ASA_m2_cm3,6.346303889674866
AV_VF,4.857054956736202
AV_cm3_g,3.4006370700772615
LCD,2.9384600486494876
PLD,2.649254048717622
cm3_g,2.232225048785522
Has_OMS,2.220158182950932
LFPD,1.851427035132878
NASA_m2_g,1.3384103933943208
NASA_m2_cm3,0.6199425082024272
NAV_cm3_g,0.06407062776854167
