{
  "R2": 0.9610440431496166,
  "MAE": 0.10045731317098479,
  "RMSE": 0.023167089467675733,
  "MAPE(%)": 5.09757822297542
}