Feature,Importance
0.05,51.28539075803498
ASA_m2_g,14.3480354037657
AV_cm3_g,7.48779144968144
ASA_m2_cm3,6.219076814615908
AV_VF,6.005055585263858
cm3_g,4.062115258617841
PLD,3.0580087286229456
LCD,2.36030573730953
LFPD,2.2724536081327735
Has_OMS,1.2958017983716918
NASA_m2_g,0.8742070767821978
NASA_m2_cm3,0.6604552461444723
NAV_cm3_g,0.07130253465666075
