{
  "R2": 0.9593093860917562,
  "MAE": 0.2376292589413275,
  "RMSE": 0.12100298704473667,
  "MAPE(%)": 6.513856315419178
}