Feature,Importance
0.01,69.50293063282359
ASA_m2_g,6.568513704299378
ASA_m2_cm3,5.399856445718348
AV_VF,4.398551577978412
AV_cm3_g,3.024817139292934
LCD,2.1008886152861295
cm3_g,2.041432811659731
PLD,2.0338927180704207
Has_OMS,1.8037019723352234
LFPD,1.6233733666620522
NASA_m2_g,0.8805708139353702
NASA_m2_cm3,0.5727690014201394
NAV_cm3_g,0.04870120051828635
