{
  "R2": 0.9736274853539099,
  "MAE": 0.06257376380363858,
  "RMSE": 0.009452558651235307,
  "MAPE(%)": 4.372713230529141
}