{
  "R2": 0.9920332931303772,
  "MAE": 0.03373562494782279,
  "RMSE": 0.002613252662644714,
  "MAPE(%)": 2.6719476812370724
}