{
  "R2": 0.6027687633879796,
  "MAE": 0.6474422366234582,
  "RMSE": 0.7590047491544898,
  "MAPE(%)": 30.766504230213826
}