temp,lowp,outp,seed,mode,qt_frac,train_ratio,out_root,model,R2,MAE,RMSE,MAPE(%)
293K,0.01,15,2026,struct,0.0,0.05,./RUN_FULL_EXP,cat,0.6027687633879796,0.6474422366234582,0.7590047491544898,30.766504230213826
