Feature,Importance
0.5,69.65761683825009
ASA_m2_g,6.786098688770922
ASA_m2_cm3,5.455389997502952
AV_VF,3.799662766813969
AV_cm3_g,2.954649167969694
cm3_g,2.699792344558649
LCD,2.343407859674076
LFPD,1.7650168376209292
PLD,1.7545124200804099
Has_OMS,1.332095482878086
NASA_m2_cm3,0.9367833317004316
NASA_m2_g,0.4504922177230634
NAV_cm3_g,0.06448204645669701
