temp,lowp,outp,seed,mode,qt_frac,train_ratio,out_root,model,R2,MAE,RMSE,MAPE(%)
273K,0.5,5,2029,lowq,0.2,0.5,./RUN_FULL_EXP,cat,0.9731355766160902,0.08723882977649487,0.01874860898810644,4.548887479141217
