{
  "R2": 0.9731355766160902,
  "MAE": 0.08723882977649487,
  "RMSE": 0.01874860898810644,
  "MAPE(%)": 4.548887479141217
}