Feature,Importance
0.5,91.94563421485944
AV_cm3_g,1.614872218431839
cm3_g,1.0522801728103506
LCD,0.8982436485050315
AV_VF,0.8560095924321377
Has_OMS,0.8305335468601921
PLD,0.7485984737659699
ASA_m2_cm3,0.5924370528136845
ASA_m2_g,0.5454211092445409
LFPD,0.429096718825044
NASA_m2_cm3,0.21943615574659123
NASA_m2_g,0.14240328892313975
NAV_cm3_g,0.125033806782038
