{
  "R2": 0.9953128803527724,
  "MAE": 0.005691708397502747,
  "RMSE": 6.952384711168193e-05,
  "MAPE(%)": 1.5004833704741363
}