Feature,Importance
PLD,14.100694435201268
cm3_g,14.098727925927413
Has_OMS,11.972909797922975
AV_VF,10.681010408670032
ASA_m2_cm3,10.308706671759632
LCD,9.957219540520878
LFPD,9.287723467816114
AV_cm3_g,7.600156872703764
ASA_m2_g,6.792080864633745
NASA_m2_g,2.5611763760646067
NASA_m2_cm3,2.366762559958623
NAV_cm3_g,0.2728310788209542
