{
  "R2": 0.4118490258014834,
  "MAE": 0.11993870603934427,
  "RMSE": 0.04527957820806113,
  "MAPE(%)": 50.184249153813596
}