{
  "R2": 0.9709090402980871,
  "MAE": 0.11074122672449262,
  "RMSE": 0.025117994460960923,
  "MAPE(%)": 4.457972735899786
}