temp,lowp,outp,seed,mode,qt_frac,train_ratio,out_root,model,R2,MAE,RMSE,MAPE(%)
313K,0.1,15,2027,lowq,0.6,0.5,./RUN_FULL_EXP,cat,0.9709090402980871,0.11074122672449262,0.025117994460960923,4.457972735899786
