temp,lowp,outp,seed,mode,qt_frac,train_ratio,out_root,model,R2,MAE,RMSE,MAPE(%)
293K,0.5,5,2029,lowq,0.65,0.5,./RUN_FULL_EXP,cat,0.9761796953491519,0.04999058193645984,0.005640512671165047,3.364057379324372
