{
  "R2": 0.9761796953491519,
  "MAE": 0.04999058193645984,
  "RMSE": 0.005640512671165047,
  "MAPE(%)": 3.364057379324372
}