{
  "R2": 0.984745110008144,
  "MAE": 0.05114546039894361,
  "RMSE": 0.006572834233762164,
  "MAPE(%)": 4.1514829623182425
}