{
  "R2": 0.9674589696957829,
  "MAE": 0.15446716732109506,
  "RMSE": 0.05061164504544792,
  "MAPE(%)": 5.053048372274687
}