temp,lowp,outp,seed,mode,qt_frac,train_ratio,out_root,model,R2,MAE,RMSE,MAPE(%)
293K,0.5,15,2026,lowq,0.4,0.5,./RUN_FULL_EXP,cat,0.9674589696957829,0.15446716732109506,0.05061164504544792,5.053048372274687
