Feature,Importance
0.1,87.64864852982724
AV_VF,1.6818748480915766
cm3_g,1.647857691349669
LFPD,1.4604843770832054
Has_OMS,1.3351490140353863
AV_cm3_g,1.2480059924403903
ASA_m2_cm3,1.2327217466442042
LCD,1.21483490415306
PLD,1.0502901789498194
ASA_m2_g,0.5995159162759589
NASA_m2_cm3,0.5670214177639681
NASA_m2_g,0.27082512312064233
NAV_cm3_g,0.04277026026488023
