{
  "R2": 0.9886081747614629,
  "MAE": 0.005270308974245237,
  "RMSE": 0.00024538637084582773,
  "MAPE(%)": 2.0234909028287302
}