{
  "R2": 0.9718757107046165,
  "MAE": 0.05669822821563242,
  "RMSE": 0.007363590293176447,
  "MAPE(%)": 3.8082260408950956
}