temp,lowp,outp,seed,mode,qt_frac,train_ratio,out_root,model,R2,MAE,RMSE,MAPE(%)
273K,0.01,1,2028,struct,0.0,0.65,./RUN_FULL_EXP,cat,0.45169163569338044,0.1872340375398567,0.09793636451204171,49.412686265535804
