{
  "R2": 0.45169163569338044,
  "MAE": 0.1872340375398567,
  "RMSE": 0.09793636451204171,
  "MAPE(%)": 49.412686265535804
}