{
  "R2": 0.4206202685773003,
  "MAE": 0.17751138130719854,
  "RMSE": 0.08808296694413006,
  "MAPE(%)": 48.974355202488816
}