Feature,Importance
0.1,86.1180999191944
AV_cm3_g,2.2690746427178476
Has_OMS,1.8072785961709878
cm3_g,1.673009470593836
AV_VF,1.4905356582391172
LFPD,1.4312893498206358
PLD,1.3304645903675971
ASA_m2_cm3,1.1089493811237012
LCD,0.8641220452528732
ASA_m2_g,0.8432853509302781
NASA_m2_g,0.5206142889192574
NASA_m2_cm3,0.4816499049226275
NAV_cm3_g,0.06162680174683314
