{
  "R2": 0.9961202134958489,
  "MAE": 0.004806022664816451,
  "RMSE": 6.44760718751994e-05,
  "MAPE(%)": 1.9138055085436367
}