Feature,Importance
0.05,71.82852213045992
ASA_m2_g,5.36282249302395
ASA_m2_cm3,4.93073448385323
AV_VF,4.696461567542442
AV_cm3_g,3.1448977617726994
cm3_g,1.9633147226388632
LCD,1.913121558097895
PLD,1.666586903528747
Has_OMS,1.6333349198124985
LFPD,1.5460159419357242
NASA_m2_g,0.8733571017791912
NASA_m2_cm3,0.38996906442136803
NAV_cm3_g,0.05086135113350239
