{
  "R2": 0.9730096370649183,
  "MAE": 0.0629482862692214,
  "RMSE": 0.01177114799816978,
  "MAPE(%)": 4.291946913319427
}