{
  "R2": 0.9882675798349271,
  "MAE": 0.005460913074716433,
  "RMSE": 0.000422025199675434,
  "MAPE(%)": 1.792035752121689
}