{
  "R2": 0.9850141640038281,
  "MAE": 0.01694911539948208,
  "RMSE": 0.0006857832487187554,
  "MAPE(%)": 3.1715571070348685
}