Feature,Importance
0.5,52.09895754488043
ASA_m2_g,15.306912025773576
AV_VF,7.279349626254203
ASA_m2_cm3,6.756646265300235
AV_cm3_g,6.079106894447499
cm3_g,3.2682683378514543
PLD,2.506007251903959
LCD,2.1013446053718288
LFPD,1.8802308045398308
Has_OMS,1.286271322591093
NASA_m2_cm3,0.7963113773225133
NASA_m2_g,0.5698081967890779
NAV_cm3_g,0.07078574697433367
