{
  "R2": 0.948378389937848,
  "MAE": 0.22629695055928853,
  "RMSE": 0.11818844219973941,
  "MAPE(%)": 5.694518703157603
}