temp,lowp,outp,seed,mode,qt_frac,train_ratio,out_root,model,R2,MAE,RMSE,MAPE(%)
273K,0.5,15,2027,lowq,0.75,0.5,./RUN_FULL_EXP,cat,0.948378389937848,0.22629695055928853,0.11818844219973941,5.694518703157603
