Feature,Importance
HENRY,77.6133838229435
ASA_m2_g,4.177730062926293
AV_cm3_g,3.2774511614077144
ASA_m2_cm3,3.223704875431879
AV_VF,2.7093238603809264
cm3_g,1.9564323126218457
LCD,1.5466564827737825
Has_OMS,1.4849189727933743
LFPD,1.4744760665472034
PLD,1.3502604032072345
NASA_m2_cm3,0.7310827092750017
NASA_m2_g,0.41499836598746415
NAV_cm3_g,0.039580903703759426
