{
  "R2": 0.9810184291891927,
  "MAE": 0.032285547648503415,
  "RMSE": 0.002454440145985256,
  "MAPE(%)": 2.910441915177751
}