temp,lowp,outp,seed,mode,qt_frac,train_ratio,out_root,model,R2,MAE,RMSE,MAPE(%)
313K,HENRY,5,2029,lowq,0.65,0.5,./RUN_FULL_EXP,cat,0.9810184291891927,0.032285547648503415,0.002454440145985256,2.910441915177751
