Feature,Importance
PLD,14.564659053417024
cm3_g,14.269328675157558
Has_OMS,12.770777071399046
AV_VF,11.112993753623087
ASA_m2_cm3,10.622431029263556
LCD,9.775505625775045
LFPD,8.935638101057101
AV_cm3_g,6.624597801049018
ASA_m2_g,6.0650665907676835
NASA_m2_g,2.6231529940136116
NASA_m2_cm3,2.2196240845002007
NAV_cm3_g,0.4162252199770556
