{
  "R2": 0.9880577051771307,
  "MAE": 0.043083952404580364,
  "RMSE": 0.004498430738909188,
  "MAPE(%)": 3.536636227550521
}