Feature,Importance
0.1,87.13598202405608
AV_cm3_g,1.9205662666379646
cm3_g,1.6208280949237053
AV_VF,1.5931883335762687
Has_OMS,1.3959238575479729
LCD,1.29757199792678
PLD,1.1927614236410855
ASA_m2_g,1.0337921109633699
ASA_m2_cm3,0.9273378696902608
LFPD,0.8857442344105874
NASA_m2_cm3,0.5118746258300451
NASA_m2_g,0.3804961383520222
NAV_cm3_g,0.10393302244388282
