{
  "R2": 0.9926437793643513,
  "MAE": 0.007138598791180494,
  "RMSE": 0.00012015849891961432,
  "MAPE(%)": 1.918637309662381
}