Feature,Importance
0.5,76.27795241798057
ASA_m2_g,5.756329627775136
ASA_m2_cm3,3.893734200903811
AV_VF,3.350068247018276
AV_cm3_g,2.5947090647614104
cm3_g,1.677838177291848
LCD,1.440407836158745
PLD,1.3186818132359062
LFPD,1.3073691834299541
Has_OMS,1.1431366070649154
NASA_m2_g,0.5902774085057927
NASA_m2_cm3,0.5673747387046841
NAV_cm3_g,0.08212067716895705
