{
  "R2": 0.981589960443319,
  "MAE": 0.05140719409177334,
  "RMSE": 0.007549109282175276,
  "MAPE(%)": 3.6344828915306353
}