Feature,Importance
0.01,71.76702756696906
ASA_m2_cm3,5.264872934131719
ASA_m2_g,5.177856547532174
AV_cm3_g,3.4763426302500156
AV_VF,3.278990145451392
Has_OMS,2.0406495982708903
PLD,1.9605116334121024
LFPD,1.950903543394887
LCD,1.8437507145009042
cm3_g,1.5779268218345504
NASA_m2_cm3,0.9199411828030591
NASA_m2_g,0.6412824540765502
NAV_cm3_g,0.09994422737268305
