{
  "R2": 0.967428375453623,
  "MAE": 0.06344930521120956,
  "RMSE": 0.00935767515088083,
  "MAPE(%)": 4.419774380089128
}