{
  "R2": 0.9845770168441625,
  "MAE": 0.03281090816794349,
  "RMSE": 0.0027903923329226556,
  "MAPE(%)": 2.987272376451959
}