Feature,Importance
Has_OMS,13.603069431503098
PLD,13.166874428335412
cm3_g,12.863817848784915
ASA_m2_cm3,11.753710029142875
AV_VF,11.354804708082233
ASA_m2_g,8.442442815151328
LCD,8.231385435114934
LFPD,8.103219320839964
AV_cm3_g,5.946857680318775
NASA_m2_cm3,3.79175120357183
NASA_m2_g,2.5600119071412886
NAV_cm3_g,0.182055192013336
