temp,lowp,outp,seed,mode,qt_frac,train_ratio,out_root,model,R2,MAE,RMSE,MAPE(%)
313K,HENRY,1,2029,lowq,0.55,0.5,./RUN_FULL_EXP,cat,0.9955237246577812,0.004057858674457621,4.026664204786202e-05,1.560895048125096
