{
  "R2": 0.9955237246577812,
  "MAE": 0.004057858674457621,
  "RMSE": 4.026664204786202e-05,
  "MAPE(%)": 1.560895048125096
}