Feature,Importance
0.5,92.0185575276529
cm3_g,1.344243540609625
AV_cm3_g,1.087175226366036
AV_VF,0.94079658310779
Has_OMS,0.9009504409317666
ASA_m2_g,0.6917098613214002
ASA_m2_cm3,0.6839822340788767
LCD,0.6542406450058622
LFPD,0.4921700699104392
PLD,0.48979665937258066
NASA_m2_cm3,0.4710149170985315
NASA_m2_g,0.19100425347245234
NAV_cm3_g,0.03435804107172411
