{
  "R2": 0.995266052620047,
  "MAE": 0.006893452363628796,
  "RMSE": 0.0002584784066474512,
  "MAPE(%)": 1.8418145916870732
}