Feature,Importance
0.05,84.78047171761266
AV_cm3_g,2.024565159326186
ASA_m2_cm3,1.969884071342476
AV_VF,1.9284840744630372
cm3_g,1.5718346098813416
PLD,1.4662134621332785
Has_OMS,1.4601271732623782
ASA_m2_g,1.4303836709133513
LCD,1.0305900210104888
LFPD,1.0084099163091576
NASA_m2_cm3,0.6658812248569367
NASA_m2_g,0.4761201696538334
NAV_cm3_g,0.1870347292348679
