{
  "R2": 0.980369063699231,
  "MAE": 0.018768154207095235,
  "RMSE": 0.0022821697631871083,
  "MAPE(%)": 3.231693064872243
}