temp,lowp,outp,seed,mode,qt_frac,train_ratio,out_root,model,R2,MAE,RMSE,MAPE(%)
273K,0.05,1,2028,lowq,0.1,0.5,./RUN_FULL_EXP,cat,0.980369063699231,0.018768154207095235,0.0022821697631871083,3.231693064872243
