{
  "R2": 0.807217118271135,
  "MAE": 0.14971590739710341,
  "RMSE": 0.04421547075988386,
  "MAPE(%)": 13.51286064110181
}