Feature,Importance
0.01,64.9072380044138
ASA_m2_cm3,7.520603691571613
ASA_m2_g,5.91396021714912
AV_VF,4.257514473392264
AV_cm3_g,3.6246318236005535
LCD,2.73336832774755
PLD,2.5538911182716206
cm3_g,2.551526629522895
Has_OMS,2.5006854492691417
LFPD,2.1800322555201275
NASA_m2_g,0.644507337340652
NASA_m2_cm3,0.5479211850578074
NAV_cm3_g,0.06411948714283924
