{
  "R2": 0.9578754294263052,
  "MAE": 0.10866700061465497,
  "RMSE": 0.03120906843413478,
  "MAPE(%)": 5.571281876796086
}