Feature,Importance
HENRY,63.016677494860126
ASA_m2_g,10.968274809069456
ASA_m2_cm3,5.663287868642425
AV_cm3_g,4.655139898623497
AV_VF,4.145017924939624
cm3_g,3.1500659139563947
PLD,2.033034204237543
LFPD,2.012423586980343
LCD,1.6999845295002467
Has_OMS,1.5087700245781852
NASA_m2_cm3,0.6382085694897198
NASA_m2_g,0.41400184304145815
NAV_cm3_g,0.09511333208096959
