{
  "R2": 0.9627417170426207,
  "MAE": 0.11352859537515597,
  "RMSE": 0.03569758354102197,
  "MAPE(%)": 4.6328865831791
}