{
  "R2": 0.961027120687181,
  "MAE": 0.16826697389882447,
  "RMSE": 0.05831870193739601,
  "MAPE(%)": 5.489531199978247
}