Feature,Importance
0.01,70.3342550395922
ASA_m2_g,7.147589982453011
ASA_m2_cm3,4.773228324066485
AV_VF,3.897838877693096
AV_cm3_g,2.6602089562506235
cm3_g,2.3974683965469072
LCD,2.2694801134509377
PLD,1.9695480234423977
Has_OMS,1.7552560839728115
LFPD,1.529045265845847
NASA_m2_cm3,0.761830118303606
NASA_m2_g,0.43785183265944905
NAV_cm3_g,0.06639898572264434
