{
  "R2": 0.9677854942792328,
  "MAE": 0.05982440260135761,
  "RMSE": 0.007653896152985526,
  "MAPE(%)": 4.040297226735459
}