Feature,Importance
HENRY,86.03492604549481
cm3_g,2.066132557360378
AV_VF,1.6889892490728995
AV_cm3_g,1.5519793966145259
Has_OMS,1.5098994815732503
ASA_m2_cm3,1.4721101643667678
PLD,1.43398572125285
LCD,1.1576235404112765
LFPD,1.1480818079570618
ASA_m2_g,0.8579793250037907
NASA_m2_g,0.5726876766746137
NASA_m2_cm3,0.44940195497870294
NAV_cm3_g,0.056203079239091146
