{
  "R2": 0.9868870676254597,
  "MAE": 0.00954618272231318,
  "RMSE": 0.0006513985523949817,
  "MAPE(%)": 2.4202271374606963
}