temp,lowp,outp,seed,mode,qt_frac,train_ratio,out_root,model,R2,MAE,RMSE,MAPE(%)
293K,HENRY,1,2028,lowq,0.1,0.5,./RUN_FULL_EXP,cat,0.9868870676254597,0.00954618272231318,0.0006513985523949817,2.4202271374606963
