{
  "R2": 0.9609957757272244,
  "MAE": 0.1654283197481724,
  "RMSE": 0.07462381725797422,
  "MAPE(%)": 5.710613102342119
}