{
  "R2": 0.9967786653269639,
  "MAE": 0.003398329299707627,
  "RMSE": 2.2108688509833452e-05,
  "MAPE(%)": 1.263894316583357
}