Feature,Importance
0.01,87.24751349779747
LFPD,1.7826886063167517
AV_VF,1.7643940249412131
AV_cm3_g,1.5247594620317888
Has_OMS,1.4690530323140967
cm3_g,1.4138613007176337
ASA_m2_cm3,1.1034536560067936
PLD,1.0093739769803192
LCD,0.9920112129342944
ASA_m2_g,0.8945768153089483
NASA_m2_cm3,0.48772615337668346
NASA_m2_g,0.1990097020099313
NAV_cm3_g,0.11157855926409177
