{
  "R2": 0.969870771574315,
  "MAE": 0.008689952205680222,
  "RMSE": 0.0009086393847394565,
  "MAPE(%)": 3.1499869852554903
}