temp,lowp,outp,seed,mode,qt_frac,train_ratio,out_root,model,R2,MAE,RMSE,MAPE(%)
313K,0.01,1,2028,lowq,0.1,0.5,./RUN_FULL_EXP,cat,0.969870771574315,0.008689952205680222,0.0009086393847394565,3.1499869852554903
