Feature,Importance
0.5,91.02428673414288
cm3_g,1.4561288580845115
AV_cm3_g,1.2332394390101065
Has_OMS,0.9621070063864848
AV_VF,0.9591094316299078
LFPD,0.8251007897379802
ASA_m2_cm3,0.7622224423357493
PLD,0.6807952081139593
ASA_m2_g,0.6690943490914696
LCD,0.5467497451435989
NASA_m2_cm3,0.5173174603055739
NASA_m2_g,0.23530606706925933
NAV_cm3_g,0.12854246894849286
