{
  "R2": 0.9932955629736984,
  "MAE": 0.011115007016461025,
  "RMSE": 0.0005228912593263457,
  "MAPE(%)": 2.023505412821023
}