temp,lowp,outp,seed,mode,qt_frac,train_ratio,out_root,model,R2,MAE,RMSE,MAPE(%)
273K,0.5,1,2025,lowq,0.25,0.5,./RUN_FULL_EXP,cat,0.9932955629736984,0.011115007016461025,0.0005228912593263457,2.023505412821023
