{
  "R2": 0.9684376910344005,
  "MAE": 0.05604760241324393,
  "RMSE": 0.007944356731202369,
  "MAPE(%)": 3.7520551277265715
}