Feature,Importance
0.01,88.14084482042995
cm3_g,1.8678589365109857
LFPD,1.41111371904707
AV_VF,1.3729686227707334
AV_cm3_g,1.2825685044374027
PLD,1.2318086884456196
ASA_m2_g,1.1698068238649038
LCD,1.0447668622794246
ASA_m2_cm3,1.0370890087732387
Has_OMS,0.7901774961753604
NASA_m2_cm3,0.36414223434444787
NASA_m2_g,0.25605995518648
NAV_cm3_g,0.030794327734406185
