{
  "R2": 0.9880508064222882,
  "MAE": 0.006735902842239968,
  "RMSE": 7.690036967293869e-05,
  "MAPE(%)": 2.572329725611352
}