Feature,Importance
0.1,66.63224450029186
ASA_m2_cm3,7.134705373068107
ASA_m2_g,5.380593280534545
AV_VF,4.408325401925592
AV_cm3_g,3.6916905183021034
cm3_g,2.5859870063885193
LCD,2.51831087652318
PLD,2.1818716240449794
LFPD,1.9053752483175865
Has_OMS,1.787372094337067
NASA_m2_g,0.9687127601438676
NASA_m2_cm3,0.708865736101218
NAV_cm3_g,0.0959455800213901
