{
  "R2": 0.9550878286075067,
  "MAE": 0.10217360366297307,
  "RMSE": 0.02559412822335345,
  "MAPE(%)": 5.073952714943945
}