Feature,Importance
0.5,54.3018179510658
ASA_m2_g,16.232583745504154
AV_VF,7.041675416617087
ASA_m2_cm3,4.972314234041112
AV_cm3_g,4.578026881520054
cm3_g,3.4412288235202486
PLD,2.485883984190341
LCD,2.3297747914933407
LFPD,2.211495727126272
Has_OMS,1.1898671192983894
NASA_m2_cm3,0.5891325521152104
NASA_m2_g,0.5668033768185785
NAV_cm3_g,0.05939539668939103
