{
  "R2": 0.9647823521417402,
  "MAE": 0.1566445809878401,
  "RMSE": 0.06251183089368584,
  "MAPE(%)": 5.257153162899482
}