Feature,Importance
0.01,85.55706851503997
AV_cm3_g,2.0212673863391952
LCD,1.9260920132489778
cm3_g,1.8949539999237026
AV_VF,1.5628237715950433
ASA_m2_cm3,1.3058365971975858
Has_OMS,1.2043466758486585
PLD,1.1711921157294791
ASA_m2_g,1.0391777045663253
LFPD,0.9581660209820061
NASA_m2_cm3,0.6938614361420983
NASA_m2_g,0.6119431992515408
NAV_cm3_g,0.05327056413542203
