{
  "R2": 0.9912317371148722,
  "MAE": 0.010220155795603833,
  "RMSE": 0.0002671715542160921,
  "MAPE(%)": 2.905262596645364
}