{
  "R2": 0.9664614673485861,
  "MAE": 0.060748687817964435,
  "RMSE": 0.00781197545318878,
  "MAPE(%)": 4.093956908045149
}