temp,lowp,outp,seed,mode,qt_frac,train_ratio,out_root,model,R2,MAE,RMSE,MAPE(%)
293K,0.01,5,2028,lowq,0.7,0.5,./RUN_FULL_EXP,cat,0.9664614673485861,0.060748687817964435,0.00781197545318878,4.093956908045149
