{
  "R2": 0.9886549453101925,
  "MAE": 0.011402086016552385,
  "RMSE": 0.00034861236616780456,
  "MAPE(%)": 3.305284458948858
}