Feature,Importance
0.05,87.23410921289705
cm3_g,1.9647141425435015
LFPD,1.9068786695990025
AV_cm3_g,1.6876068554105073
AV_VF,1.3633814745103485
Has_OMS,1.2002598701225509
LCD,1.0739796847457324
ASA_m2_cm3,1.049418793913805
PLD,0.901164799089971
ASA_m2_g,0.5907424773069314
NASA_m2_cm3,0.5327659386186628
NASA_m2_g,0.4421600025896058
NAV_cm3_g,0.052818078652310696
