{
  "R2": 0.9851091168126834,
  "MAE": 0.005747391541728095,
  "RMSE": 0.0002925568682339777,
  "MAPE(%)": 2.1828113006953864
}