Feature,Importance
0.01,75.32348350308433
AV_cm3_g,3.3823550057354956
AV_VF,3.005815811276384
ASA_m2_g,2.6831682951439007
cm3_g,2.675578425089011
ASA_m2_cm3,2.670579346805186
PLD,2.2278604718457125
LFPD,2.2156648262456913
Has_OMS,2.1765706510409255
LCD,1.8104186503626345
NASA_m2_cm3,0.9757509941050813
NASA_m2_g,0.7925758444153441
NAV_cm3_g,0.060178174850311995
