Feature,Importance
0.01,78.66476613999168
Has_OMS,3.9423513766819602
AV_VF,2.7115844812364602
AV_cm3_g,2.4280306180246902
LCD,2.200724261885977
cm3_g,2.0781041660634783
ASA_m2_cm3,1.8832383897231368
PLD,1.829481856830344
ASA_m2_g,1.4975763117961547
LFPD,1.3312097133372356
NASA_m2_cm3,0.7690199714876821
NASA_m2_g,0.5014759982614668
NAV_cm3_g,0.1624367146797346
