temp,lowp,outp,seed,mode,qt_frac,train_ratio,out_root,model,R2,MAE,RMSE,MAPE(%)
273K,0.01,1,2029,struct_with_input,0.15,0.15,./RUN_FULL_EXP,cat,0.9699981676749974,0.02511914117882152,0.0028989232252813785,4.739739368472345
