{
  "R2": 0.9699981676749974,
  "MAE": 0.02511914117882152,
  "RMSE": 0.0028989232252813785,
  "MAPE(%)": 4.739739368472345
}