{
  "R2": 0.9790896548057246,
  "MAE": 0.023804354321262187,
  "RMSE": 0.002000822858167242,
  "MAPE(%)": 4.748244540183925
}