{
  "R2": 0.9883245326952776,
  "MAE": 0.0164542053281746,
  "RMSE": 0.0006769852408540876,
  "MAPE(%)": 3.0601479366137747
}