temp,lowp,outp,seed,mode,qt_frac,train_ratio,out_root,model,R2,MAE,RMSE,MAPE(%)
273K,0.01,1,2028,struct_with_input,0.38,0.75,./RUN_FULL_EXP,cat,0.9883245326952776,0.0164542053281746,0.0006769852408540876,3.0601479366137747
