{
  "R2": 0.9896911042339565,
  "MAE": 0.008633062408852837,
  "RMSE": 0.0003744690795168791,
  "MAPE(%)": 2.2437233113526562
}