{
  "R2": 0.9942389958027298,
  "MAE": 0.004541398771980918,
  "RMSE": 3.802708573519668e-05,
  "MAPE(%)": 1.7123485949641088
}