temp,lowp,outp,seed,mode,qt_frac,train_ratio,out_root,model,R2,MAE,RMSE,MAPE(%)
313K,0.05,1,2025,lowq,0.8,0.5,./RUN_FULL_EXP,cat,0.9942389958027298,0.004541398771980918,3.802708573519668e-05,1.7123485949641088
