{
  "R2": 0.9680296546002655,
  "MAE": 0.06326881010681537,
  "RMSE": 0.00928710996303064,
  "MAPE(%)": 4.4030718351866796
}