{
  "R2": 0.9676313646600956,
  "MAE": 0.1558056011703331,
  "RMSE": 0.06064810003845005,
  "MAPE(%)": 5.567065262926221
}