{
  "R2": 0.9538977703704563,
  "MAE": 0.1909382107860581,
  "RMSE": 0.08464384908552414,
  "MAPE(%)": 6.70697533214676
}