{
  "R2": 0.9593083507359957,
  "MAE": 0.16337187004294113,
  "RMSE": 0.05537260047636797,
  "MAPE(%)": 5.109880553000313
}