Feature,Importance
0.1,88.09606510635203
cm3_g,1.6839467398894636
AV_cm3_g,1.5281195387037239
Has_OMS,1.1862195152540058
ASA_m2_g,1.1478368293371117
ASA_m2_cm3,1.0877907324314349
LCD,1.0523691561890727
PLD,1.0257587472282579
AV_VF,1.0216091649469734
LFPD,0.9399841671926673
NASA_m2_cm3,0.7136131436549358
NASA_m2_g,0.4427149964460492
NAV_cm3_g,0.07397216237427937
