{
  "R2": 0.9954389356484626,
  "MAE": 0.004083165104905802,
  "RMSE": 3.4527031110303044e-05,
  "MAPE(%)": 1.5620207703458253
}