{
  "R2": 0.9972491975028471,
  "MAE": 0.0035752743099257377,
  "RMSE": 2.68331941478189e-05,
  "MAPE(%)": 1.398850578779118
}