temp,lowp,outp,seed,mode,qt_frac,train_ratio,out_root,model,R2,MAE,RMSE,MAPE(%)
313K,0.5,1,2027,lowq,0.5,0.5,./RUN_FULL_EXP,cat,0.9972491975028471,0.0035752743099257377,2.68331941478189e-05,1.398850578779118
