Feature,Importance
0.01,80.91764348619417
AV_VF,2.4815742728792327
AV_cm3_g,2.2153109119230874
cm3_g,2.2099535914673267
ASA_m2_cm3,2.162818241424585
PLD,1.947471673182982
Has_OMS,1.7929963833586329
LCD,1.7042936104475728
LFPD,1.60207341785556
ASA_m2_g,1.4863940669932423
NASA_m2_cm3,0.7473613143827754
NASA_m2_g,0.6410257716563049
NAV_cm3_g,0.09108325823456422
