{
  "R2": 0.9865953827375864,
  "MAE": 0.018243580353804974,
  "RMSE": 0.000964830818332163,
  "MAPE(%)": 3.354123325443948
}