temp,lowp,outp,seed,mode,qt_frac,train_ratio,out_root,model,R2,MAE,RMSE,MAPE(%)
273K,0.01,1,2025,lowq,0.3,0.5,./RUN_FULL_EXP,cat,0.9865953827375864,0.018243580353804974,0.000964830818332163,3.354123325443948
