Feature,Importance
0.05,84.76242411461362
Has_OMS,2.4606745788009214
AV_cm3_g,2.00704735726016
ASA_m2_g,1.7186322884610914
LFPD,1.5711822205239114
AV_VF,1.5391695181051588
LCD,1.3642776240249619
cm3_g,1.3019705753730872
ASA_m2_cm3,1.1119664628927803
PLD,0.8808154318218703
NASA_m2_cm3,0.7207525978807429
NASA_m2_g,0.4783537591818409
NAV_cm3_g,0.08273347105986269
