{
  "R2": 0.9901621582579017,
  "MAE": 0.009182085101110717,
  "RMSE": 0.00043878747127597744,
  "MAPE(%)": 2.419086097346594
}