Feature,Importance
HENRY,83.57260823062832
AV_cm3_g,2.6091985301399307
cm3_g,2.1586033345209086
Has_OMS,2.151041540149906
LFPD,2.0924747761514735
AV_VF,1.584601516348737
NASA_m2_cm3,1.2125406200216418
LCD,1.1497420332704358
PLD,1.0047895830821962
ASA_m2_g,0.9603413376815326
ASA_m2_cm3,0.9266678614650763
NASA_m2_g,0.4046701405742817
NAV_cm3_g,0.17272049596558245
