{
  "R2": 0.9954197387205305,
  "MAE": 0.00439185103469992,
  "RMSE": 6.328953925535316e-05,
  "MAPE(%)": 1.736935800567587
}