Feature,Importance
0.05,53.1932978854072
ASA_m2_g,16.492811441406158
ASA_m2_cm3,5.864832142243458
AV_cm3_g,5.704432225247486
AV_VF,5.085699062313768
cm3_g,3.7480417991403017
PLD,2.697467319392501
LFPD,2.3795474018188902
LCD,2.3019924419659334
Has_OMS,1.1348264897834188
NASA_m2_g,0.7432569452903175
NASA_m2_cm3,0.5178231820004849
NAV_cm3_g,0.13597166399008745
