{
  "R2": 0.9621740940697572,
  "MAE": 0.16539574657947909,
  "RMSE": 0.071899270677211,
  "MAPE(%)": 5.811709712785791
}