Feature,Importance
0.1,87.23258743284958
cm3_g,1.9390393323397461
LFPD,1.7388016970360862
Has_OMS,1.424504091267472
AV_cm3_g,1.4104997129760992
PLD,1.3432628839696303
AV_VF,1.2990526307670973
ASA_m2_cm3,1.0907433676134906
LCD,0.888698064711075
ASA_m2_g,0.879863222085521
NASA_m2_cm3,0.35704422203656444
NASA_m2_g,0.3314073385637055
NAV_cm3_g,0.06449600378391866
