{
  "R2": 0.9942155725642877,
  "MAE": 0.00477986548861279,
  "RMSE": 8.290836131485426e-05,
  "MAPE(%)": 1.8720380650072275
}