{
  "R2": 0.9504989235494384,
  "MAE": 0.2625624385248283,
  "RMSE": 0.14531465318949446,
  "MAPE(%)": 7.368472132782422
}