temp,lowp,outp,seed,mode,qt_frac,train_ratio,out_root,model,R2,MAE,RMSE,MAPE(%)
313K,0.01,1,2028,lowq,0.5,0.5,./RUN_FULL_EXP,cat,0.9902803393502277,0.0070046417087861355,9.61043132356697e-05,2.791707738110312
