{
  "R2": 0.9902803393502277,
  "MAE": 0.0070046417087861355,
  "RMSE": 9.61043132356697e-05,
  "MAPE(%)": 2.791707738110312
}