{
  "R2": 0.9942270804593053,
  "MAE": 0.004796074780350627,
  "RMSE": 4.900701910342083e-05,
  "MAPE(%)": 1.8727617297542434
}