temp,lowp,outp,seed,mode,qt_frac,train_ratio,out_root,model,R2,MAE,RMSE,MAPE(%)
313K,0.05,1,2029,lowq,0.6,0.5,./RUN_FULL_EXP,cat,0.9942270804593053,0.004796074780350627,4.900701910342083e-05,1.8727617297542434
