Feature,Importance
0.1,87.64158891746376
AV_cm3_g,1.8042918248090771
cm3_g,1.6721083778517545
AV_VF,1.608243541461283
Has_OMS,1.4365126820575405
ASA_m2_g,1.2446833390438692
PLD,1.1179762495207233
ASA_m2_cm3,0.9509554663181249
LFPD,0.9049008613526907
LCD,0.8046380775640779
NASA_m2_cm3,0.4938476390916259
NASA_m2_g,0.25278428211410736
NAV_cm3_g,0.06746874135136595
