{
  "R2": 0.9931602061812915,
  "MAE": 0.007012449350616777,
  "RMSE": 0.00011981627721509377,
  "MAPE(%)": 1.8802126417295464
}