temp,lowp,outp,seed,mode,qt_frac,train_ratio,out_root,model,R2,MAE,RMSE,MAPE(%)
273K,0.01,1,2028,struct_with_input,0.35,0.7,./RUN_FULL_EXP,cat,0.984482669921496,0.017386957718796836,0.0010330549896453722,3.185598214476141
