temp,lowp,outp,seed,mode,qt_frac,train_ratio,out_root,model,R2,MAE,RMSE,MAPE(%)
273K,0.01,1,2028,struct_with_input,0.35,0.7,./RUN_FULL_EXP,cat,0.9857803165266757,0.017462576418817613,0.0009426586841866404,3.2039578744542627
