{
  "R2": 0.984482669921496,
  "MAE": 0.017386957718796836,
  "RMSE": 0.0010330549896453722,
  "MAPE(%)": 3.185598214476141
}