temp,lowp,outp,seed,mode,qt_frac,train_ratio,out_root,model,R2,MAE,RMSE,MAPE(%)
293K,0.01,15,2025,struct_with_input,0.0,0.05,./RUN_FULL_EXP,cat,0.9219165761189516,0.25415779488779267,0.14816263231980062,10.328747013805643
