{
  "R2": 0.9219165761189516,
  "MAE": 0.25415779488779267,
  "RMSE": 0.14816263231980062,
  "MAPE(%)": 10.328747013805643
}