Feature,Importance
0.01,82.30500035704534
ASA_m2_g,2.883340242346698
ASA_m2_cm3,2.363941489773124
LFPD,1.721047261192634
LCD,1.6945113373516087
AV_VF,1.6661193507064531
AV_cm3_g,1.6560415803950326
PLD,1.617424998332866
cm3_g,1.6012819244764782
Has_OMS,1.0662019080779492
NASA_m2_cm3,0.7299055456975584
NASA_m2_g,0.6455525438630092
NAV_cm3_g,0.04963146074122649
