{
  "R2": 0.8252948938659079,
  "MAE": 0.13645707280001917,
  "RMSE": 0.039503502625779605,
  "MAPE(%)": 11.091902119157478
}