temp,lowp,outp,seed,mode,qt_frac,train_ratio,out_root,model,R2,MAE,RMSE,MAPE(%)
313K,0.01,5,2029,lowq,0.5,0.5,./RUN_FULL_EXP,cat,0.9766738514664287,0.04105595495502424,0.0035530928785875732,3.8120228443843303
