{
  "R2": 0.9766738514664287,
  "MAE": 0.04105595495502424,
  "RMSE": 0.0035530928785875732,
  "MAPE(%)": 3.8120228443843303
}