{
  "R2": 0.9590047433136621,
  "MAE": 0.0222799850654264,
  "RMSE": 0.006673785644267264,
  "MAPE(%)": 3.3894638026666395
}