Feature,Importance
0.1,72.56409200753848
ASA_m2_g,5.6323625194046585
ASA_m2_cm3,4.450150596433148
AV_VF,3.71325040078822
AV_cm3_g,2.545234059244049
cm3_g,2.2286072143217455
Has_OMS,2.102112819919029
LCD,2.0039093435569995
PLD,1.7571902431821287
LFPD,1.6124478739029848
NASA_m2_cm3,0.9570961173306554
NASA_m2_g,0.3157597803166075
NAV_cm3_g,0.11778702406130098
