temp,lowp,outp,seed,mode,qt_frac,train_ratio,out_root,model,R2,MAE,RMSE,MAPE(%)
293K,0.1,5,2029,lowq,0.55,0.5,./RUN_FULL_EXP,cat,0.9731621613510322,0.054920777437701046,0.007204321782785127,3.751763432795823
