{
  "R2": 0.9731621613510322,
  "MAE": 0.054920777437701046,
  "RMSE": 0.007204321782785127,
  "MAPE(%)": 3.751763432795823
}