Feature,Importance
0.01,71.27129281140944
ASA_m2_g,6.722255421239777
AV_VF,4.059013409190468
ASA_m2_cm3,3.69191328497136
AV_cm3_g,3.0092931688373783
Has_OMS,2.500987597294571
LCD,2.229895196010918
cm3_g,1.9385640472183185
LFPD,1.6628246227602066
PLD,1.5762788479972538
NASA_m2_cm3,0.7882085830600389
NASA_m2_g,0.4369889683280585
NAV_cm3_g,0.11248404168220394
