{
  "R2": 0.9665043757302259,
  "MAE": 0.067635514712763,
  "RMSE": 0.011336908147608592,
  "MAPE(%)": 4.663305563193251
}