{
  "R2": 0.9695251141098474,
  "MAE": 0.15874782092266043,
  "RMSE": 0.058023762979454115,
  "MAPE(%)": 5.73241941882134
}