temp,lowp,outp,seed,mode,qt_frac,train_ratio,out_root,model,R2,MAE,RMSE,MAPE(%)
293K,HENRY,1,2025,lowq,0.1,0.5,./RUN_FULL_EXP,cat,0.9895874911295539,0.009092206900436101,0.0004941670551966626,2.343895401428663
