{
  "R2": 0.9895874911295539,
  "MAE": 0.009092206900436101,
  "RMSE": 0.0004941670551966626,
  "MAPE(%)": 2.343895401428663
}