Feature,Importance
0.1,72.86563535051243
ASA_m2_g,6.417165596481927
ASA_m2_cm3,4.257740413394042
AV_VF,3.5868999599547635
AV_cm3_g,2.6031489250483895
Has_OMS,2.138991324041578
cm3_g,2.00530004573142
LFPD,1.9248724847636915
LCD,1.6208479481298355
PLD,1.4216994063513966
NASA_m2_cm3,0.5864801556500459
NASA_m2_g,0.4701662932745613
NAV_cm3_g,0.10105209666592485
