{
  "R2": 0.972059472458968,
  "MAE": 0.05746084247817287,
  "RMSE": 0.008557719207571769,
  "MAPE(%)": 3.922706640876525
}