Feature,Importance
0.01,85.06491905655598
LFPD,1.9429064872234703
LCD,1.8579559797005385
ASA_m2_g,1.7289567006649074
AV_VF,1.6689265119675851
PLD,1.615455090649651
AV_cm3_g,1.581841775220329
ASA_m2_cm3,1.4331730380595389
cm3_g,1.1365928629531725
Has_OMS,0.9856769596071431
NASA_m2_cm3,0.6529411226005877
NASA_m2_g,0.29305934527122063
NAV_cm3_g,0.03759506952589181
