{
  "R2": 0.9699617177752254,
  "MAE": 0.013834374516438055,
  "RMSE": 0.0021257471333774925,
  "MAPE(%)": 3.5679273154358198
}