{
  "R2": 0.9819529153683615,
  "MAE": 0.03220931055381492,
  "RMSE": 0.0029973720963373026,
  "MAPE(%)": 2.9313266842110246
}