{
  "R2": 0.7362922945381496,
  "MAE": 0.5045053410306932,
  "RMSE": 0.5027970681741676,
  "MAPE(%)": 21.75977599756899
}