temp,lowp,outp,seed,mode,qt_frac,train_ratio,out_root,model,R2,MAE,RMSE,MAPE(%)
273K,0.5,1,2025,lowq,0.45,0.5,./RUN_FULL_EXP,cat,0.9956757451904853,0.010133099931462358,0.0002446094245862478,1.8446589040345855
