{
  "R2": 0.9956757451904853,
  "MAE": 0.010133099931462358,
  "RMSE": 0.0002446094245862478,
  "MAPE(%)": 1.8446589040345855
}