Feature,Importance
0.01,54.29188017796249
ASA_m2_g,17.23846019104526
AV_VF,5.493728394234625
ASA_m2_cm3,4.823132160905893
AV_cm3_g,4.471905080974345
cm3_g,3.426690563309069
PLD,2.819123893908616
LFPD,2.359412332669265
LCD,2.2861788339420515
Has_OMS,1.4079720575637322
NASA_m2_cm3,0.6729443038174194
NASA_m2_g,0.5464529048729724
NAV_cm3_g,0.16211910479426297
