{
  "R2": 0.9662345386872522,
  "MAE": 0.06032429936166932,
  "RMSE": 0.007521571557274525,
  "MAPE(%)": 4.053576445048246
}