temp,lowp,outp,seed,mode,qt_frac,train_ratio,out_root,model,R2,MAE,RMSE,MAPE(%)
293K,0.01,5,2026,lowq,0.75,0.5,./RUN_FULL_EXP,cat,0.9662345386872522,0.06032429936166932,0.007521571557274525,4.053576445048246
