Feature,Importance
0.01,86.23940545059298
cm3_g,1.8487022432153846
AV_VF,1.82564171142518
AV_cm3_g,1.6588158291006183
LCD,1.558503374180664
ASA_m2_g,1.3745111923573328
PLD,1.140170374536277
Has_OMS,1.1356745710549028
ASA_m2_cm3,1.0315957869328871
LFPD,0.7945911469946554
NASA_m2_g,0.778530470034303
NASA_m2_cm3,0.46980315781890014
NAV_cm3_g,0.14405469175591465
