{
  "R2": 0.9887386522558546,
  "MAE": 0.009774343481006241,
  "RMSE": 0.0002108991782337334,
  "MAPE(%)": 2.7146252411187626
}