temp,lowp,outp,seed,mode,qt_frac,train_ratio,out_root,model,R2,MAE,RMSE,MAPE(%)
273K,0.01,1,2026,struct,0.0,0.75,./RUN_FULL_EXP,cat,0.44209671626189573,0.18248557435072116,0.08642964817590527,53.454749950056346
