{
  "R2": 0.48264357572315064,
  "MAE": 0.17472636137431088,
  "RMSE": 0.09166008870851651,
  "MAPE(%)": 40.63386276073535
}