Feature,Importance
0.05,64.79510877346857
ASA_m2_g,9.437771805132682
ASA_m2_cm3,5.440685636690925
AV_VF,5.075238520709166
AV_cm3_g,3.7849289731880322
cm3_g,3.606233190894369
LCD,2.15884273314664
PLD,1.8200989096777844
LFPD,1.2473119259778547
Has_OMS,1.0534420156689221
NASA_m2_g,0.8041466382139588
NASA_m2_cm3,0.7033276009011479
NAV_cm3_g,0.07286327632999026
