{
  "R2": 0.9717894273374544,
  "MAE": 0.111198582208303,
  "RMSE": 0.02686737283860859,
  "MAPE(%)": 4.483988325777134
}