temp,lowp,outp,seed,mode,qt_frac,train_ratio,out_root,model,R2,MAE,RMSE,MAPE(%)
273K,0.01,1,2025,struct_with_input,0.38,0.75,./RUN_FULL_EXP,cat,0.9876657185810566,0.015900848014571964,0.0007729012035731366,3.0244629915506875
