{
  "R2": 0.9764428596851478,
  "MAE": 0.10704886760194313,
  "RMSE": 0.026732193410348704,
  "MAPE(%)": 4.675972403515971
}