Feature,Importance
0.5,53.785129239682256
ASA_m2_g,12.870846717427773
AV_cm3_g,7.393550884779796
ASA_m2_cm3,6.652280212263068
AV_VF,5.561258339859454
cm3_g,3.6033764516327893
PLD,2.621114984879287
LFPD,2.2951979955672024
LCD,2.1299568629585717
Has_OMS,1.5392926244493976
NASA_m2_cm3,0.7964231495751051
NASA_m2_g,0.655476956328029
NAV_cm3_g,0.09609558059725991
