{
  "R2": 0.9529366428919429,
  "MAE": 0.23274774306811397,
  "RMSE": 0.12127801723056059,
  "MAPE(%)": 5.873451996228076
}