Feature,Importance
0.5,92.18091640912618
AV_VF,1.3407529479076652
cm3_g,1.1018961912218321
LFPD,0.9854789818175151
AV_cm3_g,0.823190685141927
LCD,0.6967660354130283
Has_OMS,0.6746990419794685
ASA_m2_cm3,0.5781174439924054
PLD,0.5518855488358066
ASA_m2_g,0.42395549280339195
NASA_m2_cm3,0.3466845822791897
NASA_m2_g,0.2501767520749025
NAV_cm3_g,0.045479887406657704
