{
  "R2": 0.9960733027116225,
  "MAE": 0.005668874623553566,
  "RMSE": 7.286829523652194e-05,
  "MAPE(%)": 1.523325189099759
}