Feature,Importance
0.1,71.06822942339508
ASA_m2_g,6.120981329118749
AV_VF,4.330299480969186
ASA_m2_cm3,4.216195264689289
AV_cm3_g,2.7666963639648228
cm3_g,2.730549317768129
LCD,2.201085028265199
Has_OMS,1.7935135406014695
PLD,1.7401269037213933
LFPD,1.681612812367691
NASA_m2_cm3,0.8785358500671949
NASA_m2_g,0.355021398527981
NAV_cm3_g,0.11715328654382241
