Feature,Importance
0.01,81.21566919655686
cm3_g,2.83488495331511
ASA_m2_g,2.2711963513300586
AV_VF,2.193272792612094
ASA_m2_cm3,2.113022302422423
PLD,1.9003820687191828
Has_OMS,1.7356224587435334
AV_cm3_g,1.6978939294592361
LCD,1.477652902429035
LFPD,1.1833751158623425
NASA_m2_cm3,0.6511704896862385
NASA_m2_g,0.6074730762679126
NAV_cm3_g,0.11838436259595697
