{
  "R2": 0.9790196092157244,
  "MAE": 0.02005203367396143,
  "RMSE": 0.0019024621336989802,
  "MAPE(%)": 3.668565163667807
}