{
  "R2": 0.9603295645902682,
  "MAE": 0.17225462186310456,
  "RMSE": 0.07503869138446492,
  "MAPE(%)": 6.059277321996311
}