{
  "R2": 0.989438222133278,
  "MAE": 0.00940596774835122,
  "RMSE": 0.0001864895707262425,
  "MAPE(%)": 2.6422291780626774
}