Feature,Importance
0.05,85.97010462114585
AV_VF,1.8309386303233948
Has_OMS,1.7898627389972832
ASA_m2_cm3,1.690909040508696
AV_cm3_g,1.6489979159415298
cm3_g,1.5389395026191275
LFPD,1.2385601594529223
LCD,1.1516283692144071
PLD,1.128429013808868
ASA_m2_g,0.9392180494056281
NASA_m2_cm3,0.6325349906537507
NASA_m2_g,0.39561259868002446
NAV_cm3_g,0.04426436924852858
