{
  "R2": 0.992822893616248,
  "MAE": 0.008203531018075496,
  "RMSE": 0.00016546873827308375,
  "MAPE(%)": 2.2267929591168625
}