{
  "R2": 0.9649799442031519,
  "MAE": 0.11305067617547757,
  "RMSE": 0.04488906209333142,
  "MAPE(%)": 4.810130362525587
}