{
  "R2": 0.9643522704239422,
  "MAE": 0.08965330312861948,
  "RMSE": 0.017747484398856803,
  "MAPE(%)": 4.510092768742074
}