temp,lowp,outp,seed,mode,qt_frac,train_ratio,out_root,model,R2,MAE,RMSE,MAPE(%)
313K,0.01,1,2026,lowq,0.75,0.5,./RUN_FULL_EXP,cat,0.9881650256755801,0.006754710565993332,8.250889490451428e-05,2.611955534185386
