{
  "R2": 0.9881650256755801,
  "MAE": 0.006754710565993332,
  "RMSE": 8.250889490451428e-05,
  "MAPE(%)": 2.611955534185386
}