{
  "R2": 0.9581494079649719,
  "MAE": 0.23600806387493162,
  "RMSE": 0.12640386307515356,
  "MAPE(%)": 6.6530845229217945
}