{
  "R2": 0.994103175219624,
  "MAE": 0.024167985069460687,
  "RMSE": 0.0013377923216381477,
  "MAPE(%)": 1.8327594468216593
}