Feature,Importance
0.5,90.54854829101599
AV_cm3_g,1.4782201541930318
cm3_g,1.2644093009178103
ASA_m2_g,1.1174034406620594
Has_OMS,0.9668429005121462
PLD,0.8836709925051632
LFPD,0.779994562226518
ASA_m2_cm3,0.7279076665627728
LCD,0.6506820447321123
NASA_m2_cm3,0.5784796488543272
AV_VF,0.4641125499840273
NASA_m2_g,0.45000761780886006
NAV_cm3_g,0.08972083002519904
