{
  "R2": 0.997183237647767,
  "MAE": 0.00335543430457852,
  "RMSE": 2.0975617001315845e-05,
  "MAPE(%)": 1.2680176834266321
}