{
  "R2": 0.9867238548996443,
  "MAE": 0.01502707218770857,
  "RMSE": 0.0007459984535256384,
  "MAPE(%)": 2.7346973709827425
}