{
  "R2": 0.30660327592805203,
  "MAE": 0.08488568567178392,
  "RMSE": 0.026655859516407643,
  "MAPE(%)": 45.8951873224106
}