Feature,Importance
0.5,74.96801196562767
ASA_m2_g,5.294470401850891
ASA_m2_cm3,4.841849579005723
AV_VF,3.5136175656049433
AV_cm3_g,2.590319295635967
LFPD,1.7291695236581108
Has_OMS,1.7266491154621455
PLD,1.5187113524034046
LCD,1.453242117629955
cm3_g,1.3715007103921573
NASA_m2_cm3,0.48554158344361686
NASA_m2_g,0.4233483623227615
NAV_cm3_g,0.08356842696266795
