{
  "R2": 0.9768516075118748,
  "MAE": 0.05226969098500563,
  "RMSE": 0.006927693403058195,
  "MAPE(%)": 3.547861314267388
}