{
  "R2": 0.9692342183990632,
  "MAE": 0.06109719204342798,
  "RMSE": 0.008004558512155237,
  "MAPE(%)": 4.143803972443435
}