temp,lowp,outp,seed,mode,qt_frac,train_ratio,out_root,model,R2,MAE,RMSE,MAPE(%)
273K,HENRY,5,2025,lowq,0.35,0.5,./RUN_FULL_EXP,cat,0.9608845550071345,0.1016225875876014,0.025608963928802124,5.148343122026873
