{
  "R2": 0.9608845550071345,
  "MAE": 0.1016225875876014,
  "RMSE": 0.025608963928802124,
  "MAPE(%)": 5.148343122026873
}