{
  "R2": 0.9720883639373658,
  "MAE": 0.05698690112097984,
  "RMSE": 0.008993615132126582,
  "MAPE(%)": 3.907808423554749
}