{
  "R2": 0.9668497083185873,
  "MAE": 0.12020464106774534,
  "RMSE": 0.028632674788417384,
  "MAPE(%)": 4.779562577804184
}