temp,lowp,outp,seed,mode,qt_frac,train_ratio,out_root,model,R2,MAE,RMSE,MAPE(%)
293K,0.1,5,2029,lowq,0.35,0.5,./RUN_FULL_EXP,cat,0.9702304437749809,0.059129504766467375,0.009878932854603029,4.0147036367452085
