{
  "R2": 0.9702304437749809,
  "MAE": 0.059129504766467375,
  "RMSE": 0.009878932854603029,
  "MAPE(%)": 4.0147036367452085
}