{
  "R2": 0.9733814653836574,
  "MAE": 0.0049011339517782485,
  "RMSE": 0.0007264664472875689,
  "MAPE(%)": 1.7007736355803789
}