temp,lowp,outp,seed,mode,qt_frac,train_ratio,out_root,model,R2,MAE,RMSE,MAPE(%)
313K,0.5,1,2025,lowq,0.1,0.5,./RUN_FULL_EXP,cat,0.9733814653836574,0.0049011339517782485,0.0007264664472875689,1.7007736355803789
