temp,lowp,outp,seed,mode,qt_frac,train_ratio,out_root,model,R2,MAE,RMSE,MAPE(%)
273K,0.05,15,2025,lowq,0.15,0.5,./RUN_FULL_EXP,cat,0.9571134378819643,0.23379960716433218,0.12552500278548812,6.3953349185882455
