{
  "R2": 0.9571134378819643,
  "MAE": 0.23379960716433218,
  "RMSE": 0.12552500278548812,
  "MAPE(%)": 6.3953349185882455
}