{
  "R2": 0.9904359822607259,
  "MAE": 0.010787372436764071,
  "RMSE": 0.0003250186157750387,
  "MAPE(%)": 3.1155043793815738
}