Feature,Importance
0.1,63.80084955617923
ASA_m2_g,7.494511379357501
ASA_m2_cm3,6.710275852294154
AV_VF,4.847895769421459
AV_cm3_g,4.139712055376493
PLD,2.4677027548271386
LFPD,2.328724748647918
LCD,2.3247661433247044
Has_OMS,2.2566991015350646
cm3_g,1.9556375829906816
NASA_m2_cm3,1.0040626303905
NASA_m2_g,0.6042800836677082
NAV_cm3_g,0.064882341987431
