{
  "R2": 0.9580047934798183,
  "MAE": 0.09995247125511317,
  "RMSE": 0.024724053110256057,
  "MAPE(%)": 4.988678796794425
}