temp,lowp,outp,seed,mode,qt_frac,train_ratio,out_root,model,R2,MAE,RMSE,MAPE(%)
273K,0.1,5,2027,lowq,0.45,0.5,./RUN_FULL_EXP,cat,0.9580047934798183,0.09995247125511317,0.024724053110256057,4.988678796794425
