{
  "R2": 0.9787114228010512,
  "MAE": 0.010054477494011942,
  "RMSE": 0.0012635551620448558,
  "MAPE(%)": 2.4424155953601705
}