{
  "R2": 0.9650555871798913,
  "MAE": 0.062259044621087535,
  "RMSE": 0.009152494410814317,
  "MAPE(%)": 4.283687546017513
}