{
  "R2": 0.9834397388346889,
  "MAE": 0.05150692451159253,
  "RMSE": 0.007137820520706685,
  "MAPE(%)": 4.269463137850325
}