{
  "R2": 0.9734808664804981,
  "MAE": 0.10886376951202925,
  "RMSE": 0.026150470159793108,
  "MAPE(%)": 4.441236644842792
}