{
  "R2": 0.4626736392396864,
  "MAE": 0.3522288374502337,
  "RMSE": 0.2604585921145789,
  "MAPE(%)": 32.7033186152053
}