temp,lowp,outp,seed,mode,qt_frac,train_ratio,out_root,model,R2,MAE,RMSE,MAPE(%)
293K,0.01,5,2027,struct,0.0,0.2,./RUN_FULL_EXP,cat,0.4626736392396864,0.3522288374502337,0.2604585921145789,32.7033186152053
