Feature,Importance
0.1,86.14183769205886
Has_OMS,2.1606509178021347
AV_cm3_g,2.015387311963689
LCD,1.4135117465944917
cm3_g,1.3585475689589845
LFPD,1.3072440895217499
AV_VF,1.2840429310728676
ASA_m2_g,1.2750684486448607
ASA_m2_cm3,0.9246530049887821
PLD,0.8795172236717816
NASA_m2_cm3,0.7163010762540846
NASA_m2_g,0.4835212494664091
NAV_cm3_g,0.039716739001307504
