temp,lowp,outp,seed,mode,qt_frac,train_ratio,out_root,model,R2,MAE,RMSE,MAPE(%)
293K,0.1,1,2029,lowq,0.45,0.5,./RUN_FULL_EXP,cat,0.9926533545058213,0.00783783075009608,0.00017158345754895082,2.1505650947065456
