{
  "R2": 0.9926533545058213,
  "MAE": 0.00783783075009608,
  "RMSE": 0.00017158345754895082,
  "MAPE(%)": 2.1505650947065456
}