Feature,Importance
HENRY,63.650114146954984
ASA_m2_g,8.410111228516831
ASA_m2_cm3,6.5479346791265165
AV_VF,4.181419952206436
AV_cm3_g,4.166108716664297
LFPD,2.5952144640261525
PLD,2.4746680459916495
Has_OMS,2.426540096873664
LCD,1.9891948952391436
cm3_g,1.835755177885333
NASA_m2_cm3,0.9566305046985889
NASA_m2_g,0.7197598087008076
NAV_cm3_g,0.04654828311559071
