{
  "R2": 0.9563361606827824,
  "MAE": 0.10186947213370781,
  "RMSE": 0.0248511969267269,
  "MAPE(%)": 5.09430755529286
}