Feature,Importance
0.01,82.31072816548071
ASA_m2_cm3,2.4699957162744317
AV_VF,2.3288651281849715
Has_OMS,1.941002633269214
AV_cm3_g,1.8636710213260037
PLD,1.6823022025685772
LFPD,1.6566903674763245
LCD,1.6137291140239085
cm3_g,1.5024966125594579
ASA_m2_g,1.343263013310953
NASA_m2_cm3,0.7676718567606514
NASA_m2_g,0.4665656862661886
NAV_cm3_g,0.053018482498614225
