Feature,Importance
0.01,61.883692954547094
ASA_m2_g,12.806689031332134
ASA_m2_cm3,5.204799744132869
AV_VF,4.868837195500203
cm3_g,3.4711331349675816
AV_cm3_g,3.1665301969758173
PLD,2.0220695769534585
LCD,1.9840881048893708
LFPD,1.9541798127598053
Has_OMS,1.2847370761702974
NASA_m2_cm3,0.779124867392341
NASA_m2_g,0.5105180197400984
NAV_cm3_g,0.0636002846389184
