{
  "R2": 0.9665324906629563,
  "MAE": 0.11964756224831052,
  "RMSE": 0.02784256178359193,
  "MAPE(%)": 4.75471906214423
}