{
  "R2": 0.9958060116060824,
  "MAE": 0.004030417977118837,
  "RMSE": 3.781585362406795e-05,
  "MAPE(%)": 1.5463981018938318
}