temp,lowp,outp,seed,mode,qt_frac,train_ratio,out_root,model,R2,MAE,RMSE,MAPE(%)
313K,HENRY,1,2026,lowq,0.55,0.5,./RUN_FULL_EXP,cat,0.9958060116060824,0.004030417977118837,3.781585362406795e-05,1.5463981018938318
