Feature,Importance
HENRY,85.70096702046935
AV_cm3_g,2.0997233833552875
cm3_g,1.8883451344857218
LFPD,1.638942143240047
ASA_m2_cm3,1.4210502289638367
AV_VF,1.38209143537397
Has_OMS,1.281744660319013
PLD,1.135158708316014
LCD,1.0617242358870493
ASA_m2_g,0.9717788522287054
NASA_m2_cm3,0.7844614496458154
NASA_m2_g,0.5754487292069445
NAV_cm3_g,0.05856401850824665
