{
  "R2": 0.9956004319334344,
  "MAE": 0.004135365615027254,
  "RMSE": 4.632135689375823e-05,
  "MAPE(%)": 1.5827880568919435
}