Feature,Importance
0.01,57.71814996952066
ASA_m2_g,11.763331032798645
ASA_m2_cm3,6.041364728845091
AV_VF,5.923121031816331
AV_cm3_g,5.8308516024771695
cm3_g,3.627806764005061
PLD,2.356395940454515
LCD,2.1556254920744506
LFPD,1.8291128295167767
Has_OMS,1.378284022866071
NASA_m2_cm3,0.6387988591337399
NASA_m2_g,0.6061040179896666
NAV_cm3_g,0.13105370850183903
