temp,lowp,outp,seed,mode,qt_frac,train_ratio,out_root,model,R2,MAE,RMSE,MAPE(%)
293K,0.01,15,2026,lowq,0.35,0.5,./RUN_FULL_EXP,cat,0.9554285658451024,0.17164744918906658,0.07018777545005289,5.6967046267143235
