{
  "R2": 0.9554285658451024,
  "MAE": 0.17164744918906658,
  "RMSE": 0.07018777545005289,
  "MAPE(%)": 5.6967046267143235
}