{
  "R2": 0.981893548776327,
  "MAE": 0.034703607369281145,
  "RMSE": 0.003087194608750179,
  "MAPE(%)": 3.138788150119798
}