{
  "R2": 0.9441624192075332,
  "MAE": 0.20409577621784936,
  "RMSE": 0.09990053509047053,
  "MAPE(%)": 7.003217832485591
}