{
  "R2": 0.9673506725749111,
  "MAE": 0.11670465000257157,
  "RMSE": 0.040919026417185804,
  "MAPE(%)": 5.209290285184789
}