{
  "R2": 0.9598165336673605,
  "MAE": 0.1699361442254424,
  "RMSE": 0.05809234966063931,
  "MAPE(%)": 5.370320553681177
}