{
  "R2": 0.9900794178715501,
  "MAE": 0.009741779180678735,
  "RMSE": 0.00020103117068418877,
  "MAPE(%)": 2.7114123405720405
}