Feature,Importance
0.05,64.4513094108615
ASA_m2_g,7.840655346459076
ASA_m2_cm3,5.77279194389796
AV_cm3_g,4.505339575100674
AV_VF,4.455504866436336
PLD,2.511371232720497
LCD,2.4406380306950273
LFPD,2.2621176965945673
Has_OMS,2.1091389120450206
cm3_g,1.8443139772155888
NASA_m2_g,0.9317581614847057
NASA_m2_cm3,0.8043121261333743
NAV_cm3_g,0.07074872035568723
