temp,lowp,outp,seed,mode,qt_frac,train_ratio,out_root,model,R2,MAE,RMSE,MAPE(%)
273K,0.05,5,2027,lowq,0.4,0.5,./RUN_FULL_EXP,cat,0.9565747751032845,0.10359190765940422,0.026464745786799932,5.16854606330082
