{
  "R2": 0.9565747751032845,
  "MAE": 0.10359190765940422,
  "RMSE": 0.026464745786799932,
  "MAPE(%)": 5.16854606330082
}