Feature,Importance
0.01,80.18648099600479
AV_VF,2.5639335196843276
ASA_m2_cm3,2.5089033094183204
AV_cm3_g,2.364917649399379
cm3_g,2.3238149329374806
PLD,2.0868099967561053
Has_OMS,1.9769741970163912
LCD,1.6586955153418959
LFPD,1.6468700477706757
ASA_m2_g,1.1109821341616828
NASA_m2_cm3,0.8416906694056995
NASA_m2_g,0.6557907619982767
NAV_cm3_g,0.07413627010496289
