{
  "R2": 0.9878087127252204,
  "MAE": 0.017836022415684823,
  "RMSE": 0.0008789283560574376,
  "MAPE(%)": 3.324818113403409
}