Feature,Importance
0.01,83.1317486645499
ASA_m2_cm3,3.651977140488711
Has_OMS,2.1960802689875485
AV_VF,1.617638827428109
PLD,1.5013959971600348
LFPD,1.3895192642424885
cm3_g,1.3881270520672109
AV_cm3_g,1.3585493668493174
ASA_m2_g,1.3533535007440123
LCD,1.0653962683120386
NASA_m2_cm3,0.6100210580902059
NASA_m2_g,0.5868880748951257
NAV_cm3_g,0.14930451618524226
