{
  "R2": 0.9096848513237799,
  "MAE": 0.030991945328974247,
  "RMSE": 0.015317028691930575,
  "MAPE(%)": 5.05406819068819
}