Feature,Importance
0.1,63.26047882291541
ASA_m2_g,12.54139655707732
ASA_m2_cm3,5.957195882777353
AV_VF,4.029126228482431
AV_cm3_g,3.4835110503110682
cm3_g,3.1031733459941995
LCD,1.780122921871778
PLD,1.768590805440545
LFPD,1.7643509741103711
Has_OMS,1.0399682072630723
NASA_m2_cm3,0.6192642096864674
NASA_m2_g,0.5924731155655769
NAV_cm3_g,0.06034787850440529
