{
  "R2": 0.9746853798427899,
  "MAE": 0.11081730481929652,
  "RMSE": 0.027652942979061654,
  "MAPE(%)": 4.651098804982684
}