Feature,Importance
0.05,85.77378933494334
cm3_g,1.94533040501671
ASA_m2_cm3,1.5356168667018308
PLD,1.5308825074069394
AV_VF,1.4968910538531732
ASA_m2_g,1.4110361103484605
Has_OMS,1.4096128739211038
LCD,1.3514968689089613
AV_cm3_g,1.2765811653595818
LFPD,0.9149582963688505
NASA_m2_cm3,0.7262244706920022
NASA_m2_g,0.5085264665949523
NAV_cm3_g,0.11905357988410224
