{
  "R2": 0.993039453662157,
  "MAE": 0.008152648319789329,
  "RMSE": 0.00017090543846098782,
  "MAPE(%)": 2.220901864791118
}