temp,lowp,outp,seed,mode,qt_frac,train_ratio,out_root,model,R2,MAE,RMSE,MAPE(%)
293K,0.05,1,2027,lowq,0.4,0.5,./RUN_FULL_EXP,cat,0.993039453662157,0.008152648319789329,0.00017090543846098782,2.220901864791118
