Feature,Importance
0.01,83.51428511755478
Has_OMS,2.432219234377879
ASA_m2_g,2.2131279754033812
AV_cm3_g,1.9231886383021497
LFPD,1.7842888993346924
cm3_g,1.70881575961125
LCD,1.684917516656118
AV_VF,1.379152256150724
ASA_m2_cm3,1.0393278921396067
PLD,0.9844210534760515
NASA_m2_cm3,0.7832036254099853
NASA_m2_g,0.4651350424707222
NAV_cm3_g,0.08791698911267015
