temp,lowp,outp,seed,mode,qt_frac,train_ratio,out_root,model,R2,MAE,RMSE,MAPE(%)
293K,0.01,1,2029,lowq,0.25,0.5,./RUN_FULL_EXP,cat,0.9919228837348099,0.010212004823482333,0.00024642371564007976,2.9732149376560773
