{
  "R2": 0.9919228837348099,
  "MAE": 0.010212004823482333,
  "RMSE": 0.00024642371564007976,
  "MAPE(%)": 2.9732149376560773
}