{
  "R2": 0.976725971299152,
  "MAE": 0.014725676930265276,
  "RMSE": 0.003788874401163296,
  "MAPE(%)": 2.4139743708166805
}