{
  "R2": 0.9802987280851662,
  "MAE": 0.03251134740725596,
  "RMSE": 0.002507863652374713,
  "MAPE(%)": 2.9661411414982237
}