temp,lowp,outp,seed,mode,qt_frac,train_ratio,out_root,model,R2,MAE,RMSE,MAPE(%)
313K,HENRY,5,2025,lowq,0.65,0.5,./RUN_FULL_EXP,cat,0.9802987280851662,0.03251134740725596,0.002507863652374713,2.9661411414982237
