Feature,Importance
0.05,72.29707673247952
ASA_m2_g,5.602977662074174
ASA_m2_cm3,4.755669835709408
AV_VF,3.306409056579995
AV_cm3_g,3.1842984591323633
cm3_g,2.4258927326312105
LCD,1.9562749888222872
Has_OMS,1.80346413725793
PLD,1.756916779406603
LFPD,1.475653001399538
NASA_m2_cm3,0.9310179311782096
NASA_m2_g,0.40324533630912995
NAV_cm3_g,0.10110334701962072
