{
  "R2": 0.9657814727371385,
  "MAE": 0.056892399684605174,
  "RMSE": 0.008475167813027566,
  "MAPE(%)": 3.863048449098463
}