temp,lowp,outp,seed,mode,qt_frac,train_ratio,out_root,model,R2,MAE,RMSE,MAPE(%)
293K,0.05,5,2029,lowq,0.65,0.5,./RUN_FULL_EXP,cat,0.9657814727371385,0.056892399684605174,0.008475167813027566,3.863048449098463
