Feature,Importance
0.01,57.18708601682395
ASA_m2_g,13.045853375976074
ASA_m2_cm3,6.862632624108678
AV_VF,5.810056570741121
AV_cm3_g,4.580250282317863
cm3_g,3.006655149013079
LCD,2.5024263004809217
PLD,2.484173490873041
LFPD,1.7368163496214017
Has_OMS,1.3154745134695034
NASA_m2_cm3,0.6858275457127871
NASA_m2_g,0.6777225333047837
NAV_cm3_g,0.10502524755681132
