{
  "R2": 0.9569473460100959,
  "MAE": 0.16863041217582128,
  "RMSE": 0.06842617336349345,
  "MAPE(%)": 5.481510482352179
}