Feature,Importance
0.01,61.541092229416954
ASA_m2_g,13.736151605958279
ASA_m2_cm3,5.727846251776091
AV_VF,4.3082244529172184
AV_cm3_g,3.5820977904982123
PLD,2.2940465850552187
cm3_g,2.2400807082996232
LCD,1.98403821782911
LFPD,1.843539911155446
Has_OMS,1.3499296274665575
NASA_m2_cm3,0.7234397726512447
NASA_m2_g,0.5785972957193487
NAV_cm3_g,0.0909155512567252
