{
  "R2": 0.9674637805837842,
  "MAE": 0.11744956212949957,
  "RMSE": 0.026483539209229814,
  "MAPE(%)": 4.675690426796727
}