Feature,Importance
0.01,64.24749575657748
ASA_m2_g,7.036160823349489
AV_VF,6.650192900427825
AV_cm3_g,5.516298113633699
ASA_m2_cm3,5.50494529210965
cm3_g,2.6345239414079096
PLD,2.2104928233181305
LFPD,1.623229806432448
LCD,1.6167907512871647
Has_OMS,1.467073133633257
NASA_m2_cm3,0.7251263175870152
NASA_m2_g,0.6685374073205149
NAV_cm3_g,0.09913293291541943
