temp,lowp,outp,seed,mode,qt_frac,train_ratio,out_root,model,R2,MAE,RMSE,MAPE(%)
313K,0.01,15,2028,lowq,0.55,0.5,./RUN_FULL_EXP,cat,0.9666624482571015,0.12311489167412328,0.029525368840987488,4.981169858988321
