{
  "R2": 0.9666624482571015,
  "MAE": 0.12311489167412328,
  "RMSE": 0.029525368840987488,
  "MAPE(%)": 4.981169858988321
}