{
  "R2": 0.9482756767064197,
  "MAE": 0.24802060933559691,
  "RMSE": 0.1318564768641805,
  "MAPE(%)": 6.402204756870534
}