temp,lowp,outp,seed,mode,qt_frac,train_ratio,out_root,model,R2,MAE,RMSE,MAPE(%)
273K,0.01,15,2027,lowq,0.55,0.5,./RUN_FULL_EXP,cat,0.9482756767064197,0.24802060933559691,0.1318564768641805,6.402204756870534
