Feature,Importance
0.01,79.31827432205816
cm3_g,3.8361513502622944
Has_OMS,2.6376427527133868
AV_VF,1.8649532198244452
LFPD,1.8390454093653346
LCD,1.7516701124826612
PLD,1.683377258871185
ASA_m2_g,1.6524588074235371
AV_cm3_g,1.5643763742031467
NASA_m2_g,1.5133527918796534
ASA_m2_cm3,1.5071929533652422
NASA_m2_cm3,0.7368645188459105
NAV_cm3_g,0.09464012870507164
