{
  "R2": 0.9868839727301844,
  "MAE": 0.01238926902963467,
  "RMSE": 0.00045607210164177434,
  "MAPE(%)": 3.6052538033212636
}