{
  "R2": 0.9787268702796798,
  "MAE": 0.04158877144045526,
  "RMSE": 0.0044780522025915535,
  "MAPE(%)": 3.9283137169056745
}