temp,lowp,outp,seed,mode,qt_frac,train_ratio,out_root,model,R2,MAE,RMSE,MAPE(%)
313K,0.01,5,2028,lowq,0.2,0.5,./RUN_FULL_EXP,cat,0.9787268702796798,0.04158877144045526,0.0044780522025915535,3.9283137169056745
