{
  "R2": 0.9682114606623741,
  "MAE": 0.12111941009828403,
  "RMSE": 0.030260509033569114,
  "MAPE(%)": 4.950680899358233
}