Feature,Importance
0.05,87.27578046074333
AV_cm3_g,1.5866367451796248
AV_VF,1.5451145772742436
cm3_g,1.4654500042368208
Has_OMS,1.3437494687873819
PLD,1.3277369766985354
LFPD,1.3233662533671733
ASA_m2_g,1.268077710947259
ASA_m2_cm3,1.069142810455867
LCD,0.9817979368552017
NASA_m2_cm3,0.43701945053596747
NASA_m2_g,0.32648762708725204
NAV_cm3_g,0.04963997783130721
