{
  "R2": 0.9928818055292622,
  "MAE": 0.007620415563250634,
  "RMSE": 0.00011738055032601634,
  "MAPE(%)": 2.055418521204702
}