temp,lowp,outp,seed,mode,qt_frac,train_ratio,out_root,model,R2,MAE,RMSE,MAPE(%)
273K,0.05,1,2025,lowq,0.65,0.5,./RUN_FULL_EXP,cat,0.9876397193994976,0.014610741834365618,0.0005261342930222806,2.6428267251848903
