{
  "R2": 0.9876397193994976,
  "MAE": 0.014610741834365618,
  "RMSE": 0.0005261342930222806,
  "MAPE(%)": 2.6428267251848903
}