Feature,Importance
0.05,71.53375106561131
ASA_m2_g,6.384091150791914
ASA_m2_cm3,5.517599214280668
AV_cm3_g,3.2086583552355865
AV_VF,2.893784214901145
LCD,2.0720272340964763
cm3_g,1.960103801969243
PLD,1.8742250921431822
Has_OMS,1.8202809074780426
LFPD,1.5330309790888723
NASA_m2_g,0.67952978959409
NASA_m2_cm3,0.44376063783521097
NAV_cm3_g,0.07915755697424201
