{
  "R2": 0.9746989774263004,
  "MAE": 0.05739132582231969,
  "RMSE": 0.00838289469007212,
  "MAPE(%)": 3.9851124196171233
}