temp,lowp,outp,seed,mode,qt_frac,train_ratio,out_root,model,R2,MAE,RMSE,MAPE(%)
293K,0.05,5,2026,lowq,0.35,0.5,./RUN_FULL_EXP,cat,0.9746989774263004,0.05739132582231969,0.00838289469007212,3.9851124196171233
