temp,lowp,outp,seed,mode,qt_frac,train_ratio,out_root,model,R2,MAE,RMSE,MAPE(%)
273K,0.1,1,2026,lowq,0.6,0.5,./RUN_FULL_EXP,cat,0.9884292181305937,0.013784543086762666,0.0005247584717623954,2.496375375285988
