{
  "R2": 0.9884292181305937,
  "MAE": 0.013784543086762666,
  "RMSE": 0.0005247584717623954,
  "MAPE(%)": 2.496375375285988
}