Feature,Importance
0.1,59.05321472362023
ASA_m2_g,9.859123272414692
AV_VF,8.595909951029977
ASA_m2_cm3,5.103771490081436
AV_cm3_g,4.928742090572868
cm3_g,3.2112622052050077
PLD,2.7008562979872024
LFPD,1.950366367429473
LCD,1.8499477812864433
Has_OMS,1.4352585320871774
NASA_m2_cm3,0.6515478116756762
NASA_m2_g,0.5943694481516985
NAV_cm3_g,0.0656300284581149
