{
  "R2": 0.9562991612403628,
  "MAE": 0.16780756859989468,
  "RMSE": 0.06700364028490796,
  "MAPE(%)": 5.399846267948043
}