{
  "R2": 0.9805394994134656,
  "MAE": 0.03393766047902864,
  "RMSE": 0.002643818708124801,
  "MAPE(%)": 3.0726491332459247
}