Feature,Importance
0.05,86.82665521851108
cm3_g,1.9954666381793926
AV_cm3_g,1.7622344016228118
LCD,1.4657311320783226
ASA_m2_cm3,1.3260623185787799
ASA_m2_g,1.2382102018540537
Has_OMS,1.1587852252969855
AV_VF,1.1387544717509148
PLD,1.0661773393675862
LFPD,0.8242236293021469
NASA_m2_g,0.6833062271834165
NASA_m2_cm3,0.38877169704287384
NAV_cm3_g,0.12562149923164154
