temp,lowp,outp,seed,mode,qt_frac,train_ratio,out_root,model,R2,MAE,RMSE,MAPE(%)
293K,0.05,1,2026,lowq,0.25,0.5,./RUN_FULL_EXP,cat,0.987346111617956,0.00888262133016313,0.0003857833594333773,2.398231950822657
