{
  "R2": 0.987346111617956,
  "MAE": 0.00888262133016313,
  "RMSE": 0.0003857833594333773,
  "MAPE(%)": 2.398231950822657
}