Feature,Importance
PLD,14.145667081693873
Has_OMS,12.509578371396655
cm3_g,12.450316826543045
AV_VF,11.352376083338848
ASA_m2_cm3,11.173965567863881
LCD,10.992704855291153
ASA_m2_g,7.824099518338926
LFPD,7.678592283292607
AV_cm3_g,7.107348278069305
NASA_m2_cm3,2.2600654868616146
NASA_m2_g,2.229514381157596
NAV_cm3_g,0.2757712661525073
