Feature,Importance
0.5,72.51728761579001
ASA_m2_cm3,5.399525595079049
AV_VF,5.18411849730625
ASA_m2_g,4.0819799963525565
AV_cm3_g,2.9327293797647
cm3_g,2.0094211461033518
PLD,1.9262921616113031
LFPD,1.6898357123992478
LCD,1.5129647503554016
Has_OMS,1.483034940186648
NASA_m2_cm3,0.6977840814594811
NASA_m2_g,0.49090962361577273
NAV_cm3_g,0.07411649997618995
