temp,lowp,outp,seed,mode,qt_frac,train_ratio,out_root,model,R2,MAE,RMSE,MAPE(%)
273K,0.5,5,2028,lowq,0.2,0.5,./RUN_FULL_EXP,cat,0.9731673634661036,0.08929831056032506,0.019144027952732325,4.609118454457599
