{
  "R2": 0.9731673634661036,
  "MAE": 0.08929831056032506,
  "RMSE": 0.019144027952732325,
  "MAPE(%)": 4.609118454457599
}