Feature,Importance
0.05,49.05233714422691
ASA_m2_g,17.748386987016115
ASA_m2_cm3,6.351792539405624
AV_cm3_g,5.316163349850086
AV_VF,5.228894987179408
cm3_g,4.705975266776273
PLD,3.1864166188850347
LCD,2.7876241883466855
LFPD,2.710110775600202
Has_OMS,1.6084702550471401
NASA_m2_cm3,0.6560506866963197
NASA_m2_g,0.5266747859177215
NAV_cm3_g,0.12110241505245896
