temp,lowp,outp,seed,mode,qt_frac,train_ratio,out_root,model,R2,MAE,RMSE,MAPE(%)
273K,0.05,15,2025,lowq,0.25,0.5,./RUN_FULL_EXP,cat,0.954972703589819,0.23755793781659365,0.12603485816301876,6.439359924301626
