{
  "R2": 0.954972703589819,
  "MAE": 0.23755793781659365,
  "RMSE": 0.12603485816301876,
  "MAPE(%)": 6.439359924301626
}