{
  "R2": 0.9605167359591306,
  "MAE": 0.025439993141047484,
  "RMSE": 0.0059025873640231,
  "MAPE(%)": 4.234402397106579
}