Feature,Importance
0.01,51.30244243906347
ASA_m2_g,14.077193089527174
ASA_m2_cm3,7.099961933756577
AV_VF,5.790307987314213
AV_cm3_g,5.251212347208008
cm3_g,4.7579082098768515
PLD,3.1802522143239367
LFPD,3.1783763536566614
LCD,2.0038361536817533
Has_OMS,1.807333224668382
NASA_m2_cm3,0.9168507250885037
NASA_m2_g,0.527202384668086
NAV_cm3_g,0.10712293716640255
