{
  "R2": 0.9552115355900217,
  "MAE": 0.24281067661277614,
  "RMSE": 0.1304312088690329,
  "MAPE(%)": 6.550846257424622
}