Feature,Importance
0.01,55.592997918747834
ASA_m2_g,14.345767513691309
ASA_m2_cm3,7.23201679838154
AV_cm3_g,5.918534955328411
AV_VF,4.768969404579533
LCD,2.4010499606586224
PLD,2.3860323221082447
cm3_g,2.3090801437472055
LFPD,2.1634662939002762
Has_OMS,1.1511318837034645
NASA_m2_g,0.9126801421752329
NASA_m2_cm3,0.7499809623253151
NAV_cm3_g,0.06829170065300905
