{
  "R2": 0.9576990849674019,
  "MAE": 0.16519113593900153,
  "RMSE": 0.055632330525203964,
  "MAPE(%)": 5.258926622070111
}