Feature,Importance
0.01,77.99779438144621
Has_OMS,2.66629588824991
AV_VF,2.6413384310989017
AV_cm3_g,2.457958653311354
PLD,2.4005961833954568
ASA_m2_g,2.396944739807705
cm3_g,2.344078166630593
ASA_m2_cm3,1.8982590977832001
LCD,1.809237632234209
LFPD,1.4649256299043931
NASA_m2_cm3,1.0090195359594518
NASA_m2_g,0.7922751570262087
NAV_cm3_g,0.12127650315245331
