{
  "R2": 0.9698686846910515,
  "MAE": 0.02223573785679929,
  "RMSE": 0.0031843196773908597,
  "MAPE(%)": 4.219018415090059
}