{
  "R2": 0.9124827287295887,
  "MAE": 0.039328171148406685,
  "RMSE": 0.012936765623672502,
  "MAPE(%)": 9.057862905838329
}