Feature,Importance
0.05,76.55240540979212
ASA_m2_g,4.292469939676298
ASA_m2_cm3,3.8199583660860688
AV_VF,3.2099591127840053
AV_cm3_g,3.181037689943694
cm3_g,2.213453085920109
LCD,1.4842783465912053
PLD,1.3292015255025451
LFPD,1.2880427991185568
Has_OMS,1.277657648460147
NASA_m2_cm3,0.7580470949491067
NASA_m2_g,0.5283286242947038
NAV_cm3_g,0.06516035688145351
