temp,lowp,outp,seed,mode,qt_frac,train_ratio,out_root,model,R2,MAE,RMSE,MAPE(%)
313K,0.05,5,2027,lowq,0.8,0.5,./RUN_FULL_EXP,cat,0.9769572520780038,0.03341130761801681,0.002511355790534425,3.0100258406593614
