{
  "R2": 0.9769572520780038,
  "MAE": 0.03341130761801681,
  "RMSE": 0.002511355790534425,
  "MAPE(%)": 3.0100258406593614
}