{
  "R2": 0.8737588227132435,
  "MAE": 0.12860479429681979,
  "RMSE": 0.03685756127669552,
  "MAPE(%)": 10.657950436327242
}