{
  "R2": 0.9924107173359454,
  "MAE": 0.0073773897176875585,
  "RMSE": 0.0001312308805536774,
  "MAPE(%)": 1.9777262441707442
}