{
  "R2": 0.9701797957759074,
  "MAE": 0.05662230572086054,
  "RMSE": 0.008257740638974402,
  "MAPE(%)": 3.8019181666266966
}