Feature,Importance
HENRY,55.05313905090471
ASA_m2_g,15.023344600604036
AV_VF,6.067667072986
ASA_m2_cm3,5.8996044575587305
cm3_g,3.947804162539245
AV_cm3_g,3.8430138424264118
PLD,2.8040155554724424
LCD,2.3369210169882426
LFPD,2.1134058508538947
Has_OMS,1.4418096667070173
NASA_m2_cm3,0.7870664721388628
NASA_m2_g,0.6014315296877841
NAV_cm3_g,0.08077672113263212
