temp,lowp,outp,seed,mode,qt_frac,train_ratio,out_root,model,R2,MAE,RMSE,MAPE(%)
293K,HENRY,15,2025,lowq,0.35,0.5,./RUN_FULL_EXP,cat,0.9617275948575134,0.16356528563820932,0.06316056857548459,5.418398046560362
