{
  "R2": 0.9617275948575134,
  "MAE": 0.16356528563820932,
  "RMSE": 0.06316056857548459,
  "MAPE(%)": 5.418398046560362
}