{
  "R2": 0.9592641239933072,
  "MAE": 0.22702728420117027,
  "RMSE": 0.10222342304768962,
  "MAPE(%)": 5.93938003720196
}