{
  "R2": 0.5290095564120281,
  "MAE": 0.33316819740631065,
  "RMSE": 0.24430221404214164,
  "MAPE(%)": 31.922724658503306
}