Feature,Importance
Has_OMS,16.936833332164742
PLD,15.093321200015616
cm3_g,14.368001814650075
AV_VF,10.212688923449544
ASA_m2_cm3,9.218309773466162
LCD,8.82795752774255
LFPD,7.874358755073556
AV_cm3_g,6.646953796855769
ASA_m2_g,6.161465390677323
NASA_m2_g,2.2683800805080616
NASA_m2_cm3,2.038858394364172
NAV_cm3_g,0.35287101103244667
