{
  "R2": 0.38554937588843097,
  "MAE": 0.1171273594569464,
  "RMSE": 0.039351238011304294,
  "MAPE(%)": 49.23184671519654
}