{
  "R2": 0.9471157919685704,
  "MAE": 0.16894323199455435,
  "RMSE": 0.07427273741174002,
  "MAPE(%)": 5.288118879895544
}