{
  "R2": 0.9574847163697164,
  "MAE": 0.17836870636405316,
  "RMSE": 0.08116867416464627,
  "MAPE(%)": 6.371006343287395
}