Feature,Importance
HENRY,48.0528888258165
ASA_m2_g,15.637601455004763
AV_VF,6.880042184528069
ASA_m2_cm3,6.6777341279626805
AV_cm3_g,5.819885305086488
cm3_g,5.042996718606515
PLD,3.59499540333354
LCD,2.4718145278230517
LFPD,2.334004758108553
Has_OMS,1.6126151087618568
NASA_m2_cm3,0.9809165482013337
NASA_m2_g,0.8359511537163816
NAV_cm3_g,0.05855388305026152
