temp,lowp,outp,seed,mode,qt_frac,train_ratio,out_root,model,R2,MAE,RMSE,MAPE(%)
273K,HENRY,15,2028,lowq,0.05,0.5,./RUN_FULL_EXP,cat,0.9539578916591697,0.24544019581090565,0.14020351011710466,6.712616477050483
