{
  "R2": 0.9539578916591697,
  "MAE": 0.24544019581090565,
  "RMSE": 0.14020351011710466,
  "MAPE(%)": 6.712616477050483
}