Feature,Importance
0.1,77.7254009010015
ASA_m2_g,4.273947603744059
ASA_m2_cm3,3.750246864052684
AV_cm3_g,2.854691113039332
AV_VF,2.194991263774816
cm3_g,1.9747905347720094
LCD,1.6090901041898484
Has_OMS,1.50609982414776
PLD,1.360882380240915
LFPD,1.2184269695762038
NASA_m2_cm3,0.8442587353414518
NASA_m2_g,0.547097517301072
NAV_cm3_g,0.1400761888183394
