{
  "R2": 0.9829143308243192,
  "MAE": 0.034447226338244694,
  "RMSE": 0.0032940342953952442,
  "MAPE(%)": 3.25170785701601
}