{
  "R2": 0.9672006741068383,
  "MAE": 0.1143659199561554,
  "RMSE": 0.04127385497943664,
  "MAPE(%)": 4.9523472410469225
}