Feature,Importance
0.5,76.35206171754317
ASA_m2_g,5.475609457976916
ASA_m2_cm3,4.128303849383317
AV_VF,3.5345204527413805
AV_cm3_g,2.455642816927292
cm3_g,1.5352210916768814
LFPD,1.5098877585396677
Has_OMS,1.4672444115285292
LCD,1.4209278022919116
PLD,1.3748560540605588
NASA_m2_cm3,0.43212073116811855
NASA_m2_g,0.2475451360789247
NAV_cm3_g,0.06605872008333409
