{
  "R2": 0.9741700918348049,
  "MAE": 0.05099118813207765,
  "RMSE": 0.00634507193642314,
  "MAPE(%)": 3.4148168584300413
}