{
  "R2": 0.9700997900141187,
  "MAE": 0.058180467525580336,
  "RMSE": 0.007119309432212605,
  "MAPE(%)": 4.014298007357543
}