Feature,Importance
0.01,71.04549312428799
ASA_m2_g,5.646891082627667
AV_VF,4.669842758119993
ASA_m2_cm3,4.645630459228626
cm3_g,2.6542300658497653
AV_cm3_g,2.449860327737763
Has_OMS,2.419659450330774
LCD,2.1723954165655104
PLD,1.8912276774094303
LFPD,1.349137731085854
NASA_m2_cm3,0.6073835958047313
NASA_m2_g,0.34097218504423277
NAV_cm3_g,0.10727612590765594
