{
  "R2": 0.9688898944536078,
  "MAE": 0.06778668451592951,
  "RMSE": 0.012015964793508619,
  "MAPE(%)": 4.741269109010339
}