{
  "R2": 0.9704325960536407,
  "MAE": 0.06877112368760505,
  "RMSE": 0.0122187393596874,
  "MAPE(%)": 4.8323363354778195
}