Feature,Importance
HENRY,48.40651729617779
ASA_m2_g,18.832915518353506
AV_VF,6.761334532027485
ASA_m2_cm3,6.069570977826216
cm3_g,4.585062904835751
AV_cm3_g,3.9744960378408263
PLD,3.188947965487428
LFPD,2.6360518768236303
LCD,2.3290888254058575
Has_OMS,1.9680198218040605
NASA_m2_cm3,0.6029082210610738
NASA_m2_g,0.495025998702565
NAV_cm3_g,0.15006002365379223
