{
  "R2": 0.9513035467742289,
  "MAE": 0.24577007529212083,
  "RMSE": 0.12765887925226874,
  "MAPE(%)": 6.498262770528999
}