{
  "R2": 0.9920177184685295,
  "MAE": 0.007049020477317035,
  "RMSE": 9.601295162050047e-05,
  "MAPE(%)": 2.883092034285115
}