temp,lowp,outp,seed,mode,qt_frac,train_ratio,out_root,model,R2,MAE,RMSE,MAPE(%)
313K,0.01,1,2029,lowq,0.35,0.5,./RUN_FULL_EXP,cat,0.9920177184685295,0.007049020477317035,9.601295162050047e-05,2.883092034285115
