Feature,Importance
0.1,61.85551532016309
ASA_m2_g,11.658322484199141
ASA_m2_cm3,5.3608077230861815
AV_cm3_g,5.061034592007801
AV_VF,4.676569320748215
cm3_g,3.174764017845272
PLD,2.037543003519601
LCD,1.8159401188761177
LFPD,1.7474710285834
Has_OMS,1.2661761907278875
NASA_m2_cm3,0.7854764980790883
NASA_m2_g,0.43753184885488505
NAV_cm3_g,0.12284785330930997
