temp,lowp,outp,seed,mode,qt_frac,train_ratio,out_root,model,R2,MAE,RMSE,MAPE(%)
313K,0.1,15,2029,lowq,0.2,0.5,./RUN_FULL_EXP,cat,0.9734403026290062,0.11092157504027812,0.02838992525477126,4.699683765212797
