{
  "R2": 0.9734403026290062,
  "MAE": 0.11092157504027812,
  "RMSE": 0.02838992525477126,
  "MAPE(%)": 4.699683765212797
}