{
  "R2": 0.9563496248155088,
  "MAE": 0.24051638080530852,
  "RMSE": 0.13195900061167565,
  "MAPE(%)": 7.0427486780649975
}