Feature,Importance
0.5,77.05642783603018
ASA_m2_g,4.64046589614239
AV_VF,3.818507740903251
ASA_m2_cm3,3.353962888980623
AV_cm3_g,2.7001513312157894
cm3_g,1.829194247966625
LCD,1.7731018365839248
Has_OMS,1.380885734262962
LFPD,1.2765962308223096
PLD,1.2631323311436429
NASA_m2_g,0.4426221870462508
NASA_m2_cm3,0.40934570912136026
NAV_cm3_g,0.05560602978064757
