{
  "R2": 0.9750583037279175,
  "MAE": 0.052355874291007076,
  "RMSE": 0.006479876764334108,
  "MAPE(%)": 3.5325899903021476
}