{
  "R2": 0.9687190227858837,
  "MAE": 0.06556902320743833,
  "RMSE": 0.010397875073864294,
  "MAPE(%)": 4.568184348068742
}