Feature,Importance
0.5,61.48951334010395
ASA_m2_g,12.613177179472514
ASA_m2_cm3,6.09195292046393
AV_VF,4.563665268463139
AV_cm3_g,3.7546677675885953
cm3_g,3.531724440494411
LCD,2.1697949000987546
PLD,2.0321611584680896
LFPD,1.6885568893011709
Has_OMS,0.8608327144444003
NASA_m2_cm3,0.771343954005347
NASA_m2_g,0.377777761306062
NAV_cm3_g,0.054831705789616915
