{
  "R2": 0.9559347243838041,
  "MAE": 0.15653040703811102,
  "RMSE": 0.06140923136093192,
  "MAPE(%)": 4.926114319878949
}