{
  "R2": 0.9673879024061983,
  "MAE": 0.16137247966865875,
  "RMSE": 0.059817853100212065,
  "MAPE(%)": 5.652909356448146
}