Feature,Importance
0.1,87.80808807683934
cm3_g,1.786253793878257
AV_cm3_g,1.5772583522452965
Has_OMS,1.4066472629106856
ASA_m2_cm3,1.286773712337205
ASA_m2_g,1.0981848006360022
LCD,0.9757964546965786
AV_VF,0.930359915752754
LFPD,0.915894255250867
PLD,0.8845730019665905
NASA_m2_cm3,0.6826997680072653
NASA_m2_g,0.596608901075597
NAV_cm3_g,0.05086170440359351
