{
  "R2": 0.9949677266635174,
  "MAE": 0.0042620683971801646,
  "RMSE": 4.007235519742164e-05,
  "MAPE(%)": 1.6369780383584422
}