{
  "R2": 0.9735175627917497,
  "MAE": 0.06059893273539561,
  "RMSE": 0.012212044557372364,
  "MAPE(%)": 3.9795649805299287
}