{
  "R2": 0.9532307440367279,
  "MAE": 0.10559631230782394,
  "RMSE": 0.026387021503750635,
  "MAPE(%)": 5.437580494511014
}