{
  "R2": 0.9744053793405001,
  "MAE": 0.10500813137026643,
  "RMSE": 0.022689269811126084,
  "MAPE(%)": 4.303766109026097
}