{
  "R2": 0.9919957477213925,
  "MAE": 0.03264142677236934,
  "RMSE": 0.002501214619600923,
  "MAPE(%)": 2.5885771299529945
}