{
  "R2": 0.9688487675163489,
  "MAE": 0.06759495416652911,
  "RMSE": 0.015682920020589117,
  "MAPE(%)": 4.738560161987534
}