{
  "R2": 0.9926749371952417,
  "MAE": 0.007853250851159125,
  "RMSE": 0.00019752754323711268,
  "MAPE(%)": 2.1291591387296434
}