Feature,Importance
0.01,70.3363902705832
ASA_m2_g,7.1465749371386735
ASA_m2_cm3,5.30326692542508
AV_VF,4.11030522117143
LCD,2.2350315349390257
AV_cm3_g,2.038500490069041
cm3_g,2.0061250135622024
PLD,1.9620999734592768
LFPD,1.9533671017356307
Has_OMS,1.565919768282935
NASA_m2_g,0.6640981156333968
NASA_m2_cm3,0.6337517356467659
NAV_cm3_g,0.044568912353331255
