{
  "R2": 0.9659307984158019,
  "MAE": 0.060333560773373526,
  "RMSE": 0.01017009621555869,
  "MAPE(%)": 4.201613072378634
}