Feature,Importance
PLD,15.817625521107196
cm3_g,14.490654485472465
AV_VF,11.381970209436597
LCD,11.15396167058327
Has_OMS,10.554930655248027
LFPD,9.377565114816665
ASA_m2_g,8.379854794334664
ASA_m2_cm3,7.798857056663029
AV_cm3_g,7.256058661824119
NASA_m2_cm3,2.00919739289883
NASA_m2_g,1.6964955043813752
NAV_cm3_g,0.0828289332337549
