{
  "R2": 0.27821891215655303,
  "MAE": 0.13359993123744096,
  "RMSE": 0.05271572713905851,
  "MAPE(%)": 57.20145553725759
}