Feature,Importance
cm3_g,15.697232482147962
Has_OMS,14.106728333458703
PLD,13.144757879206749
AV_VF,10.036611346000061
LCD,9.658783061334042
LFPD,8.513014939405668
ASA_m2_cm3,8.252868838880417
ASA_m2_g,7.243885658844277
AV_cm3_g,6.234504828466928
NASA_m2_cm3,4.038356543490336
NASA_m2_g,2.952084558509941
NAV_cm3_g,0.12117153025489139
