{
  "R2": 0.35770652426001504,
  "MAE": 0.12828414707089913,
  "RMSE": 0.046352119930595834,
  "MAPE(%)": 52.39699114758775
}