{
  "R2": 0.982753812131959,
  "MAE": 0.01564985518734479,
  "RMSE": 0.0005957841785013459,
  "MAPE(%)": 2.887901924840127
}