{
  "R2": 0.9814851629095732,
  "MAE": 0.019084687474614278,
  "RMSE": 0.001391094118994962,
  "MAPE(%)": 3.496868662705156
}