Feature,Importance
0.01,55.63155949643977
ASA_m2_g,11.17408406460695
AV_cm3_g,7.087327860704242
AV_VF,6.574665758274905
ASA_m2_cm3,5.915116941971745
PLD,2.9577594780137186
cm3_g,2.391349170861684
LCD,2.3505064226167156
LFPD,2.293814849747781
Has_OMS,1.8307579838574806
NASA_m2_cm3,0.9312016640902762
NASA_m2_g,0.7393862995303876
NAV_cm3_g,0.12247000928432418
