{
  "R2": 0.9588437966082963,
  "MAE": 0.17405549630290035,
  "RMSE": 0.0612258585760567,
  "MAPE(%)": 5.65596782449674
}