temp,lowp,outp,seed,mode,qt_frac,train_ratio,out_root,model,R2,MAE,RMSE,MAPE(%)
293K,0.01,15,2027,lowq,0.55,0.5,./RUN_FULL_EXP,cat,0.9588437966082963,0.17405549630290035,0.0612258585760567,5.65596782449674
