{
  "R2": 0.9594812423778514,
  "MAE": 0.16795640826256913,
  "RMSE": 0.05624111391102385,
  "MAPE(%)": 5.419308548953492
}