{
  "R2": 0.9662339333766604,
  "MAE": 0.1612020111151875,
  "RMSE": 0.05291859632709841,
  "MAPE(%)": 5.372976584764977
}