temp,lowp,outp,seed,mode,qt_frac,train_ratio,out_root,model,R2,MAE,RMSE,MAPE(%)
293K,0.01,5,2028,struct_with_input,0.35,0.35,./RUN_FULL_EXP,cat,0.9683237322610613,0.06565655183127614,0.010736232003038691,4.528770984912861
