{
  "R2": 0.9683237322610613,
  "MAE": 0.06565655183127614,
  "RMSE": 0.010736232003038691,
  "MAPE(%)": 4.528770984912861
}