Feature,Importance
0.5,69.82140447162017
ASA_m2_g,8.285075033083434
AV_VF,4.7231148852739935
ASA_m2_cm3,4.660482808417114
AV_cm3_g,2.796491701830731
PLD,1.9565887344737292
cm3_g,1.9270166171969108
LFPD,1.7997744287737738
LCD,1.7624189668876225
Has_OMS,1.2474918679327462
NASA_m2_cm3,0.48333296495400296
NASA_m2_g,0.47068952661728736
NAV_cm3_g,0.06611799293850973
