{
  "R2": 0.9729624039967155,
  "MAE": 0.09092227710492622,
  "RMSE": 0.02096732722677981,
  "MAPE(%)": 4.660630238526884
}