temp,lowp,outp,seed,mode,qt_frac,train_ratio,out_root,model,R2,MAE,RMSE,MAPE(%)
273K,0.5,5,2025,lowq,0.1,0.5,./RUN_FULL_EXP,cat,0.9729624039967155,0.09092227710492622,0.02096732722677981,4.660630238526884
