{
  "R2": 0.9741083121586959,
  "MAE": 0.06229825572392844,
  "RMSE": 0.012332859581145952,
  "MAPE(%)": 4.513497420452619
}