temp,lowp,outp,seed,mode,qt_frac,train_ratio,out_root,model,R2,MAE,RMSE,MAPE(%)
273K,HENRY,1,2025,lowq,0.6,0.5,./RUN_FULL_EXP,cat,0.986502831187332,0.014953110363114596,0.0006334976641428261,2.6974330489058267
