{
  "R2": 0.986502831187332,
  "MAE": 0.014953110363114596,
  "RMSE": 0.0006334976641428261,
  "MAPE(%)": 2.6974330489058267
}