Feature,Importance
0.5,92.96110324743131
cm3_g,1.338678962308411
AV_cm3_g,1.0040304708298315
AV_VF,0.7342331334977142
LCD,0.6874892417220981
Has_OMS,0.6006925942718219
PLD,0.5633581588295516
ASA_m2_g,0.5317701627864656
ASA_m2_cm3,0.4159971435534982
NASA_m2_g,0.4054245135000369
LFPD,0.3936195372312643
NAV_cm3_g,0.18497738824547966
NASA_m2_cm3,0.1786254457925213
