{
  "R2": 0.9961996675055919,
  "MAE": 0.005316909043414193,
  "RMSE": 5.6967587935901006e-05,
  "MAPE(%)": 1.4043917758859663
}