Feature,Importance
HENRY,66.48348746716586
AV_VF,6.3043010170711575
ASA_m2_cm3,5.649383947049624
ASA_m2_g,4.86581492880427
AV_cm3_g,3.090289038962271
PLD,2.9505128586565252
Has_OMS,2.7410613802947124
LFPD,2.3637881388501203
cm3_g,2.2609925981533716
LCD,1.8861743532570197
NASA_m2_cm3,0.8916861917506952
NASA_m2_g,0.43874356095873124
NAV_cm3_g,0.07376451902567475
