{
  "R2": 0.9552155790890693,
  "MAE": 0.10295452486961229,
  "RMSE": 0.027097915106421407,
  "MAPE(%)": 5.199325244397816
}