Feature,Importance
0.1,58.54585194228838
ASA_m2_g,7.942269184690282
AV_cm3_g,7.526117622304832
ASA_m2_cm3,7.3078681402911885
AV_VF,6.972493925968781
PLD,2.543916653973886
cm3_g,2.4894128428439797
LFPD,1.9420024138347372
LCD,1.7335231735241048
Has_OMS,1.5242241563221708
NASA_m2_cm3,0.7715236746939642
NASA_m2_g,0.6287390572532764
NAV_cm3_g,0.07205721201045441
