temp,lowp,outp,seed,mode,qt_frac,train_ratio,out_root,model,R2,MAE,RMSE,MAPE(%)
293K,0.1,15,2028,lowq,0.65,0.5,./RUN_FULL_EXP,cat,0.9529495749614189,0.16592008277333925,0.06652543935925573,5.204171564689437
