{
  "R2": 0.9529495749614189,
  "MAE": 0.16592008277333925,
  "RMSE": 0.06652543935925573,
  "MAPE(%)": 5.204171564689437
}