Feature,Importance
0.01,55.837657550011166
ASA_m2_g,11.853273547599512
AV_VF,5.606615050456131
cm3_g,5.543471374195544
ASA_m2_cm3,5.4088473408961075
AV_cm3_g,4.4436195150824185
LCD,2.817468742489528
Has_OMS,2.482752199036361
LFPD,2.3685968861021687
PLD,2.2771998787565795
NASA_m2_cm3,0.8505722377910505
NASA_m2_g,0.3784602474705174
NAV_cm3_g,0.1314654301129121
