Feature,Importance
0.1,86.74202086527936
ASA_m2_g,1.8073492307410302
cm3_g,1.756856786867689
AV_cm3_g,1.429186702590039
Has_OMS,1.3063068646903608
PLD,1.2623209180871966
AV_VF,1.2515540048000404
ASA_m2_cm3,1.164339019862943
LCD,1.0647760022494621
LFPD,1.007560342716129
NASA_m2_cm3,0.6853041957900358
NASA_m2_g,0.4591162984547882
NAV_cm3_g,0.0633087678709267
