temp,lowp,outp,seed,mode,qt_frac,train_ratio,out_root,model,R2,MAE,RMSE,MAPE(%)
293K,0.1,1,2027,lowq,0.65,0.5,./RUN_FULL_EXP,cat,0.9925020153653087,0.007280915408127043,0.0001323850809311624,1.9497433900873848
