{
  "R2": 0.9925020153653087,
  "MAE": 0.007280915408127043,
  "RMSE": 0.0001323850809311624,
  "MAPE(%)": 1.9497433900873848
}