{
  "R2": 0.9539155017423618,
  "MAE": 0.18592815178724742,
  "RMSE": 0.08359159652639936,
  "MAPE(%)": 6.380364889980611
}