Feature,Importance
HENRY,70.33890611470224
ASA_m2_g,5.857725287036743
AV_VF,4.736877293014476
ASA_m2_cm3,4.424712080847388
AV_cm3_g,2.8031158766773947
cm3_g,2.267915736035189
LFPD,2.1341139175981536
LCD,2.1148761431495915
PLD,2.0670359904202185
Has_OMS,1.580850214478801
NASA_m2_cm3,0.9183055991275476
NASA_m2_g,0.688815197006119
NAV_cm3_g,0.06675054990613141
