{
  "R2": 0.9731569419857165,
  "MAE": 0.058068037373591466,
  "RMSE": 0.009412285859155243,
  "MAPE(%)": 3.991028781584185
}