Feature,Importance
0.05,71.81905997993461
ASA_m2_g,5.738829885091211
ASA_m2_cm3,4.9049987540295
AV_VF,3.9654282938529244
AV_cm3_g,3.019612118355775
LCD,2.172170992881943
cm3_g,2.1196070215240725
PLD,1.8142652934575143
Has_OMS,1.500960321344592
LFPD,1.485545504733252
NASA_m2_g,0.7440089614305087
NASA_m2_cm3,0.6111817548553073
NAV_cm3_g,0.10433111850880626
