{
  "R2": 0.9717536753511506,
  "MAE": 0.05948693925716759,
  "RMSE": 0.010607868842756867,
  "MAPE(%)": 4.2555996808558945
}