{
  "R2": 0.9472079827472634,
  "MAE": 0.024869553351367805,
  "RMSE": 0.008354253355158414,
  "MAPE(%)": 4.198711170238751
}