temp,lowp,outp,seed,mode,qt_frac,train_ratio,out_root,model,R2,MAE,RMSE,MAPE(%)
273K,0.01,1,2029,struct_with_input,0.0,0.65,./RUN_FULL_EXP,cat,0.9472079827472634,0.024869553351367805,0.008354253355158414,4.198711170238751
