Feature,Importance
0.1,65.67409745948329
ASA_m2_g,7.882294679477468
ASA_m2_cm3,5.7135618020937216
AV_VF,4.447072904263059
AV_cm3_g,3.5859577378126506
LCD,2.5698223334206007
PLD,2.5039281948764125
cm3_g,2.0904927634266364
Has_OMS,2.0252553388659336
LFPD,2.0019714462991467
NASA_m2_cm3,0.8668840410948666
NASA_m2_g,0.5812097277575218
NAV_cm3_g,0.057451571128677346
