{
  "R2": 0.9562947539308083,
  "MAE": 0.0943554024200343,
  "RMSE": 0.019465146827149803,
  "MAPE(%)": 4.717007179209029
}