Feature,Importance
0.01,84.30689256284406
cm3_g,2.0551042280491187
Has_OMS,1.986719939802879
ASA_m2_g,1.966125834098727
AV_VF,1.5491341118296666
LFPD,1.5414015358489601
LCD,1.5286009385882806
PLD,1.4809280808924477
ASA_m2_cm3,1.3104643034067032
AV_cm3_g,1.261309624902044
NASA_m2_g,0.4954068714210764
NASA_m2_cm3,0.44723346203928854
NAV_cm3_g,0.0706785062767754
