{
  "R2": 0.9893044961949911,
  "MAE": 0.010090318160785254,
  "RMSE": 0.0002511667964471181,
  "MAPE(%)": 2.7979605829292447
}