temp,lowp,outp,seed,mode,qt_frac,train_ratio,out_root,model,R2,MAE,RMSE,MAPE(%)
293K,0.01,1,2025,lowq,0.45,0.5,./RUN_FULL_EXP,cat,0.9893044961949911,0.010090318160785254,0.0002511667964471181,2.7979605829292447
