Feature,Importance
0.5,60.37510732467571
ASA_m2_g,11.848929663223766
ASA_m2_cm3,6.397273913839047
AV_VF,5.418738126580358
AV_cm3_g,4.4035928835087566
cm3_g,3.2789446976045187
LCD,2.1459526150841484
PLD,2.1433523168694677
LFPD,1.8406166317540111
Has_OMS,1.085260932571598
NASA_m2_cm3,0.56972219655327
NASA_m2_g,0.3703223244229035
NAV_cm3_g,0.12218637331246741
