{
  "R2": 0.9643437637962992,
  "MAE": 0.1535328321288288,
  "RMSE": 0.06117288579214876,
  "MAPE(%)": 5.194552680051113
}