temp,lowp,outp,seed,mode,qt_frac,train_ratio,out_root,model,R2,MAE,RMSE,MAPE(%)
293K,0.5,15,2026,lowq,0.2,0.5,./RUN_FULL_EXP,cat,0.9643437637962992,0.1535328321288288,0.06117288579214876,5.194552680051113
