Feature,Importance
0.05,85.22706371866295
cm3_g,2.9096754571659105
ASA_m2_g,1.869104120573848
ASA_m2_cm3,1.4561913928948214
PLD,1.2903524538773712
AV_VF,1.2698180330978979
Has_OMS,1.211342479678539
AV_cm3_g,1.1993456663021234
LCD,1.04012898072148
LFPD,0.9051821466740441
NASA_m2_cm3,0.8413781279922267
NASA_m2_g,0.7383552391115834
NAV_cm3_g,0.04206218324719614
