{
  "R2": 0.9828005541079122,
  "MAE": 0.010353303559906688,
  "RMSE": 0.0009584144253398927,
  "MAPE(%)": 2.698277432470831
}