temp,lowp,outp,seed,mode,qt_frac,train_ratio,out_root,model,R2,MAE,RMSE,MAPE(%)
293K,0.05,1,2027,lowq,0.05,0.5,./RUN_FULL_EXP,cat,0.9828005541079122,0.010353303559906688,0.0009584144253398927,2.698277432470831
