temp,lowp,outp,seed,mode,qt_frac,train_ratio,out_root,model,R2,MAE,RMSE,MAPE(%)
293K,HENRY,1,2028,lowq,0.5,0.5,./RUN_FULL_EXP,cat,0.992860124714528,0.007675864245066219,0.00015390610355988984,2.062406264478351
