{
  "R2": 0.992860124714528,
  "MAE": 0.007675864245066219,
  "RMSE": 0.00015390610355988984,
  "MAPE(%)": 2.062406264478351
}