Feature,Importance
HENRY,76.22726125287485
ASA_m2_g,4.238128012824925
AV_cm3_g,3.8826653897798473
AV_VF,3.5830472920890806
ASA_m2_cm3,3.1969055036318763
cm3_g,1.7005015704945399
PLD,1.6376655785066303
LFPD,1.5117187350657815
Has_OMS,1.4632843289185897
LCD,1.3123703358334862
NASA_m2_cm3,0.6744602221961525
NASA_m2_g,0.5005994784991814
NAV_cm3_g,0.07139229928504909
