temp,lowp,outp,seed,mode,qt_frac,train_ratio,out_root,model,R2,MAE,RMSE,MAPE(%)
313K,HENRY,5,2028,lowq,0.75,0.5,./RUN_FULL_EXP,cat,0.9789442732617333,0.03152848805257336,0.002407662948574163,2.8129634725508845
