{
  "R2": 0.9789442732617333,
  "MAE": 0.03152848805257336,
  "RMSE": 0.002407662948574163,
  "MAPE(%)": 2.8129634725508845
}