Feature,Importance
0.5,92.58107730067132
AV_cm3_g,1.1315338861994981
AV_VF,0.8011464730595027
ASA_m2_g,0.7394341611681357
Has_OMS,0.7140397834341394
LCD,0.7055692770971501
PLD,0.6902534131285936
cm3_g,0.6745923071927966
LFPD,0.6363897895741605
ASA_m2_cm3,0.5694464660055574
NASA_m2_cm3,0.4482177026942335
NASA_m2_g,0.1904117456315231
NAV_cm3_g,0.11788769414337956
