temp,lowp,outp,seed,mode,qt_frac,train_ratio,out_root,model,R2,MAE,RMSE,MAPE(%)
273K,0.5,1,2028,lowq,0.65,0.5,./RUN_FULL_EXP,cat,0.9952617311278339,0.009497404063299242,0.00019493443375847723,1.7331225260872707
