{
  "R2": 0.9952617311278339,
  "MAE": 0.009497404063299242,
  "RMSE": 0.00019493443375847723,
  "MAPE(%)": 1.7331225260872707
}