Feature,Importance
0.1,62.60854880785747
ASA_m2_g,10.735393067672533
ASA_m2_cm3,6.441890557394819
AV_cm3_g,4.9275975986046685
AV_VF,4.359676005473699
cm3_g,2.923894487987195
PLD,1.7633421335589357
LCD,1.6939056528755316
LFPD,1.650011164411456
Has_OMS,1.1994071561121913
NASA_m2_g,0.809971558767493
NASA_m2_cm3,0.7369601385390896
NAV_cm3_g,0.14940167074492813
