temp,lowp,outp,seed,mode,qt_frac,train_ratio,out_root,model,R2,MAE,RMSE,MAPE(%)
313K,0.1,15,2026,lowq,0.25,0.5,./RUN_FULL_EXP,cat,0.974298721719043,0.11050121963425234,0.027330167449895058,4.631536422402636
