{
  "R2": 0.974298721719043,
  "MAE": 0.11050121963425234,
  "RMSE": 0.027330167449895058,
  "MAPE(%)": 4.631536422402636
}