Feature,Importance
AV_VF,12.642988312140059
PLD,12.505819272840245
cm3_g,12.235427032652217
LCD,11.803793644963648
Has_OMS,10.49875386284721
ASA_m2_cm3,10.43183053544276
AV_cm3_g,9.213613830860925
LFPD,8.449160172330352
ASA_m2_g,6.8010903832179155
NASA_m2_cm3,2.699614034249919
NASA_m2_g,2.581322603454097
NAV_cm3_g,0.13658631500065863
