{
  "R2": 0.3540009168413587,
  "MAE": 0.192807864470235,
  "RMSE": 0.10477962487283636,
  "MAPE(%)": 50.29874321013733
}