{
  "R2": 0.32422222394709543,
  "MAE": 0.19429285003854685,
  "RMSE": 0.10423371811627108,
  "MAPE(%)": 55.34412892802805
}