{
  "R2": 0.9906380573634435,
  "MAE": 0.006845010824821798,
  "RMSE": 9.276412030348479e-05,
  "MAPE(%)": 2.750525727165919
}