temp,lowp,outp,seed,mode,qt_frac,train_ratio,out_root,model,R2,MAE,RMSE,MAPE(%)
313K,0.01,1,2027,lowq,0.5,0.5,./RUN_FULL_EXP,cat,0.9906380573634435,0.006845010824821798,9.276412030348479e-05,2.750525727165919
