{
  "R2": 0.9743494817581326,
  "MAE": 0.03952541897866381,
  "RMSE": 0.006825617651226449,
  "MAPE(%)": 3.689370366373933
}