{
  "R2": 0.9782579539628246,
  "MAE": 0.05121324775289875,
  "RMSE": 0.010362697591397524,
  "MAPE(%)": 3.237060685557051
}