{
  "R2": 0.9868610027360998,
  "MAE": 0.04877638745786868,
  "RMSE": 0.005615009519099654,
  "MAPE(%)": 4.15879088049722
}