{
  "R2": 0.98088537034238,
  "MAE": 0.047149998481656644,
  "RMSE": 0.008978093855198582,
  "MAPE(%)": 3.067497263403982
}