Feature,Importance
0.1,75.87805228362404
ASA_m2_g,5.253348156926637
ASA_m2_cm3,3.5744883446465763
AV_cm3_g,2.981853525494714
AV_VF,2.5885009790142193
Has_OMS,1.8779948534409536
cm3_g,1.873484530064257
LCD,1.5018787312161397
LFPD,1.4798211734042421
PLD,1.3738110853477232
NASA_m2_cm3,0.9514992731909364
NASA_m2_g,0.5257734633674832
NAV_cm3_g,0.13949360026207808
