{
  "R2": 0.9820029629153701,
  "MAE": 0.033908179938071645,
  "RMSE": 0.002703616829842676,
  "MAPE(%)": 3.1259756379903565
}