Feature,Importance
0.01,84.27170217960328
PLD,2.428108579690418
AV_cm3_g,2.1711230119949225
AV_VF,1.9067567049409058
ASA_m2_g,1.7702662984212838
LFPD,1.6649229466696405
ASA_m2_cm3,1.329335196907347
Has_OMS,1.2065061258384955
LCD,1.203074106310459
cm3_g,0.9103794933144186
NASA_m2_cm3,0.7918167399156618
NASA_m2_g,0.3082444471960229
NAV_cm3_g,0.03776416919713532
