{
  "R2": 0.9672214987481201,
  "MAE": 0.01482868612098405,
  "RMSE": 0.0024581143544970324,
  "MAPE(%)": 3.8821149688370813
}