Feature,Importance
0.1,79.36302589322055
AV_VF,3.9040082730726855
ASA_m2_g,3.0875780624356026
AV_cm3_g,2.976216538900396
ASA_m2_cm3,2.5233534646682223
Has_OMS,1.944724283291905
LFPD,1.4142820940558454
PLD,1.3761930971070913
LCD,1.1821425270848793
cm3_g,1.1767678005617306
NASA_m2_cm3,0.5271833573668671
NASA_m2_g,0.45069022175447776
NAV_cm3_g,0.07383438647974074
