{
  "R2": 0.9822147233899204,
  "MAE": 0.033730384975681926,
  "RMSE": 0.002718843953424331,
  "MAPE(%)": 3.09837664996653
}