temp,lowp,outp,seed,mode,qt_frac,train_ratio,out_root,model,R2,MAE,RMSE,MAPE(%)
313K,0.1,5,2028,lowq,0.5,0.5,./RUN_FULL_EXP,cat,0.9822147233899204,0.033730384975681926,0.002718843953424331,3.09837664996653
