Feature,Importance
0.1,70.85438953450624
ASA_m2_g,6.227091230429207
ASA_m2_cm3,4.660601643199376
AV_cm3_g,3.8078129280065243
AV_VF,3.5354315585682716
cm3_g,2.2301628307572026
Has_OMS,1.9089647208667757
PLD,1.769877516414523
LCD,1.7598767339889811
LFPD,1.6571979062499307
NASA_m2_cm3,0.8301488780687176
NASA_m2_g,0.643900958187927
NAV_cm3_g,0.11454356075634664
