temp,lowp,outp,seed,mode,qt_frac,train_ratio,out_root,model,R2,MAE,RMSE,MAPE(%)
293K,0.1,5,2027,lowq,0.05,0.5,./RUN_FULL_EXP,cat,0.9719647938242573,0.06160106660606456,0.012954608886313923,4.336442228501772
