{
  "R2": 0.9719647938242573,
  "MAE": 0.06160106660606456,
  "RMSE": 0.012954608886313923,
  "MAPE(%)": 4.336442228501772
}