{
  "R2": 0.9724880157721044,
  "MAE": 0.06792279127227432,
  "RMSE": 0.013164548296844339,
  "MAPE(%)": 4.876643861313948
}