{
  "R2": -0.010895322618404313,
  "MAE": 0.22108632114317692,
  "RMSE": 0.15511356367415213,
  "MAPE(%)": 50.07227292931885
}