Feature,Importance
0.01,82.16895701178404
cm3_g,3.2987745720849335
Has_OMS,2.7322438139760052
LFPD,2.0810171605913976
ASA_m2_g,2.0050871992960984
AV_cm3_g,1.6790858233060828
ASA_m2_cm3,1.6018603131724878
LCD,1.5823876726150912
AV_VF,1.2436753459407535
PLD,0.6889249661429474
NASA_m2_cm3,0.5613332911135137
NASA_m2_g,0.29985501642119416
NAV_cm3_g,0.056797813555429524
