{
  "R2": 0.9306905406578418,
  "MAE": 0.019362035256951717,
  "RMSE": 0.00508961837607148,
  "MAPE(%)": 5.112263058295839
}