{
  "R2": 0.9937084469761741,
  "MAE": 0.026785912826433583,
  "RMSE": 0.0015160916899273763,
  "MAPE(%)": 2.077889836494249
}