temp,lowp,outp,seed,mode,qt_frac,train_ratio,out_root,model,R2,MAE,RMSE,MAPE(%)
293K,0.5,15,2026,lowq,0.15,0.5,./RUN_FULL_EXP,cat,0.9662030336825234,0.1537648910098523,0.059549629914128606,5.314746716897126
