{
  "R2": 0.9662030336825234,
  "MAE": 0.1537648910098523,
  "RMSE": 0.059549629914128606,
  "MAPE(%)": 5.314746716897126
}