{
  "R2": 0.9564290860896633,
  "MAE": 0.17922760007927308,
  "RMSE": 0.07800793428027938,
  "MAPE(%)": 6.10748537024564
}