Feature,Importance
HENRY,85.20152720910448
cm3_g,2.3526277911580467
AV_cm3_g,1.7237142581834706
AV_VF,1.7045208684298565
LCD,1.4588143468076722
Has_OMS,1.3813767017023157
ASA_m2_g,1.2468646340104481
ASA_m2_cm3,1.1863663909790656
PLD,1.1816070752029146
LFPD,0.9467248525627057
NASA_m2_g,0.7870779752057153
NASA_m2_cm3,0.671498775017718
NAV_cm3_g,0.15727912163557678
