temp,lowp,outp,seed,mode,qt_frac,train_ratio,out_root,model,R2,MAE,RMSE,MAPE(%)
293K,HENRY,1,2026,lowq,0.6,0.5,./RUN_FULL_EXP,cat,0.9934933590822709,0.007364032576659765,0.00012393786381054747,2.0035406846509276
