{
  "R2": 0.9934933590822709,
  "MAE": 0.007364032576659765,
  "RMSE": 0.00012393786381054747,
  "MAPE(%)": 2.0035406846509276
}