Feature,Importance
cm3_g,14.13728369599675
AV_VF,13.410655526578575
ASA_m2_cm3,12.935906924354793
PLD,12.889118121586506
Has_OMS,10.513888276625595
LCD,9.088790582884146
ASA_m2_g,8.498828256367352
LFPD,8.295919613702694
AV_cm3_g,6.499445441393128
NASA_m2_g,1.916023056823587
NASA_m2_cm3,1.4475313573037079
NAV_cm3_g,0.36660914638315817
