{
  "R2": 0.5279726328034391,
  "MAE": 0.33128127329018076,
  "RMSE": 0.2317958269816533,
  "MAPE(%)": 33.33517762422821
}