{
  "R2": 0.9879983150355744,
  "MAE": 0.015724806154777612,
  "RMSE": 0.0006743889765498714,
  "MAPE(%)": 2.8610460119816645
}