{
  "R2": 0.4169432695853357,
  "MAE": 0.1839350987230119,
  "RMSE": 0.08785359504372704,
  "MAPE(%)": 52.36645078906973
}