{
  "R2": 0.37604737066434135,
  "MAE": 0.18583840389461753,
  "RMSE": 0.09138296038748572,
  "MAPE(%)": 51.33096193589894
}