{
  "R2": 0.9965679816735789,
  "MAE": 0.005843511755745166,
  "RMSE": 8.022465667513918e-05,
  "MAPE(%)": 1.6028089440807507
}