temp,lowp,outp,seed,mode,qt_frac,train_ratio,out_root,model,R2,MAE,RMSE,MAPE(%)
293K,0.5,1,2029,lowq,0.45,0.5,./RUN_FULL_EXP,cat,0.9965679816735789,0.005843511755745166,8.022465667513918e-05,1.6028089440807507
