Feature,Importance
0.01,88.76301159702811
LCD,1.7325126648956801
cm3_g,1.5644597988063336
AV_cm3_g,1.3815120283828695
ASA_m2_g,1.282931103997042
ASA_m2_cm3,1.0542835924055396
PLD,0.9621248762066077
AV_VF,0.7866128522388032
Has_OMS,0.7835687701690444
LFPD,0.7432798530704846
NASA_m2_cm3,0.4055637626665064
NASA_m2_g,0.39520648934772945
NAV_cm3_g,0.1449326107852464
