{
  "R2": 0.9643174092390755,
  "MAE": 0.008932462153743709,
  "RMSE": 0.0010187467009390172,
  "MAPE(%)": 3.2315871346154696
}