{
  "R2": 0.9859592153952411,
  "MAE": 0.01170058291371147,
  "RMSE": 0.0005813800014349404,
  "MAPE(%)": 3.2908199161290117
}