Feature,Importance
0.05,77.82859280652102
ASA_m2_g,4.634286825424918
ASA_m2_cm3,3.5957589440389643
AV_cm3_g,2.53129171919
cm3_g,2.1030574186789375
AV_VF,2.038894723598125
Has_OMS,1.9168509278772172
LCD,1.610525735159058
LFPD,1.253727665250159
PLD,1.1949139252843688
NASA_m2_g,0.6038002356406866
NASA_m2_cm3,0.5569891520833224
NAV_cm3_g,0.13130992125325275
