{
  "R2": 0.9741307259710924,
  "MAE": 0.03855883887076274,
  "RMSE": 0.00633720428327032,
  "MAPE(%)": 3.5622379149607775
}