temp,lowp,outp,seed,mode,qt_frac,train_ratio,out_root,model,R2,MAE,RMSE,MAPE(%)
313K,0.05,5,2026,lowq,0.1,0.5,./RUN_FULL_EXP,cat,0.9741307259710924,0.03855883887076274,0.00633720428327032,3.5622379149607775
