Feature,Importance
HENRY,64.93732020217878
ASA_m2_cm3,7.857819172738371
ASA_m2_g,6.942086381391692
AV_VF,4.290341421132133
AV_cm3_g,2.8899514234421932
LCD,2.5818556138965225
PLD,2.5683900402912836
cm3_g,2.380354775881476
LFPD,1.9773903711550262
Has_OMS,1.7469657352353307
NASA_m2_g,0.9338126408244083
NASA_m2_cm3,0.8467636752028773
NAV_cm3_g,0.04694854662990227
