{
  "R2": 0.956551257176871,
  "MAE": 0.10188011919854349,
  "RMSE": 0.026694410324581655,
  "MAPE(%)": 5.2218241524500835
}