temp,lowp,outp,seed,mode,qt_frac,train_ratio,out_root,model,R2,MAE,RMSE,MAPE(%)
313K,HENRY,15,2028,lowq,0.15,0.5,./RUN_FULL_EXP,cat,0.963461944021571,0.11377459576393256,0.042208932709471784,4.703700229161091
