{
  "R2": 0.963461944021571,
  "MAE": 0.11377459576393256,
  "RMSE": 0.042208932709471784,
  "MAPE(%)": 4.703700229161091
}