{
  "R2": 0.9866329515778067,
  "MAE": 0.049834791195327965,
  "RMSE": 0.005452026852313687,
  "MAPE(%)": 4.460223557917967
}