{
  "R2": 0.5357761243814958,
  "MAE": 0.3276717957374124,
  "RMSE": 0.22639675108796095,
  "MAPE(%)": 32.61800512131267
}