{
  "R2": 0.9643007800545885,
  "MAE": 0.06890787402648679,
  "RMSE": 0.014653868344166156,
  "MAPE(%)": 4.507681645490832
}