{
  "R2": 0.9779787127114922,
  "MAE": 0.0377507395145337,
  "RMSE": 0.006390542358855501,
  "MAPE(%)": 3.7021311192027317
}