Feature,Importance
0.1,59.196648731125066
ASA_m2_g,11.072289337821157
AV_VF,6.962256051572623
AV_cm3_g,6.498610871029708
ASA_m2_cm3,5.459857868911182
PLD,2.440973698365934
cm3_g,2.0294846942054576
LFPD,1.9950195843135934
LCD,1.644956085503844
Has_OMS,1.2533135978626282
NASA_m2_cm3,0.6737549090201488
NASA_m2_g,0.6702550014152805
NAV_cm3_g,0.10257956885334818
