temp,lowp,outp,seed,mode,qt_frac,train_ratio,out_root,model,R2,MAE,RMSE,MAPE(%)
293K,0.1,15,2028,lowq,0.3,0.5,./RUN_FULL_EXP,cat,0.966331499347604,0.1625014112143879,0.05532433943537527,5.403954402988279
