{
  "R2": 0.966331499347604,
  "MAE": 0.1625014112143879,
  "RMSE": 0.05532433943537527,
  "MAPE(%)": 5.403954402988279
}