{
  "R2": 0.9599794602856575,
  "MAE": 0.16486642180595693,
  "RMSE": 0.05527252850735542,
  "MAPE(%)": 5.253786192952802
}