Feature,Importance
0.01,67.52387718473068
cm3_g,5.729302417959086
ASA_m2_g,5.638082992131267
AV_VF,4.013176669964247
ASA_m2_cm3,3.5999142721123505
AV_cm3_g,2.755239677313476
Has_OMS,2.6851831889862674
LCD,2.358014848760165
PLD,2.3513750326135407
LFPD,1.6234343053465339
NASA_m2_cm3,1.1992553056142825
NASA_m2_g,0.4989242761296998
NAV_cm3_g,0.02421982833839244
