{
  "R2": 0.9398264595885852,
  "MAE": 0.10379352846299982,
  "RMSE": 0.028426632199980165,
  "MAPE(%)": 8.750240800084388
}