Feature,Importance
0.1,61.52991695486392
ASA_m2_g,13.462117112141105
AV_VF,4.770709022725133
AV_cm3_g,4.694216770695461
ASA_m2_cm3,3.963578763746944
cm3_g,2.931600688294899
PLD,2.4120613782609897
LCD,1.860582681171092
LFPD,1.8253270132707258
Has_OMS,1.4238124208354714
NASA_m2_cm3,0.7255370656303488
NASA_m2_g,0.3246886692776168
NAV_cm3_g,0.07585145908631283
