{
  "R2": 0.967477008489768,
  "MAE": 0.11213260745146651,
  "RMSE": 0.036320852317810334,
  "MAPE(%)": 4.649330660930308
}