Feature,Importance
0.1,63.310465278293215
ASA_m2_g,8.074939572611093
AV_VF,6.624388656395046
AV_cm3_g,5.750554467794907
ASA_m2_cm3,5.202069962594791
cm3_g,2.520397633063061
PLD,2.3630629862619204
LFPD,1.9227358206698846
LCD,1.5147732780978271
Has_OMS,1.2473914815723772
NASA_m2_cm3,0.8214278034466088
NASA_m2_g,0.5553956159205898
NAV_cm3_g,0.09239744327870111
