{
  "R2": 0.9691293641538938,
  "MAE": 0.10716861864503259,
  "RMSE": 0.02391009816468798,
  "MAPE(%)": 4.166303407805355
}