Feature,Importance
0.01,82.63253694849706
cm3_g,2.5637763668805382
Has_OMS,2.1071626450052494
AV_VF,2.0868567365466784
LCD,1.989997707118687
AV_cm3_g,1.976342333470426
LFPD,1.7046700710851916
ASA_m2_g,1.368556565930557
PLD,1.3424194985930205
ASA_m2_cm3,1.0879454289862562
NASA_m2_cm3,0.6993768909968292
NASA_m2_g,0.37721467103539935
NAV_cm3_g,0.06314413585407819
