{
  "R2": 0.9898683705058225,
  "MAE": 0.010917024806870517,
  "RMSE": 0.0002952006824967765,
  "MAPE(%)": 3.121763822924664
}