{
  "R2": 0.9707296069527495,
  "MAE": 0.06152181869067044,
  "RMSE": 0.01291331195877415,
  "MAPE(%)": 4.142159829788007
}