temp,lowp,outp,seed,mode,qt_frac,train_ratio,out_root,model,R2,MAE,RMSE,MAPE(%)
293K,0.1,5,2028,lowq,0.1,0.5,./RUN_FULL_EXP,cat,0.9707296069527495,0.06152181869067044,0.01291331195877415,4.142159829788007
