{
  "R2": 0.9632308410466139,
  "MAE": 0.17644438043564095,
  "RMSE": 0.06510822497863097,
  "MAPE(%)": 6.092497522936425
}