{
  "R2": 0.986157412384582,
  "MAE": 0.01818128626124509,
  "RMSE": 0.0009896303905749292,
  "MAPE(%)": 3.3277855008588326
}