{
  "R2": 0.9505704677206268,
  "MAE": 0.23945893188286088,
  "RMSE": 0.12302610945164029,
  "MAPE(%)": 6.03641379020844
}