{
  "R2": 0.9824609410321311,
  "MAE": 0.034119929902794915,
  "RMSE": 0.004925099099642228,
  "MAPE(%)": 3.318001047208946
}