Feature,Importance
0.01,85.43580473332025
AV_VF,1.8652868716121032
cm3_g,1.8293273214745824
AV_cm3_g,1.7080574080763191
PLD,1.4748553799909863
ASA_m2_cm3,1.4106446135864723
Has_OMS,1.3789649276741518
LFPD,1.3489202580204698
ASA_m2_g,1.174363741276719
LCD,1.1200491054321335
NASA_m2_cm3,0.7177060324127386
NASA_m2_g,0.4665619923810664
NAV_cm3_g,0.06945761474198851
