{
  "R2": 0.989500964966837,
  "MAE": 0.010102007408290268,
  "RMSE": 0.0002451771375563318,
  "MAPE(%)": 2.8051922251218127
}