Feature,Importance
0.01,84.12727183470751
ASA_m2_g,2.105882176228502
cm3_g,2.0970454709167923
Has_OMS,1.8112248510733473
LFPD,1.6918574785150005
AV_VF,1.5281347943919503
PLD,1.5120658019734887
ASA_m2_cm3,1.3625439607721028
AV_cm3_g,1.3618490596585857
LCD,1.2567101256930537
NASA_m2_cm3,0.5499510146780074
NASA_m2_g,0.5219010519413306
NAV_cm3_g,0.07356237945031624
