{
  "R2": 0.9906296699930394,
  "MAE": 0.010139189971683884,
  "RMSE": 0.00025218659829912563,
  "MAPE(%)": 2.871475140774863
}