temp,lowp,outp,seed,mode,qt_frac,train_ratio,out_root,model,R2,MAE,RMSE,MAPE(%)
293K,0.01,1,2025,lowq,0.35,0.5,./RUN_FULL_EXP,cat,0.9906296699930394,0.010139189971683884,0.00025218659829912563,2.871475140774863
