{
  "R2": 0.9868567572207393,
  "MAE": 0.01611936496551843,
  "RMSE": 0.0009334021914422882,
  "MAPE(%)": 2.9088524993056897
}