temp,lowp,outp,seed,mode,qt_frac,train_ratio,out_root,model,R2,MAE,RMSE,MAPE(%)
293K,HENRY,5,2027,lowq,0.25,0.5,./RUN_FULL_EXP,cat,0.9699047668546513,0.06089617470360291,0.010976118944706254,4.147365128362755
