{
  "R2": 0.9699047668546513,
  "MAE": 0.06089617470360291,
  "RMSE": 0.010976118944706254,
  "MAPE(%)": 4.147365128362755
}