Feature,Importance
0.01,87.30428597959632
ASA_m2_g,1.974603093607667
AV_VF,1.4629853431954811
PLD,1.4116184524119177
LCD,1.3800985697351065
LFPD,1.296672967528573
Has_OMS,1.2275245167681261
cm3_g,1.0837952017778518
AV_cm3_g,1.033520809194387
ASA_m2_cm3,0.8761783438125954
NASA_m2_cm3,0.6351965115730154
NASA_m2_g,0.26537001338323996
NAV_cm3_g,0.04815019741574401
