{
  "R2": 0.9762308309731732,
  "MAE": 0.012934284583109629,
  "RMSE": 0.001937779465135982,
  "MAPE(%)": 3.0891005446675344
}