temp,lowp,outp,seed,mode,qt_frac,train_ratio,out_root,model,R2,MAE,RMSE,MAPE(%)
293K,0.01,1,2025,struct_with_input,0.0,0.8,./RUN_FULL_EXP,cat,0.9762308309731732,0.012934284583109629,0.001937779465135982,3.0891005446675344
