{
  "R2": 0.9600789467230978,
  "MAE": 0.01013635034637049,
  "RMSE": 0.0016188598944217032,
  "MAPE(%)": 3.4167110879758162
}