{
  "R2": 0.8221148196035521,
  "MAE": 0.15169201371387847,
  "RMSE": 0.04854209299265485,
  "MAPE(%)": 13.507241109391929
}