{
  "R2": 0.34911564930209515,
  "MAE": 0.19028554968993666,
  "RMSE": 0.10925580406826545,
  "MAPE(%)": 55.236762230353484
}