{
  "R2": 0.3767685774666041,
  "MAE": 0.1893384419332355,
  "RMSE": 0.0963520671229029,
  "MAPE(%)": 53.66175490606675
}