{
  "R2": 0.9628492089904115,
  "MAE": 0.10068322119317713,
  "RMSE": 0.027428526766056272,
  "MAPE(%)": 5.172945213986968
}