temp,lowp,outp,seed,mode,qt_frac,train_ratio,out_root,model,R2,MAE,RMSE,MAPE(%)
273K,HENRY,5,2025,lowq,0.2,0.5,./RUN_FULL_EXP,cat,0.9628492089904115,0.10068322119317713,0.027428526766056272,5.172945213986968
