Feature,Importance
HENRY,85.44287471708351
ASA_m2_g,2.108623339049236
cm3_g,2.061960416670933
Has_OMS,1.649359440762833
AV_cm3_g,1.5028016520114345
LCD,1.462068002537336
LFPD,1.4365651611649264
ASA_m2_cm3,1.1815153786659625
AV_VF,1.0681469255546414
PLD,0.8861463947128505
NASA_m2_cm3,0.6868883147346656
NASA_m2_g,0.46270945475352065
NAV_cm3_g,0.05034080229813453
