{
  "R2": 0.9957160086815414,
  "MAE": 0.003985619442922754,
  "RMSE": 3.886028994408143e-05,
  "MAPE(%)": 1.5486064061031506
}