{
  "R2": 0.9837869304748075,
  "MAE": 0.01767396305487244,
  "RMSE": 0.0009191688037552122,
  "MAPE(%)": 3.2922683594400195
}