{
  "R2": 0.9632261802062196,
  "MAE": 0.22157242080245396,
  "RMSE": 0.11117055668252836,
  "MAPE(%)": 6.527981572898664
}