Feature,Importance
HENRY,87.94666665408931
cm3_g,1.5825308775220681
LFPD,1.5348619931757415
AV_cm3_g,1.3563896965947912
AV_VF,1.28180165370164
Has_OMS,1.2180639671216313
PLD,1.1253472998282208
LCD,1.0429748902205491
ASA_m2_g,0.9866427282307476
ASA_m2_cm3,0.9754493387525376
NASA_m2_cm3,0.493156134122527
NASA_m2_g,0.4221703021693733
NAV_cm3_g,0.033944464470831215
