{
  "R2": 0.9949320504812771,
  "MAE": 0.003857383242709942,
  "RMSE": 3.6163908270901983e-05,
  "MAPE(%)": 1.4402784698647773
}