temp,lowp,outp,seed,mode,qt_frac,train_ratio,out_root,model,R2,MAE,RMSE,MAPE(%)
313K,HENRY,1,2025,lowq,0.75,0.5,./RUN_FULL_EXP,cat,0.9949320504812771,0.003857383242709942,3.6163908270901983e-05,1.4402784698647773
