{
  "R2": 0.9631992332296775,
  "MAE": 0.10214896503263884,
  "RMSE": 0.028968161986399774,
  "MAPE(%)": 5.244474538820558
}