{
  "R2": 0.9542222751895791,
  "MAE": 0.17506472677616167,
  "RMSE": 0.08706911943809666,
  "MAPE(%)": 6.0375873593536795
}