{
  "R2": 0.8817636931486681,
  "MAE": 0.12361516044011606,
  "RMSE": 0.03569148582035023,
  "MAPE(%)": 10.512317611173271
}