{
  "R2": 0.9418845612971549,
  "MAE": 0.2114220045229054,
  "RMSE": 0.11137671349802825,
  "MAPE(%)": 7.827612097311495
}