temp,lowp,outp,seed,mode,qt_frac,train_ratio,out_root,model,R2,MAE,RMSE,MAPE(%)
293K,HENRY,5,2027,lowq,0.8,0.5,./RUN_FULL_EXP,cat,0.9643544135170417,0.05431484881562905,0.007773736842683893,3.6759088979356203
