{
  "R2": 0.9643544135170417,
  "MAE": 0.05431484881562905,
  "RMSE": 0.007773736842683893,
  "MAPE(%)": 3.6759088979356203
}