{
  "R2": 0.9885927748213779,
  "MAE": 0.043524651653613126,
  "RMSE": 0.0043386666296718135,
  "MAPE(%)": 3.630780167680192
}