{
  "R2": 0.9510596108149156,
  "MAE": 0.2574335292805484,
  "RMSE": 0.14863400825111175,
  "MAPE(%)": 7.022654535880486
}