Feature,Importance
HENRY,49.62784714415879
ASA_m2_g,17.668836859913938
ASA_m2_cm3,6.610397584381917
AV_VF,6.200670717211585
AV_cm3_g,5.1918978710820145
cm3_g,3.6205557438386227
PLD,2.999634408975166
LCD,2.4590697498772713
LFPD,2.3405640888487067
Has_OMS,1.649186305537195
NASA_m2_cm3,1.0791056283663933
NASA_m2_g,0.4946588821995116
NAV_cm3_g,0.0575750156088974
