{
  "R2": 0.9426443356198656,
  "MAE": 0.25054827620170056,
  "RMSE": 0.14296531283886807,
  "MAPE(%)": 6.209990676561232
}