Feature,Importance
0.05,85.29096833622779
cm3_g,2.0867057750903726
ASA_m2_g,1.9062945531611246
Has_OMS,1.815579236733429
AV_cm3_g,1.5681655054383685
AV_VF,1.4368224594893253
LFPD,1.3218554741399828
LCD,1.2104689480452906
ASA_m2_cm3,1.074164723931191
PLD,0.7857544693970852
NASA_m2_cm3,0.7780466256279619
NASA_m2_g,0.6563968267903822
NAV_cm3_g,0.0687770659276971
