{
  "R2": 0.9926544947400903,
  "MAE": 0.008691785845251623,
  "RMSE": 0.000268355407613139,
  "MAPE(%)": 2.383889756966339
}