Feature,Importance
0.05,82.33012080713
ASA_m2_cm3,2.4526534355383314
AV_cm3_g,2.1711790905047494
AV_VF,2.008377174565659
Has_OMS,1.8036007361591972
PLD,1.7887071104918175
cm3_g,1.6492877059935267
ASA_m2_g,1.5720609685931355
LCD,1.4795469167021762
LFPD,1.1327702221012605
NASA_m2_cm3,0.7844019157131626
NASA_m2_g,0.7535507618363861
NAV_cm3_g,0.0737431546705787
