{
  "R2": 0.986815789920764,
  "MAE": 0.01561567989250051,
  "RMSE": 0.0008031234956761354,
  "MAPE(%)": 2.805510808385513
}