temp,lowp,outp,seed,mode,qt_frac,train_ratio,out_root,model,R2,MAE,RMSE,MAPE(%)
273K,0.05,1,2028,lowq,0.4,0.5,./RUN_FULL_EXP,cat,0.986815789920764,0.01561567989250051,0.0008031234956761354,2.805510808385513
