Feature,Importance
0.1,87.99582023041742
cm3_g,1.7462386635356897
Has_OMS,1.5585153967143655
LFPD,1.396682747788983
PLD,1.3647664277449958
AV_VF,1.1619560907532511
AV_cm3_g,1.145154748071569
ASA_m2_g,1.0108238036549964
LCD,0.9900245084676942
ASA_m2_cm3,0.9610312723570265
NASA_m2_g,0.5048997213405756
NASA_m2_cm3,0.11517819772619155
NAV_cm3_g,0.04890819142719804
