{
  "R2": 0.9961882774555891,
  "MAE": 0.004602468272028251,
  "RMSE": 4.779556871620045e-05,
  "MAPE(%)": 1.8535982512760107
}