{
  "R2": 0.9563969121586734,
  "MAE": 0.09685869959951617,
  "RMSE": 0.022062517643515685,
  "MAPE(%)": 4.890545718665317
}