Feature,Importance
HENRY,86.5469941958273
cm3_g,2.0798435790663903
Has_OMS,1.7462667070305453
ASA_m2_g,1.5686716022866944
AV_cm3_g,1.5523815817696989
LCD,1.3649507080095693
PLD,1.1476836697343062
AV_VF,0.9642273951462875
LFPD,0.9117264612034455
ASA_m2_cm3,0.8376723809921386
NASA_m2_cm3,0.6194776848452993
NASA_m2_g,0.6019476127086966
NAV_cm3_g,0.058156421379625685
