{
  "R2": 0.9954894892726319,
  "MAE": 0.003660741779517811,
  "RMSE": 2.9959593837539034e-05,
  "MAPE(%)": 1.3578976209928821
}