Feature,Importance
0.05,72.95784862058422
ASA_m2_cm3,4.9334821776019835
ASA_m2_g,4.268416235806056
AV_VF,4.213488853616819
AV_cm3_g,2.9908788159868127
LFPD,2.1076554059547834
PLD,2.096513267260751
cm3_g,1.710155279785853
Has_OMS,1.586351319291597
LCD,1.5543294136708024
NASA_m2_cm3,0.9080742551388279
NASA_m2_g,0.6500189915468723
NAV_cm3_g,0.022787363754605706
