{
  "R2": 0.9678323469727903,
  "MAE": 0.055647960935619196,
  "RMSE": 0.006966672441107187,
  "MAPE(%)": 3.755284392214045
}