{
  "R2": 0.9960432275310901,
  "MAE": 0.0037664342015083264,
  "RMSE": 3.177423900181801e-05,
  "MAPE(%)": 1.4315758087070138
}