temp,lowp,outp,seed,mode,qt_frac,train_ratio,out_root,model,R2,MAE,RMSE,MAPE(%)
313K,HENRY,1,2029,lowq,0.65,0.5,./RUN_FULL_EXP,cat,0.9960432275310901,0.0037664342015083264,3.177423900181801e-05,1.4315758087070138
