{
  "R2": 0.3535913184202498,
  "MAE": 0.19317963780563754,
  "RMSE": 0.10840771086361564,
  "MAPE(%)": 54.49055685995627
}