{
  "R2": 0.9736872413225338,
  "MAE": 0.10466326494470164,
  "RMSE": 0.022264501820167523,
  "MAPE(%)": 4.158595935040875
}