temp,lowp,outp,seed,mode,qt_frac,train_ratio,out_root,model,R2,MAE,RMSE,MAPE(%)
313K,0.5,15,2025,lowq,0.6,0.5,./RUN_FULL_EXP,cat,0.9736872413225338,0.10466326494470164,0.022264501820167523,4.158595935040875
