Feature,Importance
HENRY,72.13606106479934
ASA_m2_g,7.011107697294436
ASA_m2_cm3,4.000140576173935
AV_VF,3.394161349165385
cm3_g,2.7212159793365878
AV_cm3_g,2.668696800890313
Has_OMS,2.091232298877882
LCD,1.7437165773472636
PLD,1.6427555123106463
LFPD,1.5823313955647338
NASA_m2_cm3,0.5921365890509694
NASA_m2_g,0.34795320889954706
NAV_cm3_g,0.06849095028896782
