{
  "R2": 0.9722622768634401,
  "MAE": 0.06358510167607744,
  "RMSE": 0.012637435129661478,
  "MAPE(%)": 4.475690146925625
}