Feature,Importance
0.01,71.48338259666599
ASA_m2_g,5.366846532172536
ASA_m2_cm3,5.303503727769584
AV_VF,4.069406443047715
cm3_g,2.589046035996446
LCD,2.143648232337075
AV_cm3_g,2.137711483994765
PLD,1.936641637551789
LFPD,1.5106201539123594
Has_OMS,1.4122399425310899
NASA_m2_g,1.187294730208473
NASA_m2_cm3,0.8129405547162332
NAV_cm3_g,0.04671792909593646
