{
  "R2": 0.9351248305352233,
  "MAE": 0.08779382617867813,
  "RMSE": 0.03232881893261626,
  "MAPE(%)": 6.732536596765954
}