{
  "R2": 0.9619041221568433,
  "MAE": 0.1558369861358586,
  "RMSE": 0.048135790447045156,
  "MAPE(%)": 4.978429330318768
}