{
  "R2": 0.964512337580163,
  "MAE": 0.09161381622726697,
  "RMSE": 0.01940977533931856,
  "MAPE(%)": 4.5652609128127475
}