Feature,Importance
cm3_g,13.974987715654203
PLD,13.5667602489641
AV_VF,12.759124468852264
ASA_m2_cm3,11.467662437466785
Has_OMS,10.654074307939533
ASA_m2_g,9.531268638485829
LCD,9.466985650946635
LFPD,7.251137147255911
AV_cm3_g,7.244133443789093
NASA_m2_g,1.961816343612858
NASA_m2_cm3,1.8144608793851291
NAV_cm3_g,0.30758871764766277
