{
  "R2": 0.5237051965409161,
  "MAE": 0.32987423925585735,
  "RMSE": 0.23006972355423996,
  "MAPE(%)": 30.83595043554182
}