Feature,Importance
0.01,85.06500894831333
cm3_g,1.9971556372999497
ASA_m2_g,1.8047538011979603
Has_OMS,1.7546063374908907
AV_cm3_g,1.6880590333451722
PLD,1.5967587508517112
LCD,1.5738335793528082
ASA_m2_cm3,1.36187807895261
LFPD,1.0061193972155122
AV_VF,0.893234344950544
NASA_m2_g,0.587465184073621
NASA_m2_cm3,0.5747336286305003
NAV_cm3_g,0.0963932783253952
