{
  "R2": 0.9917529565775965,
  "MAE": 0.006956332339975143,
  "RMSE": 0.00010306137539168636,
  "MAPE(%)": 2.840552971800727
}