Feature,Importance
0.1,52.05541529779271
ASA_m2_g,14.580240045596799
ASA_m2_cm3,7.226084597130237
AV_cm3_g,5.809777172269024
AV_VF,5.567625554515191
cm3_g,4.189761016280804
PLD,2.9017236499886025
LCD,2.4409194273571164
LFPD,2.1357738225290555
Has_OMS,1.7515694292500443
NASA_m2_cm3,0.7884185459036064
NASA_m2_g,0.5015121216474464
NAV_cm3_g,0.051179319739359734
