{
  "R2": 0.9468794423849696,
  "MAE": 0.2448002659359409,
  "RMSE": 0.13210723425809878,
  "MAPE(%)": 6.206929911938094
}