{
  "R2": 0.9626273036798564,
  "MAE": 0.056461759026938146,
  "RMSE": 0.008651370537618285,
  "MAPE(%)": 3.7867616102147617
}