temp,lowp,outp,seed,mode,qt_frac,train_ratio,out_root,model,R2,MAE,RMSE,MAPE(%)
293K,HENRY,5,2028,lowq,0.7,0.5,./RUN_FULL_EXP,cat,0.9626273036798564,0.056461759026938146,0.008651370537618285,3.7867616102147617
