Feature,Importance
0.01,54.38124037347792
ASA_m2_g,14.698388074456247
AV_VF,6.411757402553976
ASA_m2_cm3,6.182219868679658
AV_cm3_g,5.571400884763956
cm3_g,2.896445010242908
PLD,2.4984336532127798
LCD,2.2521667483475505
LFPD,1.9344466633995603
Has_OMS,1.5393941424511808
NASA_m2_cm3,0.8373005076973724
NASA_m2_g,0.721315843114837
NAV_cm3_g,0.07549082760206625
