temp,lowp,outp,seed,mode,qt_frac,train_ratio,out_root,model,R2,MAE,RMSE,MAPE(%)
293K,0.01,1,2028,struct_with_input,0.3,0.6,./RUN_FULL_EXP,cat,0.9916086026374509,0.009955957666294033,0.00024185296842503144,2.782724575438631
