{
  "R2": 0.9916086026374509,
  "MAE": 0.009955957666294033,
  "RMSE": 0.00024185296842503144,
  "MAPE(%)": 2.782724575438631
}