{
  "R2": 0.9962156161186143,
  "MAE": 0.005414144759128189,
  "RMSE": 6.089016721550191e-05,
  "MAPE(%)": 1.4559989307758403
}