Feature,Importance
0.1,50.82789878238751
ASA_m2_g,12.957762885617395
ASA_m2_cm3,7.777115388302181
AV_VF,7.070984950932672
AV_cm3_g,6.498764808110318
cm3_g,3.8731031890923697
PLD,2.719290142251206
LCD,2.57314164309099
LFPD,2.1781318989377327
Has_OMS,1.7707429212557784
NASA_m2_cm3,0.8464195566246094
NASA_m2_g,0.8143540569993829
NAV_cm3_g,0.09228977639784657
