temp,lowp,outp,seed,mode,qt_frac,train_ratio,out_root,model,R2,MAE,RMSE,MAPE(%)
273K,0.1,15,2027,lowq,0.55,0.5,./RUN_FULL_EXP,cat,0.9512003879042019,0.24834615317790495,0.12717453075672522,6.387804956143851
