{
  "R2": 0.9512003879042019,
  "MAE": 0.24834615317790495,
  "RMSE": 0.12717453075672522,
  "MAPE(%)": 6.387804956143851
}