{
  "R2": 0.9510307248551705,
  "MAE": 0.189046441690207,
  "RMSE": 0.0833597305313038,
  "MAPE(%)": 6.292797697288449
}