Feature,Importance
0.05,61.46328623722783
ASA_m2_g,12.138472943637124
AV_VF,5.842540878998492
AV_cm3_g,4.390039177412754
ASA_m2_cm3,4.237369599107089
cm3_g,3.2913761069659815
LCD,2.3227408239906966
PLD,2.0830146481503076
LFPD,1.7413661323280742
Has_OMS,1.2677834758806976
NASA_m2_cm3,0.6232343255879479
NASA_m2_g,0.5092238487525098
NAV_cm3_g,0.08955180196047825
