temp,lowp,outp,seed,mode,qt_frac,train_ratio,out_root,model,R2,MAE,RMSE,MAPE(%)
313K,0.05,15,2025,lowq,0.25,0.5,./RUN_FULL_EXP,cat,0.9665053254693314,0.1113879561672156,0.03527754780803739,4.691878466231742
