{
  "R2": 0.9665053254693314,
  "MAE": 0.1113879561672156,
  "RMSE": 0.03527754780803739,
  "MAPE(%)": 4.691878466231742
}