{
  "R2": 0.9906977032109113,
  "MAE": 0.010317175931907318,
  "RMSE": 0.00023482169232402587,
  "MAPE(%)": 2.925065777260727
}