{
  "R2": 0.9628069699869579,
  "MAE": 0.10171954659625058,
  "RMSE": 0.027558677872451018,
  "MAPE(%)": 5.2028233028255455
}