{
  "R2": 0.9613203060094596,
  "MAE": 0.2248912950857134,
  "RMSE": 0.10486202080451858,
  "MAPE(%)": 6.029721054914179
}