temp,lowp,outp,seed,mode,qt_frac,train_ratio,out_root,model,R2,MAE,RMSE,MAPE(%)
273K,0.5,15,2029,lowq,0.3,0.5,./RUN_FULL_EXP,cat,0.9613203060094596,0.2248912950857134,0.10486202080451858,6.029721054914179
