{
  "R2": 0.9642205309828564,
  "MAE": 0.08586518980196958,
  "RMSE": 0.016676471659222793,
  "MAPE(%)": 4.2670829939325055
}