temp,lowp,outp,seed,mode,qt_frac,train_ratio,out_root,model,R2,MAE,RMSE,MAPE(%)
273K,0.5,5,2026,lowq,0.65,0.5,./RUN_FULL_EXP,cat,0.9642205309828564,0.08586518980196958,0.016676471659222793,4.2670829939325055
