{
  "R2": 0.990919418158691,
  "MAE": 0.036712628803646515,
  "RMSE": 0.003123879198869656,
  "MAPE(%)": 2.983688900936892
}