Feature,Importance
0.5,92.12713960995359
cm3_g,1.5622984292121347
ASA_m2_g,0.9604647870164624
AV_cm3_g,0.9014166032718853
LFPD,0.8430991332434802
Has_OMS,0.7797372031586229
PLD,0.7382250661050166
AV_VF,0.6521979433166245
LCD,0.6376079731215438
ASA_m2_cm3,0.3026782335137997
NASA_m2_g,0.24875282263978643
NASA_m2_cm3,0.17232881484386572
NAV_cm3_g,0.07405338060320395
