{
  "R2": 0.9968762005794114,
  "MAE": 0.0035451313796652675,
  "RMSE": 2.6087717409825363e-05,
  "MAPE(%)": 1.3629454278228859
}