{
  "R2": 0.9868260912951693,
  "MAE": 0.009231367526178308,
  "RMSE": 0.0005851182834344677,
  "MAPE(%)": 2.333250235877407
}