{
  "R2": 0.9510284800863873,
  "MAE": 0.24128117707253866,
  "RMSE": 0.13445081491840508,
  "MAPE(%)": 6.274586963503563
}