Feature,Importance
0.01,78.32102114955609
cm3_g,3.063685669410153
ASA_m2_cm3,2.797906866245429
Has_OMS,2.6866774083996763
AV_VF,2.436401118394032
LCD,2.054794329074362
LFPD,1.9384863229287617
AV_cm3_g,1.9310033259773456
PLD,1.6867681715770784
ASA_m2_g,1.5520212336505053
NASA_m2_cm3,1.077958159903422
NASA_m2_g,0.38164305411305094
NAV_cm3_g,0.07163319077007804
