Feature,Importance
0.01,71.97833307374333
ASA_m2_cm3,5.364222088293423
ASA_m2_g,5.077255844400657
AV_VF,4.357700224069076
AV_cm3_g,2.1947850793943595
LCD,2.1190872533313825
cm3_g,2.04016837166386
PLD,2.0248600754556763
Has_OMS,1.8317422403419465
LFPD,1.547578187646664
NASA_m2_g,0.7564292991872701
NASA_m2_cm3,0.6166698191426948
NAV_cm3_g,0.09116844332965603
