{
  "R2": 0.96380555804285,
  "MAE": 0.062320983041494034,
  "RMSE": 0.009067639696065409,
  "MAPE(%)": 4.250426491075303
}