temp,lowp,outp,seed,mode,qt_frac,train_ratio,out_root,model,R2,MAE,RMSE,MAPE(%)
293K,0.01,5,2026,lowq,0.65,0.5,./RUN_FULL_EXP,cat,0.96380555804285,0.062320983041494034,0.009067639696065409,4.250426491075303
