Feature,Importance
0.1,88.74155641059464
cm3_g,1.6837691438523743
AV_cm3_g,1.4253551894221121
ASA_m2_cm3,1.3212263909155306
LCD,1.293946149539356
AV_VF,1.2698143362409111
PLD,1.1765950880395828
Has_OMS,0.924822137955827
ASA_m2_g,0.6678703908290132
NASA_m2_g,0.544660235159038
LFPD,0.5107731381174447
NASA_m2_cm3,0.3225127667099635
NAV_cm3_g,0.11709862262417929
