{
  "R2": 0.9956538886987168,
  "MAE": 0.004710076410568651,
  "RMSE": 6.884659644425481e-05,
  "MAPE(%)": 1.8910446597222317
}