{
  "R2": 0.9578271122654546,
  "MAE": 0.026227660720047813,
  "RMSE": 0.00644175881977879,
  "MAPE(%)": 4.472915502131963
}