{
  "R2": 0.9596483814283034,
  "MAE": 0.17345562210070237,
  "RMSE": 0.07155995561443595,
  "MAPE(%)": 5.826458291735117
}