temp,lowp,outp,seed,mode,qt_frac,train_ratio,out_root,model,R2,MAE,RMSE,MAPE(%)
273K,0.5,5,2026,lowq,0.7,0.5,./RUN_FULL_EXP,cat,0.961825752567195,0.08833210109975487,0.01673827462103435,4.3974955752800815
