{
  "R2": 0.961825752567195,
  "MAE": 0.08833210109975487,
  "RMSE": 0.01673827462103435,
  "MAPE(%)": 4.3974955752800815
}