{
  "R2": 0.4943463951185031,
  "MAE": 0.34341904125274036,
  "RMSE": 0.24910324704557094,
  "MAPE(%)": 32.45993823426711
}