Feature,Importance
HENRY,54.43587832730988
ASA_m2_g,12.333595880387533
ASA_m2_cm3,7.076525362400659
AV_cm3_g,6.434155955844163
AV_VF,5.996547638040276
cm3_g,3.1512387713417764
PLD,2.756068038063746
LCD,2.455107845554774
LFPD,2.2456725360353453
Has_OMS,1.5088212702905728
NASA_m2_cm3,0.8296412998621429
NASA_m2_g,0.6660536177612252
NAV_cm3_g,0.11069345710791256
