temp,lowp,outp,seed,mode,qt_frac,train_ratio,out_root,model,R2,MAE,RMSE,MAPE(%)
293K,HENRY,15,2027,lowq,0.25,0.5,./RUN_FULL_EXP,cat,0.9577127104721063,0.1674173245101434,0.07247752017325454,5.571616049469531
