{
  "R2": 0.9577127104721063,
  "MAE": 0.1674173245101434,
  "RMSE": 0.07247752017325454,
  "MAPE(%)": 5.571616049469531
}