{
  "R2": 0.9585496973823459,
  "MAE": 0.17653130033658007,
  "RMSE": 0.06481503782907713,
  "MAPE(%)": 5.750606552429112
}