{
  "R2": 0.9690278559400245,
  "MAE": 0.01273963772862601,
  "RMSE": 0.00169811949907753,
  "MAPE(%)": 3.30589675250913
}