temp,lowp,outp,seed,mode,qt_frac,train_ratio,out_root,model,R2,MAE,RMSE,MAPE(%)
293K,0.01,1,2029,lowq,0.1,0.5,./RUN_FULL_EXP,cat,0.9690278559400245,0.01273963772862601,0.00169811949907753,3.30589675250913
