{
  "R2": 0.9587088014350701,
  "MAE": 0.10406287206637722,
  "RMSE": 0.02674418325145149,
  "MAPE(%)": 5.387530206053411
}