temp,lowp,outp,seed,mode,qt_frac,train_ratio,out_root,model,R2,MAE,RMSE,MAPE(%)
273K,HENRY,5,2027,lowq,0.35,0.5,./RUN_FULL_EXP,cat,0.9587088014350701,0.10406287206637722,0.02674418325145149,5.387530206053411
