Feature,Importance
0.01,85.41182965521277
AV_VF,1.8541881646507772
cm3_g,1.760986728095294
AV_cm3_g,1.6071567723085254
LCD,1.4492849685213842
Has_OMS,1.3842548124751433
ASA_m2_g,1.3490161143103447
PLD,1.3079598858172072
ASA_m2_cm3,1.1859621363216888
LFPD,1.1538927595673447
NASA_m2_cm3,0.687928278557563
NASA_m2_g,0.6798280813713583
NAV_cm3_g,0.16771164279059758
