temp,lowp,outp,seed,mode,qt_frac,train_ratio,out_root,model,R2,MAE,RMSE,MAPE(%)
293K,0.01,1,2028,lowq,0.75,0.5,./RUN_FULL_EXP,cat,0.9888181005622235,0.009284625140222156,0.00017248452377388617,2.5273273361055337
