{
  "R2": 0.9888181005622235,
  "MAE": 0.009284625140222156,
  "RMSE": 0.00017248452377388617,
  "MAPE(%)": 2.5273273361055337
}