{
  "R2": 0.7129072727988592,
  "MAE": 0.5177719880754146,
  "RMSE": 0.5395370203834732,
  "MAPE(%)": 21.495155745474722
}