temp,lowp,outp,seed,mode,qt_frac,train_ratio,out_root,model,R2,MAE,RMSE,MAPE(%)
293K,0.01,15,2025,struct,0.0,0.35,./RUN_FULL_EXP,cat,0.7129072727988592,0.5177719880754146,0.5395370203834732,21.495155745474722
