{
  "R2": 0.9571146803640743,
  "MAE": 0.09853637157102096,
  "RMSE": 0.022005779175081654,
  "MAPE(%)": 5.017030814657346
}