temp,lowp,outp,seed,mode,qt_frac,train_ratio,out_root,model,R2,MAE,RMSE,MAPE(%)
273K,HENRY,5,2027,lowq,0.6,0.5,./RUN_FULL_EXP,cat,0.9571146803640743,0.09853637157102096,0.022005779175081654,5.017030814657346
