Feature,Importance
0.05,62.332108859184395
ASA_m2_g,11.745198068882761
ASA_m2_cm3,5.092763893163746
AV_cm3_g,5.0499355716551655
AV_VF,4.008715053332632
cm3_g,2.9954866638495594
LCD,2.0250072103816352
PLD,1.9613441082992464
LFPD,1.9033272055610837
Has_OMS,1.3585576497278353
NASA_m2_cm3,0.9637683081485691
NASA_m2_g,0.47244241786274754
NAV_cm3_g,0.09134498995061748
