{
  "R2": 0.9695086849302784,
  "MAE": 0.10946471798994169,
  "RMSE": 0.025718621209686578,
  "MAPE(%)": 4.364218198800763
}