Feature,Importance
HENRY,65.45025795346608
ASA_m2_cm3,7.75735749547732
AV_VF,5.852804051262278
ASA_m2_g,4.886500057441757
PLD,3.1436632455450972
AV_cm3_g,2.851699566469062
LCD,2.3091921583304242
cm3_g,2.2362319537004853
Has_OMS,2.13634855596256
LFPD,1.8911020821357218
NASA_m2_cm3,0.8324146336560554
NASA_m2_g,0.5690313466494048
NAV_cm3_g,0.08339689990375754
