{
  "R2": 0.9548586479570981,
  "MAE": 0.10442555977760941,
  "RMSE": 0.02873517835381567,
  "MAPE(%)": 5.214396930055691
}