{
  "R2": 0.9582253355231841,
  "MAE": 0.23390771895436746,
  "RMSE": 0.12479373229870726,
  "MAPE(%)": 6.329291006632805
}