{
  "R2": 0.9898164004036111,
  "MAE": 0.006694673755081412,
  "RMSE": 8.206580595724218e-05,
  "MAPE(%)": 2.6255257109070302
}