Feature,Importance
0.5,91.91188218206443
ASA_m2_g,1.4070470900616672
AV_cm3_g,1.1875609664431932
AV_VF,0.8879510920090197
Has_OMS,0.6704039465784386
ASA_m2_cm3,0.647513489638809
cm3_g,0.6236249774689377
LFPD,0.6234059356100832
PLD,0.6045021031261563
LCD,0.602099896471151
NASA_m2_cm3,0.5008173345702684
NASA_m2_g,0.29088756485604667
NAV_cm3_g,0.04230342110180769
