{
  "R2": 0.9945505172042325,
  "MAE": 0.011939782549772326,
  "RMSE": 0.0006598454547866231,
  "MAPE(%)": 2.072063834023621
}