{
  "R2": 0.9784034211079801,
  "MAE": 0.04157408736755256,
  "RMSE": 0.004072608084338131,
  "MAPE(%)": 3.942995172477611
}