{
  "R2": 0.993801355613391,
  "MAE": 0.007519663690250781,
  "RMSE": 0.00014442975321751146,
  "MAPE(%)": 2.0513888925515267
}