{
  "R2": 0.9652382352608053,
  "MAE": 0.11306932769184552,
  "RMSE": 0.04098904289095809,
  "MAPE(%)": 4.9078300230249265
}