temp,lowp,outp,seed,mode,qt_frac,train_ratio,out_root,model,R2,MAE,RMSE,MAPE(%)
313K,HENRY,15,2028,lowq,0.1,0.5,./RUN_FULL_EXP,cat,0.9652382352608053,0.11306932769184552,0.04098904289095809,4.9078300230249265
