{
  "R2": 0.9612685398176001,
  "MAE": 0.16582223091984094,
  "RMSE": 0.05589280624564492,
  "MAPE(%)": 5.2906336250883905
}