Feature,Importance
0.1,67.93610516773535
ASA_m2_cm3,6.296788882649137
AV_VF,5.965033629804016
ASA_m2_g,4.204466134684456
AV_cm3_g,3.7364378633995696
PLD,2.5434487247502
LCD,2.3869284648708176
cm3_g,2.307993533741089
LFPD,1.9420736773099494
Has_OMS,1.4886207308923478
NASA_m2_cm3,0.6847030461432044
NASA_m2_g,0.4495853146361624
NAV_cm3_g,0.05781482938369144
