{
  "R2": 0.9621444505099542,
  "MAE": 0.1058141751903692,
  "RMSE": 0.03116777392331118,
  "MAPE(%)": 5.45663173489393
}