temp,lowp,outp,seed,mode,qt_frac,train_ratio,out_root,model,R2,MAE,RMSE,MAPE(%)
273K,0.1,5,2028,lowq,0.05,0.5,./RUN_FULL_EXP,cat,0.9621444505099542,0.1058141751903692,0.03116777392331118,5.45663173489393
