{
  "R2": 0.9839019423424625,
  "MAE": 0.03396167980438447,
  "RMSE": 0.004671630591254248,
  "MAPE(%)": 3.36171279007924
}