Feature,Importance
0.01,82.71221730458531
AV_cm3_g,2.380406080533023
ASA_m2_cm3,2.103925924814286
ASA_m2_g,1.8803316891068598
AV_VF,1.6948467257126023
PLD,1.650743438445653
Has_OMS,1.6410477153122303
cm3_g,1.629746477997901
LCD,1.6011479460780642
LFPD,1.4456058338884432
NASA_m2_cm3,0.6499286908126863
NASA_m2_g,0.5868052487480522
NAV_cm3_g,0.023246923964887433
