{
  "R2": 0.980581376349644,
  "MAE": 0.016444846399404658,
  "RMSE": 0.0007223363074541372,
  "MAPE(%)": 3.035383466263441
}