Feature,Importance
0.01,51.98274678593893
ASA_m2_g,14.379465228183328
ASA_m2_cm3,7.74634899548862
AV_VF,5.495550856480035
AV_cm3_g,4.681951503299148
cm3_g,4.469906078427778
PLD,3.0050320875966907
LCD,2.6389490603501673
LFPD,2.330065653906657
Has_OMS,1.6904849072412123
NASA_m2_cm3,1.011633508226503
NASA_m2_g,0.48903873643217566
NAV_cm3_g,0.07882659842872604
