{
  "R2": 0.9494757594944316,
  "MAE": 0.24084928827370133,
  "RMSE": 0.12764857675629712,
  "MAPE(%)": 6.160590742623551
}