temp,lowp,outp,seed,mode,qt_frac,train_ratio,out_root,model,R2,MAE,RMSE,MAPE(%)
273K,0.01,15,2029,lowq,0.6,0.5,./RUN_FULL_EXP,cat,0.9494757594944316,0.24084928827370133,0.12764857675629712,6.160590742623551
