Feature,Importance
PLD,16.339088125342084
cm3_g,14.466086761119447
Has_OMS,11.452096490905278
LCD,10.393831197802028
AV_VF,10.187816708473472
AV_cm3_g,9.459892569830444
LFPD,9.350066219247537
ASA_m2_g,7.5066864046351265
ASA_m2_cm3,6.624575580395
NASA_m2_g,2.2782232882751896
NASA_m2_cm3,1.8101532466012127
NAV_cm3_g,0.13148340737316597
