{
  "R2": 0.29420897506467303,
  "MAE": 0.1293778687883742,
  "RMSE": 0.05250518313417658,
  "MAPE(%)": 52.00886542677783
}