{
  "R2": 0.9915039542788723,
  "MAE": 0.03364308775366896,
  "RMSE": 0.003191363387822781,
  "MAPE(%)": 2.676355123139946
}