{
  "R2": 0.9934324578642068,
  "MAE": 0.026690315108342924,
  "RMSE": 0.0015997406324618781,
  "MAPE(%)": 2.0761918951496887
}