{
  "R2": 0.9857056691654588,
  "MAE": 0.01780100874425028,
  "RMSE": 0.0010406943952780538,
  "MAPE(%)": 3.312125814031428
}