{
  "R2": 0.9652188905725393,
  "MAE": 0.12438295408380283,
  "RMSE": 0.02971732062549489,
  "MAPE(%)": 4.87189228600471
}