temp,lowp,outp,seed,mode,qt_frac,train_ratio,out_root,model,R2,MAE,RMSE,MAPE(%)
313K,0.01,15,2026,lowq,0.65,0.5,./RUN_FULL_EXP,cat,0.9652188905725393,0.12438295408380283,0.02971732062549489,4.87189228600471
