Feature,Importance
0.01,61.37316179090328
ASA_m2_g,12.361343458822056
AV_VF,5.5759168328870174
ASA_m2_cm3,4.5290809364930045
AV_cm3_g,4.245775594737672
cm3_g,3.404195953192593
LCD,2.051068474039589
PLD,1.9223817497118603
LFPD,1.7352631179768925
Has_OMS,1.490065347485963
NASA_m2_cm3,0.6562957449867428
NASA_m2_g,0.526879629964968
NAV_cm3_g,0.12857136879835018
