temp,lowp,outp,seed,mode,qt_frac,train_ratio,out_root,model,R2,MAE,RMSE,MAPE(%)
313K,0.01,15,2029,lowq,0.2,0.5,./RUN_FULL_EXP,cat,0.9715193398316093,0.11994791513929678,0.03079866365900214,4.9899632952601864
