{
  "R2": 0.9715193398316093,
  "MAE": 0.11994791513929678,
  "RMSE": 0.03079866365900214,
  "MAPE(%)": 4.9899632952601864
}