Feature,Importance
0.5,80.89601937412517
ASA_m2_g,3.3941159469868603
AV_VF,2.9908553630660526
AV_cm3_g,2.8651803710164456
ASA_m2_cm3,2.3395628140723197
Has_OMS,1.4904484827750728
cm3_g,1.4726754095847898
LFPD,1.1997054440313661
LCD,1.169469765747502
PLD,1.165702280725569
NASA_m2_cm3,0.5201592641683345
NASA_m2_g,0.4368673883959177
NAV_cm3_g,0.05923809530454499
