temp,lowp,outp,seed,mode,qt_frac,train_ratio,out_root,model,R2,MAE,RMSE,MAPE(%)
313K,0.5,5,2028,lowq,0.75,0.5,./RUN_FULL_EXP,cat,0.9837715431835247,0.02911129458231254,0.0018217324073519247,2.5959649528623507
