{
  "R2": 0.9837715431835247,
  "MAE": 0.02911129458231254,
  "RMSE": 0.0018217324073519247,
  "MAPE(%)": 2.5959649528623507
}