{
  "R2": 0.9597206432922522,
  "MAE": 0.10334479873085958,
  "RMSE": 0.02834639354069711,
  "MAPE(%)": 5.28253367342931
}