Feature,Importance
0.5,54.72362396017748
ASA_m2_g,13.486890791200384
ASA_m2_cm3,7.569154116591529
AV_VF,5.51268303403361
cm3_g,4.936511034389818
AV_cm3_g,4.382437359286606
LCD,2.6561634442677655
PLD,2.357570133919972
LFPD,1.7171672613543105
Has_OMS,1.0453895919354408
NASA_m2_g,0.7405768867495791
NASA_m2_cm3,0.7312172693075342
NAV_cm3_g,0.1406151167859713
