{
  "R2": 0.9653495201178396,
  "MAE": 0.21595419803446375,
  "RMSE": 0.09480467633818748,
  "MAPE(%)": 5.886497230617983
}