Feature,Importance
0.1,66.17390649016592
ASA_m2_cm3,6.177848113791915
ASA_m2_g,6.1371809739768795
AV_VF,4.881924083612052
AV_cm3_g,4.010381966378672
cm3_g,2.534544216656695
PLD,2.3564916057658567
LFPD,2.1755121002599704
LCD,2.070962376097081
Has_OMS,2.0236867133275958
NASA_m2_cm3,0.7768213879465905
NASA_m2_g,0.58936839552655
NAV_cm3_g,0.09137157649419983
