{
  "R2": 0.9624925101331985,
  "MAE": 0.09988634510957313,
  "RMSE": 0.02510707549420346,
  "MAPE(%)": 5.085260200452151
}