temp,lowp,outp,seed,mode,qt_frac,train_ratio,out_root,model,R2,MAE,RMSE,MAPE(%)
273K,0.1,5,2025,lowq,0.3,0.5,./RUN_FULL_EXP,cat,0.9624925101331985,0.09988634510957313,0.02510707549420346,5.085260200452151
