{
  "R2": 0.9910001153159083,
  "MAE": 0.009612485907447201,
  "RMSE": 0.0002239330473715498,
  "MAPE(%)": 2.7541179927753854
}