temp,lowp,outp,seed,mode,qt_frac,train_ratio,out_root,model,R2,MAE,RMSE,MAPE(%)
293K,0.01,1,2025,struct_with_input,0.38,0.75,./RUN_FULL_EXP,cat,0.9910001153159083,0.009612485907447201,0.0002239330473715498,2.7541179927753854
