{
  "R2": 0.9942046129945921,
  "MAE": 0.02633548766576021,
  "RMSE": 0.0015876914344840646,
  "MAPE(%)": 2.099233840213349
}