temp,lowp,outp,seed,mode,qt_frac,train_ratio,out_root,model,R2,MAE,RMSE,MAPE(%)
273K,HENRY,1,2028,lowq,0.75,0.5,./RUN_FULL_EXP,cat,0.9867389284698722,0.01361485068485639,0.0005004293774101259,2.46327474977153
