{
  "R2": 0.9867389284698722,
  "MAE": 0.01361485068485639,
  "RMSE": 0.0005004293774101259,
  "MAPE(%)": 2.46327474977153
}