Feature,Importance
0.01,51.65877954138873
ASA_m2_g,13.501554138218491
AV_VF,6.845623324891206
ASA_m2_cm3,6.43010072775537
AV_cm3_g,6.391596580951606
cm3_g,3.91769036350865
PLD,2.973951023762497
LCD,2.895526573978106
LFPD,2.292374992787157
Has_OMS,1.3240954842620267
NASA_m2_cm3,0.9358847376479974
NASA_m2_g,0.7052523083615925
NAV_cm3_g,0.12757020248658663
