Feature,Importance
0.5,80.64335884887943
ASA_m2_g,3.3047246623591904
AV_VF,2.871609915429413
AV_cm3_g,2.6600522336319368
ASA_m2_cm3,2.5726664771747534
cm3_g,1.898207359972153
Has_OMS,1.6164759351812767
LCD,1.444468618513537
LFPD,1.0639278390763403
PLD,0.7797195736642172
NASA_m2_cm3,0.6782131506600729
NASA_m2_g,0.37417496134576894
NAV_cm3_g,0.09240042411189525
