{
  "R2": 0.9830427332000092,
  "MAE": 0.034098146482398124,
  "RMSE": 0.003985934455501332,
  "MAPE(%)": 3.07247836777417
}