{
  "R2": 0.7937370118761915,
  "MAE": 0.16087676011238627,
  "RMSE": 0.04864365966444128,
  "MAPE(%)": 14.677481484246949
}