Feature,Importance
HENRY,54.76233470913824
ASA_m2_g,12.399709252315262
AV_VF,6.995458505063485
AV_cm3_g,6.780679115168887
ASA_m2_cm3,6.185566996583966
PLD,2.77076046520462
cm3_g,2.7683701452033715
LCD,2.242863152713228
LFPD,1.993565011916943
Has_OMS,1.3249393047099673
NASA_m2_cm3,1.028758641355883
NASA_m2_g,0.6164461711365452
NAV_cm3_g,0.13054852948962928
