{
  "R2": 0.9591555750837566,
  "MAE": 0.16401964933304075,
  "RMSE": 0.05841060954508674,
  "MAPE(%)": 5.230792175011505
}