{
  "R2": 0.9710257924011683,
  "MAE": 0.11111666683234471,
  "RMSE": 0.02586398696087145,
  "MAPE(%)": 4.47751145902987
}