{
  "R2": 0.9563619206581964,
  "MAE": 0.08832117997597963,
  "RMSE": 0.01741147007804431,
  "MAPE(%)": 4.341117065170248
}