temp,lowp,outp,seed,mode,qt_frac,train_ratio,out_root,model,R2,MAE,RMSE,MAPE(%)
273K,0.5,5,2028,lowq,0.8,0.5,./RUN_FULL_EXP,cat,0.9563619206581964,0.08832117997597963,0.01741147007804431,4.341117065170248
