Feature,Importance
0.5,89.6322637711651
cm3_g,1.5426673859495565
AV_cm3_g,1.2911466464027062
Has_OMS,1.2866553461660817
ASA_m2_g,1.2174148811613175
LFPD,1.1973845788579975
PLD,0.8504404251595312
ASA_m2_cm3,0.8412736717104987
LCD,0.8040996679617776
AV_VF,0.7892453939973163
NASA_m2_g,0.2900988466484858
NASA_m2_cm3,0.1918336010413934
NAV_cm3_g,0.06547578377825511
