{
  "R2": 0.997307749244449,
  "MAE": 0.0037013536204156296,
  "RMSE": 3.5246214628447326e-05,
  "MAPE(%)": 1.5069569038502606
}