Feature,Importance
0.5,70.8307288541028
ASA_m2_cm3,6.1866096384491644
ASA_m2_g,5.904728632697723
AV_VF,3.9796868445493163
AV_cm3_g,2.955173788030662
cm3_g,2.0668354319962545
PLD,1.7590763177554471
LFPD,1.7437533047142113
LCD,1.7176916332622552
Has_OMS,1.5671257346496592
NASA_m2_g,0.6450047988273376
NASA_m2_cm3,0.5863416364936079
NAV_cm3_g,0.05724338447153962
