{
  "R2": 0.9682234672885697,
  "MAE": 0.08836796233549721,
  "RMSE": 0.019010224257777226,
  "MAPE(%)": 4.448853325230621
}