{
  "R2": 0.9551967158788981,
  "MAE": 0.16038768136703188,
  "RMSE": 0.06269289642488957,
  "MAPE(%)": 5.102298147757878
}