temp,lowp,outp,seed,mode,qt_frac,train_ratio,out_root,model,R2,MAE,RMSE,MAPE(%)
293K,HENRY,15,2027,lowq,0.7,0.5,./RUN_FULL_EXP,cat,0.9551967158788981,0.16038768136703188,0.06269289642488957,5.102298147757878
