Feature,Importance
0.5,92.27219437890648
ASA_m2_g,1.1266929067352789
cm3_g,1.0246557013301487
AV_cm3_g,0.8784078713395982
ASA_m2_cm3,0.7605372768720912
Has_OMS,0.6945944872083727
PLD,0.6827372382445341
AV_VF,0.5811585877420976
LFPD,0.5736565518764083
NASA_m2_cm3,0.43429147526491385
LCD,0.4272445722812958
NASA_m2_g,0.41215105662263074
NAV_cm3_g,0.13167789557613535
