{
  "R2": 0.9955142576190286,
  "MAE": 0.009444149482656058,
  "RMSE": 0.0001886423011365679,
  "MAPE(%)": 1.7132986157158296
}