temp,lowp,outp,seed,mode,qt_frac,train_ratio,out_root,model,R2,MAE,RMSE,MAPE(%)
273K,0.5,1,2027,lowq,0.65,0.5,./RUN_FULL_EXP,cat,0.9955142576190286,0.009444149482656058,0.0001886423011365679,1.7132986157158296
