Feature,Importance
0.05,83.80596927772582
Has_OMS,2.036586306978997
ASA_m2_g,1.9755141253879083
AV_VF,1.88689848836915
ASA_m2_cm3,1.7868964729216739
cm3_g,1.7373932720547478
PLD,1.6012542978375812
AV_cm3_g,1.440757284894221
LCD,1.2692440721754192
LFPD,1.1585890841174418
NASA_m2_cm3,0.6617362691970453
NASA_m2_g,0.5125745644460186
NAV_cm3_g,0.1265864838939889
