{
  "R2": 0.9878002276287682,
  "MAE": 0.015851384833613685,
  "RMSE": 0.0007881036939401299,
  "MAPE(%)": 2.873925837590157
}