{
  "R2": 0.960452179869703,
  "MAE": 0.08622252400866481,
  "RMSE": 0.016354410674061765,
  "MAPE(%)": 4.28721806354252
}