Feature,Importance
0.01,83.8602209971512
Has_OMS,2.4619261826882295
AV_cm3_g,2.218349369699447
cm3_g,1.9821099557437418
ASA_m2_g,1.4992002137575084
LCD,1.3968728602932368
PLD,1.3876334267490706
LFPD,1.285659605791235
AV_VF,1.1236288233293135
ASA_m2_cm3,1.0174123716454675
NASA_m2_g,0.8439650953696117
NASA_m2_cm3,0.8128378724536568
NAV_cm3_g,0.11018322532827239
