{
  "R2": 0.9840371085548908,
  "MAE": 0.011965137942919746,
  "RMSE": 0.0006233221342948737,
  "MAPE(%)": 3.5135234360475236
}