{
  "R2": 0.9640232860461913,
  "MAE": 0.10494641589902148,
  "RMSE": 0.03092148992555738,
  "MAPE(%)": 5.6277283227790305
}