{
  "R2": 0.9417872980179092,
  "MAE": 0.24694526620315713,
  "RMSE": 0.13641358537061674,
  "MAPE(%)": 6.0267510417298595
}