temp,lowp,outp,seed,mode,qt_frac,train_ratio,out_root,model,R2,MAE,RMSE,MAPE(%)
273K,0.01,15,2029,lowq,0.8,0.5,./RUN_FULL_EXP,cat,0.9417872980179092,0.24694526620315713,0.13641358537061674,6.0267510417298595
