Feature,Importance
0.1,53.25244744227804
ASA_m2_g,14.187539277157192
ASA_m2_cm3,6.525852653156672
AV_VF,5.852356711592577
AV_cm3_g,5.373774166142454
cm3_g,3.931332398801146
LCD,2.906075382736016
PLD,2.547691554569854
LFPD,2.324807377960019
Has_OMS,1.4788058326143767
NASA_m2_cm3,0.9475483008785264
NASA_m2_g,0.595806351058237
NAV_cm3_g,0.07596255105490841
