{
  "R2": 0.9613886537547208,
  "MAE": 0.16347145053543005,
  "RMSE": 0.06892854070254123,
  "MAPE(%)": 5.606614975025387
}