Feature,Importance
0.05,57.04807421380038
ASA_m2_g,12.435920287811175
AV_cm3_g,6.418581559520375
AV_VF,5.903715975684677
ASA_m2_cm3,5.55541333265705
cm3_g,3.3795844725327315
PLD,2.3992011549524492
LCD,1.9575245387383562
LFPD,1.9151253942092399
Has_OMS,1.2085396795285148
NASA_m2_cm3,0.9597395214929701
NASA_m2_g,0.6742887311066452
NAV_cm3_g,0.14429113796541523
