temp,lowp,outp,seed,mode,qt_frac,train_ratio,out_root,model,R2,MAE,RMSE,MAPE(%)
313K,0.05,15,2027,lowq,0.05,0.5,./RUN_FULL_EXP,cat,0.9682022395294188,0.11402397801248684,0.03841197015642545,4.869628796491616
