{
  "R2": 0.9682022395294188,
  "MAE": 0.11402397801248684,
  "RMSE": 0.03841197015642545,
  "MAPE(%)": 4.869628796491616
}