{
  "R2": 0.9878925888769994,
  "MAE": 0.014108069940095808,
  "RMSE": 0.0004791127534203273,
  "MAPE(%)": 2.5711805857734014
}