{
  "R2": 0.9295924149397927,
  "MAE": 0.0901611499851408,
  "RMSE": 0.021173671463907928,
  "MAPE(%)": 7.601131399409193
}