Feature,Importance
0.1,72.1449768363854
ASA_m2_g,5.34535441816323
ASA_m2_cm3,4.685768654412899
AV_VF,4.313973868678509
AV_cm3_g,2.713084236297152
cm3_g,2.1400422254220306
PLD,1.8032962977823996
Has_OMS,1.7852069121145022
LCD,1.7323876872401243
LFPD,1.6870005043698406
NASA_m2_g,0.8474489129876149
NASA_m2_cm3,0.7788955482799121
NAV_cm3_g,0.02256389786641104
