{
  "R2": 0.9727337467299654,
  "MAE": 0.05815182018486338,
  "RMSE": 0.008870415707595333,
  "MAPE(%)": 3.8871053466051193
}