temp,lowp,outp,seed,mode,qt_frac,train_ratio,out_root,model,R2,MAE,RMSE,MAPE(%)
293K,0.1,5,2028,lowq,0.4,0.5,./RUN_FULL_EXP,cat,0.9727337467299654,0.05815182018486338,0.008870415707595333,3.8871053466051193
