Feature,Importance
0.01,70.35318770777411
ASA_m2_g,6.238201965866817
AV_VF,5.074632635604093
ASA_m2_cm3,4.400810634560426
cm3_g,2.9967827271490193
AV_cm3_g,2.1700701330961953
LCD,1.9104013926119112
Has_OMS,1.9024759274029854
LFPD,1.8434112988686895
PLD,1.5991479228529806
NASA_m2_cm3,1.0113521848292673
NASA_m2_g,0.441085922946966
NAV_cm3_g,0.05843954643654769
