{
  "R2": 0.9735098100665476,
  "MAE": 0.06641943912573978,
  "RMSE": 0.012538012890283008,
  "MAPE(%)": 4.922904587363044
}