Feature,Importance
HENRY,76.56989899068941
ASA_m2_g,4.555848695451553
AV_VF,4.216705573001613
ASA_m2_cm3,3.624803783718153
AV_cm3_g,2.565720654797124
LFPD,1.6966015117100262
cm3_g,1.593982282735876
LCD,1.4770723696318346
Has_OMS,1.4182929906374893
PLD,1.3925659829343389
NASA_m2_cm3,0.5850649621449489
NASA_m2_g,0.2629405166307298
NAV_cm3_g,0.04050168591687431
