{
  "R2": 0.9801837900371224,
  "MAE": 0.03557321822542872,
  "RMSE": 0.004826893062325644,
  "MAPE(%)": 3.297713944098672
}