{
  "R2": 0.9514795391309626,
  "MAE": 0.2507955446583871,
  "RMSE": 0.14601812120347946,
  "MAPE(%)": 6.995836458242148
}