Feature,Importance
0.01,87.92324815539378
AV_cm3_g,1.8871653247088116
cm3_g,1.7671114531316217
LFPD,1.346978348670717
Has_OMS,1.2832675497129822
LCD,1.1968336559808865
AV_VF,1.0656954976720523
PLD,0.9674480331174706
ASA_m2_g,0.8569703633159389
ASA_m2_cm3,0.7464074095011027
NASA_m2_cm3,0.49675493813737215
NASA_m2_g,0.39762339983713946
NAV_cm3_g,0.0644958708201187
