{
  "R2": 0.9870948275486725,
  "MAE": 0.006682597272136111,
  "RMSE": 8.39249222090156e-05,
  "MAPE(%)": 2.5607601157665765
}