temp,lowp,outp,seed,mode,qt_frac,train_ratio,out_root,model,R2,MAE,RMSE,MAPE(%)
313K,0.01,1,2029,lowq,0.8,0.5,./RUN_FULL_EXP,cat,0.9870948275486725,0.006682597272136111,8.39249222090156e-05,2.5607601157665765
