Feature,Importance
cm3_g,14.55134006531225
AV_VF,13.554744599902678
ASA_m2_cm3,12.6927138097042
PLD,11.912112530915236
ASA_m2_g,9.868044215495885
LCD,9.695499073060194
Has_OMS,8.293636672116266
LFPD,8.129263256840138
AV_cm3_g,7.433493171349601
NASA_m2_g,1.9284773275451874
NASA_m2_cm3,1.646647849656068
NAV_cm3_g,0.2940274281022757
