{
  "R2": 0.4815404247028532,
  "MAE": 0.3418831217505985,
  "RMSE": 0.2562571791620592,
  "MAPE(%)": 31.6021271662848
}