{
  "R2": 0.47266954673670514,
  "MAE": 0.1102588853690506,
  "RMSE": 0.03608723225264629,
  "MAPE(%)": 43.10356163102245
}