Feature,Importance
0.01,57.862337950086086
ASA_m2_cm3,8.13228273260247
ASA_m2_g,7.781126952099781
AV_cm3_g,6.054534482780715
AV_VF,4.820688908103529
cm3_g,4.760104961803988
LCD,2.4331008064549375
LFPD,2.348386848435729
PLD,2.2122996678096296
Has_OMS,2.0199832513210385
NASA_m2_g,0.8497095915225453
NASA_m2_cm3,0.5676491703551055
NAV_cm3_g,0.1577946766244623
