{
  "R2": 0.9430556825031503,
  "MAE": 0.21176745637693695,
  "RMSE": 0.10742448648085384,
  "MAPE(%)": 7.5354374181316075
}