{
  "R2": 0.9957982915281409,
  "MAE": 0.024475685215702994,
  "RMSE": 0.0012714386969869514,
  "MAPE(%)": 1.9360651458539373
}