{
  "R2": 0.9942922804666914,
  "MAE": 0.02746434882881774,
  "RMSE": 0.0018785372153559258,
  "MAPE(%)": 2.1697884345057883
}