{
  "R2": 0.994908690980296,
  "MAE": 0.0037572369387112677,
  "RMSE": 3.362229783240091e-05,
  "MAPE(%)": 1.3839641847403341
}