Feature,Importance
0.1,87.16131943582258
cm3_g,1.651741818900292
Has_OMS,1.6422055602397412
AV_cm3_g,1.5334278128370773
ASA_m2_cm3,1.4922816222401574
AV_VF,1.4216444102253034
PLD,1.1424093046465467
LFPD,1.0931367964599488
ASA_m2_g,0.9264518999240732
LCD,0.8982785650339227
NASA_m2_cm3,0.5954760403319966
NASA_m2_g,0.33051628995031873
NAV_cm3_g,0.11111044338804212
