{
  "R2": 0.9924764410976592,
  "MAE": 0.00782822902953706,
  "RMSE": 0.00016384412116924024,
  "MAPE(%)": 2.116164880788784
}