temp,lowp,outp,seed,mode,qt_frac,train_ratio,out_root,model,R2,MAE,RMSE,MAPE(%)
273K,0.05,5,2027,lowq,0.7,0.5,./RUN_FULL_EXP,cat,0.9538495683497014,0.09932513583041855,0.02184523282702237,4.9957164007155495
