{
  "R2": 0.9538495683497014,
  "MAE": 0.09932513583041855,
  "RMSE": 0.02184523282702237,
  "MAPE(%)": 4.9957164007155495
}