Feature,Importance
HENRY,53.957803403027334
ASA_m2_g,14.725151655054944
ASA_m2_cm3,6.404385387611655
AV_VF,5.833079459517808
AV_cm3_g,5.585144065782595
LCD,2.7084770517451378
PLD,2.525053563663018
cm3_g,2.481974395261567
LFPD,2.370596758635053
Has_OMS,1.401437684153753
NASA_m2_cm3,1.0691809119046014
NASA_m2_g,0.8747304969213582
NAV_cm3_g,0.06298516672116165
