temp,lowp,outp,seed,mode,qt_frac,train_ratio,out_root,model,R2,MAE,RMSE,MAPE(%)
293K,HENRY,15,2027,lowq,0.35,0.5,./RUN_FULL_EXP,cat,0.9644191674490332,0.16582631790832772,0.05755123549403316,5.455624821601122
