{
  "R2": 0.9644191674490332,
  "MAE": 0.16582631790832772,
  "RMSE": 0.05755123549403316,
  "MAPE(%)": 5.455624821601122
}