{
  "R2": 0.9915315227640146,
  "MAE": 0.03469080442383339,
  "RMSE": 0.003215755150333954,
  "MAPE(%)": 2.8110095650165015
}