temp,lowp,outp,seed,mode,qt_frac,train_ratio,out_root,model,R2,MAE,RMSE,MAPE(%)
293K,0.01,5,2029,lowq,0.2,0.5,./RUN_FULL_EXP,cat,0.9723566712631428,0.06261521409383321,0.010916982633565688,4.4200788931928905
