{
  "R2": 0.9723566712631428,
  "MAE": 0.06261521409383321,
  "RMSE": 0.010916982633565688,
  "MAPE(%)": 4.4200788931928905
}