{
  "R2": 0.9448024275187963,
  "MAE": 0.016044684656836103,
  "RMSE": 0.004229099264131215,
  "MAPE(%)": 3.520117524164372
}