Feature,Importance
0.5,80.64826823900253
AV_cm3_g,3.0476941582925963
ASA_m2_g,3.0037600670230495
ASA_m2_cm3,2.9121026435762665
cm3_g,2.398506540129183
AV_VF,2.0020067869429736
Has_OMS,1.537195057738696
LCD,1.45950808427614
PLD,1.060132062984595
LFPD,0.9734277702141827
NASA_m2_cm3,0.59895671170746
NASA_m2_g,0.28070830873916874
NAV_cm3_g,0.07773356937319152
