{
  "R2": 0.9827835852839565,
  "MAE": 0.03217145767994813,
  "RMSE": 0.003157699520989447,
  "MAPE(%)": 3.021016205536557
}