temp,lowp,outp,seed,mode,qt_frac,train_ratio,out_root,model,R2,MAE,RMSE,MAPE(%)
313K,0.5,5,2029,lowq,0.3,0.5,./RUN_FULL_EXP,cat,0.9827835852839565,0.03217145767994813,0.003157699520989447,3.021016205536557
