Feature,Importance
0.05,63.01334403334542
ASA_m2_g,8.356348783897172
ASA_m2_cm3,7.336384130305052
AV_VF,4.481796260463795
AV_cm3_g,3.563282363234446
LCD,2.801865830723961
PLD,2.5786330803101634
LFPD,2.5105517981730174
cm3_g,1.8849407634116162
Has_OMS,1.6610674590431123
NASA_m2_cm3,0.9105857086112173
NASA_m2_g,0.8049342683523653
NAV_cm3_g,0.09626552012864936
