{
  "R2": 0.9542742187019732,
  "MAE": 0.09790928543725869,
  "RMSE": 0.020780119408624655,
  "MAPE(%)": 4.82590912671911
}