{
  "R2": 0.9591676153499321,
  "MAE": 0.22249947126282651,
  "RMSE": 0.11455058773036234,
  "MAPE(%)": 5.909380773736715
}