Feature,Importance
0.05,71.85431538304088
ASA_m2_g,6.472840252758097
ASA_m2_cm3,4.296342960731749
AV_VF,4.230655714063223
cm3_g,2.286074162884952
AV_cm3_g,2.2073610303850044
LFPD,2.1957566247440874
Has_OMS,1.9693122645229164
PLD,1.7650388684416691
LCD,1.6888921982918879
NASA_m2_cm3,0.5090563465680563
NASA_m2_g,0.4512969921487155
NAV_cm3_g,0.07305720141879248
