temp,lowp,outp,seed,mode,qt_frac,train_ratio,out_root,model,R2,MAE,RMSE,MAPE(%)
293K,0.05,5,2025,lowq,0.15,0.5,./RUN_FULL_EXP,cat,0.9735452601620633,0.06067935423598527,0.010389354363556275,4.19870601483064
