{
  "R2": 0.9735452601620633,
  "MAE": 0.06067935423598527,
  "RMSE": 0.010389354363556275,
  "MAPE(%)": 4.19870601483064
}