{
  "R2": 0.9778662226071393,
  "MAE": 0.06093185007226965,
  "RMSE": 0.00926142461103898,
  "MAPE(%)": 5.460024892232142
}