Feature,Importance
PLD,13.666316034125247
Has_OMS,12.794941045346802
AV_VF,12.268151991746352
ASA_m2_cm3,11.457644019003352
cm3_g,10.70741397189451
LCD,10.663818531399853
LFPD,8.943816415574487
ASA_m2_g,7.418981766864402
AV_cm3_g,7.010267644924216
NASA_m2_cm3,2.6214550826453404
NASA_m2_g,2.2334178539321297
NAV_cm3_g,0.2137756425433152
