Feature,Importance
0.1,63.33334051450801
ASA_m2_g,11.07920166911446
ASA_m2_cm3,5.2038212788445755
AV_VF,4.440975079177709
AV_cm3_g,4.429056136690699
cm3_g,3.358218407398795
LCD,2.2873464117446525
PLD,2.035200003803027
LFPD,1.2864848663373547
Has_OMS,1.0021945695703414
NASA_m2_g,0.9754001059361869
NASA_m2_cm3,0.4812246114302817
NAV_cm3_g,0.08753634544391337
