{
  "R2": 0.9698406278540262,
  "MAE": 0.11267802603098674,
  "RMSE": 0.02589324805434779,
  "MAPE(%)": 4.5736116820338175
}