temp,lowp,outp,seed,mode,qt_frac,train_ratio,out_root,model,R2,MAE,RMSE,MAPE(%)
313K,0.1,15,2026,lowq,0.6,0.5,./RUN_FULL_EXP,cat,0.9698406278540262,0.11267802603098674,0.02589324805434779,4.5736116820338175
