Feature,Importance
0.01,70.75472080338423
ASA_m2_g,5.980376289885695
ASA_m2_cm3,5.763584303640265
AV_VF,3.5970639588412423
cm3_g,2.5220848119290453
AV_cm3_g,2.2851528764763436
Has_OMS,2.2254283610279963
LFPD,2.074408718654884
PLD,1.6369083184239126
LCD,1.5825636248769295
NASA_m2_g,0.8445324522267265
NASA_m2_cm3,0.615901069561918
NAV_cm3_g,0.11727441107081457
