{
  "R2": 0.9615981145482543,
  "MAE": 0.07464159808089153,
  "RMSE": 0.019403268442761322,
  "MAPE(%)": 5.35694701342968
}