Feature,Importance
0.5,65.87450014855443
ASA_m2_g,8.732806488398351
AV_VF,6.2627858129593355
AV_cm3_g,5.421049795376852
ASA_m2_cm3,4.570975101155559
cm3_g,2.0436200987850004
PLD,2.011509693910381
LFPD,1.580040667906417
LCD,1.2622444610091386
Has_OMS,1.1204356502044512
NASA_m2_cm3,0.5882351413704158
NASA_m2_g,0.46193568410769204
NAV_cm3_g,0.06986125626196467
