{
  "R2": 0.9710329647236148,
  "MAE": 0.10305140087545972,
  "RMSE": 0.02113562106848634,
  "MAPE(%)": 4.023158833413451
}