{
  "R2": 0.9885295922622295,
  "MAE": 0.006817655899872937,
  "RMSE": 8.62112498644097e-05,
  "MAPE(%)": 2.6194570466214513
}