temp,lowp,outp,seed,mode,qt_frac,train_ratio,out_root,model,R2,MAE,RMSE,MAPE(%)
313K,0.01,1,2028,lowq,0.7,0.5,./RUN_FULL_EXP,cat,0.9885295922622295,0.006817655899872937,8.62112498644097e-05,2.6194570466214513
