Feature,Importance
0.05,54.83700862388292
ASA_m2_g,14.966900494030098
ASA_m2_cm3,6.124602985114667
AV_VF,5.844560679804465
cm3_g,4.352261122523566
AV_cm3_g,4.090879683193946
PLD,2.7833470164318634
LCD,2.3420898794589355
LFPD,1.9979306905555825
Has_OMS,1.330481929297324
NASA_m2_cm3,0.8238533538920562
NASA_m2_g,0.3976819399123671
NAV_cm3_g,0.1084016019022288
