{
  "R2": 0.9666020247687698,
  "MAE": 0.16043847849632423,
  "RMSE": 0.05708774338711174,
  "MAPE(%)": 5.351369772580638
}