Feature,Importance
Has_OMS,16.12210032362441
PLD,15.04386086484963
cm3_g,12.871074413263273
AV_VF,10.324792139763085
LCD,9.693648384324224
ASA_m2_cm3,9.096672537773188
AV_cm3_g,8.67106027771315
LFPD,7.3682967243148685
ASA_m2_g,6.765347734591547
NASA_m2_cm3,1.8972973884551254
NASA_m2_g,1.7727096277332755
NAV_cm3_g,0.3731395835942185
