{
  "R2": 0.3197313049447478,
  "MAE": 0.12499178103507372,
  "RMSE": 0.04791795503557174,
  "MAPE(%)": 45.56845846622997
}