temp,lowp,outp,seed,mode,qt_frac,train_ratio,out_root,model,R2,MAE,RMSE,MAPE(%)
293K,0.01,1,2027,struct,0.0,0.25,./RUN_FULL_EXP,cat,0.3197313049447478,0.12499178103507372,0.04791795503557174,45.56845846622997
