Feature,Importance
0.01,83.26364542992417
cm3_g,2.7986804680996955
Has_OMS,2.371087240555731
ASA_m2_cm3,1.9920643949007037
AV_VF,1.76767701636381
AV_cm3_g,1.7267512950655557
LFPD,1.3984643733326163
LCD,1.3256359307916814
PLD,0.9905818999493488
ASA_m2_g,0.919573028671376
NASA_m2_cm3,0.7171256742567241
NASA_m2_g,0.6110761748084637
NAV_cm3_g,0.11763707328012314
