{
  "R2": 0.9634367773820907,
  "MAE": 0.02639114341693627,
  "RMSE": 0.00463105562004775,
  "MAPE(%)": 4.935318468847232
}