{
  "R2": 0.9882165780232879,
  "MAE": 0.014311769051227285,
  "RMSE": 0.0007461037418225844,
  "MAPE(%)": 2.6335476373192885
}