{
  "R2": 0.9848401485457776,
  "MAE": 0.04242884092082624,
  "RMSE": 0.007305374957501441,
  "MAPE(%)": 2.810895222253756
}