temp,lowp,outp,seed,mode,qt_frac,train_ratio,out_root,model,R2,MAE,RMSE,MAPE(%)
273K,0.1,1,2028,lowq,0.4,0.5,./RUN_FULL_EXP,cat,0.9873997653131762,0.015447082481527862,0.0007662272183453769,2.7895441719352156
