{
  "R2": 0.9873997653131762,
  "MAE": 0.015447082481527862,
  "RMSE": 0.0007662272183453769,
  "MAPE(%)": 2.7895441719352156
}