Feature,Importance
0.05,50.517825702615106
ASA_m2_g,11.738163706268956
AV_cm3_g,8.090797715398187
ASA_m2_cm3,7.3890432959322725
AV_VF,6.942653504944864
cm3_g,4.343745070538021
PLD,3.2332053914614973
LFPD,2.3770262575001997
LCD,2.1550400988080263
Has_OMS,1.5528698010114486
NASA_m2_cm3,0.8885437008079858
NASA_m2_g,0.6867714279164047
NAV_cm3_g,0.08431432679703024
