{
  "R2": 0.9533376398571973,
  "MAE": 0.23815739023479174,
  "RMSE": 0.11275616507274022,
  "MAPE(%)": 6.0435987070589965
}