Feature,Importance
0.01,72.995078980707
AV_VF,4.369827397924271
ASA_m2_cm3,4.247647068051809
AV_cm3_g,3.927944630691401
ASA_m2_g,3.7742738813053984
Has_OMS,2.125865088697019
cm3_g,1.973695029976085
LCD,1.8763502876526181
PLD,1.8431623228052727
LFPD,1.8060849910719572
NASA_m2_cm3,0.5271102688229834
NASA_m2_g,0.48114173749444133
NAV_cm3_g,0.05181831479973254
