{
  "R2": 0.9717655367651934,
  "MAE": 0.06381856362429333,
  "RMSE": 0.009819508114389761,
  "MAPE(%)": 4.449628505799958
}