{
  "R2": 0.9974443891357675,
  "MAE": 0.0037031662751812137,
  "RMSE": 2.6897112077956945e-05,
  "MAPE(%)": 1.4646399118724447
}