{
  "R2": 0.9840019061560485,
  "MAE": 0.01593120305059247,
  "RMSE": 0.0005822578383028748,
  "MAPE(%)": 2.9820713571029516
}