Feature,Importance
HENRY,65.6992829389267
ASA_m2_cm3,6.6677970483637985
AV_VF,6.014775099317032
ASA_m2_g,4.584303488131761
AV_cm3_g,3.687207048944303
PLD,2.7862071919752385
cm3_g,2.361273249803689
Has_OMS,2.2649464385748446
LFPD,2.2181915563230525
LCD,2.1658915266977363
NASA_m2_cm3,0.8582636307268816
NASA_m2_g,0.5633909276053746
NAV_cm3_g,0.1284698546096148
