temp,lowp,outp,seed,mode,qt_frac,train_ratio,out_root,model,R2,MAE,RMSE,MAPE(%)
273K,HENRY,5,2028,lowq,0.5,0.5,./RUN_FULL_EXP,cat,0.9538533809313547,0.10417558285256004,0.025935859296106496,5.2293359400650825
