{
  "R2": 0.9538533809313547,
  "MAE": 0.10417558285256004,
  "RMSE": 0.025935859296106496,
  "MAPE(%)": 5.2293359400650825
}