{
  "R2": 0.9709390211426365,
  "MAE": 0.10608576618660415,
  "RMSE": 0.02278849455861848,
  "MAPE(%)": 4.1845579379196955
}