Feature,Importance
HENRY,77.71082912525084
ASA_m2_g,4.210682770653769
AV_cm3_g,2.8531224944024296
AV_VF,2.841618421870454
ASA_m2_cm3,2.638986132205008
cm3_g,2.442490136435205
LCD,1.829022287799388
Has_OMS,1.7970795717944235
PLD,1.4126568484838904
LFPD,1.1809677417056896
NASA_m2_cm3,0.6939939681281418
NASA_m2_g,0.3427700135652658
NAV_cm3_g,0.045780487705501964
