{
  "R2": 0.9837972601722664,
  "MAE": 0.033003496217063256,
  "RMSE": 0.00274850185288387,
  "MAPE(%)": 3.009626852211726
}