{
  "R2": 0.9725068619927888,
  "MAE": 0.02197116755182571,
  "RMSE": 0.002990760108899518,
  "MAPE(%)": 3.973082775237999
}