{
  "R2": 0.9667882436426558,
  "MAE": 0.022720328859933178,
  "RMSE": 0.0037038627166410517,
  "MAPE(%)": 4.089978207026032
}