temp,lowp,outp,seed,mode,qt_frac,train_ratio,out_root,model,R2,MAE,RMSE,MAPE(%)
273K,0.01,1,2028,struct_with_input,0.12,0.25,./RUN_FULL_EXP,cat,0.9667882436426558,0.022720328859933178,0.0037038627166410517,4.089978207026032
