Feature,Importance
0.01,63.35119070482088
ASA_m2_g,7.565384433968335
ASA_m2_cm3,7.5499496617866475
AV_cm3_g,4.003002721496119
AV_VF,3.7718303168795413
LCD,2.511815823607581
LFPD,2.4881080557511557
PLD,2.421994513905242
cm3_g,2.318293332083457
Has_OMS,2.278372741389134
NASA_m2_cm3,0.9046190024415998
NASA_m2_g,0.7189166074058067
NAV_cm3_g,0.11652208446448002
