{
  "R2": 0.9609840454102994,
  "MAE": 0.10571843779876398,
  "RMSE": 0.028495701632524906,
  "MAPE(%)": 5.43491239530069
}