Feature,Importance
0.01,82.69713566141148
ASA_m2_cm3,2.38989062757891
ASA_m2_g,2.153165320133374
LFPD,1.9905442721794155
LCD,1.9337607898424085
AV_VF,1.7308441552189349
cm3_g,1.5767148050510404
AV_cm3_g,1.5332656708106622
PLD,1.3921295323859988
Has_OMS,1.1159592151731055
NASA_m2_cm3,0.9791409317492057
NASA_m2_g,0.36225122041900243
NAV_cm3_g,0.1451977980464564
