{
  "R2": 0.9257625601858344,
  "MAE": 0.027313666088532088,
  "RMSE": 0.011896712836978995,
  "MAPE(%)": 4.6472588948121185
}