temp,lowp,outp,seed,mode,qt_frac,train_ratio,out_root,model,R2,MAE,RMSE,MAPE(%)
273K,0.01,1,2027,struct_with_input,0.0,0.3,./RUN_FULL_EXP,cat,0.9257625601858344,0.027313666088532088,0.011896712836978995,4.6472588948121185
