temp,lowp,outp,seed,mode,qt_frac,train_ratio,out_root,model,R2,MAE,RMSE,MAPE(%)
313K,0.1,1,2027,lowq,0.55,0.5,./RUN_FULL_EXP,cat,0.9957105884961723,0.004343438979671733,3.880216209818415e-05,1.6807245119242749
