{
  "R2": 0.9957105884961723,
  "MAE": 0.004343438979671733,
  "RMSE": 3.880216209818415e-05,
  "MAPE(%)": 1.6807245119242749
}