{
  "R2": 0.9939134260562742,
  "MAE": 0.026349367289282905,
  "RMSE": 0.0015732896864420135,
  "MAPE(%)": 2.035026663346072
}