{
  "R2": 0.413535871367371,
  "MAE": 0.1809592746297617,
  "RMSE": 0.09135023639420983,
  "MAPE(%)": 47.56898582765073
}