{
  "R2": 0.4049571418797687,
  "MAE": 0.1784340107728338,
  "RMSE": 0.09379103354022679,
  "MAPE(%)": 46.55062417154728
}