{
  "R2": 0.9885743581120716,
  "MAE": 0.04329887561400112,
  "RMSE": 0.004888102144885525,
  "MAPE(%)": 3.4387593502876843
}