{
  "R2": 0.967243083574976,
  "MAE": 0.024108832702022354,
  "RMSE": 0.004966065389862008,
  "MAPE(%)": 4.070668385423838
}