{
  "R2": 0.971515548744584,
  "MAE": 0.06314941930339053,
  "RMSE": 0.01044913044827335,
  "MAPE(%)": 4.444836791483809
}