Feature,Importance
0.1,77.788318815265
ASA_m2_g,4.045379505886329
AV_VF,3.884539525313584
ASA_m2_cm3,3.000177590774906
AV_cm3_g,2.8819690988155395
cm3_g,1.524644616616724
PLD,1.481107324217396
LFPD,1.4768789813637089
LCD,1.3161617279892603
Has_OMS,1.3139574749901843
NASA_m2_cm3,0.680478751621386
NASA_m2_g,0.5657424202432828
NAV_cm3_g,0.04064416690271976
