{
  "R2": 0.9796751476913098,
  "MAE": 0.032295354413714075,
  "RMSE": 0.0023507911925282387,
  "MAPE(%)": 2.862023434382838
}