Feature,Importance
HENRY,61.25634243887456
ASA_m2_g,12.041267260309507
ASA_m2_cm3,5.098542010895648
AV_VF,4.642541442316353
AV_cm3_g,4.360716221149368
cm3_g,3.6439079247531727
LCD,2.2457472603679483
PLD,2.057815945502628
LFPD,1.6837387917564335
Has_OMS,1.4589286174154545
NASA_m2_cm3,0.9566098390304676
NASA_m2_g,0.44784048047716063
NAV_cm3_g,0.10600176715129125
