{
  "R2": 0.9716840565956031,
  "MAE": 0.10952087082503627,
  "RMSE": 0.024911238091851168,
  "MAPE(%)": 4.394418897556758
}