Feature,Importance
0.05,87.78122254462599
AV_cm3_g,1.908347322303049
cm3_g,1.510146319835238
LCD,1.385584272026903
AV_VF,1.377680630553942
ASA_m2_cm3,1.356335100970174
Has_OMS,1.133042802460825
ASA_m2_g,0.8762179546781773
PLD,0.7980052683598886
NASA_m2_g,0.6516642544017575
LFPD,0.6110238808083029
NASA_m2_cm3,0.4960919025610765
NAV_cm3_g,0.11463774641466837
