{
  "R2": 0.9919962204902127,
  "MAE": 0.007712992623941293,
  "RMSE": 0.0001416175375087118,
  "MAPE(%)": 2.097535276313428
}