Feature,Importance
cm3_g,15.98819829728615
PLD,13.901550199739575
AV_VF,12.565826988601602
ASA_m2_cm3,10.967700932375665
Has_OMS,10.25434535889116
ASA_m2_g,9.063679552556804
LCD,8.550208098428568
LFPD,7.7314748627745935
AV_cm3_g,6.853501764092168
NASA_m2_g,1.9919233255395068
NASA_m2_cm3,1.9177097290328182
NAV_cm3_g,0.21388089068138813
