{
  "R2": 0.48393213520614453,
  "MAE": 0.3465908214892629,
  "RMSE": 0.25427440652547467,
  "MAPE(%)": 32.704180224536486
}