{
  "R2": 0.9952463955119807,
  "MAE": 0.02338787022105695,
  "RMSE": 0.0010256130684520041,
  "MAPE(%)": 1.7798941277176195
}