{
  "R2": 0.9661943614639726,
  "MAE": 0.1584137395085882,
  "RMSE": 0.05345915898671888,
  "MAPE(%)": 5.2497532589794265
}