{
  "R2": 0.9838946797558739,
  "MAE": 0.04504475218189061,
  "RMSE": 0.007565699556775782,
  "MAPE(%)": 3.0563163612915587
}