Feature,Importance
0.5,59.60417709362829
ASA_m2_g,10.444191648715085
AV_cm3_g,7.312879311697695
ASA_m2_cm3,5.873231097545295
AV_VF,5.268000271205481
cm3_g,3.2289747703965084
LCD,2.0422081929597824
PLD,2.032530050957391
LFPD,1.454256301361027
Has_OMS,1.079140139790041
NASA_m2_cm3,0.8139951088412124
NASA_m2_g,0.7479233257045652
NAV_cm3_g,0.09849268719763903
