{
  "R2": 0.978848859872397,
  "MAE": 0.10303117344281974,
  "RMSE": 0.023473046120061833,
  "MAPE(%)": 4.407115035043202
}