temp,lowp,outp,seed,mode,qt_frac,train_ratio,out_root,model,R2,MAE,RMSE,MAPE(%)
313K,0.5,15,2027,lowq,0.15,0.5,./RUN_FULL_EXP,cat,0.978848859872397,0.10303117344281974,0.023473046120061833,4.407115035043202
