{
  "R2": 0.9848517066846857,
  "MAE": 0.018128143091054674,
  "RMSE": 0.0010951878245058274,
  "MAPE(%)": 3.3272076060767217
}