temp,lowp,outp,seed,mode,qt_frac,train_ratio,out_root,model,R2,MAE,RMSE,MAPE(%)
273K,0.01,1,2025,struct_with_input,0.28,0.55,./RUN_FULL_EXP,cat,0.9848517066846857,0.018128143091054674,0.0010951878245058274,3.3272076060767217
