Feature,Importance
0.05,87.00941113780195
AV_cm3_g,1.7578836829036941
cm3_g,1.7253378215678745
Has_OMS,1.552825815132351
PLD,1.349468119526378
LCD,1.332807540740517
ASA_m2_cm3,1.056500146384769
ASA_m2_g,1.0563413468261584
LFPD,1.0433723202411973
AV_VF,0.9536761962230829
NASA_m2_cm3,0.725204970364747
NASA_m2_g,0.3666655561675959
NAV_cm3_g,0.07050534611969211
