{
  "R2": 0.9939429319646612,
  "MAE": 0.005081174231792272,
  "RMSE": 6.856059375282675e-05,
  "MAPE(%)": 2.0126163332648264
}