{
  "R2": 0.9521720947454206,
  "MAE": 0.2414979667493249,
  "RMSE": 0.13717360601786843,
  "MAPE(%)": 6.489556613345167
}