{
  "R2": 0.9744676349252995,
  "MAE": 0.023562983099336007,
  "RMSE": 0.002727175259708936,
  "MAPE(%)": 4.36196052950063
}