temp,lowp,outp,seed,mode,qt_frac,train_ratio,out_root,model,R2,MAE,RMSE,MAPE(%)
273K,0.01,1,2029,struct_with_input,0.12,0.25,./RUN_FULL_EXP,cat,0.9744676349252995,0.023562983099336007,0.002727175259708936,4.36196052950063
