{
  "R2": 0.996870020425436,
  "MAE": 0.0059569386609592875,
  "RMSE": 7.886120912183773e-05,
  "MAPE(%)": 1.6611176377292036
}