Feature,Importance
0.5,91.66422672804467
ASA_m2_g,1.2880901638758107
cm3_g,1.2358844904841397
AV_cm3_g,0.8252572560912178
LCD,0.7853117284628581
Has_OMS,0.7622050958454201
PLD,0.6222061950125634
ASA_m2_cm3,0.6172326162119302
LFPD,0.6126924086483767
AV_VF,0.5913274856444067
NASA_m2_g,0.4876596155198129
NASA_m2_cm3,0.40208021838616015
NAV_cm3_g,0.10582599777261836
