{
  "R2": 0.9957637305380102,
  "MAE": 0.010398618151564589,
  "RMSE": 0.00029219370038559967,
  "MAPE(%)": 1.923552429484453
}