Feature,Importance
0.5,73.31308088545548
ASA_m2_cm3,5.5278595762747935
ASA_m2_g,4.727737363025133
AV_VF,3.717951306343791
AV_cm3_g,2.7573283229413295
cm3_g,2.316098126193655
PLD,1.859811196833491
LCD,1.8480921144227536
LFPD,1.669566674005929
Has_OMS,1.4403976281537698
NASA_m2_cm3,0.40811594083233554
NASA_m2_g,0.3405402865344678
NAV_cm3_g,0.07342057898307656
