{
  "R2": 0.9676468347740573,
  "MAE": 0.09112335475635562,
  "RMSE": 0.01923525475478313,
  "MAPE(%)": 4.628440904938177
}