{
  "R2": 0.9899099803061077,
  "MAE": 0.009762623006291658,
  "RMSE": 0.00019772917632550208,
  "MAPE(%)": 2.7475223803842144
}