temp,lowp,outp,seed,mode,qt_frac,train_ratio,out_root,model,R2,MAE,RMSE,MAPE(%)
293K,0.01,1,2029,lowq,0.55,0.5,./RUN_FULL_EXP,cat,0.9899099803061077,0.009762623006291658,0.00019772917632550208,2.7475223803842144
