{
  "R2": 0.9921600306852664,
  "MAE": 0.03111341123126007,
  "RMSE": 0.0023558050612004413,
  "MAPE(%)": 2.504211680296033
}