{
  "R2": 0.9804644969939865,
  "MAE": 0.03205752323941725,
  "RMSE": 0.002270452516266858,
  "MAPE(%)": 2.8519003336239037
}