Feature,Importance
0.01,59.61201852477243
ASA_m2_g,7.418336340444325
AV_cm3_g,7.184533462087901
AV_VF,6.927443221946008
ASA_m2_cm3,6.531048198129693
cm3_g,2.4941018204220646
PLD,2.429948528159115
LCD,2.2681986372782657
LFPD,1.8891984331659142
Has_OMS,1.5763934041055387
NASA_m2_cm3,0.9094838819021027
NASA_m2_g,0.6572162612504516
NAV_cm3_g,0.10207928633619473
