{
  "R2": 0.9531541925619634,
  "MAE": 0.17771282461830648,
  "RMSE": 0.07361327773535783,
  "MAPE(%)": 5.8561103043740115
}