{
  "R2": 0.9522278874609527,
  "MAE": 0.24050891456109613,
  "RMSE": 0.11483034432175074,
  "MAPE(%)": 6.083992717104799
}