Feature,Importance
0.5,80.04394674102056
ASA_m2_g,4.306417470148167
AV_VF,3.444010085842791
ASA_m2_cm3,2.794810938520306
cm3_g,1.7777828730321623
AV_cm3_g,1.6131300191967108
LCD,1.476905936890186
Has_OMS,1.3571119291017355
LFPD,1.3268400030302232
PLD,1.1706539856740026
NASA_m2_g,0.3799718599567168
NASA_m2_cm3,0.2699346164587128
NAV_cm3_g,0.038483541127713024
