{
  "R2": 0.9835862992247214,
  "MAE": 0.03231810788322729,
  "RMSE": 0.0040670677183165865,
  "MAPE(%)": 3.0750914414410486
}