Feature,Importance
0.05,85.03595510681295
Has_OMS,1.9355175380730458
AV_cm3_g,1.849274202009378
LCD,1.7926984575020153
cm3_g,1.756130757203771
AV_VF,1.6397137634168129
ASA_m2_g,1.4002445352015225
ASA_m2_cm3,1.1012669361260017
LFPD,1.0969808968816384
PLD,1.0758701915578308
NASA_m2_cm3,0.7405186127557231
NASA_m2_g,0.4960799169765715
NAV_cm3_g,0.07974908548274248
