{
  "R2": 0.9920444596367826,
  "MAE": 0.008162248089855143,
  "RMSE": 0.00018447358305647866,
  "MAPE(%)": 2.2166481953504897
}