Feature,Importance
0.5,59.634991599377116
ASA_m2_g,15.662205597302044
ASA_m2_cm3,4.906064896132471
AV_VF,4.091086765750267
AV_cm3_g,3.6175328861134846
cm3_g,3.2562064827221184
PLD,2.2703734555375306
LFPD,2.193084868248036
LCD,2.1766999322367773
Has_OMS,1.1863909387289135
NASA_m2_cm3,0.44228895263438534
NASA_m2_g,0.43681336283479943
NAV_cm3_g,0.12626026238207905
