{
  "R2": 0.967700738529445,
  "MAE": 0.15831462019502676,
  "RMSE": 0.054822979310485714,
  "MAPE(%)": 5.310896360951686
}