temp,lowp,outp,seed,mode,qt_frac,train_ratio,out_root,model,R2,MAE,RMSE,MAPE(%)
293K,0.01,5,2027,struct,0.0,0.15,./RUN_FULL_EXP,cat,0.42649840536617734,0.36913728023054176,0.28422118523536366,37.1568553567229
