{
  "R2": 0.42649840536617734,
  "MAE": 0.36913728023054176,
  "RMSE": 0.28422118523536366,
  "MAPE(%)": 37.1568553567229
}