Feature,Importance
0.1,77.40791706109432
ASA_m2_g,5.148193286036199
ASA_m2_cm3,3.1687764872283273
AV_cm3_g,2.8177531907443765
AV_VF,2.4169498343023945
cm3_g,1.9981328897002213
LCD,1.8086100135864944
PLD,1.44337779856068
Has_OMS,1.4230474906602488
LFPD,1.0562943229444595
NASA_m2_g,0.6984508226633875
NASA_m2_cm3,0.5443557707413298
NAV_cm3_g,0.06814103173755723
