temp,lowp,outp,seed,mode,qt_frac,train_ratio,out_root,model,R2,MAE,RMSE,MAPE(%)
313K,0.1,5,2026,lowq,0.25,0.5,./RUN_FULL_EXP,cat,0.9825972594976465,0.034885739308516274,0.003339042642201631,3.261422150953551
