{
  "R2": 0.9825972594976465,
  "MAE": 0.034885739308516274,
  "RMSE": 0.003339042642201631,
  "MAPE(%)": 3.261422150953551
}