temp,lowp,outp,seed,mode,qt_frac,train_ratio,out_root,model,R2,MAE,RMSE,MAPE(%)
273K,0.01,1,2025,struct_with_input,0.35,0.7,./RUN_FULL_EXP,cat,0.9859595912705299,0.017517764618936678,0.0009185388691181889,3.1682446513359857
