{
  "R2": 0.9879706001341382,
  "MAE": 0.017015929902329637,
  "RMSE": 0.0007799163191475367,
  "MAPE(%)": 3.096584355745966
}