{
  "R2": 0.9859595912705299,
  "MAE": 0.017517764618936678,
  "RMSE": 0.0009185388691181889,
  "MAPE(%)": 3.1682446513359857
}