{
  "R2": 0.9692267751675722,
  "MAE": 0.05861944832976589,
  "RMSE": 0.009240233953007847,
  "MAPE(%)": 3.9843578390073313
}