Feature,Importance
0.05,56.21094870745811
ASA_m2_g,15.153309090791739
AV_VF,5.672853400492843
ASA_m2_cm3,5.462611285416025
AV_cm3_g,4.4857904834528695
cm3_g,3.055871469557478
PLD,2.704528613991075
LCD,2.2032856760851596
LFPD,2.010903278008191
Has_OMS,1.6930114242962262
NASA_m2_cm3,0.8129597360447745
NASA_m2_g,0.4469024567179885
NAV_cm3_g,0.08702437768751006
