{
  "R2": 0.9630131895341825,
  "MAE": 0.16133317538240696,
  "RMSE": 0.04993245490422728,
  "MAPE(%)": 5.232201529772147
}