{
  "R2": 0.5734531843633235,
  "MAE": 0.4248726975207912,
  "RMSE": 0.36661111071517827,
  "MAPE(%)": 30.969114088647427
}