Feature,Importance
0.01,86.73770400050104
AV_cm3_g,2.008580096495952
cm3_g,1.5864552987969882
LCD,1.4738630647974447
Has_OMS,1.4381300908939019
ASA_m2_cm3,1.4193702037366607
AV_VF,1.3789903177601537
ASA_m2_g,1.0928291797301615
LFPD,1.0698989814487672
PLD,0.9463169488416319
NASA_m2_g,0.42453409424499894
NASA_m2_cm3,0.3302183252986034
NAV_cm3_g,0.09310939745368539
