{
  "R2": 0.9924453985524134,
  "MAE": 0.009382293552893432,
  "RMSE": 0.00019570760860324431,
  "MAPE(%)": 2.6363395877226283
}