temp,lowp,outp,seed,mode,qt_frac,train_ratio,out_root,model,R2,MAE,RMSE,MAPE(%)
273K,0.5,5,2029,lowq,0.35,0.5,./RUN_FULL_EXP,cat,0.9678447713662935,0.08963826736836454,0.01990255547688506,4.4574819083264945
