{
  "R2": 0.9678447713662935,
  "MAE": 0.08963826736836454,
  "RMSE": 0.01990255547688506,
  "MAPE(%)": 4.4574819083264945
}