{
  "R2": 0.9668256247134159,
  "MAE": 0.06356796009879853,
  "RMSE": 0.008843394847527603,
  "MAPE(%)": 4.393906503260711
}