{
  "R2": 0.9697193811170421,
  "MAE": 0.05556063860733947,
  "RMSE": 0.006914869988471977,
  "MAPE(%)": 3.734753594424355
}