{
  "R2": 0.7379140301262725,
  "MAE": 0.5050260164094165,
  "RMSE": 0.4990080767162919,
  "MAPE(%)": 21.351112122873047
}