Feature,Importance
0.1,51.33700575115986
ASA_m2_g,13.693428113922694
ASA_m2_cm3,7.255407076981113
AV_VF,7.171155354264677
AV_cm3_g,6.212820464444553
cm3_g,3.7492754460009396
PLD,2.8927399191670506
LCD,2.5269965607403133
LFPD,1.862145670290435
Has_OMS,1.5485277546261134
NASA_m2_cm3,0.9950885613268464
NASA_m2_g,0.7061145966719552
NAV_cm3_g,0.049294730403457804
