temp,lowp,outp,seed,mode,qt_frac,train_ratio,out_root,model,R2,MAE,RMSE,MAPE(%)
273K,0.1,15,2028,lowq,0.75,0.5,./RUN_FULL_EXP,cat,0.9479869385154437,0.23922766697348377,0.12739762676982314,6.030187468949434
