{
  "R2": 0.9479869385154437,
  "MAE": 0.23922766697348377,
  "RMSE": 0.12739762676982314,
  "MAPE(%)": 6.030187468949434
}