temp,lowp,outp,seed,mode,qt_frac,train_ratio,out_root,model,R2,MAE,RMSE,MAPE(%)
293K,0.01,5,2026,lowq,0.5,0.5,./RUN_FULL_EXP,cat,0.9670926099637405,0.06349172279547725,0.009405585940134771,4.350648179440756
