{
  "R2": 0.9670926099637405,
  "MAE": 0.06349172279547725,
  "RMSE": 0.009405585940134771,
  "MAPE(%)": 4.350648179440756
}