Feature,Importance
0.1,89.26251610960657
AV_VF,1.5394926117493637
LCD,1.5051538240397766
cm3_g,1.4860836694129667
AV_cm3_g,1.12723742882576
PLD,1.014550669681504
ASA_m2_cm3,0.884561640227857
Has_OMS,0.8493585038266152
ASA_m2_g,0.7259049726512933
LFPD,0.525599560378997
NASA_m2_g,0.4946948064696575
NASA_m2_cm3,0.4861632982472169
NAV_cm3_g,0.09868290488244405
