{
  "R2": 0.9960868922427972,
  "MAE": 0.00461285748345871,
  "RMSE": 4.988487557595729e-05,
  "MAPE(%)": 1.8792521997455138
}