{
  "R2": 0.9514217277138359,
  "MAE": 0.24256530271839266,
  "RMSE": 0.11563428960735897,
  "MAPE(%)": 6.136104867229698
}