temp,lowp,outp,seed,mode,qt_frac,train_ratio,out_root,model,R2,MAE,RMSE,MAPE(%)
273K,0.01,15,2025,lowq,0.75,0.5,./RUN_FULL_EXP,cat,0.9514217277138359,0.24256530271839266,0.11563428960735897,6.136104867229698
