{
  "R2": 0.9644018189837615,
  "MAE": 0.12173660845464915,
  "RMSE": 0.04005661232650387,
  "MAPE(%)": 5.080550262187064
}