Feature,Importance
PLD,14.325031892861327
Has_OMS,14.24047004892755
cm3_g,13.065315209457312
LCD,10.46128478812282
AV_VF,10.363146773968635
ASA_m2_cm3,8.944401400005889
LFPD,8.626546618748895
AV_cm3_g,8.549390904550096
ASA_m2_g,5.8852429144085585
NASA_m2_g,2.702990821861292
NASA_m2_cm3,2.562188514119235
NAV_cm3_g,0.2739901129683858
