{
  "R2": 0.34938694012324134,
  "MAE": 0.12384912684399159,
  "RMSE": 0.04605039869573744,
  "MAPE(%)": 47.53386786280544
}