Feature,Importance
0.05,56.21942879609327
ASA_m2_g,10.87729822159895
AV_VF,6.666870202829329
ASA_m2_cm3,6.4984223021937915
AV_cm3_g,6.0461063545889635
cm3_g,2.8794156094383974
LFPD,2.5360246381195144
PLD,2.4496011268506295
LCD,2.2674725919640637
Has_OMS,1.6908923877785749
NASA_m2_cm3,0.9671800902628479
NASA_m2_g,0.8034050034541568
NAV_cm3_g,0.09788267482751742
