{
  "R2": 0.9556317250353852,
  "MAE": 0.16230025597469958,
  "RMSE": 0.06572926073344744,
  "MAPE(%)": 5.191472297164061
}