Feature,Importance
0.01,82.21524187411097
ASA_m2_g,2.304134167572958
AV_VF,2.1370886285870982
ASA_m2_cm3,2.0797590700922024
PLD,1.8447882064798633
LCD,1.8305940510935428
AV_cm3_g,1.7545756697496393
LFPD,1.6750437124696738
cm3_g,1.4590154177109371
Has_OMS,1.3184552596991295
NASA_m2_cm3,0.7663330171370815
NASA_m2_g,0.6070359767604012
NAV_cm3_g,0.007934948536482975
