temp,lowp,outp,seed,mode,qt_frac,train_ratio,out_root,model,R2,MAE,RMSE,MAPE(%)
273K,0.01,1,2025,struct_with_input,0.4,0.8,./RUN_FULL_EXP,cat,0.9860805147319568,0.016684326085313207,0.0008700067391892261,3.088428208859526
