{
  "R2": 0.9860805147319568,
  "MAE": 0.016684326085313207,
  "RMSE": 0.0008700067391892261,
  "MAPE(%)": 3.088428208859526
}