{
  "R2": 0.986146366826279,
  "MAE": 0.016529854937827618,
  "RMSE": 0.0008238533802180242,
  "MAPE(%)": 2.992158833288047
}