{
  "R2": 0.9871202248998313,
  "MAE": 0.006816970819068935,
  "RMSE": 8.398768600324005e-05,
  "MAPE(%)": 2.630245696939654
}