Feature,Importance
0.05,77.2543425314571
ASA_m2_g,4.368580840788287
AV_VF,3.7728510724790034
ASA_m2_cm3,2.661774609920169
AV_cm3_g,2.3394339391874257
cm3_g,1.8946083844239598
Has_OMS,1.8889450573948998
LFPD,1.7837258125088442
PLD,1.7131261465621987
LCD,1.1779419087286442
NASA_m2_cm3,0.5696298710334735
NASA_m2_g,0.46993977975335866
NAV_cm3_g,0.10510004576262132
