{
  "R2": 0.9800365370979565,
  "MAE": 0.03558398359331303,
  "RMSE": 0.00296832100752611,
  "MAPE(%)": 3.2639393468314912
}