temp,lowp,outp,seed,mode,qt_frac,train_ratio,out_root,model,R2,MAE,RMSE,MAPE(%)
313K,0.05,5,2028,lowq,0.5,0.5,./RUN_FULL_EXP,cat,0.9800365370979565,0.03558398359331303,0.00296832100752611,3.2639393468314912
