Feature,Importance
0.01,72.30683293001317
AV_VF,3.697906011587818
ASA_m2_cm3,3.517999237357489
ASA_m2_g,3.3217101155325874
cm3_g,3.248749820037229
LCD,3.0138594450683973
Has_OMS,2.639481091751362
LFPD,2.554885153250143
AV_cm3_g,2.2910858490937587
PLD,1.6437658444142353
NASA_m2_g,0.8881966379481727
NASA_m2_cm3,0.8613193690495058
NAV_cm3_g,0.014208494896110754
