{
  "R2": 0.930044492698485,
  "MAE": 0.10294805594281095,
  "RMSE": 0.033885989126253895,
  "MAPE(%)": 7.976631664452278
}