{
  "R2": 0.9586821391742706,
  "MAE": 0.023004615638155708,
  "RMSE": 0.006726303692653344,
  "MAPE(%)": 3.5004670754587193
}