Feature,Importance
0.05,89.86799131903491
cm3_g,1.4284100414611944
AV_cm3_g,1.3742006586957556
Has_OMS,1.2792787287846235
LCD,1.2353548058390436
AV_VF,1.0998716391982055
PLD,0.832553428342911
ASA_m2_g,0.8105718535835448
ASA_m2_cm3,0.7785721532374995
LFPD,0.5363913438887313
NASA_m2_cm3,0.4843765376992928
NASA_m2_g,0.19584973782909365
NAV_cm3_g,0.07657775240515194
