{
  "R2": 0.9937811671965678,
  "MAE": 0.004800778810577554,
  "RMSE": 4.948018855411862e-05,
  "MAPE(%)": 1.8557698792062494
}