temp,lowp,outp,seed,mode,qt_frac,train_ratio,out_root,model,R2,MAE,RMSE,MAPE(%)
273K,0.5,5,2026,lowq,0.35,0.5,./RUN_FULL_EXP,cat,0.9690913745027088,0.08963420623396466,0.019052111855474018,4.595675436537315
