{
  "R2": 0.9690913745027088,
  "MAE": 0.08963420623396466,
  "RMSE": 0.019052111855474018,
  "MAPE(%)": 4.595675436537315
}