temp,lowp,outp,seed,mode,qt_frac,train_ratio,out_root,model,R2,MAE,RMSE,MAPE(%)
293K,0.5,5,2029,lowq,0.8,0.5,./RUN_FULL_EXP,cat,0.9715843221715862,0.050259105313159975,0.0056988483498416264,3.37474299212887
