{
  "R2": 0.9715843221715862,
  "MAE": 0.050259105313159975,
  "RMSE": 0.0056988483498416264,
  "MAPE(%)": 3.37474299212887
}