{
  "R2": 0.9578136907151342,
  "MAE": 0.008338328073312536,
  "RMSE": 0.0016583967438398618,
  "MAPE(%)": 2.665985142628018
}