Feature,Importance
0.01,80.78625511008211
cm3_g,2.975263609612692
Has_OMS,2.8880954516743946
LFPD,2.154741229344649
PLD,2.002914115329865
AV_VF,1.8411299779158214
AV_cm3_g,1.748531035077023
ASA_m2_cm3,1.52052817120409
ASA_m2_g,1.3775728375357756
LCD,1.2743057295035052
NASA_m2_cm3,0.7684480912641068
NASA_m2_g,0.6256999427929643
NAV_cm3_g,0.03651469866300398
