Feature,Importance
0.01,73.08538388881058
Has_OMS,5.487263188410974
cm3_g,4.105038197748451
AV_VF,3.153139511343394
AV_cm3_g,2.579993168486436
LFPD,2.272754157612934
PLD,2.2392526698352975
ASA_m2_cm3,2.1384766235289687
LCD,1.4768228617934347
ASA_m2_g,1.3386841190592824
NASA_m2_g,1.1732821164188847
NASA_m2_cm3,0.9483720799595174
NAV_cm3_g,0.0015374169918528262
