{
  "R2": 0.9576640298549206,
  "MAE": 0.029068435517333405,
  "RMSE": 0.005882610382778866,
  "MAPE(%)": 5.720287957121201
}