{
  "R2": 0.9528800295640534,
  "MAE": 0.03109811619152636,
  "RMSE": 0.006175670933540365,
  "MAPE(%)": 5.983526475132002
}