Feature,Importance
0.05,87.98231928186684
cm3_g,1.8816292711943494
AV_cm3_g,1.3802038887492207
ASA_m2_cm3,1.3285056755623519
AV_VF,1.3021458012079767
Has_OMS,1.2168372491592472
LCD,1.1930890747251917
ASA_m2_g,0.9786459760404301
PLD,0.8413632777929742
LFPD,0.7514370736380893
NASA_m2_g,0.6721982836188203
NASA_m2_cm3,0.36350390740382643
NAV_cm3_g,0.10812123904067049
