{
  "R2": 0.992302800593448,
  "MAE": 0.007486180291652117,
  "RMSE": 0.00011976973122501451,
  "MAPE(%)": 2.0168611969845616
}