{
  "R2": 0.9929933675923404,
  "MAE": 0.007840244305285581,
  "RMSE": 0.0005068620408926651,
  "MAPE(%)": 2.092819140659024
}