Feature,Importance
0.01,79.60373594801507
Has_OMS,4.358075105024215
cm3_g,3.966443439028478
PLD,2.135786308194454
ASA_m2_cm3,2.0704019266290086
LCD,1.6217098767292288
AV_VF,1.4072676664281718
AV_cm3_g,1.2837031469399884
NASA_m2_g,1.0679706711978945
LFPD,0.8490028895296522
NASA_m2_cm3,0.822988390061728
ASA_m2_g,0.7860170863729828
NAV_cm3_g,0.02689754584910443
