{
  "R2": 0.9003481780047562,
  "MAE": 0.026199602217365944,
  "RMSE": 0.007219213303032655,
  "MAPE(%)": 9.139211874773098
}