{
  "R2": -215.90911667060897,
  "MAE": 0.14423506538231826,
  "RMSE": 34.04234895994103,
  "MAPE(%)": 40.78306924604112
}