Feature,Importance
0.01,85.55709583390657
AV_cm3_g,2.233829090520208
AV_VF,1.6972456153774707
Has_OMS,1.6578752322153132
PLD,1.6293588312182747
LFPD,1.626862976563487
ASA_m2_cm3,1.4392609218011103
cm3_g,1.3024113373195214
ASA_m2_g,1.1615466559766077
LCD,0.7607564370567759
NASA_m2_g,0.5494111090252448
NASA_m2_cm3,0.34353605760242234
NAV_cm3_g,0.04080990141704209
