temp,lowp,outp,seed,mode,qt_frac,train_ratio,out_root,model,R2,MAE,RMSE,MAPE(%)
313K,0.01,1,2028,lowq,0.15,0.5,./RUN_FULL_EXP,cat,0.9893897800962631,0.007578915018831586,0.0002175616759582602,3.035633633368531
