{
  "R2": 0.9893897800962631,
  "MAE": 0.007578915018831586,
  "RMSE": 0.0002175616759582602,
  "MAPE(%)": 3.035633633368531
}