temp,lowp,outp,seed,mode,qt_frac,train_ratio,out_root,model,R2,MAE,RMSE,MAPE(%)
273K,HENRY,15,2025,lowq,0.25,0.5,./RUN_FULL_EXP,cat,0.9536549397097714,0.23790959138473156,0.13357972815161565,6.348616464319877
