{
  "R2": 0.9536549397097714,
  "MAE": 0.23790959138473156,
  "RMSE": 0.13357972815161565,
  "MAPE(%)": 6.348616464319877
}