temp,lowp,outp,seed,mode,qt_frac,train_ratio,out_root,model,R2,MAE,RMSE,MAPE(%)
273K,0.01,1,2025,struct_with_input,0.0,0.75,./RUN_FULL_EXP,cat,0.9630096274070539,0.024155015755589072,0.0060950353590688375,4.136902133197274
