{
  "R2": 0.9630096274070539,
  "MAE": 0.024155015755589072,
  "RMSE": 0.0060950353590688375,
  "MAPE(%)": 4.136902133197274
}