{
  "R2": 0.9774729036331132,
  "MAE": 0.02103984492536442,
  "RMSE": 0.003277633842821615,
  "MAPE(%)": 3.6771278863645964
}