{
  "R2": 0.9675238159099815,
  "MAE": 0.11097330134674274,
  "RMSE": 0.02528014842334743,
  "MAPE(%)": 4.354683817142897
}