Feature,Importance
0.01,82.90804399286591
AV_cm3_g,2.3968100866840287
ASA_m2_cm3,2.1042767058948657
AV_VF,2.0584235306504177
LCD,1.7305885384543567
ASA_m2_g,1.6863617984655637
PLD,1.660597281133697
cm3_g,1.5093068488216477
Has_OMS,1.3868999481097766
LFPD,1.2853151375121956
NASA_m2_cm3,0.819084528018669
NASA_m2_g,0.4111215277314273
NAV_cm3_g,0.04317007565746291
