{
  "R2": 0.9858345499999847,
  "MAE": 0.016657669503891945,
  "RMSE": 0.0008622822685633697,
  "MAPE(%)": 3.127888178939817
}