temp,lowp,outp,seed,mode,qt_frac,train_ratio,out_root,model,R2,MAE,RMSE,MAPE(%)
273K,0.01,1,2029,struct_with_input,0.38,0.75,./RUN_FULL_EXP,cat,0.9858345499999847,0.016657669503891945,0.0008622822685633697,3.127888178939817
