{
  "R2": 0.9881962822490551,
  "MAE": 0.016416779274441958,
  "RMSE": 0.0007429572376444734,
  "MAPE(%)": 3.095825998820584
}