{
  "R2": 0.9923152679889456,
  "MAE": 0.0095474813684416,
  "RMSE": 0.00021467870786733934,
  "MAPE(%)": 2.678367780856906
}