temp,lowp,outp,seed,mode,qt_frac,train_ratio,out_root,model,R2,MAE,RMSE,MAPE(%)
293K,0.01,1,2028,struct_with_input,0.33,0.65,./RUN_FULL_EXP,cat,0.9923152679889456,0.0095474813684416,0.00021467870786733934,2.678367780856906
