Feature,Importance
0.01,54.72035647437988
ASA_m2_g,14.079208001644675
ASA_m2_cm3,6.334341533590398
AV_cm3_g,6.159679224622061
AV_VF,4.924529317075682
cm3_g,3.7903751140019755
LCD,2.56154931399221
PLD,2.451934874799582
LFPD,2.1881364538760946
Has_OMS,1.245598968174533
NASA_m2_cm3,1.0282307313221903
NASA_m2_g,0.484858621909358
NAV_cm3_g,0.031201370611369
