{
  "R2": 0.9603918261704627,
  "MAE": 0.16458306373012024,
  "RMSE": 0.06802178207865803,
  "MAPE(%)": 5.3564666545940804
}