Feature,Importance
0.01,72.28960950527892
ASA_m2_g,4.653532792575069
ASA_m2_cm3,4.467510175097231
AV_VF,4.135184621690503
AV_cm3_g,4.0232255563888035
cm3_g,2.213212329844667
PLD,1.7503019958940544
LCD,1.6682543746418699
Has_OMS,1.6367559394219906
LFPD,1.5726619610165138
NASA_m2_cm3,0.8601176864738959
NASA_m2_g,0.6551695890303824
NAV_cm3_g,0.07446347264610288
