{
  "R2": 0.9637785254982736,
  "MAE": 0.07214642480514755,
  "RMSE": 0.01818280870841324,
  "MAPE(%)": 5.440046150639369
}