Feature,Importance
0.05,58.24941283499651
ASA_m2_g,10.026288082448264
ASA_m2_cm3,7.055598214821482
AV_VF,5.927417976519169
AV_cm3_g,5.829372803949353
cm3_g,2.9980293416365256
PLD,2.835096301806634
LFPD,2.168238425677148
LCD,1.9597680448136563
Has_OMS,1.6502738206776844
NASA_m2_g,0.6377020912788095
NASA_m2_cm3,0.6054130466404912
NAV_cm3_g,0.057389014734280284
