{
  "R2": 0.9605678190976272,
  "MAE": 0.1619642448309347,
  "RMSE": 0.054668884638880456,
  "MAPE(%)": 5.24162480593665
}