temp,lowp,outp,seed,mode,qt_frac,train_ratio,out_root,model,R2,MAE,RMSE,MAPE(%)
293K,0.05,15,2028,lowq,0.65,0.5,./RUN_FULL_EXP,cat,0.9605678190976272,0.1619642448309347,0.054668884638880456,5.24162480593665
