Feature,Importance
0.01,57.795400171428554
ASA_m2_g,10.869999800705417
ASA_m2_cm3,6.9909532029519506
AV_cm3_g,6.550330212230753
AV_VF,4.889443346732934
cm3_g,3.0632398540088484
PLD,2.592196939407548
LCD,2.479070687869145
LFPD,1.813212832847304
Has_OMS,1.5800617729410469
NASA_m2_cm3,0.6946145472546918
NASA_m2_g,0.5590197656005917
NAV_cm3_g,0.12245686602121748
