temp,lowp,outp,seed,mode,qt_frac,train_ratio,out_root,model,R2,MAE,RMSE,MAPE(%)
313K,0.01,15,2027,lowq,0.05,0.5,./RUN_FULL_EXP,cat,0.9733867397589456,0.11841832894725193,0.03176744747688587,5.138138696522358
