{
  "R2": 0.9733867397589456,
  "MAE": 0.11841832894725193,
  "RMSE": 0.03176744747688587,
  "MAPE(%)": 5.138138696522358
}