Feature,Importance
PLD,13.662672458838955
cm3_g,12.585520171450566
AV_VF,11.07461044914223
ASA_m2_cm3,10.503707721417616
LFPD,9.895992283314403
LCD,9.56273202817368
ASA_m2_g,9.157247775769743
AV_cm3_g,9.047209395701065
Has_OMS,8.419430658512905
NASA_m2_g,3.6793650356862946
NASA_m2_cm3,2.372002664453032
NAV_cm3_g,0.03950935753950644
