{
  "R2": 0.22192259618675392,
  "MAE": 0.2105049300590305,
  "RMSE": 0.1201969972800694,
  "MAPE(%)": 54.995728250979234
}