Feature,Importance
0.01,83.25354974931594
ASA_m2_cm3,2.1671083916830716
ASA_m2_g,2.0341055172355325
AV_cm3_g,2.0219454393627974
AV_VF,1.670988964180023
LFPD,1.607012143504165
cm3_g,1.5943842938639747
LCD,1.5188650034661189
Has_OMS,1.4309143866466234
PLD,1.272658586473062
NASA_m2_cm3,0.8439507536328994
NASA_m2_g,0.5483283402823513
NAV_cm3_g,0.03618843035343877
