{
  "R2": 0.9853592189406445,
  "MAE": 0.01643962733180128,
  "RMSE": 0.0006247796246973238,
  "MAPE(%)": 3.0604628653327084
}