{
  "R2": 0.992717473228452,
  "MAE": 0.00766961373962248,
  "RMSE": 0.00013627049651496618,
  "MAPE(%)": 2.068662408050854
}