Feature,Importance
0.01,82.7702982665216
AV_VF,2.705910224273833
ASA_m2_g,2.0354297090272184
AV_cm3_g,1.946086454017465
ASA_m2_cm3,1.8502284945012002
LFPD,1.649132975911958
LCD,1.5374080789926836
Has_OMS,1.5007223888997905
cm3_g,1.379348361224724
PLD,1.1195772356748732
NASA_m2_cm3,0.8200835545777732
NASA_m2_g,0.5614000958474641
NAV_cm3_g,0.12437416052940624
