{
  "R2": 0.9285783257748503,
  "MAE": 0.02651988386738241,
  "RMSE": 0.012111827283612313,
  "MAPE(%)": 4.263732130299862
}