Feature,Importance
0.01,79.49033298883779
Has_OMS,3.399751527156501
ASA_m2_cm3,2.8039050305446658
ASA_m2_g,2.649762908880624
AV_cm3_g,2.0424436222676325
AV_VF,1.9344931062555117
LCD,1.7924366449677285
cm3_g,1.6957177278472695
LFPD,1.3494625672164746
PLD,1.3227765540865322
NASA_m2_cm3,1.0545825056392837
NASA_m2_g,0.3853262024124
NAV_cm3_g,0.07900861388755591
