{
  "R2": 0.9837875036768237,
  "MAE": 0.018404545197690345,
  "RMSE": 0.0012502104717595323,
  "MAPE(%)": 3.4745284223593575
}