{
  "R2": 0.9824851466124601,
  "MAE": 0.01884887504375698,
  "RMSE": 0.0013481822110548622,
  "MAPE(%)": 3.4334360987491404
}