Feature,Importance
0.01,70.25931501181249
ASA_m2_g,5.852909879407647
ASA_m2_cm3,5.383984662463435
AV_VF,4.392744014337932
AV_cm3_g,2.991370895472057
LCD,2.259671860814763
cm3_g,2.1751137181829825
PLD,1.855512746114817
Has_OMS,1.7806195300913503
LFPD,1.750140089710358
NASA_m2_cm3,0.7056112578789159
NASA_m2_g,0.5043521434465676
NAV_cm3_g,0.08865419026668901
