{
  "R2": 0.9689889041202897,
  "MAE": 0.06306907278520985,
  "RMSE": 0.011142328798840289,
  "MAPE(%)": 4.401768969569621
}