{
  "R2": 0.957879890945395,
  "MAE": 0.1673229829237343,
  "RMSE": 0.055610639679951224,
  "MAPE(%)": 5.193136462175912
}