temp,lowp,outp,seed,mode,qt_frac,train_ratio,out_root,model,R2,MAE,RMSE,MAPE(%)
293K,0.01,15,2025,lowq,0.8,0.5,./RUN_FULL_EXP,cat,0.957879890945395,0.1673229829237343,0.055610639679951224,5.193136462175912
