{
  "R2": 0.9742983615466284,
  "MAE": 0.057708393455044284,
  "RMSE": 0.009641378051743685,
  "MAPE(%)": 3.9326831729885705
}