Feature,Importance
PLD,15.94075568415823
cm3_g,14.62513539561729
AV_VF,14.055039599669897
Has_OMS,11.195050942748978
LCD,10.819112115804797
ASA_m2_cm3,9.355743656916198
LFPD,8.948813318533368
AV_cm3_g,6.753032241302572
ASA_m2_g,5.728539294061449
NASA_m2_g,1.4239471056276038
NASA_m2_cm3,1.047624258299263
NAV_cm3_g,0.10720638726036774
