{
  "R2": 0.2110039247488268,
  "MAE": 0.2159674485916667,
  "RMSE": 0.13135458006748274,
  "MAPE(%)": 60.431318054409175
}