{
  "R2": 0.9717647000816133,
  "MAE": 0.06367791542891994,
  "RMSE": 0.013770037482454117,
  "MAPE(%)": 4.605924528015076
}