Feature,Importance
HENRY,76.83240482065152
ASA_m2_g,4.33092639440891
ASA_m2_cm3,3.6949344107260194
AV_VF,3.2523239088963742
AV_cm3_g,2.6964826571457383
cm3_g,1.8920285201924218
LFPD,1.6165914262011205
LCD,1.6022482805239138
Has_OMS,1.5770054520674435
PLD,1.4696551201209374
NASA_m2_g,0.5947694103714847
NASA_m2_cm3,0.34360710816235823
NAV_cm3_g,0.09702249053172815
