temp,lowp,outp,seed,mode,qt_frac,train_ratio,out_root,model,R2,MAE,RMSE,MAPE(%)
313K,HENRY,5,2025,lowq,0.55,0.5,./RUN_FULL_EXP,cat,0.9813842949062931,0.032583795435017535,0.002638978088128474,3.0014568371791994
