{
  "R2": 0.9813842949062931,
  "MAE": 0.032583795435017535,
  "RMSE": 0.002638978088128474,
  "MAPE(%)": 3.0014568371791994
}