Feature,Importance
HENRY,83.42964096341865
cm3_g,2.4753763254750845
LCD,1.8834731522653763
AV_cm3_g,1.851955424148721
ASA_m2_g,1.7753029936439562
Has_OMS,1.7597684840068317
LFPD,1.4264734062615354
PLD,1.3328011927530206
ASA_m2_cm3,1.2355391147636692
AV_VF,1.1581090465382595
NASA_m2_g,0.8375393755461993
NASA_m2_cm3,0.7866246004342665
NAV_cm3_g,0.04739592074445724
