{
  "R2": 0.991976524618924,
  "MAE": 0.008204704595727644,
  "RMSE": 0.0002414644373588319,
  "MAPE(%)": 2.2080345216608253
}