{
  "R2": 0.5336445180826073,
  "MAE": 0.3338042353694576,
  "RMSE": 0.24374235428044863,
  "MAPE(%)": 32.74990170303471
}