Feature,Importance
HENRY,74.9864861892542
ASA_m2_g,5.347789415875204
ASA_m2_cm3,3.9139247792386165
AV_cm3_g,3.041463930011888
AV_VF,2.554159586721529
cm3_g,2.141870457134421
LCD,1.8061652982452443
Has_OMS,1.7740686578367635
PLD,1.5814557908318914
LFPD,1.335071051449495
NASA_m2_cm3,0.8926307554259568
NASA_m2_g,0.536275714955025
NAV_cm3_g,0.08863837301977612
