{
  "R2": 0.9809757411081761,
  "MAE": 0.034527750314634544,
  "RMSE": 0.0028878407492006477,
  "MAPE(%)": 3.1468772212780474
}