{
  "R2": 0.957476483579389,
  "MAE": 0.16620231557496015,
  "RMSE": 0.07294323791252474,
  "MAPE(%)": 5.468802409226508
}