Feature,Importance
0.01,61.42277118432087
ASA_m2_g,8.570542485564417
ASA_m2_cm3,6.433468550526296
AV_VF,5.684297109776403
AV_cm3_g,4.99269782993851
cm3_g,3.7567872872947086
PLD,2.3779285620555206
LCD,1.7653544830588934
LFPD,1.6799318982332891
Has_OMS,1.1876482798652805
NASA_m2_g,0.9540116600077665
NASA_m2_cm3,0.94249472885312
NAV_cm3_g,0.23206594050490273
