{
  "R2": 0.9796401871518006,
  "MAE": 0.032671880330861186,
  "RMSE": 0.0026188011593518403,
  "MAPE(%)": 2.9707355977134227
}