Feature,Importance
0.01,82.36852222286083
ASA_m2_cm3,2.626862218802645
AV_VF,2.5230359845298733
PLD,1.8604602370390786
AV_cm3_g,1.741379199466147
cm3_g,1.7174668603444745
LCD,1.576740036542627
Has_OMS,1.5353921728948723
ASA_m2_g,1.4886159802917562
LFPD,1.1894484187734558
NASA_m2_g,0.7366139453229946
NASA_m2_cm3,0.558458979099959
NAV_cm3_g,0.07700374403127967
