{
  "R2": 0.9832672348370423,
  "MAE": 0.017235424567003624,
  "RMSE": 0.0008274216904238741,
  "MAPE(%)": 3.2087413421196795
}