Feature,Importance
0.05,57.11843020010198
ASA_m2_g,11.886344976411749
ASA_m2_cm3,6.671407135370694
AV_VF,5.345120024493873
AV_cm3_g,4.725374617060597
cm3_g,4.22090211883334
PLD,2.3206303510183552
LFPD,2.095286520083512
LCD,2.0559956879970303
Has_OMS,1.9031578358587469
NASA_m2_cm3,1.0347997531465116
NASA_m2_g,0.5009943158565844
NAV_cm3_g,0.12155646376703615
