temp,lowp,outp,seed,mode,qt_frac,train_ratio,out_root,model,R2,MAE,RMSE,MAPE(%)
293K,0.05,15,2029,lowq,0.5,0.5,./RUN_FULL_EXP,cat,0.9578785765804871,0.16721026806369538,0.06383961518243521,5.440279477944486
