{
  "R2": 0.9578785765804871,
  "MAE": 0.16721026806369538,
  "RMSE": 0.06383961518243521,
  "MAPE(%)": 5.440279477944486
}