{
  "R2": 0.9813177622460436,
  "MAE": 0.034751946755391866,
  "RMSE": 0.0026785871846865925,
  "MAPE(%)": 3.1817698986913467
}