temp,lowp,outp,seed,mode,qt_frac,train_ratio,out_root,model,R2,MAE,RMSE,MAPE(%)
313K,0.05,5,2029,lowq,0.55,0.5,./RUN_FULL_EXP,cat,0.9813177622460436,0.034751946755391866,0.0026785871846865925,3.1817698986913467
