Feature,Importance
HENRY,65.9907008918796
ASA_m2_cm3,6.054126110870966
AV_VF,5.906506628666194
ASA_m2_g,5.708769257351789
AV_cm3_g,3.5271712002507107
PLD,2.7753622494727486
LCD,2.543998562573188
Has_OMS,2.1585413081813765
LFPD,1.8007212771738597
cm3_g,1.7630145987010413
NASA_m2_cm3,1.0911367341386422
NASA_m2_g,0.5916332320569834
NAV_cm3_g,0.08831794868288473
