{
  "R2": 0.9544261748004894,
  "MAE": 0.10107087611911361,
  "RMSE": 0.02395850942002817,
  "MAPE(%)": 5.07623673455463
}