Feature,Importance
0.5,92.83520313068242
AV_cm3_g,0.9333535636642899
AV_VF,0.9044460903907054
ASA_m2_g,0.8552036391510398
cm3_g,0.8492392398358987
LCD,0.6884930129712329
PLD,0.6615640554944966
Has_OMS,0.6614961267181124
LFPD,0.5250097661137922
ASA_m2_cm3,0.5203680517864678
NASA_m2_cm3,0.31264773909650484
NASA_m2_g,0.15220779161357692
NAV_cm3_g,0.10076779248144925
