temp,lowp,outp,seed,mode,qt_frac,train_ratio,out_root,model,R2,MAE,RMSE,MAPE(%)
273K,0.5,1,2028,lowq,0.7,0.5,./RUN_FULL_EXP,cat,0.9947106859486707,0.009674331399100986,0.00020529746315200745,1.7486233170690573
