{
  "R2": 0.9947106859486707,
  "MAE": 0.009674331399100986,
  "RMSE": 0.00020529746315200745,
  "MAPE(%)": 1.7486233170690573
}