Feature,Importance
0.5,79.90868938714425
ASA_m2_g,4.429981541428861
AV_VF,3.157289743743828
AV_cm3_g,2.5474016214705464
ASA_m2_cm3,2.3319243402516068
Has_OMS,1.6347732743317689
cm3_g,1.588690115716383
LCD,1.277300765661349
LFPD,1.21404114207851
PLD,1.1329298856360652
NASA_m2_cm3,0.3674905875893963
NASA_m2_g,0.3496352426248656
NAV_cm3_g,0.05985235232255523
