temp,lowp,outp,seed,mode,qt_frac,train_ratio,out_root,model,R2,MAE,RMSE,MAPE(%)
313K,0.5,5,2025,lowq,0.35,0.5,./RUN_FULL_EXP,cat,0.9852767529050259,0.031039340452336105,0.0025658565801789344,2.8252206082466342
