{
  "R2": 0.9852767529050259,
  "MAE": 0.031039340452336105,
  "RMSE": 0.0025658565801789344,
  "MAPE(%)": 2.8252206082466342
}