Feature,Importance
0.5,63.42753732547775
ASA_m2_g,12.325693186925292
AV_VF,4.794509584235774
ASA_m2_cm3,4.438024585972869
AV_cm3_g,3.832816197387976
cm3_g,3.4243822255875616
PLD,1.8957397230134772
LCD,1.8798877180252045
LFPD,1.8094663298123324
Has_OMS,1.0955758392759025
NASA_m2_cm3,0.5509486877022606
NASA_m2_g,0.44827965190519586
NAV_cm3_g,0.07713894467839785
