{
  "R2": 0.9682051215417298,
  "MAE": 0.10539964007397667,
  "RMSE": 0.03656635274476772,
  "MAPE(%)": 4.40395911290137
}