temp,lowp,outp,seed,mode,qt_frac,train_ratio,out_root,model,R2,MAE,RMSE,MAPE(%)
313K,0.5,15,2025,lowq,0.15,0.5,./RUN_FULL_EXP,cat,0.9682051215417298,0.10539964007397667,0.03656635274476772,4.40395911290137
