temp,lowp,outp,seed,mode,qt_frac,train_ratio,out_root,model,R2,MAE,RMSE,MAPE(%)
313K,0.01,5,2026,lowq,0.1,0.5,./RUN_FULL_EXP,cat,0.9753703937069647,0.04403006220764895,0.0059394258834237264,4.2472629634238075
