{
  "R2": 0.9753703937069647,
  "MAE": 0.04403006220764895,
  "RMSE": 0.0059394258834237264,
  "MAPE(%)": 4.2472629634238075
}