temp,lowp,outp,seed,mode,qt_frac,train_ratio,out_root,model,R2,MAE,RMSE,MAPE(%)
293K,0.1,5,2026,lowq,0.6,0.5,./RUN_FULL_EXP,cat,0.9704364437306128,0.05519325346920218,0.00773646277796327,3.695794622664649
