{
  "R2": 0.9704364437306128,
  "MAE": 0.05519325346920218,
  "RMSE": 0.00773646277796327,
  "MAPE(%)": 3.695794622664649
}