{
  "R2": 0.970257913067617,
  "MAE": 0.11246707643269359,
  "RMSE": 0.0259557770050151,
  "MAPE(%)": 4.59542304932896
}