{
  "R2": 0.9693866779674909,
  "MAE": 0.06612970725982269,
  "RMSE": 0.014705773559829917,
  "MAPE(%)": 4.825505313101193
}