Feature,Importance
0.01,51.285870247594154
ASA_m2_g,16.922535351825267
AV_cm3_g,6.5415920796164215
AV_VF,6.355293665513409
ASA_m2_cm3,6.234542513089875
cm3_g,2.903810030096659
PLD,2.371704412733313
LCD,2.223323155959633
LFPD,2.037964301521392
Has_OMS,1.441093920297302
NASA_m2_g,0.9136806114888186
NASA_m2_cm3,0.6902264249687212
NAV_cm3_g,0.0783632852950407
