{
  "R2": 0.9611508229317883,
  "MAE": 0.17616871973713522,
  "RMSE": 0.07252469510038435,
  "MAPE(%)": 6.203931688816542
}