Feature,Importance
0.05,78.3397815068118
ASA_m2_g,4.55914898973122
AV_cm3_g,3.101151786898286
ASA_m2_cm3,3.0389365437761278
AV_VF,2.2858225792842215
cm3_g,1.8404645436631577
LCD,1.6479297066481706
PLD,1.3540934648204337
Has_OMS,1.3531241882830929
LFPD,1.1767102121196258
NASA_m2_cm3,0.5972650406113751
NASA_m2_g,0.5879061882516387
NAV_cm3_g,0.1176652491008704
