temp,lowp,outp,seed,mode,qt_frac,train_ratio,out_root,model,R2,MAE,RMSE,MAPE(%)
313K,0.05,5,2026,lowq,0.25,0.5,./RUN_FULL_EXP,cat,0.983240678063395,0.03584391569023375,0.0033029407298331543,3.3874740833576853
