{
  "R2": 0.983240678063395,
  "MAE": 0.03584391569023375,
  "RMSE": 0.0033029407298331543,
  "MAPE(%)": 3.3874740833576853
}