Feature,Importance
0.05,70.18592114395587
ASA_m2_g,6.924853470441656
AV_VF,4.667273076780193
ASA_m2_cm3,4.195972172839428
LCD,2.467044421311234
cm3_g,2.4271707627228394
AV_cm3_g,2.1652499566438643
PLD,1.8762440552888913
Has_OMS,1.819537128845747
LFPD,1.7002010924418285
NASA_m2_cm3,1.0685620252147434
NASA_m2_g,0.3888873833167183
NAV_cm3_g,0.11308331019698173
