Feature,Importance
0.01,70.32381745760453
ASA_m2_g,6.329084897162888
AV_VF,4.70304971638827
ASA_m2_cm3,4.662406041363494
AV_cm3_g,3.118789452112831
LCD,2.329018304609544
cm3_g,1.9458666262169737
PLD,1.8513970151365151
Has_OMS,1.7784697064338924
LFPD,1.6390776078081788
NASA_m2_g,0.6931079987109884
NASA_m2_cm3,0.5179995888833987
NAV_cm3_g,0.1079155875684783
