{
  "R2": 0.9744417427673999,
  "MAE": 0.06069815170195178,
  "RMSE": 0.0090661702034416,
  "MAPE(%)": 4.2883390177250105
}