{
  "R2": 0.9830959631371363,
  "MAE": 0.034160517657557975,
  "RMSE": 0.004244293803591345,
  "MAPE(%)": 3.175677963157138
}