Feature,Importance
0.01,78.75802385769903
ASA_m2_cm3,3.77297180594674
Has_OMS,2.9340679573152166
cm3_g,2.4471722059202476
AV_VF,2.3288446913252416
AV_cm3_g,2.1231911683679447
LCD,1.677382876253409
PLD,1.4269370739016667
LFPD,1.40208403914118
ASA_m2_g,1.3507776627965742
NASA_m2_g,0.9152927508322143
NASA_m2_cm3,0.8480934343126981
NAV_cm3_g,0.015160476187833637
