{
  "R2": 0.9805147782226509,
  "MAE": 0.021945729487388883,
  "RMSE": 0.0016049421735954662,
  "MAPE(%)": 4.205057782591086
}