{
  "R2": 0.9782050225354486,
  "MAE": 0.02251431435016912,
  "RMSE": 0.0017802697944981818,
  "MAPE(%)": 4.196328245186438
}