Feature,Importance
0.1,50.933460018945915
ASA_m2_g,16.963495719860045
ASA_m2_cm3,7.627635962423197
AV_VF,5.459067590874645
AV_cm3_g,4.243737703013224
cm3_g,3.863566209155536
PLD,2.8010773087583747
LFPD,2.5106769593938574
LCD,2.3690803249461094
Has_OMS,1.5010614744308322
NASA_m2_g,0.8767466875912151
NASA_m2_cm3,0.7530233377535845
NAV_cm3_g,0.09737070285345528
