{
  "R2": 0.9550870931531517,
  "MAE": 0.23911138769944648,
  "RMSE": 0.11876879519805819,
  "MAPE(%)": 6.235234374370017
}