Feature,Importance
0.01,81.87084892457388
ASA_m2_cm3,4.090011022312277
ASA_m2_g,2.023986890993233
AV_VF,2.0157164677864112
Has_OMS,1.7885810135272364
LCD,1.6419968545334056
AV_cm3_g,1.5341048259831185
PLD,1.3031754232709425
cm3_g,1.2722722455949242
NASA_m2_cm3,0.9978245749751021
LFPD,0.9763968820803399
NASA_m2_g,0.44800412645191773
NAV_cm3_g,0.0370807479172006
