{
  "R2": 0.9854131494957087,
  "MAE": 0.015693815708595973,
  "RMSE": 0.0005349683906960051,
  "MAPE(%)": 2.865741198386711
}