temp,lowp,outp,seed,mode,qt_frac,train_ratio,out_root,model,R2,MAE,RMSE,MAPE(%)
273K,0.01,1,2029,struct_with_input,0.8,0.8,./RUN_FULL_EXP,cat,0.9840019061560485,0.01593120305059247,0.0005822578383028748,2.9820713571029516
