temp,lowp,outp,seed,mode,qt_frac,train_ratio,out_root,model,R2,MAE,RMSE,MAPE(%)
273K,0.01,1,2029,struct_with_input,0.8,0.8,./RUN_FULL_EXP,cat,0.9854131494957087,0.015693815708595973,0.0005349683906960051,2.865741198386711
