temp,lowp,outp,seed,mode,qt_frac,train_ratio,out_root,model,R2,MAE,RMSE,MAPE(%)
273K,0.1,5,2029,lowq,0.65,0.5,./RUN_FULL_EXP,cat,0.9524342093321433,0.09935490724020436,0.023327029579010297,4.952181802655803
