{
  "R2": 0.9524342093321433,
  "MAE": 0.09935490724020436,
  "RMSE": 0.023327029579010297,
  "MAPE(%)": 4.952181802655803
}