Feature,Importance
0.05,86.53910040450103
AV_cm3_g,1.8467577457173885
cm3_g,1.7942663338816986
LCD,1.4309832530996154
Has_OMS,1.387767994305776
AV_VF,1.34320884449214
PLD,1.2989217998606672
ASA_m2_g,1.1271159087071676
ASA_m2_cm3,1.052411473885225
LFPD,0.9514330341073393
NASA_m2_cm3,0.5540940732656123
NASA_m2_g,0.5381084599046616
NAV_cm3_g,0.135830674271673
