{
  "R2": 0.993455281291153,
  "MAE": 0.008034992343255927,
  "RMSE": 0.0001727254235695892,
  "MAPE(%)": 2.2416634506839586
}