Feature,Importance
0.01,78.82070716707716
Has_OMS,2.9179884521347335
AV_cm3_g,2.7225037791660966
AV_VF,2.4637220010634873
cm3_g,2.1985134268897975
LCD,2.012533233299074
ASA_m2_g,1.8954241601617057
LFPD,1.7321260158922982
ASA_m2_cm3,1.7084784863198923
PLD,1.6790676869968522
NASA_m2_cm3,1.099798470237212
NASA_m2_g,0.6456581961158451
NAV_cm3_g,0.10347892464585148
