{
  "R2": 0.9812406754954184,
  "MAE": 0.0216360331310534,
  "RMSE": 0.0015619984010279285,
  "MAPE(%)": 4.052493352765923
}