{
  "R2": 0.9769879431619392,
  "MAE": 0.02235082108205242,
  "RMSE": 0.0018315585715574742,
  "MAPE(%)": 4.243830340104412
}