{
  "R2": 0.9929911515989852,
  "MAE": 0.007310664732491858,
  "RMSE": 0.00013291710769830877,
  "MAPE(%)": 1.9414599032794786
}