temp,lowp,outp,seed,mode,qt_frac,train_ratio,out_root,model,R2,MAE,RMSE,MAPE(%)
293K,0.1,1,2027,lowq,0.7,0.5,./RUN_FULL_EXP,cat,0.9922276817068654,0.007244164340057611,0.000127112272044915,1.9243089683248442
