{
  "R2": 0.9922276817068654,
  "MAE": 0.007244164340057611,
  "RMSE": 0.000127112272044915,
  "MAPE(%)": 1.9243089683248442
}