{
  "R2": 0.35933918789107744,
  "MAE": 0.08655716989335878,
  "RMSE": 0.02518518028047545,
  "MAPE(%)": 48.53060774338462
}