{
  "R2": 0.9681877223460447,
  "MAE": 0.06737851658371123,
  "RMSE": 0.011003584366805989,
  "MAPE(%)": 4.700504058208161
}