Feature,Importance
0.01,82.33979898124485
AV_cm3_g,2.4446559776168493
ASA_m2_cm3,2.401906604140867
ASA_m2_g,1.988694063521007
AV_VF,1.8125139297935908
LCD,1.677252734501631
cm3_g,1.6111575306947232
LFPD,1.5916920993931725
Has_OMS,1.4317841545218093
PLD,1.3665706892224943
NASA_m2_cm3,0.7872036613694523
NASA_m2_g,0.5213802778903626
NAV_cm3_g,0.025389296089187073
