temp,lowp,outp,seed,mode,qt_frac,train_ratio,out_root,model,R2,MAE,RMSE,MAPE(%)
273K,0.01,1,2029,struct_with_input,0.65,0.65,./RUN_FULL_EXP,cat,0.9837828910640862,0.016452070946125958,0.0006934675355015986,3.0399786507595135
