{
  "R2": 0.9837828910640862,
  "MAE": 0.016452070946125958,
  "RMSE": 0.0006934675355015986,
  "MAPE(%)": 3.0399786507595135
}