{
  "R2": 0.9855401770382661,
  "MAE": 0.015761221014456872,
  "RMSE": 0.0006112825891014173,
  "MAPE(%)": 2.9349782279917376
}