{
  "R2": 0.9783647371606108,
  "MAE": 0.040604783630597836,
  "RMSE": 0.003633387919483408,
  "MAPE(%)": 3.819467315466035
}