{
  "R2": 0.3774150348715818,
  "MAE": 0.1829680888573723,
  "RMSE": 0.0904599663302341,
  "MAPE(%)": 50.91241327006396
}