temp,lowp,outp,seed,mode,qt_frac,train_ratio,out_root,model,R2,MAE,RMSE,MAPE(%)
273K,0.01,1,2027,struct,0.0,0.65,./RUN_FULL_EXP,cat,0.3774150348715818,0.1829680888573723,0.0904599663302341,50.91241327006396
