{
  "R2": 0.9694301994251819,
  "MAE": 0.06616029019739243,
  "RMSE": 0.010186631949046074,
  "MAPE(%)": 4.61632613319511
}