Feature,Importance
0.05,59.11434178699708
ASA_m2_g,8.32033635307347
AV_cm3_g,7.15843837028847
AV_VF,6.814493147395237
ASA_m2_cm3,6.236242648061628
cm3_g,2.9148889748861246
PLD,2.7025416210546673
LFPD,2.13767835473401
LCD,1.7800508381389133
Has_OMS,1.491932131955387
NASA_m2_cm3,0.6224705384208181
NASA_m2_g,0.6181955745528949
NAV_cm3_g,0.08838966044129783
