{
  "R2": 0.9543704546530974,
  "MAE": 0.16817041644038902,
  "RMSE": 0.07178622542660774,
  "MAPE(%)": 5.528046899804589
}