temp,lowp,outp,seed,mode,qt_frac,train_ratio,out_root,model,R2,MAE,RMSE,MAPE(%)
293K,0.05,15,2028,lowq,0.4,0.5,./RUN_FULL_EXP,cat,0.9543704546530974,0.16817041644038902,0.07178622542660774,5.528046899804589
