{
  "R2": 0.9612936839285239,
  "MAE": 0.17258935056861782,
  "RMSE": 0.07527417929820981,
  "MAPE(%)": 6.149692158674824
}