Feature,Importance
0.01,54.53382544971382
ASA_m2_g,12.83315174611222
AV_VF,6.0023680254881056
cm3_g,5.872628332190826
ASA_m2_cm3,5.731574575097903
AV_cm3_g,5.2996301782580195
PLD,2.5825800145251843
LCD,2.3039717005483933
LFPD,1.959326829935457
Has_OMS,1.3899587985802881
NASA_m2_cm3,0.7781135341435248
NASA_m2_g,0.6117904129769177
NAV_cm3_g,0.10108040242934213
