Feature,Importance
0.01,81.52161205413124
AV_VF,2.5447560739324646
ASA_m2_g,2.2105224889906374
PLD,2.184675115194585
ASA_m2_cm3,2.0100591690224907
cm3_g,1.9620128555256233
LCD,1.671513539917222
Has_OMS,1.5953739169539318
AV_cm3_g,1.3733558185844819
LFPD,1.2562067319277805
NASA_m2_cm3,1.0076847265970312
NASA_m2_g,0.5549151289342401
NAV_cm3_g,0.10731238028830485
