{
  "R2": 0.9828350106616811,
  "MAE": 0.018719779232692354,
  "RMSE": 0.0013079528694869432,
  "MAPE(%)": 3.385859886026213
}