temp,lowp,outp,seed,mode,qt_frac,train_ratio,out_root,model,R2,MAE,RMSE,MAPE(%)
273K,0.01,1,2028,lowq,0.25,0.5,./RUN_FULL_EXP,cat,0.9828350106616811,0.018719779232692354,0.0013079528694869432,3.385859886026213
