Feature,Importance
0.1,65.80991594850306
ASA_m2_g,7.550239393627813
ASA_m2_cm3,6.15230323999199
AV_VF,4.879700574297404
AV_cm3_g,2.9778943788733
LCD,2.653707656240403
PLD,2.4246803507081904
cm3_g,2.3878614362245942
LFPD,2.1002039218567536
Has_OMS,1.7369171516100976
NASA_m2_cm3,0.6639120432332536
NASA_m2_g,0.6189915276018177
NAV_cm3_g,0.04367237723132723
