{
  "R2": 0.9559002390576223,
  "MAE": 0.09750405518842326,
  "RMSE": 0.020901481545806636,
  "MAPE(%)": 4.975552453270074
}