temp,lowp,outp,seed,mode,qt_frac,train_ratio,out_root,model,R2,MAE,RMSE,MAPE(%)
273K,0.1,5,2029,lowq,0.7,0.5,./RUN_FULL_EXP,cat,0.9559002390576223,0.09750405518842326,0.020901481545806636,4.975552453270074
