Feature,Importance
0.01,56.08527215564526
ASA_m2_g,16.51808369103748
ASA_m2_cm3,5.393367645970738
AV_VF,4.6860125924686375
cm3_g,4.160961215803934
AV_cm3_g,3.367951128009553
PLD,2.37548777161618
LFPD,2.182733088359046
LCD,2.105584317547288
Has_OMS,1.812097799225109
NASA_m2_cm3,0.7058406577952046
NASA_m2_g,0.5043401415495528
NAV_cm3_g,0.10226779497205717
