{
  "R2": 0.9607241973012038,
  "MAE": 0.17556794142477594,
  "RMSE": 0.06177521101970921,
  "MAPE(%)": 5.73827828668054
}