temp,lowp,outp,seed,mode,qt_frac,train_ratio,out_root,model,R2,MAE,RMSE,MAPE(%)
293K,0.01,15,2025,lowq,0.4,0.5,./RUN_FULL_EXP,cat,0.9607241973012038,0.17556794142477594,0.06177521101970921,5.73827828668054
