Feature,Importance
0.05,48.84983424113504
ASA_m2_g,15.361854674880304
ASA_m2_cm3,8.438633721090664
AV_cm3_g,6.100504240843616
AV_VF,5.8433917638292465
cm3_g,3.837694965292219
PLD,3.288611909662059
LFPD,2.7844620189004408
LCD,2.4030434622366688
Has_OMS,1.3491010119048943
NASA_m2_cm3,0.9425218673935213
NASA_m2_g,0.7253183149983118
NAV_cm3_g,0.07502780783303122
