{
  "R2": 0.9451421481901287,
  "MAE": 0.23709495837386055,
  "RMSE": 0.13496814237835836,
  "MAPE(%)": 5.913851376852656
}