{
  "R2": 0.9845998002305762,
  "MAE": 0.0353076826462126,
  "RMSE": 0.003608276624753887,
  "MAPE(%)": 3.30887495377854
}