Feature,Importance
0.5,90.4284645215078
cm3_g,1.7742987649791377
AV_cm3_g,1.3540329604035155
Has_OMS,0.8148785117380821
LCD,0.7838341556084956
PLD,0.7335211308916421
ASA_m2_g,0.7286257046189326
NASA_m2_g,0.7199220149520666
ASA_m2_cm3,0.7167877289088582
LFPD,0.6649347327374353
NASA_m2_cm3,0.5776601811341192
AV_VF,0.5389744730189482
NAV_cm3_g,0.16406511950096106
