temp,lowp,outp,seed,mode,qt_frac,train_ratio,out_root,model,R2,MAE,RMSE,MAPE(%)
293K,0.5,1,2027,lowq,0.05,0.5,./RUN_FULL_EXP,cat,0.988744923948441,0.007658883902092839,0.0006818855480126511,1.9594268020190935
