{
  "R2": 0.988744923948441,
  "MAE": 0.007658883902092839,
  "RMSE": 0.0006818855480126511,
  "MAPE(%)": 1.9594268020190935
}