Feature,Importance
0.01,65.75161722471293
ASA_m2_cm3,6.716732838886254
ASA_m2_g,6.697392641190339
AV_VF,4.035720625444114
AV_cm3_g,3.217658890511186
PLD,2.7143896271111663
LCD,2.5093752430334715
cm3_g,2.4430778092583063
LFPD,2.118367549968914
Has_OMS,2.0697620299389365
NASA_m2_g,0.9007663205008762
NASA_m2_cm3,0.7017931211984517
NAV_cm3_g,0.12334607824502668
