temp,lowp,outp,seed,mode,qt_frac,train_ratio,out_root,model,R2,MAE,RMSE,MAPE(%)
273K,0.01,5,2026,lowq,0.55,0.5,./RUN_FULL_EXP,cat,0.9522536965685431,0.10562072662379678,0.026216737417100518,5.3736261933422895
