{
  "R2": 0.9522536965685431,
  "MAE": 0.10562072662379678,
  "RMSE": 0.026216737417100518,
  "MAPE(%)": 5.3736261933422895
}