{
  "R2": 0.9496525357108896,
  "MAE": 0.09959397998751658,
  "RMSE": 0.02425853464431901,
  "MAPE(%)": 4.976887884037412
}