temp,lowp,outp,seed,mode,qt_frac,train_ratio,out_root,model,R2,MAE,RMSE,MAPE(%)
273K,0.1,5,2026,lowq,0.65,0.5,./RUN_FULL_EXP,cat,0.9496525357108896,0.09959397998751658,0.02425853464431901,4.976887884037412
