Feature,Importance
0.01,82.56135466053935
ASA_m2_cm3,2.882301600292296
AV_VF,2.1550954655030536
cm3_g,1.9162315184863419
PLD,1.8799272312165654
LCD,1.8266045702043705
AV_cm3_g,1.5290824329227437
ASA_m2_g,1.5169402538844778
Has_OMS,1.454227834145117
LFPD,1.199320872692327
NASA_m2_cm3,0.529822841709444
NASA_m2_g,0.5142901302859542
NAV_cm3_g,0.03480058811796485
