temp,lowp,outp,seed,mode,qt_frac,train_ratio,out_root,model,R2,MAE,RMSE,MAPE(%)
273K,0.01,1,2025,lowq,0.7,0.5,./RUN_FULL_EXP,cat,0.9814070824862081,0.016765222683349623,0.0007359190258979249,3.1062283007367215
