{
  "R2": 0.9814070824862081,
  "MAE": 0.016765222683349623,
  "RMSE": 0.0007359190258979249,
  "MAPE(%)": 3.1062283007367215
}