{
  "R2": 0.9732835401030893,
  "MAE": 0.023018535506240924,
  "RMSE": 0.002944646874926001,
  "MAPE(%)": 4.251194184120074
}