Feature,Importance
0.1,71.96492718001815
ASA_m2_cm3,5.734513270030662
AV_VF,4.456197620411852
ASA_m2_g,4.157495080669749
AV_cm3_g,3.019332484598585
cm3_g,2.2654345351981373
LCD,2.0692358867131895
PLD,1.790175733069366
Has_OMS,1.5054962022725469
LFPD,1.4088956866944946
NASA_m2_g,1.023068805470828
NASA_m2_cm3,0.5512818722290378
NAV_cm3_g,0.05394564262344134
