{
  "R2": 0.9703707019448949,
  "MAE": 0.05426641160814929,
  "RMSE": 0.006778115544350661,
  "MAPE(%)": 3.6224938865092047
}