{
  "R2": 0.3638294269407987,
  "MAE": 0.19325339682210277,
  "RMSE": 0.09722998425480897,
  "MAPE(%)": 55.27797731820242
}