Feature,Importance
0.1,65.80652934556021
ASA_m2_cm3,6.6839889250997775
ASA_m2_g,6.628587965635025
AV_VF,5.07649778362832
AV_cm3_g,3.735242549147002
PLD,2.551103187756659
LCD,2.4018535665916714
cm3_g,2.330946610045968
LFPD,1.8866069453722922
Has_OMS,1.5861837015860025
NASA_m2_g,0.7482311304190924
NASA_m2_cm3,0.4997915257564945
NAV_cm3_g,0.06443676340150235
