{
  "R2": 0.9639327158512276,
  "MAE": 0.09828721271225314,
  "RMSE": 0.024322955361587746,
  "MAPE(%)": 4.975317509638918
}