{
  "R2": 0.9550536342806518,
  "MAE": 0.01772514470301357,
  "RMSE": 0.0032135091613647226,
  "MAPE(%)": 5.126775385665522
}