{
  "R2": 0.980228707397654,
  "MAE": 0.033124642685631894,
  "RMSE": 0.003370381067572812,
  "MAPE(%)": 3.0608357356600844
}