temp,lowp,outp,seed,mode,qt_frac,train_ratio,out_root,model,R2,MAE,RMSE,MAPE(%)
313K,HENRY,5,2027,lowq,0.4,0.5,./RUN_FULL_EXP,cat,0.980228707397654,0.033124642685631894,0.003370381067572812,3.0608357356600844
