{
  "R2": 0.9736770300807933,
  "MAE": 0.06194649133521297,
  "RMSE": 0.009054423372884838,
  "MAPE(%)": 4.306834741816241
}