{
  "R2": 0.9618354400316574,
  "MAE": 0.10508788688015579,
  "RMSE": 0.03241060275626602,
  "MAPE(%)": 5.880946733598207
}