Feature,Importance
0.05,59.460046263513945
ASA_m2_g,12.2423454889638
ASA_m2_cm3,6.6998669640555875
AV_cm3_g,5.166676867748204
AV_VF,4.258225425348464
cm3_g,2.680328738243633
LCD,2.551236051405524
PLD,2.2269722795869193
LFPD,1.5284442205077053
Has_OMS,1.3192575464045833
NASA_m2_g,1.140223225317844
NASA_m2_cm3,0.644618013974533
NAV_cm3_g,0.08175891492928895
