{
  "R2": 0.9617351411366419,
  "MAE": 0.16301331324291715,
  "RMSE": 0.054886068079503414,
  "MAPE(%)": 5.2309223153970645
}