Feature,Importance
0.5,71.27026323298443
ASA_m2_g,6.979095500946752
ASA_m2_cm3,4.94209862637283
AV_VF,4.42523406223863
AV_cm3_g,2.4833458667286905
PLD,1.94482067935657
cm3_g,1.8639954188519068
LCD,1.7785443950178983
Has_OMS,1.6198566409567592
LFPD,1.5573589001292276
NASA_m2_g,0.5536920736584565
NASA_m2_cm3,0.5054680259734553
NAV_cm3_g,0.0762265767844152
