{
  "R2": 0.965244627090717,
  "MAE": 0.09101282525564873,
  "RMSE": 0.01876308908280683,
  "MAPE(%)": 4.59075528557839
}