{
  "R2": 0.22205205422194008,
  "MAE": 0.14670316062637767,
  "RMSE": 0.055527172862063996,
  "MAPE(%)": 61.5068342113637
}