Feature,Importance
0.01,63.761810709793714
ASA_m2_cm3,6.962284551128752
ASA_m2_g,6.702321293756527
AV_VF,5.275101174850667
AV_cm3_g,3.8428485306921583
PLD,2.628412833482856
LFPD,2.5473585555973193
LCD,2.4982759157427576
Has_OMS,2.0166746215831735
cm3_g,1.9069931393107593
NASA_m2_cm3,1.0188256553926271
NASA_m2_g,0.7544034282531574
NAV_cm3_g,0.0846895904155285
