{
  "R2": 0.9529942208964937,
  "MAE": 0.10423923014282979,
  "RMSE": 0.024712168865135886,
  "MAPE(%)": 5.167372661012329
}