temp,lowp,outp,seed,mode,qt_frac,train_ratio,out_root,model,R2,MAE,RMSE,MAPE(%)
273K,0.01,5,2027,lowq,0.6,0.5,./RUN_FULL_EXP,cat,0.9529942208964937,0.10423923014282979,0.024712168865135886,5.167372661012329
