Feature,Importance
0.01,56.05667625266998
ASA_m2_g,14.066226522838942
AV_VF,6.730886588074036
ASA_m2_cm3,5.392450044536272
AV_cm3_g,4.245463287850366
cm3_g,3.233522175941911
PLD,2.56849906851384
LFPD,2.3730197521170355
LCD,2.0471754558108985
Has_OMS,1.5972027651583292
NASA_m2_cm3,0.8664838337366431
NASA_m2_g,0.7105566444313061
NAV_cm3_g,0.1118376083204512
