{
  "R2": 0.956661376279943,
  "MAE": 0.17156637356777898,
  "RMSE": 0.06496925559671188,
  "MAPE(%)": 5.662358003617555
}