Feature,Importance
0.01,64.97192255178147
ASA_m2_cm3,6.690652727750006
ASA_m2_g,6.226040975560675
AV_VF,4.521449492211986
AV_cm3_g,3.6852263096035824
LCD,2.6525639208204077
PLD,2.5432231026256855
Has_OMS,2.4530436544729746
cm3_g,2.442418998887962
LFPD,2.2607339112962905
NASA_m2_g,0.7548187310759239
NASA_m2_cm3,0.734207576358327
NAV_cm3_g,0.06369804755470508
