{
  "R2": 0.961832392519708,
  "MAE": 0.10384597316575667,
  "RMSE": 0.026084126598272892,
  "MAPE(%)": 5.366358014176313
}