Feature,Importance
0.01,82.22576844568631
ASA_m2_g,2.4123062385133145
ASA_m2_cm3,2.273232286429183
AV_VF,2.1987891171608336
PLD,1.9302879869047467
AV_cm3_g,1.903403219124006
LCD,1.4519585716134358
cm3_g,1.429852480571402
LFPD,1.429021056177714
Has_OMS,1.2395736345716635
NASA_m2_cm3,0.7554640716296687
NASA_m2_g,0.7195994934289306
NAV_cm3_g,0.03074339818876932
