{
  "R2": 0.9717609815666685,
  "MAE": 0.04605473785991803,
  "RMSE": 0.008002260602565422,
  "MAPE(%)": 4.668478334680792
}