Feature,Importance
0.01,73.54855118407069
cm3_g,4.721189414146302
AV_VF,3.605042841694444
Has_OMS,3.550408622293542
ASA_m2_cm3,3.419479365130066
ASA_m2_g,1.9549876208545396
AV_cm3_g,1.8447140859258366
PLD,1.8407273410076024
LFPD,1.7909453472060601
NASA_m2_cm3,1.3662637230551833
LCD,1.2017625178228928
NASA_m2_g,1.0986338460264669
NAV_cm3_g,0.0572940907663887
