{
  "R2": 0.9346414560163548,
  "MAE": 0.03649979474735977,
  "RMSE": 0.009849812475199105,
  "MAPE(%)": 8.1190598260603
}