{
  "R2": 0.9559035716094261,
  "MAE": 0.03484834363626467,
  "RMSE": 0.006249128912336816,
  "MAPE(%)": 8.048475027428179
}